HomeTeam,AwayTeam,Div,season,Date,FTR,FTHG,FTAG,HTHG,HTAG,HTR,HS,AS,HST,AST,HC,AC,HF,AF,HY,AY,HR,AR
Bayern Munich,Wolfsburg,D1,2010,20/08/10,H,2,1,1.0,0.0,H,17.0,11.0,5.0,5.0,9.0,3.0,6.0,25.0,1.0,3.0,0.0,0.0
FC Koln,Kaiserslautern,D1,2010,21/08/10,A,1,3,1.0,0.0,H,10.0,17.0,4.0,6.0,5.0,6.0,10.0,25.0,1.0,2.0,1.0,0.0
Freiburg,St Pauli,D1,2010,21/08/10,A,1,3,0.0,0.0,D,9.0,17.0,3.0,7.0,3.0,6.0,12.0,13.0,0.0,0.0,0.0,0.0
Hamburg,Schalke 04,D1,2010,21/08/10,H,2,1,0.0,0.0,D,18.0,13.0,6.0,4.0,7.0,4.0,11.0,17.0,2.0,0.0,0.0,1.0
Hannover,Ein Frankfurt,D1,2010,21/08/10,H,2,1,1.0,1.0,D,13.0,17.0,7.0,3.0,2.0,6.0,9.0,14.0,0.0,1.0,0.0,0.0
Hoffenheim,Werder Bremen,D1,2010,21/08/10,H,4,1,4.0,1.0,H,10.0,10.0,7.0,2.0,5.0,5.0,24.0,16.0,1.0,2.0,0.0,0.0
M'gladbach,Nurnberg,D1,2010,21/08/10,D,1,1,1.0,1.0,D,12.0,10.0,5.0,5.0,6.0,5.0,15.0,18.0,1.0,1.0,0.0,0.0
Dortmund,Leverkusen,D1,2010,22/08/10,A,0,2,0.0,2.0,A,14.0,15.0,6.0,4.0,8.0,1.0,20.0,13.0,0.0,0.0,0.0,0.0
Mainz,Stuttgart,D1,2010,22/08/10,H,2,0,1.0,0.0,H,17.0,14.0,6.0,5.0,5.0,4.0,16.0,13.0,4.0,1.0,0.0,0.0
Kaiserslautern,Bayern Munich,D1,2010,27/08/10,H,2,0,2.0,0.0,H,11.0,20.0,2.0,3.0,7.0,7.0,24.0,13.0,0.0,1.0,1.0,0.0
Ein Frankfurt,Hamburg,D1,2010,28/08/10,A,1,3,1.0,0.0,H,12.0,14.0,7.0,4.0,4.0,6.0,12.0,12.0,2.0,1.0,0.0,0.0
Nurnberg,Freiburg,D1,2010,28/08/10,A,1,2,1.0,1.0,D,17.0,5.0,4.0,3.0,4.0,2.0,12.0,28.0,2.0,1.0,0.0,0.0
Schalke 04,Hannover,D1,2010,28/08/10,A,1,2,0.0,1.0,A,15.0,11.0,5.0,4.0,15.0,1.0,10.0,22.0,2.0,2.0,0.0,0.0
St Pauli,Hoffenheim,D1,2010,28/08/10,A,0,1,0.0,0.0,D,12.0,8.0,4.0,3.0,5.0,9.0,16.0,16.0,2.0,0.0,0.0,0.0
Werder Bremen,FC Koln,D1,2010,28/08/10,H,4,2,2.0,1.0,H,17.0,11.0,9.0,5.0,6.0,7.0,14.0,18.0,1.0,2.0,0.0,0.0
Wolfsburg,Mainz,D1,2010,28/08/10,A,3,4,3.0,1.0,H,8.0,13.0,4.0,4.0,5.0,5.0,11.0,19.0,3.0,3.0,0.0,0.0
Leverkusen,M'gladbach,D1,2010,29/08/10,A,3,6,1.0,3.0,A,12.0,16.0,6.0,10.0,4.0,8.0,12.0,11.0,1.0,1.0,0.0,0.0
Stuttgart,Dortmund,D1,2010,29/08/10,A,1,3,0.0,3.0,A,11.0,16.0,5.0,9.0,7.0,3.0,16.0,18.0,0.0,2.0,0.0,0.0
Hoffenheim,Schalke 04,D1,2010,10/09/10,H,2,0,1.0,0.0,H,23.0,14.0,8.0,5.0,3.0,6.0,18.0,16.0,1.0,1.0,0.0,0.0
Bayern Munich,Werder Bremen,D1,2010,11/09/10,D,0,0,0.0,0.0,D,14.0,13.0,7.0,3.0,11.0,4.0,14.0,13.0,0.0,0.0,0.0,0.0
Dortmund,Wolfsburg,D1,2010,11/09/10,H,2,0,0.0,0.0,D,20.0,6.0,10.0,1.0,4.0,0.0,18.0,23.0,2.0,3.0,0.0,0.0
Freiburg,Stuttgart,D1,2010,11/09/10,H,2,1,0.0,1.0,A,19.0,18.0,5.0,8.0,6.0,7.0,20.0,17.0,1.0,1.0,0.0,0.0
Hamburg,Nurnberg,D1,2010,11/09/10,D,1,1,0.0,0.0,D,7.0,10.0,2.0,3.0,4.0,2.0,12.0,18.0,3.0,3.0,0.0,0.0
Hannover,Leverkusen,D1,2010,11/09/10,D,2,2,1.0,0.0,H,9.0,12.0,3.0,4.0,6.0,5.0,18.0,14.0,2.0,4.0,1.0,0.0
M'gladbach,Ein Frankfurt,D1,2010,11/09/10,A,0,4,0.0,2.0,A,16.0,11.0,5.0,6.0,9.0,6.0,18.0,12.0,3.0,2.0,0.0,0.0
FC Koln,St Pauli,D1,2010,12/09/10,H,1,0,1.0,0.0,H,15.0,11.0,6.0,1.0,6.0,10.0,19.0,15.0,3.0,3.0,0.0,0.0
Mainz,Kaiserslautern,D1,2010,12/09/10,H,2,1,0.0,1.0,A,16.0,10.0,5.0,4.0,2.0,7.0,12.0,25.0,1.0,5.0,0.0,0.0
Ein Frankfurt,Freiburg,D1,2010,17/09/10,A,0,1,0.0,0.0,D,10.0,17.0,3.0,5.0,4.0,4.0,13.0,17.0,1.0,2.0,0.0,0.0
Bayern Munich,FC Koln,D1,2010,18/09/10,D,0,0,0.0,0.0,D,21.0,8.0,4.0,2.0,10.0,1.0,10.0,20.0,0.0,1.0,0.0,0.0
Kaiserslautern,Hoffenheim,D1,2010,18/09/10,D,2,2,0.0,1.0,A,16.0,6.0,5.0,4.0,9.0,3.0,17.0,16.0,1.0,0.0,0.0,0.0
Stuttgart,M'gladbach,D1,2010,18/09/10,H,7,0,2.0,0.0,H,24.0,7.0,12.0,2.0,8.0,4.0,10.0,15.0,0.0,2.0,0.0,0.0
Werder Bremen,Mainz,D1,2010,18/09/10,A,0,2,0.0,0.0,D,12.0,11.0,4.0,7.0,5.0,6.0,11.0,10.0,1.0,1.0,0.0,0.0
Wolfsburg,Hannover,D1,2010,18/09/10,H,2,0,0.0,0.0,D,12.0,9.0,6.0,1.0,3.0,5.0,13.0,17.0,2.0,2.0,0.0,0.0
Leverkusen,Nurnberg,D1,2010,19/09/10,D,0,0,0.0,0.0,D,10.0,7.0,3.0,2.0,3.0,2.0,10.0,16.0,1.0,2.0,0.0,0.0
Schalke 04,Dortmund,D1,2010,19/09/10,A,1,3,0.0,1.0,A,8.0,23.0,1.0,11.0,4.0,10.0,16.0,15.0,0.0,3.0,1.0,0.0
St Pauli,Hamburg,D1,2010,19/09/10,D,1,1,0.0,0.0,D,7.0,10.0,3.0,2.0,6.0,5.0,19.0,15.0,2.0,2.0,0.0,0.0
Hannover,Werder Bremen,D1,2010,21/09/10,H,4,1,1.0,1.0,D,14.0,12.0,8.0,2.0,5.0,2.0,21.0,18.0,2.0,3.0,0.0,0.0
Hoffenheim,Bayern Munich,D1,2010,21/09/10,A,1,2,1.0,0.0,H,11.0,12.0,3.0,6.0,3.0,8.0,12.0,15.0,1.0,2.0,0.0,0.0
Mainz,FC Koln,D1,2010,21/09/10,H,2,0,0.0,0.0,D,20.0,8.0,7.0,2.0,9.0,1.0,17.0,21.0,3.0,3.0,0.0,0.0
Dortmund,Kaiserslautern,D1,2010,22/09/10,H,5,0,2.0,0.0,H,21.0,9.0,11.0,3.0,1.0,4.0,8.0,16.0,1.0,4.0,0.0,0.0
Freiburg,Schalke 04,D1,2010,22/09/10,A,1,2,0.0,1.0,A,8.0,7.0,1.0,6.0,7.0,2.0,16.0,12.0,3.0,3.0,1.0,0.0
Hamburg,Wolfsburg,D1,2010,22/09/10,A,1,3,1.0,1.0,D,19.0,8.0,7.0,4.0,15.0,1.0,10.0,15.0,0.0,0.0,0.0,0.0
Leverkusen,Ein Frankfurt,D1,2010,22/09/10,H,2,1,1.0,1.0,D,13.0,7.0,4.0,3.0,4.0,7.0,9.0,18.0,2.0,1.0,0.0,1.0
M'gladbach,St Pauli,D1,2010,22/09/10,A,1,2,1.0,0.0,H,16.0,11.0,5.0,5.0,2.0,7.0,18.0,17.0,1.0,2.0,1.0,0.0
Nurnberg,Stuttgart,D1,2010,22/09/10,H,2,1,1.0,0.0,H,11.0,9.0,3.0,2.0,0.0,5.0,17.0,17.0,3.0,3.0,1.0,0.0
FC Koln,Hoffenheim,D1,2010,24/09/10,D,1,1,1.0,0.0,H,13.0,13.0,6.0,4.0,8.0,9.0,16.0,20.0,3.0,1.0,0.0,0.0
Bayern Munich,Mainz,D1,2010,25/09/10,A,1,2,1.0,1.0,D,14.0,7.0,4.0,4.0,7.0,5.0,11.0,27.0,0.0,2.0,0.0,0.0
Ein Frankfurt,Nurnberg,D1,2010,25/09/10,H,2,0,1.0,0.0,H,12.0,15.0,4.0,1.0,7.0,5.0,17.0,14.0,4.0,1.0,0.0,0.0
Schalke 04,M'gladbach,D1,2010,25/09/10,D,2,2,0.0,2.0,A,22.0,11.0,8.0,6.0,11.0,2.0,18.0,23.0,1.0,4.0,0.0,1.0
St Pauli,Dortmund,D1,2010,25/09/10,A,1,3,1.0,1.0,D,11.0,11.0,2.0,6.0,9.0,3.0,12.0,20.0,0.0,0.0,0.0,0.0
Stuttgart,Leverkusen,D1,2010,25/09/10,A,1,4,0.0,2.0,A,6.0,16.0,1.0,9.0,3.0,7.0,24.0,26.0,2.0,1.0,1.0,0.0
Werder Bremen,Hamburg,D1,2010,25/09/10,H,3,2,2.0,0.0,H,15.0,13.0,7.0,5.0,3.0,7.0,19.0,16.0,2.0,2.0,0.0,0.0
Kaiserslautern,Hannover,D1,2010,26/09/10,A,0,1,0.0,1.0,A,19.0,5.0,5.0,2.0,7.0,4.0,18.0,20.0,0.0,3.0,0.0,0.0
Wolfsburg,Freiburg,D1,2010,26/09/10,H,2,1,1.0,1.0,D,13.0,15.0,5.0,5.0,5.0,3.0,13.0,17.0,1.0,2.0,0.0,0.0
Hannover,St Pauli,D1,2010,01/10/10,A,0,1,0.0,1.0,A,7.0,10.0,2.0,4.0,3.0,3.0,15.0,16.0,2.0,2.0,1.0,0.0
Freiburg,FC Koln,D1,2010,02/10/10,H,3,2,2.0,1.0,H,13.0,12.0,4.0,5.0,5.0,4.0,10.0,19.0,1.0,4.0,0.0,0.0
Hamburg,Kaiserslautern,D1,2010,02/10/10,H,2,1,0.0,1.0,A,12.0,8.0,5.0,2.0,8.0,7.0,13.0,29.0,1.0,2.0,0.0,0.0
Mainz,Hoffenheim,D1,2010,02/10/10,H,4,2,1.0,1.0,D,12.0,17.0,5.0,6.0,4.0,11.0,15.0,22.0,1.0,5.0,0.0,1.0
M'gladbach,Wolfsburg,D1,2010,02/10/10,D,1,1,0.0,1.0,A,26.0,11.0,8.0,2.0,5.0,3.0,9.0,15.0,2.0,2.0,0.0,0.0
Nurnberg,Schalke 04,D1,2010,02/10/10,H,2,1,0.0,0.0,D,10.0,6.0,4.0,2.0,5.0,5.0,11.0,22.0,1.0,3.0,0.0,1.0
Dortmund,Bayern Munich,D1,2010,03/10/10,H,2,0,0.0,0.0,D,13.0,9.0,3.0,2.0,1.0,8.0,17.0,17.0,0.0,3.0,0.0,0.0
Leverkusen,Werder Bremen,D1,2010,03/10/10,D,2,2,1.0,0.0,H,17.0,10.0,6.0,3.0,4.0,3.0,13.0,19.0,2.0,4.0,0.0,0.0
Stuttgart,Ein Frankfurt,D1,2010,03/10/10,A,1,2,0.0,1.0,A,13.0,12.0,5.0,3.0,6.0,3.0,16.0,15.0,2.0,4.0,1.0,0.0
FC Koln,Dortmund,D1,2010,15/10/10,A,1,2,0.0,1.0,A,16.0,20.0,5.0,5.0,4.0,2.0,24.0,17.0,2.0,4.0,0.0,0.0
Bayern Munich,Hannover,D1,2010,16/10/10,H,3,0,1.0,0.0,H,15.0,7.0,8.0,1.0,5.0,3.0,9.0,18.0,3.0,1.0,0.0,0.0
Mainz,Hamburg,D1,2010,16/10/10,A,0,1,0.0,0.0,D,13.0,12.0,5.0,4.0,7.0,4.0,14.0,14.0,1.0,3.0,0.0,0.0
Schalke 04,Stuttgart,D1,2010,16/10/10,D,2,2,1.0,1.0,D,16.0,10.0,5.0,6.0,7.0,3.0,16.0,13.0,0.0,3.0,0.0,0.0
St Pauli,Nurnberg,D1,2010,16/10/10,H,3,2,1.0,0.0,H,14.0,14.0,7.0,6.0,6.0,6.0,14.0,18.0,2.0,3.0,0.0,0.0
Werder Bremen,Freiburg,D1,2010,16/10/10,H,2,1,1.0,0.0,H,21.0,13.0,6.0,3.0,11.0,0.0,13.0,19.0,0.0,0.0,0.0,0.0
Wolfsburg,Leverkusen,D1,2010,16/10/10,A,2,3,1.0,0.0,H,9.0,16.0,5.0,5.0,5.0,7.0,14.0,15.0,1.0,5.0,0.0,0.0
Hoffenheim,M'gladbach,D1,2010,17/10/10,H,3,2,0.0,1.0,A,27.0,12.0,6.0,6.0,9.0,6.0,23.0,19.0,1.0,3.0,0.0,2.0
Kaiserslautern,Ein Frankfurt,D1,2010,17/10/10,A,0,3,0.0,1.0,A,10.0,9.0,3.0,6.0,4.0,2.0,18.0,16.0,1.0,3.0,0.0,0.0
Hamburg,Bayern Munich,D1,2010,22/10/10,D,0,0,0.0,0.0,D,16.0,11.0,3.0,1.0,5.0,2.0,7.0,13.0,1.0,2.0,0.0,0.0
Ein Frankfurt,Schalke 04,D1,2010,23/10/10,D,0,0,0.0,0.0,D,17.0,5.0,1.0,2.0,8.0,5.0,11.0,19.0,2.0,1.0,0.0,0.0
Freiburg,Kaiserslautern,D1,2010,23/10/10,H,2,1,1.0,1.0,D,13.0,17.0,5.0,2.0,6.0,7.0,18.0,15.0,2.0,1.0,0.0,0.0
Hannover,FC Koln,D1,2010,23/10/10,H,2,1,2.0,0.0,H,8.0,9.0,4.0,2.0,3.0,11.0,15.0,18.0,1.0,1.0,0.0,0.0
M'gladbach,Werder Bremen,D1,2010,23/10/10,A,1,4,0.0,2.0,A,17.0,14.0,9.0,7.0,3.0,3.0,16.0,19.0,2.0,2.0,0.0,0.0
Nurnberg,Wolfsburg,D1,2010,23/10/10,H,2,1,1.0,1.0,D,17.0,8.0,4.0,2.0,4.0,4.0,12.0,15.0,1.0,3.0,0.0,0.0
Dortmund,Hoffenheim,D1,2010,24/10/10,D,1,1,0.0,1.0,A,17.0,9.0,4.0,5.0,8.0,3.0,8.0,31.0,1.0,3.0,0.0,1.0
Leverkusen,Mainz,D1,2010,24/10/10,A,0,1,0.0,0.0,D,16.0,10.0,2.0,4.0,9.0,3.0,16.0,20.0,0.0,1.0,0.0,0.0
Stuttgart,St Pauli,D1,2010,24/10/10,H,2,0,1.0,0.0,H,15.0,17.0,7.0,5.0,5.0,4.0,16.0,19.0,3.0,2.0,0.0,0.0
Bayern Munich,Freiburg,D1,2010,29/10/10,H,4,2,1.0,0.0,H,16.0,6.0,5.0,2.0,4.0,1.0,8.0,12.0,0.0,3.0,0.0,0.0
FC Koln,Hamburg,D1,2010,30/10/10,H,3,2,2.0,2.0,D,8.0,11.0,3.0,4.0,6.0,3.0,21.0,22.0,2.0,1.0,0.0,0.0
Kaiserslautern,M'gladbach,D1,2010,30/10/10,H,3,0,0.0,0.0,D,14.0,13.0,5.0,3.0,9.0,4.0,22.0,15.0,2.0,1.0,0.0,0.0
Schalke 04,Leverkusen,D1,2010,30/10/10,A,0,1,0.0,0.0,D,7.0,11.0,4.0,3.0,5.0,5.0,21.0,10.0,1.0,0.0,0.0,0.0
St Pauli,Ein Frankfurt,D1,2010,30/10/10,A,1,3,1.0,1.0,D,14.0,8.0,3.0,4.0,6.0,4.0,22.0,18.0,2.0,2.0,1.0,0.0
Werder Bremen,Nurnberg,D1,2010,30/10/10,A,2,3,1.0,1.0,D,12.0,17.0,6.0,8.0,4.0,2.0,23.0,15.0,2.0,2.0,0.0,0.0
Wolfsburg,Stuttgart,D1,2010,30/10/10,H,2,0,1.0,0.0,H,18.0,12.0,9.0,6.0,7.0,4.0,12.0,14.0,0.0,2.0,0.0,0.0
Hoffenheim,Hannover,D1,2010,31/10/10,H,4,0,1.0,0.0,H,18.0,5.0,7.0,2.0,4.0,2.0,10.0,15.0,1.0,1.0,0.0,1.0
Mainz,Dortmund,D1,2010,31/10/10,A,0,2,0.0,1.0,A,11.0,17.0,4.0,8.0,5.0,8.0,13.0,25.0,1.0,0.0,0.0,0.0
Schalke 04,St Pauli,D1,2010,05/11/10,H,3,0,1.0,0.0,H,13.0,6.0,6.0,0.0,5.0,3.0,15.0,11.0,1.0,2.0,0.0,0.0
Ein Frankfurt,Wolfsburg,D1,2010,06/11/10,H,3,1,2.0,0.0,H,15.0,13.0,8.0,7.0,3.0,4.0,18.0,25.0,1.0,2.0,0.0,0.0
Freiburg,Mainz,D1,2010,06/11/10,H,1,0,0.0,0.0,D,14.0,6.0,4.0,1.0,3.0,9.0,18.0,17.0,2.0,1.0,0.0,0.0
Hamburg,Hoffenheim,D1,2010,06/11/10,H,2,1,1.0,1.0,D,18.0,13.0,2.0,6.0,8.0,6.0,15.0,27.0,1.0,4.0,0.0,0.0
M'gladbach,Bayern Munich,D1,2010,06/11/10,D,3,3,1.0,2.0,A,9.0,16.0,4.0,6.0,2.0,9.0,14.0,8.0,1.0,0.0,0.0,0.0
Nurnberg,FC Koln,D1,2010,06/11/10,H,3,1,2.0,1.0,H,20.0,7.0,6.0,4.0,13.0,7.0,8.0,15.0,1.0,1.0,0.0,0.0
Hannover,Dortmund,D1,2010,07/11/10,A,0,4,0.0,1.0,A,7.0,19.0,2.0,13.0,2.0,4.0,18.0,10.0,0.0,2.0,1.0,0.0
Leverkusen,Kaiserslautern,D1,2010,07/11/10,H,3,1,1.0,1.0,D,25.0,12.0,7.0,4.0,6.0,2.0,14.0,20.0,1.0,3.0,0.0,0.0
Stuttgart,Werder Bremen,D1,2010,07/11/10,H,6,0,3.0,0.0,H,16.0,11.0,12.0,4.0,5.0,7.0,10.0,15.0,1.0,0.0,0.0,0.0
Dortmund,Hamburg,D1,2010,12/11/10,H,2,0,0.0,0.0,D,11.0,7.0,4.0,1.0,4.0,0.0,22.0,17.0,0.0,1.0,0.0,0.0
FC Koln,M'gladbach,D1,2010,13/11/10,A,0,4,0.0,0.0,D,17.0,19.0,3.0,4.0,6.0,7.0,16.0,19.0,0.0,2.0,0.0,0.0
Kaiserslautern,Stuttgart,D1,2010,13/11/10,D,3,3,0.0,2.0,A,16.0,12.0,5.0,7.0,3.0,4.0,17.0,18.0,3.0,2.0,0.0,0.0
Mainz,Hannover,D1,2010,13/11/10,A,0,1,0.0,1.0,A,12.0,12.0,2.0,5.0,3.0,7.0,14.0,22.0,0.0,1.0,0.0,1.0
St Pauli,Leverkusen,D1,2010,13/11/10,A,0,1,0.0,0.0,D,8.0,23.0,1.0,8.0,1.0,3.0,22.0,16.0,3.0,4.0,0.0,0.0
Werder Bremen,Ein Frankfurt,D1,2010,13/11/10,D,0,0,0.0,0.0,D,18.0,13.0,7.0,1.0,10.0,3.0,14.0,9.0,1.0,1.0,0.0,0.0
Wolfsburg,Schalke 04,D1,2010,13/11/10,D,2,2,2.0,1.0,H,17.0,13.0,4.0,5.0,7.0,7.0,12.0,20.0,2.0,3.0,1.0,0.0
Bayern Munich,Nurnberg,D1,2010,14/11/10,H,3,0,1.0,0.0,H,13.0,12.0,7.0,2.0,3.0,2.0,16.0,9.0,1.0,1.0,0.0,0.0
Hoffenheim,Freiburg,D1,2010,14/11/10,A,0,1,0.0,0.0,D,12.0,10.0,7.0,3.0,3.0,6.0,16.0,20.0,0.0,1.0,0.0,0.0
Ein Frankfurt,Hoffenheim,D1,2010,20/11/10,A,0,4,0.0,1.0,A,8.0,18.0,3.0,9.0,2.0,6.0,12.0,21.0,4.0,4.0,0.0,0.0
Freiburg,Dortmund,D1,2010,20/11/10,A,1,2,1.0,0.0,H,9.0,18.0,2.0,8.0,3.0,6.0,8.0,10.0,0.0,1.0,0.0,0.0
Hannover,Hamburg,D1,2010,20/11/10,H,3,2,1.0,1.0,D,14.0,11.0,5.0,4.0,6.0,4.0,18.0,20.0,2.0,4.0,0.0,0.0
Leverkusen,Bayern Munich,D1,2010,20/11/10,D,1,1,1.0,1.0,D,17.0,8.0,8.0,1.0,4.0,5.0,23.0,14.0,2.0,2.0,0.0,0.0
M'gladbach,Mainz,D1,2010,20/11/10,A,2,3,0.0,0.0,D,8.0,16.0,4.0,8.0,3.0,4.0,20.0,13.0,1.0,1.0,0.0,0.0
Nurnberg,Kaiserslautern,D1,2010,20/11/10,A,1,3,0.0,3.0,A,18.0,10.0,6.0,7.0,8.0,4.0,12.0,18.0,1.0,3.0,0.0,1.0
Schalke 04,Werder Bremen,D1,2010,20/11/10,H,4,0,2.0,0.0,H,14.0,10.0,8.0,2.0,8.0,2.0,19.0,14.0,1.0,1.0,0.0,1.0
St Pauli,Wolfsburg,D1,2010,21/11/10,D,1,1,1.0,0.0,H,18.0,3.0,5.0,2.0,2.0,4.0,14.0,27.0,0.0,3.0,0.0,0.0
Stuttgart,FC Koln,D1,2010,21/11/10,A,0,1,0.0,0.0,D,20.0,18.0,5.0,8.0,10.0,9.0,16.0,15.0,4.0,3.0,0.0,0.0
Mainz,Nurnberg,D1,2010,26/11/10,H,3,0,1.0,0.0,H,10.0,13.0,4.0,3.0,1.0,4.0,17.0,15.0,4.0,2.0,0.0,0.0
Bayern Munich,Ein Frankfurt,D1,2010,27/11/10,H,4,1,1.0,1.0,D,25.0,8.0,8.0,4.0,15.0,7.0,11.0,11.0,1.0,0.0,0.0,0.0
Dortmund,M'gladbach,D1,2010,27/11/10,H,4,1,1.0,1.0,D,22.0,8.0,8.0,4.0,7.0,1.0,15.0,13.0,1.0,1.0,0.0,0.0
Hamburg,Stuttgart,D1,2010,27/11/10,H,4,2,3.0,1.0,H,15.0,14.0,8.0,3.0,6.0,7.0,9.0,16.0,2.0,3.0,0.0,1.0
Hannover,Freiburg,D1,2010,27/11/10,H,3,0,1.0,0.0,H,12.0,13.0,8.0,2.0,7.0,4.0,18.0,15.0,0.0,1.0,0.0,0.0
Hoffenheim,Leverkusen,D1,2010,27/11/10,D,2,2,1.0,2.0,A,15.0,7.0,6.0,2.0,5.0,2.0,18.0,19.0,1.0,3.0,0.0,0.0
Kaiserslautern,Schalke 04,D1,2010,27/11/10,H,5,0,2.0,0.0,H,15.0,6.0,8.0,3.0,8.0,2.0,19.0,16.0,3.0,2.0,0.0,0.0
FC Koln,Wolfsburg,D1,2010,28/11/10,D,1,1,0.0,0.0,D,13.0,11.0,3.0,1.0,3.0,2.0,10.0,16.0,2.0,2.0,0.0,0.0
Werder Bremen,St Pauli,D1,2010,28/11/10,H,3,0,2.0,0.0,H,14.0,16.0,8.0,4.0,5.0,10.0,14.0,16.0,2.0,0.0,1.0,1.0
St Pauli,Kaiserslautern,D1,2010,03/12/10,H,1,0,0.0,0.0,D,16.0,12.0,6.0,4.0,2.0,3.0,11.0,15.0,1.0,3.0,0.0,0.0
Ein Frankfurt,Mainz,D1,2010,04/12/10,H,2,1,1.0,1.0,D,15.0,10.0,4.0,2.0,2.0,5.0,21.0,27.0,0.0,2.0,0.0,0.0
Freiburg,Hamburg,D1,2010,04/12/10,H,1,0,1.0,0.0,H,10.0,12.0,4.0,6.0,8.0,4.0,16.0,15.0,1.0,0.0,0.0,0.0
M'gladbach,Hannover,D1,2010,04/12/10,A,1,2,1.0,0.0,H,15.0,12.0,3.0,4.0,1.0,3.0,11.0,17.0,2.0,1.0,1.0,0.0
Schalke 04,Bayern Munich,D1,2010,04/12/10,H,2,0,0.0,0.0,D,12.0,17.0,4.0,5.0,4.0,9.0,13.0,7.0,0.0,1.0,0.0,0.0
Stuttgart,Hoffenheim,D1,2010,04/12/10,D,1,1,1.0,1.0,D,19.0,11.0,5.0,7.0,4.0,2.0,18.0,19.0,3.0,2.0,0.0,1.0
Wolfsburg,Werder Bremen,D1,2010,04/12/10,D,0,0,0.0,0.0,D,11.0,15.0,4.0,7.0,2.0,7.0,19.0,16.0,3.0,1.0,0.0,0.0
Leverkusen,FC Koln,D1,2010,05/12/10,H,3,2,1.0,1.0,D,11.0,14.0,5.0,5.0,5.0,0.0,9.0,19.0,1.0,1.0,0.0,0.0
Nurnberg,Dortmund,D1,2010,05/12/10,A,0,2,0.0,1.0,A,7.0,16.0,1.0,7.0,3.0,6.0,13.0,17.0,2.0,2.0,0.0,0.0
Hannover,Stuttgart,D1,2010,10/12/10,H,2,1,1.0,0.0,H,16.0,22.0,8.0,3.0,5.0,3.0,15.0,18.0,2.0,3.0,0.0,0.0
Bayern Munich,St Pauli,D1,2010,11/12/10,H,3,0,1.0,0.0,H,22.0,9.0,10.0,1.0,13.0,4.0,13.0,21.0,0.0,1.0,0.0,1.0
Dortmund,Werder Bremen,D1,2010,11/12/10,H,2,0,1.0,0.0,H,11.0,8.0,5.0,2.0,3.0,5.0,20.0,22.0,2.0,5.0,0.0,0.0
FC Koln,Ein Frankfurt,D1,2010,11/12/10,H,1,0,0.0,0.0,D,10.0,14.0,5.0,3.0,7.0,6.0,20.0,14.0,5.0,3.0,0.0,0.0
Hamburg,Leverkusen,D1,2010,11/12/10,A,2,4,0.0,1.0,A,8.0,16.0,3.0,8.0,3.0,4.0,23.0,18.0,3.0,3.0,0.0,0.0
Hoffenheim,Nurnberg,D1,2010,11/12/10,D,1,1,0.0,0.0,D,19.0,11.0,4.0,4.0,11.0,5.0,18.0,23.0,1.0,3.0,0.0,0.0
Kaiserslautern,Wolfsburg,D1,2010,11/12/10,D,0,0,0.0,0.0,D,18.0,5.0,2.0,0.0,5.0,0.0,15.0,16.0,1.0,3.0,0.0,0.0
Freiburg,M'gladbach,D1,2010,12/12/10,H,3,0,2.0,0.0,H,22.0,14.0,8.0,6.0,7.0,2.0,14.0,14.0,1.0,2.0,0.0,0.0
Mainz,Schalke 04,D1,2010,12/12/10,A,0,1,0.0,1.0,A,7.0,10.0,4.0,2.0,1.0,10.0,11.0,20.0,3.0,2.0,0.0,0.0
M'gladbach,Hamburg,D1,2010,17/12/10,A,1,2,0.0,0.0,D,18.0,15.0,8.0,9.0,5.0,8.0,12.0,11.0,1.0,0.0,0.0,0.0
Ein Frankfurt,Dortmund,D1,2010,18/12/10,H,1,0,0.0,0.0,D,12.0,9.0,4.0,1.0,3.0,8.0,18.0,14.0,2.0,2.0,0.0,0.0
Nurnberg,Hannover,D1,2010,18/12/10,H,3,1,2.0,0.0,H,19.0,5.0,9.0,1.0,6.0,3.0,24.0,23.0,1.0,4.0,0.0,0.0
Schalke 04,FC Koln,D1,2010,18/12/10,H,3,0,1.0,0.0,H,16.0,6.0,6.0,1.0,6.0,6.0,10.0,13.0,0.0,1.0,0.0,0.0
St Pauli,Mainz,D1,2010,18/12/10,A,2,4,1.0,3.0,A,14.0,20.0,6.0,7.0,11.0,8.0,21.0,18.0,2.0,1.0,0.0,0.0
Werder Bremen,Kaiserslautern,D1,2010,18/12/10,A,1,2,1.0,1.0,D,22.0,17.0,5.0,7.0,8.0,2.0,16.0,15.0,2.0,2.0,1.0,1.0
Wolfsburg,Hoffenheim,D1,2010,18/12/10,D,2,2,0.0,2.0,A,13.0,15.0,5.0,7.0,4.0,3.0,22.0,15.0,2.0,1.0,0.0,0.0
Leverkusen,Freiburg,D1,2010,19/12/10,D,2,2,1.0,1.0,D,14.0,8.0,6.0,4.0,3.0,1.0,17.0,15.0,3.0,1.0,0.0,0.0
Stuttgart,Bayern Munich,D1,2010,19/12/10,A,3,5,0.0,3.0,A,12.0,10.0,7.0,9.0,3.0,4.0,20.0,16.0,3.0,1.0,0.0,0.0
Leverkusen,Dortmund,D1,2010,14/01/11,A,1,3,0.0,0.0,D,12.0,11.0,3.0,5.0,6.0,7.0,11.0,18.0,2.0,1.0,0.0,0.0
Nurnberg,M'gladbach,D1,2010,15/01/11,A,0,1,0.0,1.0,A,17.0,6.0,4.0,3.0,6.0,3.0,16.0,29.0,1.0,3.0,0.0,0.0
Schalke 04,Hamburg,D1,2010,15/01/11,A,0,1,0.0,0.0,D,10.0,9.0,1.0,3.0,7.0,5.0,26.0,12.0,3.0,3.0,0.0,0.0
St Pauli,Freiburg,D1,2010,15/01/11,D,2,2,1.0,0.0,H,11.0,9.0,6.0,7.0,5.0,3.0,15.0,20.0,1.0,1.0,0.0,0.0
Stuttgart,Mainz,D1,2010,15/01/11,H,1,0,0.0,0.0,D,7.0,16.0,2.0,4.0,6.0,7.0,20.0,14.0,1.0,2.0,0.0,0.0
Werder Bremen,Hoffenheim,D1,2010,15/01/11,H,2,1,1.0,0.0,H,12.0,8.0,4.0,2.0,8.0,4.0,24.0,19.0,3.0,2.0,0.0,0.0
Wolfsburg,Bayern Munich,D1,2010,15/01/11,D,1,1,0.0,1.0,A,10.0,14.0,4.0,6.0,5.0,9.0,16.0,16.0,2.0,2.0,0.0,0.0
Ein Frankfurt,Hannover,D1,2010,16/01/11,A,0,3,0.0,2.0,A,12.0,16.0,4.0,6.0,5.0,5.0,13.0,26.0,1.0,1.0,0.0,0.0
Kaiserslautern,FC Koln,D1,2010,16/01/11,D,1,1,0.0,1.0,A,15.0,14.0,4.0,3.0,10.0,4.0,18.0,24.0,1.0,6.0,1.0,0.0
Hamburg,Ein Frankfurt,D1,2010,21/01/11,H,1,0,0.0,0.0,D,9.0,6.0,4.0,1.0,6.0,4.0,13.0,15.0,0.0,0.0,0.0,0.0
Bayern Munich,Kaiserslautern,D1,2010,22/01/11,H,5,1,1.0,0.0,H,19.0,13.0,9.0,6.0,6.0,5.0,8.0,11.0,0.0,3.0,0.0,0.0
Dortmund,Stuttgart,D1,2010,22/01/11,D,1,1,1.0,0.0,H,18.0,7.0,7.0,3.0,8.0,6.0,9.0,8.0,0.0,2.0,0.0,0.0
FC Koln,Werder Bremen,D1,2010,22/01/11,H,3,0,2.0,0.0,H,11.0,3.0,5.0,1.0,7.0,3.0,11.0,25.0,3.0,2.0,0.0,0.0
Freiburg,Nurnberg,D1,2010,22/01/11,D,1,1,1.0,0.0,H,6.0,11.0,2.0,2.0,4.0,5.0,21.0,13.0,0.0,1.0,0.0,0.0
Hannover,Schalke 04,D1,2010,22/01/11,A,0,1,0.0,1.0,A,11.0,11.0,4.0,4.0,4.0,5.0,11.0,21.0,1.0,2.0,0.0,0.0
Mainz,Wolfsburg,D1,2010,22/01/11,A,0,1,0.0,0.0,D,14.0,8.0,3.0,2.0,3.0,5.0,16.0,23.0,1.0,1.0,0.0,0.0
Hoffenheim,St Pauli,D1,2010,23/01/11,D,2,2,1.0,0.0,H,10.0,14.0,4.0,5.0,4.0,4.0,25.0,16.0,1.0,1.0,0.0,0.0
M'gladbach,Leverkusen,D1,2010,23/01/11,A,1,3,0.0,2.0,A,16.0,8.0,6.0,4.0,3.0,1.0,19.0,15.0,1.0,1.0,0.0,0.0
Leverkusen,Hannover,D1,2010,28/01/11,H,2,0,2.0,0.0,H,11.0,9.0,6.0,3.0,5.0,3.0,18.0,12.0,0.0,0.0,0.0,0.0
Kaiserslautern,Mainz,D1,2010,29/01/11,A,0,1,0.0,1.0,A,17.0,12.0,6.0,5.0,6.0,3.0,15.0,16.0,1.0,0.0,0.0,0.0
Nurnberg,Hamburg,D1,2010,29/01/11,H,2,0,0.0,0.0,D,17.0,7.0,7.0,1.0,6.0,3.0,18.0,20.0,1.0,2.0,0.0,1.0
Schalke 04,Hoffenheim,D1,2010,29/01/11,A,0,1,0.0,1.0,A,10.0,16.0,1.0,5.0,9.0,4.0,19.0,16.0,2.0,1.0,0.0,0.0
St Pauli,FC Koln,D1,2010,29/01/11,H,3,0,2.0,0.0,H,30.0,3.0,10.0,2.0,11.0,2.0,16.0,16.0,0.0,4.0,0.0,0.0
Werder Bremen,Bayern Munich,D1,2010,29/01/11,A,1,3,0.0,0.0,D,9.0,17.0,4.0,6.0,7.0,4.0,21.0,18.0,2.0,2.0,1.0,0.0
Wolfsburg,Dortmund,D1,2010,29/01/11,A,0,3,0.0,2.0,A,9.0,17.0,2.0,8.0,4.0,3.0,18.0,12.0,2.0,2.0,0.0,0.0
Ein Frankfurt,M'gladbach,D1,2010,30/01/11,A,0,1,0.0,0.0,D,17.0,16.0,2.0,7.0,4.0,4.0,7.0,18.0,0.0,2.0,0.0,0.0
Stuttgart,Freiburg,D1,2010,30/01/11,A,0,1,0.0,1.0,A,15.0,9.0,4.0,3.0,9.0,3.0,10.0,20.0,0.0,2.0,0.0,0.0
Dortmund,Schalke 04,D1,2010,04/02/11,D,0,0,0.0,0.0,D,21.0,6.0,9.0,2.0,1.0,2.0,13.0,19.0,2.0,3.0,0.0,0.0
FC Koln,Bayern Munich,D1,2010,05/02/11,H,3,2,0.0,2.0,A,17.0,12.0,6.0,4.0,5.0,7.0,19.0,17.0,0.0,2.0,0.0,0.0
Hannover,Wolfsburg,D1,2010,05/02/11,H,1,0,1.0,0.0,H,10.0,12.0,4.0,3.0,4.0,4.0,18.0,16.0,1.0,3.0,0.0,0.0
Hoffenheim,Kaiserslautern,D1,2010,05/02/11,H,3,2,2.0,0.0,H,17.0,24.0,8.0,7.0,4.0,7.0,17.0,24.0,1.0,2.0,1.0,0.0
Mainz,Werder Bremen,D1,2010,05/02/11,D,1,1,1.0,0.0,H,10.0,9.0,5.0,3.0,6.0,3.0,19.0,24.0,1.0,4.0,0.0,0.0
M'gladbach,Stuttgart,D1,2010,05/02/11,A,2,3,2.0,0.0,H,12.0,9.0,5.0,3.0,5.0,3.0,19.0,14.0,1.0,2.0,1.0,0.0
Nurnberg,Leverkusen,D1,2010,05/02/11,H,1,0,0.0,0.0,D,9.0,11.0,3.0,0.0,3.0,2.0,25.0,19.0,1.0,3.0,1.0,0.0
Freiburg,Ein Frankfurt,D1,2010,06/02/11,D,0,0,0.0,0.0,D,12.0,12.0,0.0,3.0,5.0,6.0,14.0,21.0,0.0,2.0,0.0,0.0
Bayern Munich,Hoffenheim,D1,2010,12/02/11,H,4,0,2.0,0.0,H,17.0,14.0,11.0,4.0,8.0,3.0,5.0,17.0,0.0,4.0,0.0,0.0
Ein Frankfurt,Leverkusen,D1,2010,12/02/11,A,0,3,0.0,2.0,A,12.0,12.0,3.0,6.0,1.0,6.0,25.0,15.0,3.0,1.0,0.0,0.0
Kaiserslautern,Dortmund,D1,2010,12/02/11,D,1,1,0.0,0.0,D,15.0,17.0,3.0,6.0,6.0,2.0,14.0,16.0,1.0,0.0,0.0,1.0
Schalke 04,Freiburg,D1,2010,12/02/11,H,1,0,0.0,0.0,D,20.0,3.0,7.0,1.0,12.0,0.0,7.0,22.0,2.0,2.0,0.0,0.0
St Pauli,M'gladbach,D1,2010,12/02/11,H,3,1,1.0,1.0,D,23.0,7.0,9.0,2.0,9.0,1.0,14.0,15.0,1.0,1.0,0.0,1.0
Stuttgart,Nurnberg,D1,2010,12/02/11,A,1,4,1.0,2.0,A,10.0,20.0,5.0,10.0,3.0,7.0,10.0,21.0,3.0,1.0,0.0,0.0
Wolfsburg,Hamburg,D1,2010,12/02/11,A,0,1,0.0,1.0,A,8.0,9.0,1.0,4.0,5.0,5.0,25.0,15.0,4.0,1.0,0.0,0.0
FC Koln,Mainz,D1,2010,13/02/11,H,4,2,2.0,1.0,H,15.0,9.0,9.0,4.0,5.0,1.0,20.0,17.0,2.0,1.0,0.0,0.0
Werder Bremen,Hannover,D1,2010,13/02/11,D,1,1,0.0,1.0,A,13.0,6.0,5.0,4.0,11.0,3.0,18.0,21.0,0.0,3.0,0.0,0.0
Hamburg,St Pauli,D1,2010,16/02/11,A,0,1,0.0,0.0,D,22.0,5.0,6.0,3.0,11.0,5.0,15.0,19.0,4.0,2.0,0.0,0.0
Nurnberg,Ein Frankfurt,D1,2010,18/02/11,H,3,0,0.0,0.0,D,16.0,3.0,7.0,1.0,8.0,1.0,13.0,21.0,2.0,2.0,0.0,0.0
Dortmund,St Pauli,D1,2010,19/02/11,H,2,0,1.0,0.0,H,25.0,3.0,12.0,1.0,8.0,1.0,16.0,14.0,1.0,2.0,0.0,0.0
Freiburg,Wolfsburg,D1,2010,19/02/11,H,2,1,1.0,1.0,D,14.0,18.0,5.0,8.0,7.0,9.0,14.0,12.0,3.0,0.0,0.0,0.0
Hamburg,Werder Bremen,D1,2010,19/02/11,H,4,0,1.0,0.0,H,14.0,8.0,6.0,2.0,6.0,3.0,21.0,19.0,3.0,3.0,0.0,0.0
Hannover,Kaiserslautern,D1,2010,19/02/11,H,3,0,2.0,0.0,H,12.0,10.0,5.0,4.0,7.0,6.0,12.0,14.0,1.0,1.0,0.0,0.0
Hoffenheim,FC Koln,D1,2010,19/02/11,D,1,1,0.0,0.0,D,17.0,8.0,4.0,2.0,4.0,1.0,20.0,21.0,2.0,5.0,0.0,0.0
Mainz,Bayern Munich,D1,2010,19/02/11,A,1,3,0.0,1.0,A,18.0,19.0,7.0,9.0,4.0,11.0,18.0,13.0,2.0,1.0,0.0,0.0
Leverkusen,Stuttgart,D1,2010,20/02/11,H,4,2,2.0,1.0,H,18.0,11.0,7.0,4.0,6.0,4.0,11.0,12.0,1.0,2.0,0.0,0.0
M'gladbach,Schalke 04,D1,2010,20/02/11,H,2,1,2.0,1.0,H,13.0,4.0,7.0,1.0,3.0,0.0,19.0,17.0,0.0,0.0,0.0,0.0
Wolfsburg,M'gladbach,D1,2010,25/02/11,H,2,1,2.0,0.0,H,15.0,14.0,6.0,6.0,5.0,3.0,17.0,25.0,4.0,3.0,0.0,0.0
Bayern Munich,Dortmund,D1,2010,26/02/11,A,1,3,1.0,2.0,A,14.0,16.0,4.0,5.0,10.0,4.0,10.0,11.0,2.0,3.0,0.0,0.0
FC Koln,Freiburg,D1,2010,26/02/11,H,1,0,0.0,0.0,D,22.0,12.0,6.0,1.0,8.0,5.0,12.0,20.0,2.0,3.0,0.0,0.0
Hoffenheim,Mainz,D1,2010,26/02/11,A,1,2,0.0,1.0,A,13.0,10.0,4.0,7.0,6.0,4.0,18.0,23.0,1.0,0.0,0.0,0.0
Kaiserslautern,Hamburg,D1,2010,26/02/11,D,1,1,1.0,0.0,H,16.0,16.0,8.0,5.0,4.0,3.0,17.0,10.0,3.0,0.0,0.0,0.0
Schalke 04,Nurnberg,D1,2010,26/02/11,D,1,1,0.0,1.0,A,16.0,16.0,8.0,4.0,10.0,3.0,13.0,17.0,1.0,3.0,0.0,0.0
St Pauli,Hannover,D1,2010,26/02/11,A,0,1,0.0,0.0,D,7.0,8.0,1.0,5.0,3.0,5.0,20.0,21.0,0.0,2.0,0.0,0.0
Ein Frankfurt,Stuttgart,D1,2010,27/02/11,A,0,2,0.0,0.0,D,30.0,11.0,5.0,6.0,13.0,3.0,19.0,13.0,2.0,1.0,0.0,1.0
Werder Bremen,Leverkusen,D1,2010,27/02/11,D,2,2,0.0,1.0,A,9.0,17.0,6.0,6.0,2.0,6.0,19.0,11.0,2.0,1.0,0.0,1.0
Dortmund,FC Koln,D1,2010,04/03/11,H,1,0,1.0,0.0,H,24.0,7.0,8.0,1.0,10.0,3.0,19.0,18.0,0.0,3.0,0.0,0.0
Ein Frankfurt,Kaiserslautern,D1,2010,05/03/11,D,0,0,0.0,0.0,D,6.0,9.0,0.0,2.0,2.0,5.0,10.0,22.0,4.0,3.0,0.0,0.0
Hannover,Bayern Munich,D1,2010,05/03/11,H,3,1,1.0,0.0,H,13.0,12.0,7.0,6.0,2.0,2.0,24.0,9.0,3.0,1.0,0.0,1.0
Leverkusen,Wolfsburg,D1,2010,05/03/11,H,3,0,3.0,0.0,H,14.0,9.0,9.0,1.0,7.0,2.0,19.0,15.0,0.0,4.0,0.0,0.0
M'gladbach,Hoffenheim,D1,2010,05/03/11,H,2,0,0.0,0.0,D,13.0,9.0,6.0,0.0,8.0,4.0,17.0,30.0,1.0,4.0,0.0,0.0
Nurnberg,St Pauli,D1,2010,05/03/11,H,5,0,3.0,0.0,H,20.0,4.0,7.0,1.0,4.0,1.0,17.0,16.0,1.0,3.0,0.0,0.0
Stuttgart,Schalke 04,D1,2010,05/03/11,H,1,0,1.0,0.0,H,22.0,14.0,5.0,3.0,5.0,5.0,12.0,18.0,1.0,2.0,0.0,1.0
Freiburg,Werder Bremen,D1,2010,06/03/11,A,1,3,0.0,1.0,A,9.0,16.0,1.0,7.0,3.0,4.0,19.0,21.0,3.0,6.0,0.0,0.0
Hamburg,Mainz,D1,2010,06/03/11,A,2,4,1.0,0.0,H,8.0,12.0,4.0,6.0,4.0,5.0,17.0,15.0,2.0,2.0,0.0,0.0
FC Koln,Hannover,D1,2010,11/03/11,H,4,0,1.0,0.0,H,12.0,14.0,7.0,4.0,2.0,6.0,15.0,20.0,0.0,3.0,0.0,0.0
Bayern Munich,Hamburg,D1,2010,12/03/11,H,6,0,1.0,0.0,H,17.0,10.0,8.0,3.0,4.0,4.0,11.0,12.0,2.0,1.0,0.0,0.0
Hoffenheim,Dortmund,D1,2010,12/03/11,H,1,0,0.0,0.0,D,11.0,16.0,4.0,3.0,2.0,5.0,21.0,15.0,2.0,1.0,0.0,0.0
Kaiserslautern,Freiburg,D1,2010,12/03/11,H,2,1,1.0,1.0,D,19.0,9.0,6.0,2.0,3.0,3.0,14.0,15.0,0.0,0.0,0.0,0.0
Schalke 04,Ein Frankfurt,D1,2010,12/03/11,H,2,1,1.0,0.0,H,9.0,7.0,5.0,5.0,6.0,3.0,17.0,19.0,1.0,3.0,0.0,0.0
Werder Bremen,M'gladbach,D1,2010,12/03/11,D,1,1,1.0,0.0,H,18.0,12.0,5.0,3.0,9.0,7.0,12.0,9.0,3.0,0.0,0.0,0.0
Wolfsburg,Nurnberg,D1,2010,12/03/11,A,1,2,1.0,1.0,D,12.0,8.0,5.0,4.0,2.0,5.0,19.0,28.0,2.0,3.0,0.0,0.0
Mainz,Leverkusen,D1,2010,13/03/11,A,0,1,0.0,0.0,D,5.0,14.0,1.0,3.0,6.0,4.0,25.0,15.0,3.0,3.0,0.0,0.0
St Pauli,Stuttgart,D1,2010,13/03/11,A,1,2,1.0,1.0,D,9.0,17.0,2.0,9.0,5.0,2.0,19.0,15.0,2.0,2.0,0.0,0.0
M'gladbach,Kaiserslautern,D1,2010,18/03/11,A,0,1,0.0,0.0,D,8.0,13.0,4.0,3.0,4.0,3.0,15.0,20.0,2.0,0.0,0.0,0.0
Dortmund,Mainz,D1,2010,19/03/11,D,1,1,1.0,0.0,H,15.0,9.0,3.0,3.0,7.0,2.0,13.0,14.0,1.0,1.0,0.0,0.0
Ein Frankfurt,St Pauli,D1,2010,19/03/11,H,2,1,1.0,1.0,D,13.0,11.0,6.0,3.0,3.0,3.0,18.0,23.0,1.0,4.0,0.0,0.0
Freiburg,Bayern Munich,D1,2010,19/03/11,A,1,2,1.0,1.0,D,12.0,11.0,4.0,6.0,5.0,6.0,14.0,18.0,2.0,0.0,0.0,0.0
Hamburg,FC Koln,D1,2010,19/03/11,H,6,2,4.0,0.0,H,21.0,9.0,7.0,3.0,2.0,1.0,14.0,20.0,1.0,2.0,0.0,0.0
Hannover,Hoffenheim,D1,2010,19/03/11,H,2,0,1.0,0.0,H,9.0,12.0,3.0,2.0,4.0,4.0,14.0,21.0,0.0,1.0,0.0,0.0
Nurnberg,Werder Bremen,D1,2010,19/03/11,A,1,3,1.0,1.0,D,8.0,8.0,4.0,6.0,3.0,7.0,18.0,19.0,3.0,3.0,1.0,0.0
Leverkusen,Schalke 04,D1,2010,20/03/11,H,2,0,2.0,0.0,H,13.0,7.0,7.0,5.0,8.0,3.0,14.0,24.0,2.0,3.0,0.0,0.0
Stuttgart,Wolfsburg,D1,2010,20/03/11,D,1,1,0.0,1.0,A,16.0,9.0,4.0,6.0,1.0,3.0,18.0,22.0,1.0,3.0,0.0,0.0
St Pauli,Schalke 04,D1,2010,01/04/11,A,0,2,0.0,1.0,A,17.0,11.0,2.0,3.0,7.0,5.0,16.0,13.0,1.0,2.0,2.0,0.0
Bayern Munich,M'gladbach,D1,2010,02/04/11,H,1,0,0.0,0.0,D,16.0,7.0,5.0,2.0,7.0,4.0,11.0,16.0,2.0,1.0,0.0,0.0
Dortmund,Hannover,D1,2010,02/04/11,H,4,1,0.0,0.0,D,21.0,7.0,10.0,3.0,4.0,6.0,8.0,10.0,1.0,2.0,0.0,0.0
Hoffenheim,Hamburg,D1,2010,02/04/11,D,0,0,0.0,0.0,D,16.0,6.0,3.0,2.0,4.0,5.0,18.0,12.0,2.0,1.0,0.0,0.0
Kaiserslautern,Leverkusen,D1,2010,02/04/11,A,0,1,0.0,0.0,D,6.0,9.0,1.0,5.0,3.0,1.0,22.0,15.0,1.0,2.0,0.0,0.0
Mainz,Freiburg,D1,2010,02/04/11,D,1,1,0.0,1.0,A,12.0,7.0,3.0,1.0,5.0,1.0,15.0,22.0,1.0,3.0,0.0,0.0
Werder Bremen,Stuttgart,D1,2010,02/04/11,D,1,1,1.0,1.0,D,27.0,6.0,8.0,2.0,12.0,3.0,12.0,23.0,1.0,3.0,0.0,0.0
FC Koln,Nurnberg,D1,2010,03/04/11,H,1,0,0.0,0.0,D,15.0,12.0,3.0,4.0,3.0,5.0,27.0,23.0,2.0,2.0,0.0,0.0
Wolfsburg,Ein Frankfurt,D1,2010,03/04/11,D,1,1,0.0,0.0,D,27.0,6.0,9.0,4.0,14.0,1.0,12.0,14.0,1.0,5.0,1.0,0.0
Ein Frankfurt,Werder Bremen,D1,2010,08/04/11,D,1,1,0.0,0.0,D,14.0,19.0,8.0,6.0,8.0,6.0,25.0,21.0,3.0,3.0,0.0,0.0
Freiburg,Hoffenheim,D1,2010,09/04/11,H,3,2,1.0,2.0,A,14.0,15.0,5.0,9.0,6.0,4.0,12.0,20.0,1.0,5.0,1.0,0.0
Hamburg,Dortmund,D1,2010,09/04/11,D,1,1,1.0,0.0,H,8.0,15.0,4.0,7.0,2.0,4.0,21.0,13.0,0.0,1.0,1.0,0.0
Hannover,Mainz,D1,2010,09/04/11,H,2,0,1.0,0.0,H,21.0,9.0,9.0,4.0,15.0,4.0,14.0,14.0,1.0,3.0,0.0,1.0
Nurnberg,Bayern Munich,D1,2010,09/04/11,D,1,1,0.0,1.0,A,24.0,9.0,3.0,4.0,6.0,6.0,15.0,21.0,2.0,2.0,0.0,1.0
Schalke 04,Wolfsburg,D1,2010,09/04/11,H,1,0,0.0,0.0,D,13.0,6.0,4.0,1.0,5.0,5.0,16.0,17.0,1.0,3.0,0.0,0.0
Stuttgart,Kaiserslautern,D1,2010,09/04/11,A,2,4,2.0,1.0,H,8.0,15.0,3.0,5.0,4.0,4.0,20.0,18.0,1.0,2.0,0.0,0.0
Leverkusen,St Pauli,D1,2010,10/04/11,H,2,1,0.0,0.0,D,19.0,6.0,5.0,1.0,4.0,1.0,15.0,22.0,1.0,3.0,0.0,0.0
M'gladbach,FC Koln,D1,2010,10/04/11,H,5,1,3.0,0.0,H,19.0,8.0,10.0,4.0,4.0,6.0,13.0,19.0,1.0,2.0,0.0,0.0
Mainz,M'gladbach,D1,2010,15/04/11,H,1,0,0.0,0.0,D,10.0,11.0,2.0,3.0,6.0,4.0,17.0,11.0,1.0,1.0,0.0,1.0
FC Koln,Stuttgart,D1,2010,16/04/11,A,1,3,0.0,0.0,D,13.0,22.0,4.0,11.0,2.0,7.0,26.0,19.0,6.0,2.0,0.0,0.0
Hamburg,Hannover,D1,2010,16/04/11,D,0,0,0.0,0.0,D,11.0,15.0,3.0,6.0,7.0,4.0,12.0,19.0,1.0,3.0,0.0,0.0
Hoffenheim,Ein Frankfurt,D1,2010,16/04/11,H,1,0,0.0,0.0,D,16.0,13.0,4.0,5.0,3.0,8.0,20.0,9.0,3.0,3.0,0.0,0.0
Kaiserslautern,Nurnberg,D1,2010,16/04/11,A,0,2,0.0,1.0,A,10.0,12.0,2.0,7.0,0.0,6.0,17.0,13.0,1.0,2.0,0.0,0.0
Werder Bremen,Schalke 04,D1,2010,16/04/11,D,1,1,0.0,0.0,D,15.0,14.0,5.0,6.0,8.0,3.0,12.0,24.0,0.0,3.0,0.0,0.0
Wolfsburg,St Pauli,D1,2010,16/04/11,D,2,2,1.0,0.0,H,9.0,19.0,3.0,8.0,4.0,7.0,14.0,12.0,2.0,2.0,0.0,0.0
Bayern Munich,Leverkusen,D1,2010,17/04/11,H,5,1,4.0,0.0,H,5.0,7.0,4.0,3.0,3.0,2.0,15.0,12.0,1.0,1.0,0.0,0.0
Dortmund,Freiburg,D1,2010,17/04/11,H,3,0,2.0,0.0,H,20.0,2.0,5.0,2.0,4.0,1.0,13.0,23.0,1.0,2.0,0.0,0.0
Freiburg,Hannover,D1,2010,21/04/11,A,1,3,0.0,2.0,A,14.0,9.0,7.0,5.0,7.0,2.0,8.0,17.0,0.0,2.0,0.0,0.0
Ein Frankfurt,Bayern Munich,D1,2010,23/04/11,D,1,1,0.0,0.0,D,8.0,18.0,2.0,9.0,0.0,9.0,13.0,15.0,4.0,3.0,0.0,0.0
Leverkusen,Hoffenheim,D1,2010,23/04/11,H,2,1,1.0,1.0,D,15.0,9.0,4.0,3.0,7.0,2.0,14.0,16.0,0.0,1.0,0.0,0.0
M'gladbach,Dortmund,D1,2010,23/04/11,H,1,0,1.0,0.0,H,7.0,21.0,2.0,8.0,3.0,11.0,7.0,13.0,0.0,0.0,0.0,0.0
Schalke 04,Kaiserslautern,D1,2010,23/04/11,A,0,1,0.0,1.0,A,11.0,9.0,2.0,3.0,6.0,3.0,10.0,19.0,0.0,3.0,0.0,0.0
St Pauli,Werder Bremen,D1,2010,23/04/11,A,1,3,1.0,0.0,H,5.0,14.0,3.0,4.0,4.0,4.0,22.0,13.0,2.0,0.0,0.0,0.0
Stuttgart,Hamburg,D1,2010,23/04/11,H,3,0,1.0,0.0,H,14.0,11.0,6.0,4.0,3.0,6.0,9.0,12.0,2.0,0.0,0.0,0.0
Nurnberg,Mainz,D1,2010,24/04/11,D,0,0,0.0,0.0,D,11.0,10.0,2.0,1.0,5.0,1.0,15.0,14.0,5.0,3.0,0.0,0.0
Wolfsburg,FC Koln,D1,2010,24/04/11,H,4,1,2.0,1.0,H,18.0,14.0,9.0,4.0,7.0,2.0,18.0,17.0,0.0,0.0,0.0,0.0
Kaiserslautern,St Pauli,D1,2010,29/04/11,H,2,0,1.0,0.0,H,17.0,15.0,5.0,6.0,5.0,3.0,19.0,15.0,0.0,1.0,0.0,0.0
Werder Bremen,Wolfsburg,D1,2010,29/04/11,A,0,1,0.0,1.0,A,14.0,10.0,4.0,2.0,9.0,5.0,11.0,22.0,2.0,4.0,0.0,0.0
Bayern Munich,Schalke 04,D1,2010,30/04/11,H,4,1,3.0,1.0,H,22.0,3.0,8.0,0.0,7.0,1.0,9.0,19.0,1.0,2.0,0.0,0.0
Dortmund,Nurnberg,D1,2010,30/04/11,H,2,0,2.0,0.0,H,11.0,8.0,5.0,2.0,4.0,4.0,20.0,13.0,1.0,2.0,0.0,0.0
FC Koln,Leverkusen,D1,2010,30/04/11,H,2,0,0.0,0.0,D,4.0,16.0,4.0,4.0,1.0,6.0,18.0,19.0,2.0,2.0,0.0,0.0
Hamburg,Freiburg,D1,2010,30/04/11,A,0,2,0.0,1.0,A,16.0,9.0,5.0,5.0,4.0,1.0,26.0,14.0,3.0,1.0,0.0,0.0
Hannover,M'gladbach,D1,2010,30/04/11,A,0,1,0.0,0.0,D,10.0,15.0,2.0,4.0,7.0,2.0,9.0,9.0,2.0,0.0,0.0,0.0
Hoffenheim,Stuttgart,D1,2010,30/04/11,A,1,2,1.0,0.0,H,14.0,14.0,5.0,4.0,3.0,4.0,19.0,14.0,2.0,2.0,0.0,0.0
Mainz,Ein Frankfurt,D1,2010,30/04/11,H,3,0,3.0,0.0,H,23.0,7.0,11.0,2.0,5.0,1.0,19.0,16.0,1.0,2.0,0.0,1.0
Ein Frankfurt,FC Koln,D1,2010,07/05/11,A,0,2,0.0,1.0,A,11.0,10.0,0.0,7.0,2.0,3.0,10.0,18.0,3.0,3.0,0.0,0.0
Leverkusen,Hamburg,D1,2010,07/05/11,D,1,1,0.0,1.0,A,13.0,11.0,3.0,5.0,5.0,3.0,13.0,20.0,1.0,3.0,0.0,0.0
M'gladbach,Freiburg,D1,2010,07/05/11,H,2,0,0.0,0.0,D,10.0,6.0,5.0,3.0,3.0,9.0,20.0,15.0,2.0,1.0,0.0,1.0
Nurnberg,Hoffenheim,D1,2010,07/05/11,A,1,2,1.0,1.0,D,11.0,15.0,5.0,4.0,9.0,4.0,15.0,20.0,0.0,2.0,0.0,0.0
Schalke 04,Mainz,D1,2010,07/05/11,A,1,3,0.0,0.0,D,15.0,9.0,4.0,4.0,7.0,5.0,14.0,14.0,2.0,1.0,0.0,0.0
St Pauli,Bayern Munich,D1,2010,07/05/11,A,1,8,0.0,2.0,A,12.0,17.0,5.0,10.0,3.0,8.0,15.0,15.0,3.0,2.0,0.0,0.0
Stuttgart,Hannover,D1,2010,07/05/11,H,2,1,0.0,0.0,D,13.0,11.0,4.0,3.0,2.0,0.0,20.0,24.0,2.0,1.0,0.0,0.0
Werder Bremen,Dortmund,D1,2010,07/05/11,H,2,0,1.0,0.0,H,11.0,12.0,4.0,2.0,2.0,10.0,11.0,9.0,2.0,0.0,0.0,0.0
Wolfsburg,Kaiserslautern,D1,2010,07/05/11,A,1,2,1.0,2.0,A,21.0,3.0,3.0,2.0,10.0,3.0,18.0,22.0,0.0,1.0,0.0,0.0
Bayern Munich,Stuttgart,D1,2010,14/05/11,H,2,1,1.0,1.0,D,10.0,10.0,5.0,5.0,6.0,4.0,17.0,21.0,2.0,2.0,0.0,0.0
Dortmund,Ein Frankfurt,D1,2010,14/05/11,H,3,1,0.0,0.0,D,18.0,9.0,11.0,3.0,7.0,4.0,9.0,10.0,1.0,2.0,0.0,1.0
FC Koln,Schalke 04,D1,2010,14/05/11,H,2,1,1.0,0.0,H,10.0,17.0,6.0,5.0,4.0,10.0,21.0,23.0,2.0,1.0,0.0,0.0
Freiburg,Leverkusen,D1,2010,14/05/11,A,0,1,0.0,1.0,A,8.0,13.0,2.0,6.0,1.0,9.0,8.0,20.0,0.0,1.0,0.0,0.0
Hamburg,M'gladbach,D1,2010,14/05/11,D,1,1,0.0,1.0,A,16.0,9.0,4.0,3.0,7.0,5.0,8.0,10.0,1.0,2.0,0.0,0.0
Hannover,Nurnberg,D1,2010,14/05/11,H,3,1,1.0,1.0,D,20.0,9.0,5.0,2.0,5.0,4.0,22.0,23.0,2.0,2.0,0.0,0.0
Hoffenheim,Wolfsburg,D1,2010,14/05/11,A,1,3,0.0,0.0,D,17.0,20.0,4.0,6.0,7.0,7.0,11.0,17.0,0.0,1.0,0.0,0.0
Kaiserslautern,Werder Bremen,D1,2010,14/05/11,H,3,2,3.0,1.0,H,12.0,17.0,4.0,7.0,4.0,8.0,14.0,10.0,0.0,2.0,0.0,0.0
Mainz,St Pauli,D1,2010,14/05/11,H,2,1,0.0,1.0,A,19.0,14.0,7.0,4.0,7.0,3.0,11.0,13.0,0.0,2.0,0.0,0.0
Dortmund,Hamburg,D1,2011,05/08/11,H,3,1,2.0,0.0,H,16.0,8.0,5.0,3.0,7.0,7.0,12.0,18.0,1.0,3.0,0.0,0.0
Augsburg,Freiburg,D1,2011,06/08/11,D,2,2,0.0,0.0,D,11.0,9.0,7.0,4.0,5.0,4.0,17.0,25.0,2.0,4.0,0.0,0.0
FC Koln,Wolfsburg,D1,2011,06/08/11,A,0,3,0.0,1.0,A,7.0,17.0,1.0,8.0,7.0,5.0,15.0,22.0,0.0,5.0,1.0,0.0
Hannover,Hoffenheim,D1,2011,06/08/11,H,2,1,2.0,1.0,H,7.0,12.0,4.0,5.0,4.0,5.0,14.0,20.0,2.0,2.0,0.0,0.0
Hertha,Nurnberg,D1,2011,06/08/11,A,0,1,0.0,0.0,D,4.0,13.0,0.0,7.0,2.0,3.0,25.0,27.0,2.0,3.0,0.0,0.0
Stuttgart,Schalke 04,D1,2011,06/08/11,H,3,0,1.0,0.0,H,12.0,15.0,6.0,9.0,2.0,6.0,13.0,19.0,1.0,1.0,0.0,0.0
Werder Bremen,Kaiserslautern,D1,2011,06/08/11,H,2,0,0.0,0.0,D,19.0,9.0,5.0,3.0,6.0,5.0,14.0,27.0,1.0,2.0,0.0,0.0
Bayern Munich,M'gladbach,D1,2011,07/08/11,A,0,1,0.0,0.0,D,19.0,7.0,7.0,3.0,12.0,2.0,11.0,11.0,0.0,1.0,0.0,0.0
Mainz,Leverkusen,D1,2011,07/08/11,H,2,0,1.0,0.0,H,22.0,9.0,8.0,2.0,7.0,3.0,20.0,19.0,3.0,1.0,0.0,0.0
Freiburg,Mainz,D1,2011,13/08/11,A,1,2,0.0,0.0,D,18.0,9.0,7.0,4.0,4.0,6.0,11.0,18.0,0.0,2.0,0.0,0.0
Hamburg,Hertha,D1,2011,13/08/11,D,2,2,1.0,1.0,D,9.0,24.0,4.0,6.0,5.0,6.0,13.0,10.0,3.0,3.0,0.0,0.0
Hoffenheim,Dortmund,D1,2011,13/08/11,H,1,0,1.0,0.0,H,13.0,15.0,3.0,4.0,5.0,6.0,13.0,11.0,4.0,1.0,0.0,0.0
M'gladbach,Stuttgart,D1,2011,13/08/11,D,1,1,0.0,0.0,D,10.0,15.0,3.0,7.0,2.0,5.0,9.0,9.0,2.0,2.0,1.0,0.0
Nurnberg,Hannover,D1,2011,13/08/11,A,1,2,0.0,2.0,A,13.0,4.0,5.0,3.0,8.0,6.0,16.0,19.0,2.0,3.0,0.0,0.0
Schalke 04,FC Koln,D1,2011,13/08/11,H,5,1,1.0,1.0,D,18.0,6.0,5.0,2.0,7.0,2.0,17.0,16.0,0.0,3.0,0.0,0.0
Wolfsburg,Bayern Munich,D1,2011,13/08/11,A,0,1,0.0,0.0,D,7.0,11.0,1.0,3.0,9.0,8.0,14.0,15.0,0.0,3.0,0.0,0.0
Kaiserslautern,Augsburg,D1,2011,14/08/11,D,1,1,0.0,1.0,A,17.0,13.0,7.0,4.0,8.0,1.0,21.0,11.0,4.0,1.0,0.0,0.0
Leverkusen,Werder Bremen,D1,2011,14/08/11,H,1,0,0.0,0.0,D,16.0,9.0,6.0,1.0,7.0,1.0,18.0,18.0,1.0,2.0,0.0,0.0
M'gladbach,Wolfsburg,D1,2011,19/08/11,H,4,1,3.0,1.0,H,21.0,7.0,9.0,3.0,8.0,6.0,13.0,18.0,1.0,2.0,0.0,0.0
Augsburg,Hoffenheim,D1,2011,20/08/11,A,0,2,0.0,1.0,A,12.0,17.0,4.0,5.0,4.0,2.0,18.0,18.0,1.0,1.0,0.0,0.0
Bayern Munich,Hamburg,D1,2011,20/08/11,H,5,0,3.0,0.0,H,24.0,4.0,13.0,1.0,5.0,3.0,12.0,16.0,2.0,4.0,0.0,0.0
Dortmund,Nurnberg,D1,2011,20/08/11,H,2,0,0.0,0.0,D,12.0,10.0,5.0,3.0,5.0,5.0,13.0,13.0,0.0,2.0,0.0,0.0
FC Koln,Kaiserslautern,D1,2011,20/08/11,D,1,1,1.0,1.0,D,10.0,8.0,5.0,3.0,7.0,5.0,16.0,22.0,3.0,4.0,0.0,0.0
Stuttgart,Leverkusen,D1,2011,20/08/11,A,0,1,0.0,1.0,A,11.0,11.0,0.0,3.0,5.0,4.0,18.0,16.0,1.0,0.0,1.0,0.0
Werder Bremen,Freiburg,D1,2011,20/08/11,H,5,3,2.0,1.0,H,26.0,11.0,8.0,7.0,12.0,1.0,17.0,29.0,1.0,4.0,0.0,0.0
Hannover,Hertha,D1,2011,21/08/11,D,1,1,1.0,0.0,H,14.0,10.0,6.0,4.0,3.0,6.0,20.0,20.0,1.0,6.0,0.0,0.0
Mainz,Schalke 04,D1,2011,21/08/11,A,2,4,2.0,0.0,H,15.0,12.0,5.0,6.0,6.0,5.0,15.0,15.0,0.0,2.0,0.0,0.0
Hertha,Stuttgart,D1,2011,26/08/11,H,1,0,0.0,0.0,D,16.0,22.0,5.0,5.0,4.0,3.0,10.0,13.0,0.0,1.0,0.0,0.0
Freiburg,Wolfsburg,D1,2011,27/08/11,H,3,0,2.0,0.0,H,15.0,14.0,4.0,4.0,4.0,6.0,12.0,21.0,0.0,2.0,0.0,0.0
Hamburg,FC Koln,D1,2011,27/08/11,A,3,4,1.0,1.0,D,15.0,7.0,6.0,5.0,5.0,4.0,18.0,21.0,1.0,3.0,0.0,0.0
Hoffenheim,Werder Bremen,D1,2011,27/08/11,A,1,2,1.0,1.0,D,15.0,9.0,4.0,4.0,3.0,6.0,16.0,12.0,0.0,1.0,0.0,0.0
Kaiserslautern,Bayern Munich,D1,2011,27/08/11,A,0,3,0.0,1.0,A,4.0,17.0,1.0,12.0,1.0,2.0,14.0,17.0,3.0,1.0,1.0,0.0
Leverkusen,Dortmund,D1,2011,27/08/11,D,0,0,0.0,0.0,D,16.0,13.0,6.0,4.0,5.0,3.0,11.0,13.0,2.0,1.0,1.0,1.0
Nurnberg,Augsburg,D1,2011,27/08/11,H,1,0,0.0,0.0,D,15.0,12.0,6.0,2.0,4.0,3.0,12.0,17.0,4.0,2.0,0.0,0.0
Hannover,Mainz,D1,2011,28/08/11,D,1,1,1.0,1.0,D,19.0,9.0,8.0,2.0,8.0,9.0,15.0,24.0,2.0,0.0,0.0,0.0
Schalke 04,M'gladbach,D1,2011,28/08/11,H,1,0,0.0,0.0,D,22.0,12.0,9.0,5.0,8.0,6.0,11.0,13.0,2.0,3.0,0.0,0.0
Augsburg,Leverkusen,D1,2011,09/09/11,A,1,4,1.0,2.0,A,17.0,17.0,4.0,9.0,4.0,2.0,14.0,9.0,1.0,3.0,0.0,0.0
Bayern Munich,Freiburg,D1,2011,10/09/11,H,7,0,3.0,0.0,H,25.0,3.0,12.0,1.0,12.0,0.0,8.0,8.0,0.0,0.0,0.0,0.0
Dortmund,Hertha,D1,2011,10/09/11,A,1,2,0.0,0.0,D,25.0,11.0,6.0,6.0,4.0,1.0,13.0,7.0,1.0,3.0,0.0,0.0
Mainz,Hoffenheim,D1,2011,10/09/11,A,0,4,0.0,2.0,A,13.0,9.0,2.0,5.0,7.0,4.0,18.0,24.0,0.0,0.0,0.0,0.0
M'gladbach,Kaiserslautern,D1,2011,10/09/11,H,1,0,0.0,0.0,D,19.0,5.0,4.0,2.0,4.0,3.0,21.0,19.0,2.0,4.0,0.0,0.0
Stuttgart,Hannover,D1,2011,10/09/11,H,3,0,1.0,0.0,H,17.0,9.0,7.0,5.0,9.0,4.0,8.0,13.0,0.0,1.0,0.0,0.0
Werder Bremen,Hamburg,D1,2011,10/09/11,H,2,0,0.0,0.0,D,22.0,8.0,5.0,3.0,11.0,6.0,13.0,15.0,3.0,5.0,0.0,0.0
FC Koln,Nurnberg,D1,2011,11/09/11,A,1,2,1.0,2.0,A,10.0,13.0,2.0,5.0,2.0,5.0,24.0,18.0,3.0,1.0,1.0,1.0
Wolfsburg,Schalke 04,D1,2011,11/09/11,H,2,1,1.0,1.0,D,12.0,6.0,6.0,2.0,9.0,3.0,17.0,19.0,1.0,3.0,0.0,0.0
Freiburg,Stuttgart,D1,2011,16/09/11,A,1,2,0.0,1.0,A,18.0,12.0,3.0,5.0,6.0,5.0,20.0,21.0,3.0,4.0,0.0,0.0
Hamburg,M'gladbach,D1,2011,17/09/11,A,0,1,0.0,0.0,D,5.0,12.0,2.0,4.0,2.0,8.0,22.0,15.0,2.0,3.0,0.0,0.0
Hertha,Augsburg,D1,2011,17/09/11,D,2,2,0.0,1.0,A,17.0,7.0,5.0,3.0,3.0,2.0,13.0,20.0,2.0,4.0,0.0,1.0
Hoffenheim,Wolfsburg,D1,2011,17/09/11,H,3,1,2.0,0.0,H,14.0,10.0,8.0,6.0,4.0,6.0,15.0,15.0,3.0,1.0,0.0,1.0
Kaiserslautern,Mainz,D1,2011,17/09/11,H,3,1,1.0,1.0,D,15.0,11.0,7.0,1.0,6.0,3.0,13.0,20.0,0.0,2.0,0.0,0.0
Leverkusen,FC Koln,D1,2011,17/09/11,A,1,4,0.0,1.0,A,15.0,8.0,7.0,4.0,5.0,0.0,15.0,13.0,1.0,4.0,1.0,0.0
Nurnberg,Werder Bremen,D1,2011,17/09/11,D,1,1,0.0,1.0,A,21.0,2.0,4.0,1.0,13.0,0.0,17.0,11.0,1.0,1.0,0.0,1.0
Hannover,Dortmund,D1,2011,18/09/11,H,2,1,0.0,0.0,D,14.0,13.0,5.0,7.0,7.0,3.0,13.0,8.0,1.0,0.0,1.0,0.0
Schalke 04,Bayern Munich,D1,2011,18/09/11,A,0,2,0.0,1.0,A,7.0,19.0,1.0,6.0,2.0,5.0,16.0,18.0,1.0,1.0,0.0,0.0
Stuttgart,Hamburg,D1,2011,23/09/11,A,1,2,1.0,0.0,H,17.0,16.0,5.0,8.0,3.0,7.0,20.0,16.0,1.0,1.0,0.0,0.0
Augsburg,Hannover,D1,2011,24/09/11,D,0,0,0.0,0.0,D,13.0,11.0,3.0,4.0,2.0,2.0,21.0,17.0,1.0,2.0,0.0,0.0
Bayern Munich,Leverkusen,D1,2011,24/09/11,H,3,0,2.0,0.0,H,12.0,4.0,4.0,3.0,4.0,1.0,10.0,13.0,1.0,4.0,0.0,0.0
Mainz,Dortmund,D1,2011,24/09/11,A,1,2,1.0,0.0,H,9.0,20.0,3.0,9.0,3.0,10.0,12.0,9.0,1.0,0.0,0.0,0.0
M'gladbach,Nurnberg,D1,2011,24/09/11,H,1,0,0.0,0.0,D,21.0,7.0,9.0,1.0,9.0,4.0,13.0,18.0,1.0,1.0,0.0,0.0
Schalke 04,Freiburg,D1,2011,24/09/11,H,4,2,1.0,1.0,D,16.0,14.0,7.0,10.0,7.0,1.0,19.0,17.0,1.0,1.0,0.0,0.0
Wolfsburg,Kaiserslautern,D1,2011,24/09/11,H,1,0,0.0,0.0,D,6.0,11.0,3.0,2.0,4.0,5.0,13.0,19.0,1.0,2.0,1.0,0.0
FC Koln,Hoffenheim,D1,2011,25/09/11,H,2,0,1.0,0.0,H,9.0,16.0,4.0,2.0,4.0,6.0,12.0,18.0,1.0,2.0,0.0,0.0
Werder Bremen,Hertha,D1,2011,25/09/11,H,2,1,1.0,1.0,D,23.0,8.0,6.0,3.0,8.0,3.0,22.0,17.0,2.0,4.0,0.0,2.0
Kaiserslautern,Stuttgart,D1,2011,30/09/11,A,0,2,0.0,0.0,D,22.0,11.0,3.0,5.0,9.0,4.0,16.0,16.0,2.0,1.0,0.0,0.0
Dortmund,Augsburg,D1,2011,01/10/11,H,4,0,2.0,0.0,H,19.0,8.0,9.0,3.0,3.0,3.0,12.0,14.0,2.0,2.0,0.0,0.0
Freiburg,M'gladbach,D1,2011,01/10/11,H,1,0,1.0,0.0,H,8.0,19.0,3.0,6.0,5.0,7.0,23.0,17.0,2.0,2.0,0.0,0.0
Hertha,FC Koln,D1,2011,01/10/11,H,3,0,3.0,0.0,H,10.0,4.0,3.0,2.0,3.0,5.0,15.0,19.0,2.0,2.0,0.0,0.0
Hoffenheim,Bayern Munich,D1,2011,01/10/11,D,0,0,0.0,0.0,D,17.0,5.0,5.0,2.0,6.0,2.0,19.0,26.0,1.0,4.0,0.0,0.0
Leverkusen,Wolfsburg,D1,2011,01/10/11,H,3,1,1.0,0.0,H,20.0,7.0,9.0,1.0,6.0,4.0,17.0,20.0,1.0,2.0,0.0,0.0
Nurnberg,Mainz,D1,2011,01/10/11,D,3,3,2.0,2.0,D,9.0,16.0,5.0,7.0,2.0,4.0,14.0,19.0,2.0,0.0,0.0,0.0
Hamburg,Schalke 04,D1,2011,02/10/11,A,1,2,1.0,1.0,D,17.0,9.0,6.0,4.0,5.0,5.0,18.0,16.0,3.0,1.0,0.0,0.0
Hannover,Werder Bremen,D1,2011,02/10/11,H,3,2,2.0,1.0,H,13.0,17.0,5.0,3.0,3.0,1.0,22.0,12.0,5.0,3.0,0.0,1.0
Werder Bremen,Dortmund,D1,2011,14/10/11,A,0,2,0.0,1.0,A,24.0,9.0,5.0,5.0,11.0,3.0,16.0,19.0,1.0,1.0,0.0,1.0
Bayern Munich,Hertha,D1,2011,15/10/11,H,4,0,3.0,0.0,H,19.0,3.0,8.0,0.0,3.0,2.0,8.0,13.0,0.0,1.0,0.0,0.0
Mainz,Augsburg,D1,2011,15/10/11,A,0,1,0.0,0.0,D,18.0,10.0,5.0,6.0,9.0,4.0,19.0,18.0,3.0,2.0,0.0,0.0
M'gladbach,Leverkusen,D1,2011,15/10/11,D,2,2,0.0,1.0,A,23.0,7.0,8.0,4.0,4.0,3.0,6.0,20.0,2.0,4.0,0.0,1.0
Schalke 04,Kaiserslautern,D1,2011,15/10/11,A,1,2,0.0,1.0,A,14.0,14.0,4.0,6.0,4.0,5.0,14.0,21.0,3.0,3.0,1.0,1.0
Stuttgart,Hoffenheim,D1,2011,15/10/11,H,2,0,0.0,0.0,D,14.0,15.0,7.0,5.0,3.0,3.0,22.0,26.0,3.0,1.0,0.0,0.0
Wolfsburg,Nurnberg,D1,2011,15/10/11,H,2,1,1.0,0.0,H,12.0,12.0,5.0,6.0,1.0,3.0,20.0,24.0,2.0,2.0,0.0,0.0
FC Koln,Hannover,D1,2011,16/10/11,H,2,0,1.0,0.0,H,10.0,12.0,3.0,6.0,1.0,5.0,22.0,17.0,3.0,4.0,0.0,0.0
Freiburg,Hamburg,D1,2011,16/10/11,A,1,2,0.0,1.0,A,18.0,11.0,6.0,4.0,7.0,2.0,16.0,22.0,1.0,3.0,0.0,0.0
Augsburg,Werder Bremen,D1,2011,21/10/11,D,1,1,0.0,0.0,D,10.0,22.0,3.0,7.0,4.0,7.0,16.0,11.0,3.0,2.0,0.0,0.0
Dortmund,FC Koln,D1,2011,22/10/11,H,5,0,3.0,0.0,H,24.0,2.0,9.0,1.0,2.0,3.0,13.0,10.0,2.0,2.0,0.0,0.0
Hamburg,Wolfsburg,D1,2011,22/10/11,D,1,1,0.0,1.0,A,19.0,8.0,7.0,4.0,8.0,4.0,23.0,24.0,2.0,1.0,0.0,0.0
Hertha,Mainz,D1,2011,22/10/11,D,0,0,0.0,0.0,D,8.0,13.0,1.0,3.0,3.0,3.0,10.0,21.0,1.0,3.0,0.0,0.0
Hoffenheim,M'gladbach,D1,2011,22/10/11,H,1,0,0.0,0.0,D,14.0,7.0,5.0,1.0,8.0,2.0,18.0,15.0,1.0,3.0,0.0,0.0
Kaiserslautern,Freiburg,D1,2011,22/10/11,H,1,0,0.0,0.0,D,12.0,9.0,5.0,3.0,6.0,4.0,18.0,15.0,0.0,4.0,0.0,0.0
Nurnberg,Stuttgart,D1,2011,22/10/11,D,2,2,1.0,0.0,H,17.0,13.0,7.0,2.0,4.0,4.0,14.0,14.0,1.0,2.0,0.0,0.0
Hannover,Bayern Munich,D1,2011,23/10/11,H,2,1,1.0,0.0,H,12.0,19.0,3.0,8.0,2.0,5.0,19.0,13.0,4.0,1.0,1.0,1.0
Leverkusen,Schalke 04,D1,2011,23/10/11,A,0,1,0.0,0.0,D,13.0,18.0,4.0,6.0,3.0,3.0,14.0,21.0,1.0,3.0,0.0,0.0
Freiburg,Leverkusen,D1,2011,28/10/11,A,0,1,0.0,1.0,A,21.0,11.0,8.0,3.0,6.0,2.0,21.0,13.0,1.0,0.0,0.0,0.0
Bayern Munich,Nurnberg,D1,2011,29/10/11,H,4,0,3.0,0.0,H,13.0,4.0,5.0,2.0,7.0,3.0,14.0,14.0,1.0,2.0,0.0,0.0
Mainz,Werder Bremen,D1,2011,29/10/11,A,1,3,1.0,1.0,D,16.0,13.0,6.0,5.0,10.0,0.0,23.0,20.0,2.0,4.0,0.0,0.0
M'gladbach,Hannover,D1,2011,29/10/11,H,2,1,1.0,1.0,D,18.0,14.0,8.0,2.0,5.0,5.0,14.0,16.0,0.0,3.0,0.0,0.0
Schalke 04,Hoffenheim,D1,2011,29/10/11,H,3,1,1.0,0.0,H,16.0,11.0,10.0,2.0,5.0,4.0,20.0,20.0,1.0,2.0,0.0,0.0
Stuttgart,Dortmund,D1,2011,29/10/11,D,1,1,1.0,1.0,D,12.0,15.0,6.0,6.0,6.0,7.0,18.0,13.0,3.0,2.0,0.0,0.0
Wolfsburg,Hertha,D1,2011,29/10/11,A,2,3,1.0,2.0,A,17.0,12.0,5.0,7.0,6.0,7.0,24.0,13.0,3.0,2.0,0.0,0.0
FC Koln,Augsburg,D1,2011,30/10/11,H,3,0,2.0,0.0,H,5.0,15.0,3.0,5.0,1.0,2.0,17.0,13.0,1.0,2.0,0.0,1.0
Hamburg,Kaiserslautern,D1,2011,30/10/11,D,1,1,0.0,1.0,A,16.0,11.0,5.0,5.0,4.0,3.0,18.0,23.0,2.0,2.0,1.0,0.0
Mainz,Stuttgart,D1,2011,04/11/11,H,3,1,0.0,0.0,D,15.0,18.0,9.0,7.0,4.0,6.0,18.0,16.0,2.0,3.0,1.0,1.0
Dortmund,Wolfsburg,D1,2011,05/11/11,H,5,1,2.0,0.0,H,21.0,6.0,11.0,3.0,8.0,6.0,12.0,18.0,1.0,4.0,0.0,0.0
Hertha,M'gladbach,D1,2011,05/11/11,A,1,2,1.0,1.0,D,11.0,12.0,3.0,5.0,5.0,4.0,18.0,14.0,0.0,2.0,0.0,0.0
Hoffenheim,Kaiserslautern,D1,2011,05/11/11,D,1,1,1.0,0.0,H,11.0,19.0,3.0,3.0,4.0,3.0,23.0,21.0,5.0,1.0,0.0,0.0
Leverkusen,Hamburg,D1,2011,05/11/11,D,2,2,2.0,1.0,H,15.0,14.0,5.0,3.0,5.0,4.0,18.0,17.0,2.0,1.0,0.0,0.0
Nurnberg,Freiburg,D1,2011,05/11/11,A,1,2,1.0,1.0,D,12.0,10.0,4.0,3.0,5.0,2.0,14.0,20.0,4.0,1.0,0.0,0.0
Werder Bremen,FC Koln,D1,2011,05/11/11,H,3,2,0.0,2.0,A,29.0,5.0,7.0,4.0,10.0,4.0,13.0,14.0,3.0,3.0,0.0,1.0
Augsburg,Bayern Munich,D1,2011,06/11/11,A,1,2,0.0,2.0,A,10.0,14.0,2.0,5.0,1.0,3.0,17.0,15.0,1.0,2.0,0.0,1.0
Hannover,Schalke 04,D1,2011,06/11/11,D,2,2,1.0,1.0,D,16.0,13.0,2.0,7.0,2.0,5.0,14.0,17.0,2.0,4.0,0.0,0.0
Kaiserslautern,Leverkusen,D1,2011,18/11/11,A,0,2,0.0,0.0,D,13.0,14.0,3.0,8.0,8.0,2.0,12.0,16.0,1.0,1.0,0.0,0.0
Bayern Munich,Dortmund,D1,2011,19/11/11,A,0,1,0.0,0.0,D,16.0,8.0,3.0,2.0,3.0,3.0,15.0,25.0,2.0,1.0,0.0,0.0
Freiburg,Hertha,D1,2011,19/11/11,D,2,2,0.0,2.0,A,13.0,14.0,6.0,7.0,6.0,4.0,19.0,19.0,2.0,5.0,0.0,0.0
M'gladbach,Werder Bremen,D1,2011,19/11/11,H,5,0,3.0,0.0,H,16.0,10.0,9.0,2.0,6.0,4.0,11.0,10.0,0.0,0.0,0.0,1.0
Schalke 04,Nurnberg,D1,2011,19/11/11,H,4,0,2.0,0.0,H,11.0,14.0,7.0,4.0,4.0,8.0,13.0,16.0,2.0,3.0,0.0,0.0
Wolfsburg,Hannover,D1,2011,19/11/11,H,4,1,2.0,1.0,H,14.0,7.0,8.0,2.0,9.0,8.0,18.0,12.0,1.0,2.0,0.0,1.0
Hamburg,Hoffenheim,D1,2011,20/11/11,H,2,0,1.0,0.0,H,18.0,19.0,7.0,8.0,6.0,3.0,17.0,15.0,0.0,3.0,0.0,0.0
Stuttgart,Augsburg,D1,2011,20/11/11,H,2,1,1.0,0.0,H,11.0,15.0,5.0,6.0,5.0,4.0,24.0,18.0,2.0,3.0,0.0,0.0
FC Koln,M'gladbach,D1,2011,25/11/11,A,0,3,0.0,2.0,A,5.0,15.0,2.0,7.0,6.0,2.0,14.0,10.0,1.0,1.0,0.0,0.0
Augsburg,Wolfsburg,D1,2011,26/11/11,H,2,0,0.0,0.0,D,14.0,7.0,5.0,0.0,7.0,4.0,16.0,27.0,3.0,3.0,0.0,0.0
Dortmund,Schalke 04,D1,2011,26/11/11,H,2,0,1.0,0.0,H,16.0,3.0,8.0,1.0,3.0,2.0,24.0,24.0,1.0,4.0,0.0,0.0
Hannover,Hamburg,D1,2011,26/11/11,D,1,1,0.0,0.0,D,11.0,18.0,9.0,7.0,4.0,8.0,14.0,21.0,2.0,2.0,0.0,0.0
Hertha,Leverkusen,D1,2011,26/11/11,D,3,3,2.0,1.0,H,10.0,18.0,6.0,8.0,1.0,5.0,18.0,14.0,1.0,2.0,0.0,0.0
Hoffenheim,Freiburg,D1,2011,26/11/11,D,1,1,1.0,0.0,H,15.0,14.0,3.0,7.0,4.0,1.0,19.0,18.0,2.0,3.0,0.0,0.0
Nurnberg,Kaiserslautern,D1,2011,26/11/11,H,1,0,1.0,0.0,H,13.0,6.0,6.0,1.0,6.0,1.0,21.0,25.0,4.0,1.0,0.0,0.0
Mainz,Bayern Munich,D1,2011,27/11/11,H,3,2,1.0,0.0,H,17.0,13.0,7.0,8.0,3.0,2.0,18.0,20.0,3.0,2.0,0.0,0.0
Werder Bremen,Stuttgart,D1,2011,27/11/11,H,2,0,0.0,0.0,D,14.0,14.0,6.0,5.0,4.0,5.0,19.0,21.0,1.0,4.0,0.0,0.0
Leverkusen,Hoffenheim,D1,2011,02/12/11,H,2,0,1.0,0.0,H,12.0,6.0,5.0,1.0,4.0,7.0,12.0,28.0,2.0,2.0,0.0,0.0
Bayern Munich,Werder Bremen,D1,2011,03/12/11,H,4,1,1.0,0.0,H,14.0,7.0,4.0,4.0,8.0,4.0,23.0,21.0,1.0,2.0,0.0,1.0
Freiburg,Hannover,D1,2011,03/12/11,D,1,1,0.0,1.0,A,15.0,12.0,5.0,4.0,5.0,4.0,12.0,20.0,1.0,2.0,0.0,0.0
Kaiserslautern,Hertha,D1,2011,03/12/11,D,1,1,1.0,1.0,D,21.0,6.0,4.0,3.0,5.0,0.0,18.0,16.0,3.0,1.0,0.0,0.0
M'gladbach,Dortmund,D1,2011,03/12/11,D,1,1,0.0,1.0,A,13.0,11.0,3.0,4.0,3.0,10.0,9.0,18.0,0.0,2.0,0.0,0.0
Stuttgart,FC Koln,D1,2011,03/12/11,D,2,2,2.0,1.0,H,18.0,10.0,8.0,4.0,8.0,2.0,12.0,20.0,3.0,4.0,0.0,0.0
Wolfsburg,Mainz,D1,2011,03/12/11,D,2,2,2.0,0.0,H,6.0,11.0,4.0,2.0,6.0,3.0,15.0,18.0,2.0,1.0,1.0,0.0
Hamburg,Nurnberg,D1,2011,04/12/11,H,2,0,1.0,0.0,H,7.0,16.0,3.0,3.0,0.0,3.0,17.0,17.0,3.0,1.0,0.0,0.0
Schalke 04,Augsburg,D1,2011,04/12/11,H,3,1,1.0,0.0,H,19.0,11.0,11.0,2.0,8.0,2.0,11.0,13.0,1.0,2.0,0.0,0.0
Hertha,Schalke 04,D1,2011,09/12/11,A,1,2,1.0,2.0,A,15.0,11.0,4.0,4.0,11.0,3.0,13.0,16.0,0.0,1.0,0.0,0.0
Augsburg,M'gladbach,D1,2011,10/12/11,H,1,0,0.0,0.0,D,11.0,13.0,5.0,5.0,5.0,4.0,22.0,22.0,3.0,2.0,0.0,0.0
FC Koln,Freiburg,D1,2011,10/12/11,H,4,0,1.0,0.0,H,14.0,11.0,6.0,5.0,4.0,2.0,9.0,12.0,1.0,2.0,0.0,0.0
Hannover,Leverkusen,D1,2011,10/12/11,D,0,0,0.0,0.0,D,17.0,12.0,4.0,4.0,9.0,3.0,22.0,18.0,0.0,2.0,0.0,0.0
Mainz,Hamburg,D1,2011,10/12/11,D,0,0,0.0,0.0,D,12.0,8.0,5.0,5.0,4.0,5.0,16.0,11.0,1.0,0.0,0.0,0.0
Nurnberg,Hoffenheim,D1,2011,10/12/11,A,0,2,0.0,1.0,A,8.0,15.0,3.0,6.0,4.0,10.0,19.0,14.0,3.0,3.0,1.0,1.0
Werder Bremen,Wolfsburg,D1,2011,10/12/11,H,4,1,2.0,0.0,H,20.0,17.0,11.0,6.0,2.0,7.0,17.0,19.0,1.0,3.0,0.0,0.0
Dortmund,Kaiserslautern,D1,2011,11/12/11,D,1,1,1.0,0.0,H,23.0,12.0,5.0,3.0,9.0,4.0,12.0,25.0,1.0,2.0,0.0,0.0
Stuttgart,Bayern Munich,D1,2011,11/12/11,A,1,2,1.0,1.0,D,6.0,18.0,2.0,5.0,3.0,6.0,16.0,10.0,3.0,4.0,1.0,0.0
FC Koln,Mainz,D1,2011,13/12/11,D,1,1,0.0,0.0,D,12.0,12.0,3.0,2.0,4.0,7.0,11.0,27.0,2.0,4.0,0.0,0.0
Bayern Munich,FC Koln,D1,2011,16/12/11,H,3,0,0.0,0.0,D,17.0,4.0,5.0,1.0,10.0,3.0,15.0,17.0,0.0,4.0,1.0,0.0
Freiburg,Dortmund,D1,2011,17/12/11,A,1,4,1.0,2.0,A,14.0,11.0,3.0,5.0,3.0,3.0,14.0,11.0,1.0,1.0,0.0,0.0
Hamburg,Augsburg,D1,2011,17/12/11,D,1,1,0.0,0.0,D,23.0,11.0,12.0,6.0,8.0,0.0,11.0,18.0,1.0,0.0,0.0,0.0
Hoffenheim,Hertha,D1,2011,17/12/11,D,1,1,1.0,0.0,H,16.0,9.0,5.0,1.0,5.0,4.0,19.0,9.0,4.0,1.0,1.0,1.0
Leverkusen,Nurnberg,D1,2011,17/12/11,A,0,3,0.0,2.0,A,13.0,11.0,6.0,4.0,6.0,3.0,17.0,16.0,0.0,1.0,0.0,0.0
Schalke 04,Werder Bremen,D1,2011,17/12/11,H,5,0,2.0,0.0,H,15.0,10.0,8.0,1.0,4.0,4.0,13.0,10.0,2.0,2.0,0.0,0.0
Wolfsburg,Stuttgart,D1,2011,17/12/11,H,1,0,0.0,0.0,D,19.0,12.0,7.0,5.0,6.0,7.0,26.0,16.0,3.0,2.0,0.0,0.0
Kaiserslautern,Hannover,D1,2011,18/12/11,D,1,1,0.0,1.0,A,19.0,8.0,7.0,1.0,6.0,0.0,13.0,11.0,1.0,2.0,1.0,0.0
M'gladbach,Mainz,D1,2011,18/12/11,H,1,0,1.0,0.0,H,6.0,12.0,3.0,5.0,5.0,4.0,16.0,20.0,3.0,3.0,0.0,0.0
M'gladbach,Bayern Munich,D1,2011,20/01/12,H,3,1,2.0,0.0,H,9.0,17.0,5.0,7.0,4.0,8.0,11.0,13.0,1.0,0.0,0.0,0.0
Freiburg,Augsburg,D1,2011,21/01/12,H,1,0,0.0,0.0,D,15.0,4.0,6.0,1.0,5.0,2.0,13.0,25.0,1.0,3.0,0.0,0.0
Hoffenheim,Hannover,D1,2011,21/01/12,D,0,0,0.0,0.0,D,10.0,9.0,3.0,1.0,0.0,4.0,14.0,22.0,1.0,1.0,0.0,0.0
Kaiserslautern,Werder Bremen,D1,2011,21/01/12,D,0,0,0.0,0.0,D,19.0,14.0,5.0,6.0,4.0,2.0,22.0,16.0,2.0,3.0,0.0,0.0
Nurnberg,Hertha,D1,2011,21/01/12,H,2,0,1.0,0.0,H,10.0,12.0,5.0,2.0,4.0,5.0,16.0,18.0,1.0,2.0,0.0,0.0
Schalke 04,Stuttgart,D1,2011,21/01/12,H,3,1,1.0,0.0,H,14.0,13.0,7.0,6.0,8.0,6.0,9.0,10.0,1.0,1.0,0.0,0.0
Wolfsburg,FC Koln,D1,2011,21/01/12,H,1,0,0.0,0.0,D,18.0,10.0,6.0,2.0,15.0,1.0,14.0,11.0,1.0,2.0,0.0,0.0
Hamburg,Dortmund,D1,2011,22/01/12,A,1,5,0.0,2.0,A,9.0,22.0,3.0,9.0,8.0,5.0,19.0,9.0,1.0,0.0,0.0,0.0
Leverkusen,Mainz,D1,2011,22/01/12,H,3,2,2.0,0.0,H,9.0,17.0,2.0,6.0,5.0,6.0,16.0,14.0,1.0,0.0,0.0,0.0
Hannover,Nurnberg,D1,2011,27/01/12,H,1,0,1.0,0.0,H,13.0,10.0,3.0,1.0,8.0,1.0,21.0,17.0,3.0,2.0,0.0,0.0
Augsburg,Kaiserslautern,D1,2011,28/01/12,D,2,2,1.0,1.0,D,15.0,15.0,5.0,8.0,3.0,4.0,13.0,17.0,2.0,4.0,0.0,0.0
Bayern Munich,Wolfsburg,D1,2011,28/01/12,H,2,0,0.0,0.0,D,9.0,8.0,7.0,0.0,4.0,4.0,15.0,20.0,1.0,2.0,0.0,0.0
Dortmund,Hoffenheim,D1,2011,28/01/12,H,3,1,2.0,0.0,H,18.0,8.0,9.0,5.0,6.0,2.0,13.0,23.0,1.0,4.0,0.0,0.0
FC Koln,Schalke 04,D1,2011,28/01/12,A,1,4,1.0,0.0,H,8.0,14.0,3.0,5.0,4.0,1.0,12.0,22.0,1.0,2.0,1.0,0.0
Hertha,Hamburg,D1,2011,28/01/12,A,1,2,0.0,2.0,A,18.0,13.0,3.0,5.0,6.0,7.0,19.0,30.0,3.0,1.0,0.0,0.0
Werder Bremen,Leverkusen,D1,2011,28/01/12,D,1,1,1.0,0.0,H,16.0,13.0,4.0,7.0,4.0,6.0,18.0,16.0,3.0,2.0,0.0,0.0
Mainz,Freiburg,D1,2011,29/01/12,H,3,1,3.0,0.0,H,18.0,5.0,10.0,1.0,4.0,3.0,18.0,19.0,2.0,2.0,0.0,1.0
Stuttgart,M'gladbach,D1,2011,29/01/12,A,0,3,0.0,1.0,A,14.0,18.0,5.0,8.0,6.0,1.0,11.0,14.0,0.0,1.0,0.0,0.0
Nurnberg,Dortmund,D1,2011,03/02/12,A,0,2,0.0,0.0,D,12.0,11.0,3.0,6.0,7.0,1.0,19.0,19.0,1.0,0.0,0.0,0.0
Hamburg,Bayern Munich,D1,2011,04/02/12,D,1,1,1.0,0.0,H,13.0,22.0,1.0,8.0,5.0,10.0,18.0,16.0,2.0,2.0,0.0,0.0
Hertha,Hannover,D1,2011,04/02/12,A,0,1,0.0,0.0,D,15.0,9.0,3.0,4.0,4.0,1.0,16.0,24.0,0.0,2.0,1.0,0.0
Hoffenheim,Augsburg,D1,2011,04/02/12,D,2,2,1.0,1.0,D,13.0,11.0,4.0,5.0,3.0,7.0,21.0,16.0,4.0,2.0,0.0,0.0
Leverkusen,Stuttgart,D1,2011,04/02/12,D,2,2,1.0,1.0,D,13.0,14.0,6.0,4.0,3.0,3.0,19.0,29.0,1.0,6.0,1.0,1.0
Schalke 04,Mainz,D1,2011,04/02/12,D,1,1,0.0,1.0,A,10.0,15.0,2.0,2.0,13.0,2.0,19.0,18.0,2.0,2.0,0.0,0.0
Wolfsburg,M'gladbach,D1,2011,04/02/12,D,0,0,0.0,0.0,D,11.0,5.0,2.0,0.0,8.0,3.0,16.0,8.0,1.0,1.0,0.0,0.0
Freiburg,Werder Bremen,D1,2011,05/02/12,D,2,2,1.0,1.0,D,18.0,8.0,6.0,2.0,7.0,1.0,20.0,19.0,2.0,2.0,0.0,0.0
Kaiserslautern,FC Koln,D1,2011,05/02/12,A,0,1,0.0,0.0,D,6.0,18.0,3.0,4.0,3.0,9.0,14.0,13.0,2.0,0.0,1.0,0.0
Wolfsburg,Freiburg,D1,2011,10/02/12,H,3,2,2.0,2.0,D,15.0,8.0,8.0,2.0,5.0,3.0,24.0,11.0,2.0,1.0,0.0,0.0
Bayern Munich,Kaiserslautern,D1,2011,11/02/12,H,2,0,2.0,0.0,H,18.0,5.0,10.0,1.0,6.0,1.0,12.0,25.0,1.0,2.0,0.0,0.0
Dortmund,Leverkusen,D1,2011,11/02/12,H,1,0,1.0,0.0,H,14.0,3.0,5.0,1.0,3.0,4.0,14.0,14.0,0.0,0.0,0.0,0.0
Mainz,Hannover,D1,2011,11/02/12,D,1,1,1.0,0.0,H,13.0,15.0,4.0,7.0,7.0,7.0,16.0,12.0,3.0,3.0,0.0,0.0
M'gladbach,Schalke 04,D1,2011,11/02/12,H,3,0,3.0,0.0,H,10.0,10.0,4.0,1.0,2.0,1.0,10.0,9.0,1.0,3.0,0.0,0.0
Stuttgart,Hertha,D1,2011,11/02/12,H,5,0,4.0,0.0,H,19.0,4.0,12.0,0.0,4.0,3.0,18.0,14.0,1.0,1.0,0.0,1.0
Werder Bremen,Hoffenheim,D1,2011,11/02/12,D,1,1,0.0,1.0,A,14.0,11.0,4.0,6.0,9.0,5.0,24.0,28.0,3.0,4.0,0.0,0.0
Augsburg,Nurnberg,D1,2011,12/02/12,D,0,0,0.0,0.0,D,9.0,12.0,1.0,4.0,6.0,3.0,23.0,23.0,2.0,4.0,0.0,0.0
FC Koln,Hamburg,D1,2011,12/02/12,A,0,1,0.0,0.0,D,10.0,19.0,2.0,4.0,5.0,6.0,18.0,17.0,3.0,1.0,0.0,0.0
Hoffenheim,Mainz,D1,2011,17/02/12,D,1,1,1.0,1.0,D,16.0,7.0,2.0,3.0,6.0,4.0,20.0,15.0,1.0,1.0,0.0,0.0
Freiburg,Bayern Munich,D1,2011,18/02/12,D,0,0,0.0,0.0,D,13.0,9.0,2.0,2.0,6.0,10.0,21.0,19.0,2.0,1.0,0.0,0.0
Hamburg,Werder Bremen,D1,2011,18/02/12,A,1,3,0.0,2.0,A,18.0,13.0,6.0,9.0,3.0,2.0,15.0,25.0,1.0,3.0,0.0,0.0
Hertha,Dortmund,D1,2011,18/02/12,A,0,1,0.0,0.0,D,6.0,14.0,2.0,6.0,2.0,5.0,16.0,19.0,0.0,0.0,0.0,0.0
Kaiserslautern,M'gladbach,D1,2011,18/02/12,A,1,2,0.0,2.0,A,14.0,8.0,6.0,2.0,2.0,0.0,18.0,18.0,3.0,1.0,0.0,0.0
Leverkusen,Augsburg,D1,2011,18/02/12,H,4,1,1.0,0.0,H,12.0,6.0,9.0,3.0,5.0,6.0,9.0,21.0,0.0,4.0,0.0,0.0
Nurnberg,FC Koln,D1,2011,18/02/12,H,2,1,1.0,0.0,H,19.0,7.0,3.0,5.0,6.0,3.0,16.0,18.0,3.0,3.0,0.0,0.0
Hannover,Stuttgart,D1,2011,19/02/12,H,4,2,2.0,0.0,H,21.0,11.0,6.0,6.0,10.0,5.0,11.0,18.0,0.0,0.0,0.0,0.0
Schalke 04,Wolfsburg,D1,2011,19/02/12,H,4,0,2.0,0.0,H,13.0,13.0,9.0,6.0,6.0,4.0,12.0,23.0,1.0,1.0,0.0,0.0
M'gladbach,Hamburg,D1,2011,24/02/12,D,1,1,1.0,0.0,H,9.0,11.0,5.0,5.0,3.0,6.0,15.0,18.0,1.0,3.0,0.0,0.0
Augsburg,Hertha,D1,2011,25/02/12,H,3,0,0.0,0.0,D,11.0,7.0,5.0,1.0,4.0,8.0,21.0,23.0,0.0,4.0,0.0,0.0
FC Koln,Leverkusen,D1,2011,25/02/12,A,0,2,0.0,1.0,A,11.0,22.0,4.0,7.0,2.0,7.0,14.0,15.0,1.0,0.0,0.0,0.0
Mainz,Kaiserslautern,D1,2011,25/02/12,H,4,0,3.0,0.0,H,11.0,6.0,8.0,2.0,6.0,4.0,11.0,17.0,1.0,3.0,0.0,0.0
Stuttgart,Freiburg,D1,2011,25/02/12,H,4,1,2.0,1.0,H,17.0,10.0,8.0,3.0,5.0,7.0,11.0,13.0,0.0,0.0,0.0,0.0
Werder Bremen,Nurnberg,D1,2011,25/02/12,A,0,1,0.0,0.0,D,20.0,11.0,5.0,5.0,3.0,6.0,15.0,20.0,3.0,3.0,0.0,0.0
Wolfsburg,Hoffenheim,D1,2011,25/02/12,A,1,2,0.0,1.0,A,13.0,14.0,5.0,7.0,6.0,1.0,24.0,19.0,2.0,1.0,0.0,0.0
Bayern Munich,Schalke 04,D1,2011,26/02/12,H,2,0,1.0,0.0,H,23.0,12.0,7.0,4.0,10.0,3.0,9.0,14.0,1.0,2.0,0.0,0.0
Dortmund,Hannover,D1,2011,26/02/12,H,3,1,1.0,0.0,H,21.0,7.0,6.0,2.0,4.0,2.0,13.0,14.0,3.0,4.0,0.0,0.0
Dortmund,Mainz,D1,2011,03/03/12,H,2,1,1.0,0.0,H,18.0,5.0,5.0,3.0,5.0,2.0,11.0,15.0,0.0,0.0,0.0,0.0
Freiburg,Schalke 04,D1,2011,03/03/12,H,2,1,1.0,0.0,H,11.0,15.0,2.0,4.0,6.0,4.0,16.0,20.0,2.0,1.0,0.0,1.0
Hamburg,Stuttgart,D1,2011,03/03/12,A,0,4,0.0,2.0,A,9.0,15.0,3.0,8.0,1.0,4.0,14.0,26.0,1.0,3.0,1.0,0.0
Hannover,Augsburg,D1,2011,03/03/12,D,2,2,1.0,1.0,D,12.0,15.0,3.0,7.0,1.0,4.0,16.0,29.0,1.0,3.0,1.0,0.0
Hertha,Werder Bremen,D1,2011,03/03/12,H,1,0,0.0,0.0,D,5.0,17.0,2.0,3.0,0.0,7.0,13.0,19.0,2.0,1.0,0.0,0.0
Kaiserslautern,Wolfsburg,D1,2011,03/03/12,D,0,0,0.0,0.0,D,12.0,15.0,5.0,6.0,6.0,9.0,12.0,22.0,2.0,1.0,0.0,0.0
Leverkusen,Bayern Munich,D1,2011,03/03/12,H,2,0,0.0,0.0,D,15.0,15.0,8.0,5.0,3.0,8.0,17.0,15.0,2.0,3.0,0.0,0.0
Hoffenheim,FC Koln,D1,2011,04/03/12,D,1,1,1.0,0.0,H,23.0,9.0,7.0,3.0,7.0,2.0,21.0,18.0,3.0,2.0,0.0,0.0
Nurnberg,M'gladbach,D1,2011,04/03/12,H,1,0,0.0,0.0,D,16.0,8.0,4.0,4.0,5.0,0.0,13.0,11.0,1.0,1.0,0.0,0.0
Stuttgart,Kaiserslautern,D1,2011,09/03/12,D,0,0,0.0,0.0,D,22.0,7.0,9.0,1.0,8.0,3.0,11.0,22.0,0.0,0.0,0.0,0.0
Augsburg,Dortmund,D1,2011,10/03/12,D,0,0,0.0,0.0,D,4.0,14.0,2.0,3.0,2.0,5.0,16.0,16.0,2.0,2.0,0.0,0.0
Bayern Munich,Hoffenheim,D1,2011,10/03/12,H,7,1,5.0,0.0,H,19.0,4.0,10.0,0.0,13.0,4.0,11.0,16.0,0.0,1.0,0.0,0.0
FC Koln,Hertha,D1,2011,10/03/12,H,1,0,1.0,0.0,H,16.0,14.0,5.0,7.0,5.0,5.0,13.0,22.0,2.0,3.0,2.0,1.0
Mainz,Nurnberg,D1,2011,10/03/12,H,2,1,2.0,0.0,H,13.0,15.0,3.0,2.0,4.0,5.0,18.0,19.0,0.0,5.0,1.0,0.0
M'gladbach,Freiburg,D1,2011,10/03/12,D,0,0,0.0,0.0,D,13.0,6.0,3.0,3.0,3.0,4.0,8.0,9.0,2.0,1.0,0.0,0.0
Wolfsburg,Leverkusen,D1,2011,10/03/12,H,3,2,2.0,1.0,H,11.0,7.0,6.0,4.0,4.0,3.0,25.0,16.0,5.0,1.0,0.0,0.0
Schalke 04,Hamburg,D1,2011,11/03/12,H,3,1,3.0,1.0,H,11.0,20.0,7.0,5.0,4.0,7.0,20.0,16.0,3.0,4.0,0.0,0.0
Werder Bremen,Hannover,D1,2011,11/03/12,H,3,0,1.0,0.0,H,10.0,14.0,7.0,4.0,2.0,3.0,16.0,29.0,0.0,4.0,0.0,0.0
Hoffenheim,Stuttgart,D1,2011,16/03/12,A,1,2,0.0,2.0,A,18.0,12.0,5.0,8.0,3.0,6.0,19.0,19.0,1.0,2.0,0.0,0.0
Augsburg,Mainz,D1,2011,17/03/12,H,2,1,1.0,1.0,D,10.0,10.0,5.0,3.0,6.0,2.0,12.0,21.0,2.0,2.0,0.0,0.0
Dortmund,Werder Bremen,D1,2011,17/03/12,H,1,0,1.0,0.0,H,18.0,4.0,5.0,2.0,9.0,4.0,11.0,17.0,1.0,3.0,0.0,0.0
Hamburg,Freiburg,D1,2011,17/03/12,A,1,3,0.0,2.0,A,15.0,12.0,6.0,5.0,4.0,5.0,16.0,25.0,0.0,3.0,0.0,0.0
Hertha,Bayern Munich,D1,2011,17/03/12,A,0,6,0.0,3.0,A,7.0,15.0,2.0,7.0,2.0,4.0,15.0,9.0,3.0,1.0,0.0,0.0
Leverkusen,M'gladbach,D1,2011,17/03/12,A,1,2,0.0,1.0,A,22.0,11.0,5.0,7.0,4.0,1.0,16.0,16.0,2.0,2.0,0.0,0.0
Nurnberg,Wolfsburg,D1,2011,17/03/12,A,1,3,1.0,2.0,A,5.0,10.0,1.0,4.0,2.0,5.0,16.0,16.0,0.0,1.0,0.0,0.0
Hannover,FC Koln,D1,2011,18/03/12,H,4,1,1.0,1.0,D,18.0,14.0,10.0,7.0,8.0,7.0,12.0,17.0,0.0,1.0,0.0,0.0
Kaiserslautern,Schalke 04,D1,2011,18/03/12,A,1,4,1.0,2.0,A,10.0,19.0,3.0,5.0,3.0,5.0,13.0,15.0,0.0,0.0,0.0,0.0
Wolfsburg,Hamburg,D1,2011,23/03/12,H,2,1,0.0,0.0,D,15.0,6.0,4.0,1.0,10.0,3.0,25.0,16.0,4.0,2.0,0.0,0.0
Bayern Munich,Hannover,D1,2011,24/03/12,H,2,1,1.0,0.0,H,12.0,8.0,6.0,2.0,6.0,1.0,16.0,15.0,1.0,2.0,0.0,0.0
Freiburg,Kaiserslautern,D1,2011,24/03/12,H,2,0,2.0,0.0,H,10.0,4.0,3.0,4.0,4.0,2.0,24.0,17.0,2.0,1.0,0.0,0.0
Mainz,Hertha,D1,2011,24/03/12,A,1,3,0.0,1.0,A,15.0,13.0,4.0,6.0,12.0,8.0,13.0,8.0,1.0,1.0,0.0,0.0
M'gladbach,Hoffenheim,D1,2011,24/03/12,A,1,2,1.0,0.0,H,12.0,13.0,3.0,3.0,3.0,3.0,15.0,19.0,3.0,3.0,0.0,0.0
Schalke 04,Leverkusen,D1,2011,24/03/12,H,2,0,1.0,0.0,H,17.0,8.0,6.0,2.0,6.0,3.0,14.0,11.0,1.0,2.0,0.0,0.0
Werder Bremen,Augsburg,D1,2011,24/03/12,D,1,1,0.0,0.0,D,17.0,15.0,5.0,6.0,4.0,6.0,19.0,15.0,3.0,3.0,0.0,0.0
FC Koln,Dortmund,D1,2011,25/03/12,A,1,6,1.0,1.0,D,5.0,15.0,3.0,9.0,2.0,3.0,15.0,11.0,1.0,0.0,0.0,0.0
Stuttgart,Nurnberg,D1,2011,25/03/12,H,1,0,0.0,0.0,D,8.0,17.0,2.0,3.0,4.0,14.0,15.0,15.0,2.0,2.0,0.0,0.0
Dortmund,Stuttgart,D1,2011,30/03/12,D,4,4,1.0,0.0,H,27.0,11.0,10.0,4.0,11.0,5.0,8.0,10.0,2.0,1.0,0.0,0.0
Augsburg,FC Koln,D1,2011,31/03/12,H,2,1,2.0,1.0,H,14.0,4.0,8.0,3.0,11.0,1.0,12.0,31.0,1.0,4.0,0.0,0.0
Hertha,Wolfsburg,D1,2011,31/03/12,A,1,4,1.0,2.0,A,13.0,13.0,6.0,6.0,7.0,1.0,9.0,10.0,1.0,0.0,0.0,0.0
Kaiserslautern,Hamburg,D1,2011,31/03/12,A,0,1,0.0,1.0,A,18.0,12.0,6.0,5.0,10.0,5.0,24.0,14.0,4.0,2.0,0.0,0.0
Leverkusen,Freiburg,D1,2011,31/03/12,A,0,2,0.0,1.0,A,11.0,8.0,4.0,4.0,3.0,1.0,17.0,22.0,1.0,4.0,0.0,0.0
Nurnberg,Bayern Munich,D1,2011,31/03/12,A,0,1,0.0,0.0,D,6.0,12.0,3.0,4.0,6.0,6.0,24.0,15.0,2.0,2.0,0.0,0.0
Werder Bremen,Mainz,D1,2011,31/03/12,A,0,3,0.0,1.0,A,19.0,9.0,7.0,5.0,7.0,0.0,16.0,14.0,1.0,2.0,0.0,0.0
Hannover,M'gladbach,D1,2011,01/04/12,H,2,1,0.0,0.0,D,12.0,14.0,3.0,6.0,5.0,6.0,8.0,9.0,0.0,1.0,0.0,0.0
Hoffenheim,Schalke 04,D1,2011,01/04/12,D,1,1,1.0,0.0,H,15.0,19.0,5.0,7.0,5.0,4.0,23.0,16.0,2.0,4.0,0.0,0.0
Bayern Munich,Augsburg,D1,2011,07/04/12,H,2,1,1.0,1.0,D,18.0,7.0,5.0,3.0,3.0,5.0,15.0,14.0,1.0,0.0,0.0,0.0
FC Koln,Werder Bremen,D1,2011,07/04/12,D,1,1,1.0,1.0,D,13.0,7.0,4.0,1.0,7.0,9.0,19.0,19.0,3.0,2.0,0.0,0.0
Freiburg,Nurnberg,D1,2011,07/04/12,D,2,2,0.0,2.0,A,12.0,14.0,3.0,5.0,5.0,7.0,22.0,24.0,3.0,4.0,0.0,0.0
Kaiserslautern,Hoffenheim,D1,2011,07/04/12,A,1,2,0.0,1.0,A,14.0,13.0,5.0,5.0,3.0,1.0,21.0,24.0,3.0,2.0,0.0,0.0
M'gladbach,Hertha,D1,2011,07/04/12,D,0,0,0.0,0.0,D,12.0,6.0,3.0,5.0,1.0,3.0,15.0,21.0,0.0,1.0,0.0,0.0
Stuttgart,Mainz,D1,2011,07/04/12,H,4,1,1.0,1.0,D,10.0,14.0,6.0,3.0,13.0,2.0,7.0,17.0,1.0,1.0,0.0,0.0
Wolfsburg,Dortmund,D1,2011,07/04/12,A,1,3,0.0,1.0,A,11.0,11.0,6.0,4.0,5.0,6.0,17.0,9.0,1.0,2.0,1.0,0.0
Hamburg,Leverkusen,D1,2011,08/04/12,D,1,1,1.0,0.0,H,18.0,15.0,4.0,9.0,5.0,4.0,20.0,12.0,2.0,2.0,0.0,0.0
Schalke 04,Hannover,D1,2011,08/04/12,H,3,0,1.0,0.0,H,16.0,4.0,10.0,0.0,4.0,1.0,14.0,14.0,0.0,1.0,0.0,0.0
Augsburg,Stuttgart,D1,2011,10/04/12,A,1,3,1.0,2.0,A,20.0,14.0,2.0,9.0,9.0,2.0,16.0,19.0,2.0,3.0,0.0,0.0
Hertha,Freiburg,D1,2011,10/04/12,A,1,2,0.0,1.0,A,12.0,10.0,4.0,5.0,6.0,1.0,18.0,14.0,4.0,1.0,0.0,0.0
Mainz,FC Koln,D1,2011,10/04/12,H,4,0,3.0,0.0,H,7.0,3.0,4.0,0.0,3.0,2.0,14.0,13.0,2.0,0.0,0.0,0.0
Werder Bremen,M'gladbach,D1,2011,10/04/12,D,2,2,1.0,0.0,H,14.0,23.0,6.0,7.0,3.0,5.0,6.0,13.0,0.0,4.0,1.0,0.0
Dortmund,Bayern Munich,D1,2011,11/04/12,H,1,0,0.0,0.0,D,13.0,7.0,6.0,4.0,3.0,4.0,9.0,10.0,0.0,0.0,0.0,0.0
Hannover,Wolfsburg,D1,2011,11/04/12,H,2,0,1.0,0.0,H,7.0,13.0,3.0,5.0,5.0,6.0,16.0,11.0,0.0,1.0,0.0,0.0
Hoffenheim,Hamburg,D1,2011,11/04/12,H,4,0,2.0,0.0,H,11.0,11.0,6.0,6.0,3.0,9.0,18.0,21.0,2.0,3.0,0.0,0.0
Leverkusen,Kaiserslautern,D1,2011,11/04/12,H,3,1,1.0,1.0,D,15.0,16.0,8.0,4.0,2.0,4.0,9.0,9.0,0.0,1.0,0.0,0.0
Nurnberg,Schalke 04,D1,2011,11/04/12,H,4,1,3.0,0.0,H,12.0,6.0,4.0,1.0,6.0,1.0,17.0,26.0,1.0,3.0,0.0,0.0
Stuttgart,Werder Bremen,D1,2011,13/04/12,H,4,1,2.0,1.0,H,18.0,9.0,8.0,3.0,6.0,3.0,18.0,24.0,1.0,3.0,0.0,0.0
Bayern Munich,Mainz,D1,2011,14/04/12,D,0,0,0.0,0.0,D,14.0,5.0,2.0,0.0,13.0,4.0,5.0,14.0,1.0,1.0,0.0,0.0
Hamburg,Hannover,D1,2011,14/04/12,H,1,0,1.0,0.0,H,15.0,7.0,8.0,1.0,8.0,3.0,17.0,21.0,2.0,2.0,0.0,0.0
Kaiserslautern,Nurnberg,D1,2011,14/04/12,A,0,2,0.0,1.0,A,15.0,11.0,4.0,3.0,6.0,1.0,11.0,17.0,3.0,3.0,0.0,0.0
Leverkusen,Hertha,D1,2011,14/04/12,D,3,3,1.0,0.0,H,17.0,17.0,7.0,8.0,6.0,6.0,14.0,9.0,1.0,1.0,0.0,1.0
Schalke 04,Dortmund,D1,2011,14/04/12,A,1,2,1.0,1.0,D,16.0,14.0,4.0,6.0,13.0,5.0,19.0,19.0,3.0,2.0,0.0,0.0
Wolfsburg,Augsburg,D1,2011,14/04/12,A,1,2,1.0,1.0,D,23.0,9.0,10.0,4.0,5.0,2.0,32.0,20.0,3.0,2.0,0.0,0.0
Freiburg,Hoffenheim,D1,2011,15/04/12,D,0,0,0.0,0.0,D,10.0,7.0,2.0,0.0,4.0,4.0,21.0,13.0,1.0,1.0,0.0,0.0
M'gladbach,FC Koln,D1,2011,15/04/12,H,3,0,1.0,0.0,H,16.0,8.0,8.0,1.0,8.0,2.0,8.0,9.0,1.0,2.0,0.0,0.0
Mainz,Wolfsburg,D1,2011,20/04/12,D,0,0,0.0,0.0,D,15.0,11.0,8.0,3.0,3.0,6.0,10.0,20.0,0.0,1.0,0.0,0.0
Dortmund,M'gladbach,D1,2011,21/04/12,H,2,0,1.0,0.0,H,18.0,4.0,8.0,1.0,6.0,2.0,14.0,8.0,1.0,1.0,0.0,0.0
FC Koln,Stuttgart,D1,2011,21/04/12,D,1,1,0.0,0.0,D,19.0,11.0,4.0,4.0,9.0,4.0,12.0,17.0,0.0,2.0,0.0,0.0
Hertha,Kaiserslautern,D1,2011,21/04/12,A,1,2,0.0,2.0,A,11.0,15.0,4.0,8.0,9.0,5.0,13.0,14.0,1.0,2.0,1.0,0.0
Hoffenheim,Leverkusen,D1,2011,21/04/12,A,0,1,0.0,0.0,D,15.0,10.0,3.0,4.0,6.0,0.0,13.0,11.0,1.0,0.0,0.0,0.0
Nurnberg,Hamburg,D1,2011,21/04/12,D,1,1,0.0,0.0,D,13.0,7.0,6.0,4.0,2.0,3.0,17.0,21.0,0.0,1.0,0.0,0.0
Werder Bremen,Bayern Munich,D1,2011,21/04/12,A,1,2,0.0,0.0,D,16.0,15.0,4.0,6.0,4.0,2.0,15.0,11.0,0.0,0.0,0.0,0.0
Augsburg,Schalke 04,D1,2011,22/04/12,D,1,1,1.0,1.0,D,15.0,5.0,6.0,2.0,5.0,1.0,14.0,20.0,4.0,3.0,0.0,0.0
Hannover,Freiburg,D1,2011,22/04/12,D,0,0,0.0,0.0,D,17.0,11.0,5.0,3.0,5.0,4.0,14.0,17.0,1.0,1.0,0.0,0.0
Bayern Munich,Stuttgart,D1,2011,28/04/12,H,2,0,1.0,0.0,H,15.0,9.0,6.0,5.0,6.0,6.0,12.0,14.0,1.0,1.0,0.0,0.0
Freiburg,FC Koln,D1,2011,28/04/12,H,4,1,1.0,0.0,H,17.0,9.0,8.0,4.0,7.0,5.0,12.0,12.0,0.0,1.0,0.0,0.0
Hamburg,Mainz,D1,2011,28/04/12,D,0,0,0.0,0.0,D,15.0,12.0,5.0,5.0,4.0,6.0,13.0,19.0,0.0,1.0,0.0,0.0
Hoffenheim,Nurnberg,D1,2011,28/04/12,A,2,3,1.0,2.0,A,16.0,15.0,7.0,7.0,13.0,4.0,14.0,14.0,1.0,1.0,0.0,0.0
Kaiserslautern,Dortmund,D1,2011,28/04/12,A,2,5,1.0,3.0,A,10.0,17.0,5.0,6.0,1.0,2.0,7.0,7.0,1.0,1.0,0.0,0.0
Leverkusen,Hannover,D1,2011,28/04/12,H,1,0,0.0,0.0,D,13.0,10.0,4.0,2.0,5.0,7.0,13.0,12.0,1.0,0.0,0.0,0.0
M'gladbach,Augsburg,D1,2011,28/04/12,D,0,0,0.0,0.0,D,12.0,8.0,5.0,1.0,3.0,3.0,10.0,15.0,0.0,2.0,0.0,0.0
Schalke 04,Hertha,D1,2011,28/04/12,H,4,0,1.0,0.0,H,23.0,7.0,6.0,3.0,6.0,4.0,10.0,12.0,1.0,1.0,0.0,0.0
Wolfsburg,Werder Bremen,D1,2011,28/04/12,H,3,1,1.0,1.0,D,13.0,11.0,10.0,6.0,6.0,5.0,25.0,13.0,2.0,3.0,0.0,0.0
Augsburg,Hamburg,D1,2011,05/05/12,H,1,0,1.0,0.0,H,14.0,11.0,3.0,3.0,2.0,6.0,15.0,11.0,2.0,2.0,0.0,0.0
Dortmund,Freiburg,D1,2011,05/05/12,H,4,0,4.0,0.0,H,14.0,8.0,6.0,2.0,3.0,1.0,10.0,6.0,0.0,1.0,0.0,0.0
FC Koln,Bayern Munich,D1,2011,05/05/12,A,1,4,0.0,1.0,A,7.0,15.0,2.0,6.0,2.0,5.0,13.0,19.0,1.0,1.0,0.0,0.0
Hannover,Kaiserslautern,D1,2011,05/05/12,H,2,1,1.0,1.0,D,25.0,11.0,6.0,4.0,16.0,2.0,12.0,11.0,2.0,1.0,0.0,0.0
Hertha,Hoffenheim,D1,2011,05/05/12,H,3,1,1.0,0.0,H,16.0,10.0,7.0,3.0,3.0,8.0,27.0,14.0,2.0,2.0,0.0,1.0
Mainz,M'gladbach,D1,2011,05/05/12,A,0,3,0.0,1.0,A,5.0,11.0,1.0,5.0,4.0,5.0,11.0,10.0,0.0,0.0,0.0,0.0
Nurnberg,Leverkusen,D1,2011,05/05/12,A,1,4,0.0,2.0,A,12.0,4.0,5.0,4.0,5.0,1.0,8.0,10.0,2.0,2.0,0.0,0.0
Stuttgart,Wolfsburg,D1,2011,05/05/12,H,3,2,0.0,1.0,A,15.0,13.0,5.0,3.0,8.0,4.0,15.0,20.0,2.0,0.0,0.0,0.0
Werder Bremen,Schalke 04,D1,2011,05/05/12,A,2,3,1.0,1.0,D,19.0,16.0,4.0,5.0,11.0,9.0,11.0,13.0,2.0,1.0,0.0,0.0
Dortmund,Werder Bremen,D1,2012,24/08/12,H,2,1,1.0,0.0,H,19.0,10.0,6.0,3.0,7.0,2.0,18.0,14.0,2.0,2.0,0.0,0.0
Augsburg,Fortuna Dusseldorf,D1,2012,25/08/12,A,0,2,0.0,0.0,D,16.0,9.0,4.0,4.0,3.0,0.0,16.0,14.0,3.0,2.0,0.0,0.0
Ein Frankfurt,Leverkusen,D1,2012,25/08/12,H,2,1,0.0,1.0,A,20.0,19.0,4.0,10.0,6.0,7.0,15.0,22.0,1.0,2.0,0.0,0.0
Freiburg,Mainz,D1,2012,25/08/12,D,1,1,0.0,0.0,D,8.0,8.0,4.0,3.0,9.0,8.0,14.0,13.0,0.0,2.0,0.0,0.0
Greuther Furth,Bayern Munich,D1,2012,25/08/12,A,0,3,0.0,1.0,A,6.0,19.0,2.0,9.0,2.0,4.0,21.0,13.0,2.0,2.0,0.0,0.0
Hamburg,Nurnberg,D1,2012,25/08/12,A,0,1,0.0,0.0,D,11.0,18.0,5.0,8.0,9.0,6.0,16.0,20.0,4.0,2.0,0.0,0.0
M'gladbach,Hoffenheim,D1,2012,25/08/12,H,2,1,1.0,0.0,H,7.0,14.0,3.0,8.0,6.0,4.0,9.0,6.0,2.0,0.0,0.0,0.0
Stuttgart,Wolfsburg,D1,2012,25/08/12,A,0,1,0.0,0.0,D,10.0,13.0,5.0,3.0,7.0,6.0,16.0,23.0,1.0,0.0,0.0,0.0
Hannover,Schalke 04,D1,2012,26/08/12,D,2,2,1.0,0.0,H,9.0,15.0,2.0,7.0,3.0,6.0,12.0,16.0,1.0,3.0,0.0,0.0
Mainz,Greuther Furth,D1,2012,31/08/12,A,0,1,0.0,0.0,D,11.0,7.0,3.0,2.0,8.0,0.0,17.0,23.0,1.0,3.0,0.0,0.0
Fortuna Dusseldorf,M'gladbach,D1,2012,01/09/12,D,0,0,0.0,0.0,D,5.0,13.0,0.0,4.0,5.0,4.0,15.0,23.0,3.0,2.0,0.0,0.0
Hoffenheim,Ein Frankfurt,D1,2012,01/09/12,A,0,4,0.0,2.0,A,7.0,17.0,3.0,5.0,2.0,5.0,16.0,17.0,1.0,2.0,2.0,0.0
Leverkusen,Freiburg,D1,2012,01/09/12,H,2,0,1.0,0.0,H,14.0,8.0,10.0,1.0,5.0,4.0,19.0,24.0,1.0,1.0,0.0,0.0
Nurnberg,Dortmund,D1,2012,01/09/12,D,1,1,1.0,1.0,D,6.0,18.0,3.0,6.0,4.0,11.0,12.0,17.0,2.0,2.0,0.0,0.0
Schalke 04,Augsburg,D1,2012,01/09/12,H,3,1,1.0,0.0,H,12.0,22.0,6.0,4.0,6.0,5.0,11.0,14.0,1.0,2.0,0.0,0.0
Werder Bremen,Hamburg,D1,2012,01/09/12,H,2,0,0.0,0.0,D,16.0,11.0,9.0,4.0,7.0,5.0,7.0,20.0,0.0,1.0,0.0,0.0
Bayern Munich,Stuttgart,D1,2012,02/09/12,H,6,1,3.0,1.0,H,16.0,7.0,13.0,4.0,5.0,3.0,13.0,8.0,1.0,1.0,0.0,1.0
Wolfsburg,Hannover,D1,2012,02/09/12,A,0,4,0.0,2.0,A,5.0,16.0,1.0,7.0,0.0,3.0,24.0,20.0,2.0,1.0,1.0,0.0
Augsburg,Wolfsburg,D1,2012,14/09/12,D,0,0,0.0,0.0,D,7.0,11.0,2.0,4.0,5.0,3.0,14.0,25.0,1.0,2.0,0.0,0.0
Bayern Munich,Mainz,D1,2012,15/09/12,H,3,1,2.0,0.0,H,21.0,7.0,9.0,1.0,10.0,2.0,12.0,18.0,1.0,2.0,0.0,0.0
Dortmund,Leverkusen,D1,2012,15/09/12,H,3,0,2.0,0.0,H,14.0,6.0,7.0,2.0,9.0,2.0,10.0,14.0,1.0,2.0,0.0,0.0
Greuther Furth,Schalke 04,D1,2012,15/09/12,A,0,2,0.0,0.0,D,9.0,10.0,0.0,4.0,5.0,4.0,18.0,14.0,2.0,0.0,0.0,0.0
Hannover,Werder Bremen,D1,2012,15/09/12,H,3,2,2.0,1.0,H,13.0,11.0,5.0,4.0,7.0,4.0,19.0,19.0,3.0,3.0,1.0,0.0
M'gladbach,Nurnberg,D1,2012,15/09/12,A,2,3,1.0,2.0,A,14.0,11.0,6.0,3.0,5.0,6.0,12.0,17.0,2.0,2.0,0.0,0.0
Stuttgart,Fortuna Dusseldorf,D1,2012,15/09/12,D,0,0,0.0,0.0,D,10.0,6.0,3.0,2.0,7.0,4.0,19.0,13.0,1.0,0.0,0.0,0.0
Ein Frankfurt,Hamburg,D1,2012,16/09/12,H,3,2,2.0,1.0,H,17.0,14.0,6.0,7.0,7.0,6.0,15.0,19.0,0.0,1.0,0.0,1.0
Freiburg,Hoffenheim,D1,2012,16/09/12,H,5,3,2.0,1.0,H,23.0,9.0,9.0,5.0,11.0,2.0,11.0,18.0,2.0,5.0,0.0,0.0
Nurnberg,Ein Frankfurt,D1,2012,21/09/12,A,1,2,0.0,1.0,A,14.0,12.0,5.0,5.0,8.0,5.0,9.0,17.0,1.0,3.0,0.0,0.0
Fortuna Dusseldorf,Freiburg,D1,2012,22/09/12,D,0,0,0.0,0.0,D,11.0,11.0,2.0,3.0,3.0,6.0,13.0,17.0,2.0,2.0,0.0,0.0
Hamburg,Dortmund,D1,2012,22/09/12,H,3,2,1.0,0.0,H,7.0,28.0,3.0,12.0,2.0,10.0,20.0,11.0,3.0,1.0,0.0,0.0
Mainz,Augsburg,D1,2012,22/09/12,H,2,0,2.0,0.0,H,11.0,11.0,5.0,3.0,4.0,6.0,23.0,17.0,0.0,2.0,0.0,0.0
Schalke 04,Bayern Munich,D1,2012,22/09/12,A,0,2,0.0,0.0,D,14.0,13.0,5.0,5.0,2.0,3.0,14.0,18.0,2.0,0.0,0.0,0.0
Wolfsburg,Greuther Furth,D1,2012,22/09/12,D,1,1,1.0,1.0,D,12.0,8.0,5.0,1.0,7.0,2.0,20.0,22.0,0.0,2.0,0.0,0.0
Hoffenheim,Hannover,D1,2012,23/09/12,H,3,1,1.0,1.0,D,16.0,5.0,6.0,2.0,8.0,2.0,13.0,18.0,3.0,2.0,0.0,0.0
Leverkusen,M'gladbach,D1,2012,23/09/12,D,1,1,1.0,1.0,D,31.0,5.0,9.0,1.0,10.0,3.0,13.0,12.0,0.0,4.0,0.0,0.0
Werder Bremen,Stuttgart,D1,2012,23/09/12,D,2,2,2.0,0.0,H,11.0,13.0,6.0,2.0,6.0,7.0,17.0,13.0,4.0,0.0,1.0,1.0
Bayern Munich,Wolfsburg,D1,2012,25/09/12,H,3,0,1.0,0.0,H,25.0,4.0,13.0,1.0,10.0,2.0,15.0,18.0,1.0,1.0,0.0,0.0
Ein Frankfurt,Dortmund,D1,2012,25/09/12,D,3,3,0.0,2.0,A,14.0,9.0,5.0,7.0,6.0,4.0,13.0,15.0,2.0,1.0,0.0,0.0
Greuther Furth,Fortuna Dusseldorf,D1,2012,25/09/12,A,0,2,0.0,2.0,A,11.0,10.0,3.0,5.0,4.0,2.0,22.0,15.0,2.0,2.0,0.0,0.0
Schalke 04,Mainz,D1,2012,25/09/12,H,3,0,1.0,0.0,H,16.0,10.0,9.0,3.0,7.0,3.0,10.0,11.0,2.0,2.0,0.0,0.0
Augsburg,Leverkusen,D1,2012,26/09/12,A,1,3,0.0,3.0,A,11.0,12.0,6.0,6.0,3.0,2.0,9.0,17.0,1.0,3.0,0.0,0.0
Freiburg,Werder Bremen,D1,2012,26/09/12,A,1,2,1.0,0.0,H,18.0,5.0,7.0,3.0,7.0,2.0,15.0,24.0,2.0,4.0,0.0,0.0
Hannover,Nurnberg,D1,2012,26/09/12,H,4,1,2.0,0.0,H,7.0,6.0,4.0,2.0,5.0,6.0,15.0,19.0,3.0,2.0,0.0,0.0
M'gladbach,Hamburg,D1,2012,26/09/12,D,2,2,1.0,2.0,A,9.0,18.0,4.0,4.0,4.0,5.0,12.0,19.0,2.0,1.0,1.0,0.0
Stuttgart,Hoffenheim,D1,2012,26/09/12,A,0,3,0.0,1.0,A,8.0,16.0,3.0,10.0,4.0,5.0,18.0,15.0,2.0,2.0,0.0,0.0
Fortuna Dusseldorf,Schalke 04,D1,2012,28/09/12,D,2,2,0.0,2.0,A,7.0,14.0,2.0,6.0,4.0,4.0,10.0,9.0,1.0,1.0,0.0,0.0
Dortmund,M'gladbach,D1,2012,29/09/12,H,5,0,2.0,0.0,H,17.0,9.0,8.0,3.0,10.0,5.0,10.0,8.0,0.0,1.0,0.0,0.0
Hamburg,Hannover,D1,2012,29/09/12,H,1,0,1.0,0.0,H,10.0,14.0,4.0,5.0,2.0,8.0,25.0,12.0,3.0,1.0,0.0,0.0
Hoffenheim,Augsburg,D1,2012,29/09/12,D,0,0,0.0,0.0,D,9.0,5.0,2.0,2.0,6.0,2.0,19.0,16.0,2.0,1.0,1.0,0.0
Leverkusen,Greuther Furth,D1,2012,29/09/12,H,2,0,0.0,0.0,D,13.0,7.0,7.0,1.0,7.0,2.0,15.0,14.0,1.0,1.0,0.0,0.0
Nurnberg,Stuttgart,D1,2012,29/09/12,A,0,2,0.0,1.0,A,13.0,9.0,3.0,5.0,9.0,3.0,19.0,28.0,0.0,2.0,0.0,0.0
Werder Bremen,Bayern Munich,D1,2012,29/09/12,A,0,2,0.0,0.0,D,8.0,19.0,2.0,5.0,2.0,6.0,14.0,17.0,2.0,2.0,0.0,0.0
Ein Frankfurt,Freiburg,D1,2012,30/09/12,H,2,1,0.0,0.0,D,8.0,12.0,4.0,5.0,6.0,6.0,17.0,17.0,1.0,3.0,0.0,1.0
Wolfsburg,Mainz,D1,2012,30/09/12,A,0,2,0.0,2.0,A,19.0,7.0,5.0,3.0,11.0,2.0,18.0,18.0,3.0,3.0,0.0,0.0
Augsburg,Werder Bremen,D1,2012,05/10/12,H,3,1,2.0,1.0,H,12.0,15.0,4.0,5.0,3.0,3.0,17.0,14.0,2.0,1.0,0.0,0.0
Bayern Munich,Hoffenheim,D1,2012,06/10/12,H,2,0,1.0,0.0,H,13.0,4.0,2.0,1.0,8.0,1.0,14.0,20.0,0.0,3.0,0.0,0.0
Freiburg,Nurnberg,D1,2012,06/10/12,H,3,0,1.0,0.0,H,18.0,11.0,7.0,4.0,3.0,9.0,17.0,17.0,3.0,3.0,0.0,0.0
Greuther Furth,Hamburg,D1,2012,06/10/12,A,0,1,0.0,1.0,A,12.0,8.0,2.0,4.0,6.0,1.0,22.0,24.0,4.0,2.0,0.0,0.0
Mainz,Fortuna Dusseldorf,D1,2012,06/10/12,H,1,0,0.0,0.0,D,13.0,7.0,3.0,4.0,2.0,2.0,22.0,13.0,4.0,2.0,0.0,1.0
Schalke 04,Wolfsburg,D1,2012,06/10/12,H,3,0,1.0,0.0,H,13.0,5.0,5.0,4.0,10.0,1.0,14.0,19.0,1.0,0.0,0.0,0.0
Hannover,Dortmund,D1,2012,07/10/12,D,1,1,0.0,1.0,A,14.0,12.0,6.0,3.0,7.0,3.0,19.0,17.0,4.0,0.0,0.0,0.0
M'gladbach,Ein Frankfurt,D1,2012,07/10/12,H,2,0,2.0,0.0,H,6.0,12.0,3.0,3.0,1.0,7.0,18.0,19.0,4.0,0.0,0.0,0.0
Stuttgart,Leverkusen,D1,2012,07/10/12,D,2,2,1.0,1.0,D,10.0,13.0,2.0,6.0,4.0,7.0,14.0,19.0,2.0,3.0,0.0,0.0
Hoffenheim,Greuther Furth,D1,2012,19/10/12,D,3,3,1.0,1.0,D,19.0,16.0,11.0,8.0,4.0,4.0,15.0,21.0,0.0,5.0,0.0,0.0
Dortmund,Schalke 04,D1,2012,20/10/12,A,1,2,0.0,1.0,A,8.0,7.0,4.0,4.0,4.0,5.0,18.0,14.0,2.0,3.0,0.0,0.0
Ein Frankfurt,Hannover,D1,2012,20/10/12,H,3,1,2.0,1.0,H,15.0,14.0,7.0,4.0,6.0,8.0,18.0,17.0,2.0,4.0,0.0,0.0
Fortuna Dusseldorf,Bayern Munich,D1,2012,20/10/12,A,0,5,0.0,2.0,A,2.0,24.0,1.0,14.0,2.0,6.0,18.0,13.0,3.0,1.0,0.0,0.0
Leverkusen,Mainz,D1,2012,20/10/12,D,2,2,1.0,0.0,H,14.0,10.0,8.0,3.0,5.0,3.0,8.0,15.0,4.0,3.0,0.0,0.0
Werder Bremen,M'gladbach,D1,2012,20/10/12,H,4,0,2.0,0.0,H,20.0,9.0,7.0,2.0,10.0,3.0,12.0,11.0,1.0,2.0,0.0,0.0
Wolfsburg,Freiburg,D1,2012,20/10/12,A,0,2,0.0,1.0,A,9.0,8.0,2.0,5.0,7.0,1.0,23.0,14.0,1.0,2.0,0.0,0.0
Hamburg,Stuttgart,D1,2012,21/10/12,A,0,1,0.0,1.0,A,18.0,21.0,8.0,6.0,3.0,4.0,21.0,13.0,0.0,2.0,0.0,0.0
Nurnberg,Augsburg,D1,2012,21/10/12,D,0,0,0.0,0.0,D,8.0,10.0,2.0,4.0,4.0,2.0,24.0,22.0,4.0,3.0,0.0,0.0
Augsburg,Hamburg,D1,2012,26/10/12,A,0,2,0.0,1.0,A,19.0,10.0,2.0,4.0,13.0,3.0,10.0,19.0,1.0,3.0,0.0,0.0
Fortuna Dusseldorf,Wolfsburg,D1,2012,27/10/12,A,1,4,0.0,0.0,D,6.0,10.0,2.0,7.0,1.0,4.0,19.0,18.0,1.0,1.0,1.0,0.0
Freiburg,Dortmund,D1,2012,27/10/12,A,0,2,0.0,0.0,D,6.0,17.0,2.0,6.0,3.0,7.0,19.0,18.0,2.0,3.0,0.0,0.0
Greuther Furth,Werder Bremen,D1,2012,27/10/12,D,1,1,1.0,1.0,D,10.0,16.0,3.0,8.0,4.0,6.0,24.0,17.0,3.0,1.0,0.0,0.0
Mainz,Hoffenheim,D1,2012,27/10/12,H,3,0,1.0,0.0,H,11.0,7.0,5.0,2.0,4.0,2.0,12.0,19.0,1.0,2.0,0.0,0.0
Schalke 04,Nurnberg,D1,2012,27/10/12,H,1,0,0.0,0.0,D,17.0,10.0,8.0,2.0,4.0,3.0,12.0,15.0,0.0,3.0,0.0,0.0
Bayern Munich,Leverkusen,D1,2012,28/10/12,A,1,2,0.0,1.0,A,23.0,5.0,6.0,5.0,14.0,2.0,15.0,17.0,3.0,1.0,0.0,0.0
Hannover,M'gladbach,D1,2012,28/10/12,A,2,3,0.0,0.0,D,5.0,14.0,3.0,9.0,4.0,7.0,17.0,15.0,2.0,1.0,0.0,0.0
Stuttgart,Ein Frankfurt,D1,2012,28/10/12,H,2,1,1.0,0.0,H,14.0,13.0,4.0,7.0,10.0,5.0,17.0,18.0,2.0,3.0,0.0,0.0
Ein Frankfurt,Greuther Furth,D1,2012,02/11/12,D,1,1,1.0,0.0,H,7.0,12.0,4.0,8.0,3.0,7.0,15.0,26.0,2.0,2.0,0.0,0.0
Dortmund,Stuttgart,D1,2012,03/11/12,D,0,0,0.0,0.0,D,20.0,12.0,7.0,3.0,9.0,2.0,9.0,19.0,0.0,4.0,0.0,0.0
Hamburg,Bayern Munich,D1,2012,03/11/12,A,0,3,0.0,1.0,A,7.0,15.0,3.0,8.0,2.0,5.0,17.0,14.0,2.0,2.0,0.0,0.0
Hannover,Augsburg,D1,2012,03/11/12,H,2,0,1.0,0.0,H,14.0,10.0,4.0,5.0,2.0,9.0,16.0,17.0,0.0,0.0,0.0,0.0
Hoffenheim,Schalke 04,D1,2012,03/11/12,H,3,2,1.0,1.0,D,6.0,23.0,4.0,10.0,0.0,5.0,18.0,12.0,2.0,3.0,0.0,0.0
M'gladbach,Freiburg,D1,2012,03/11/12,D,1,1,0.0,0.0,D,14.0,13.0,4.0,3.0,4.0,6.0,12.0,12.0,1.0,0.0,0.0,0.0
Nurnberg,Wolfsburg,D1,2012,03/11/12,H,1,0,0.0,0.0,D,11.0,3.0,4.0,2.0,5.0,4.0,21.0,16.0,2.0,3.0,0.0,0.0
Leverkusen,Fortuna Dusseldorf,D1,2012,04/11/12,H,3,2,2.0,1.0,H,18.0,14.0,10.0,3.0,7.0,5.0,13.0,18.0,0.0,2.0,1.0,0.0
Werder Bremen,Mainz,D1,2012,04/11/12,H,2,1,1.0,0.0,H,17.0,13.0,4.0,4.0,5.0,4.0,11.0,14.0,1.0,3.0,0.0,0.0
Mainz,Nurnberg,D1,2012,09/11/12,H,2,1,2.0,1.0,H,12.0,10.0,2.0,3.0,3.0,6.0,17.0,21.0,5.0,5.0,0.0,0.0
Augsburg,Dortmund,D1,2012,10/11/12,A,1,3,0.0,1.0,A,16.0,16.0,8.0,4.0,4.0,5.0,12.0,13.0,2.0,2.0,0.0,0.0
Bayern Munich,Ein Frankfurt,D1,2012,10/11/12,H,2,0,1.0,0.0,H,19.0,13.0,12.0,2.0,8.0,4.0,11.0,12.0,0.0,3.0,0.0,0.0
Fortuna Dusseldorf,Hoffenheim,D1,2012,10/11/12,D,1,1,1.0,1.0,D,11.0,4.0,3.0,1.0,6.0,1.0,17.0,18.0,1.0,1.0,0.0,1.0
Freiburg,Hamburg,D1,2012,10/11/12,D,0,0,0.0,0.0,D,16.0,9.0,3.0,4.0,9.0,3.0,19.0,20.0,2.0,3.0,0.0,1.0
Schalke 04,Werder Bremen,D1,2012,10/11/12,H,2,1,0.0,1.0,A,5.0,9.0,4.0,3.0,2.0,7.0,18.0,15.0,1.0,1.0,0.0,0.0
Greuther Furth,M'gladbach,D1,2012,11/11/12,A,2,4,2.0,1.0,H,11.0,10.0,3.0,7.0,4.0,4.0,15.0,13.0,2.0,0.0,2.0,0.0
Stuttgart,Hannover,D1,2012,11/11/12,A,2,4,2.0,0.0,H,13.0,10.0,8.0,4.0,10.0,5.0,21.0,17.0,2.0,3.0,0.0,0.0
Wolfsburg,Leverkusen,D1,2012,11/11/12,H,3,1,3.0,0.0,H,12.0,9.0,6.0,4.0,5.0,6.0,8.0,17.0,1.0,3.0,0.0,0.0
Dortmund,Greuther Furth,D1,2012,17/11/12,H,3,1,3.0,1.0,H,15.0,5.0,6.0,2.0,3.0,1.0,7.0,10.0,2.0,2.0,0.0,0.0
Ein Frankfurt,Augsburg,D1,2012,17/11/12,H,4,2,2.0,1.0,H,19.0,7.0,4.0,2.0,6.0,6.0,16.0,19.0,1.0,3.0,0.0,0.0
Hamburg,Mainz,D1,2012,17/11/12,H,1,0,0.0,0.0,D,10.0,14.0,4.0,3.0,8.0,7.0,20.0,11.0,2.0,1.0,0.0,0.0
Hannover,Freiburg,D1,2012,17/11/12,A,1,2,1.0,1.0,D,15.0,21.0,5.0,8.0,11.0,6.0,12.0,15.0,2.0,1.0,0.0,0.0
Leverkusen,Schalke 04,D1,2012,17/11/12,H,2,0,1.0,0.0,H,18.0,8.0,7.0,3.0,3.0,1.0,6.0,13.0,1.0,2.0,0.0,1.0
M'gladbach,Stuttgart,D1,2012,17/11/12,A,1,2,1.0,1.0,D,12.0,13.0,5.0,6.0,9.0,2.0,17.0,16.0,3.0,4.0,0.0,0.0
Nurnberg,Bayern Munich,D1,2012,17/11/12,D,1,1,0.0,1.0,A,7.0,7.0,2.0,4.0,7.0,8.0,13.0,25.0,3.0,2.0,1.0,0.0
Hoffenheim,Wolfsburg,D1,2012,18/11/12,A,1,3,0.0,2.0,A,25.0,8.0,7.0,4.0,10.0,0.0,12.0,14.0,2.0,1.0,0.0,0.0
Werder Bremen,Fortuna Dusseldorf,D1,2012,18/11/12,H,2,1,0.0,1.0,A,22.0,4.0,6.0,3.0,10.0,1.0,21.0,15.0,3.0,3.0,1.0,0.0
Fortuna Dusseldorf,Hamburg,D1,2012,23/11/12,H,2,0,1.0,0.0,H,11.0,13.0,3.0,4.0,3.0,8.0,18.0,13.0,2.0,3.0,0.0,0.0
Bayern Munich,Hannover,D1,2012,24/11/12,H,5,0,3.0,0.0,H,19.0,8.0,14.0,5.0,5.0,2.0,14.0,16.0,2.0,3.0,0.0,0.0
Greuther Furth,Nurnberg,D1,2012,24/11/12,D,0,0,0.0,0.0,D,5.0,3.0,1.0,0.0,6.0,1.0,23.0,20.0,2.0,2.0,1.0,1.0
Mainz,Dortmund,D1,2012,24/11/12,A,1,2,1.0,2.0,A,10.0,12.0,3.0,5.0,4.0,2.0,19.0,8.0,4.0,0.0,0.0,0.0
Schalke 04,Ein Frankfurt,D1,2012,24/11/12,D,1,1,1.0,1.0,D,18.0,11.0,4.0,2.0,9.0,1.0,12.0,13.0,1.0,1.0,0.0,1.0
Wolfsburg,Werder Bremen,D1,2012,24/11/12,D,1,1,0.0,1.0,A,14.0,12.0,5.0,2.0,5.0,7.0,17.0,16.0,2.0,2.0,0.0,1.0
Augsburg,M'gladbach,D1,2012,25/11/12,D,1,1,1.0,0.0,H,13.0,9.0,1.0,3.0,3.0,1.0,19.0,10.0,1.0,2.0,0.0,0.0
Freiburg,Stuttgart,D1,2012,25/11/12,H,3,0,1.0,0.0,H,26.0,10.0,11.0,2.0,10.0,3.0,12.0,19.0,2.0,3.0,0.0,0.0
Hoffenheim,Leverkusen,D1,2012,25/11/12,A,1,2,0.0,2.0,A,24.0,8.0,5.0,4.0,4.0,1.0,12.0,18.0,1.0,2.0,0.0,0.0
Dortmund,Fortuna Dusseldorf,D1,2012,27/11/12,D,1,1,1.0,0.0,H,22.0,5.0,7.0,1.0,7.0,2.0,5.0,16.0,1.0,1.0,0.0,1.0
Ein Frankfurt,Mainz,D1,2012,27/11/12,A,1,3,0.0,2.0,A,11.0,10.0,6.0,5.0,8.0,3.0,20.0,16.0,2.0,1.0,0.0,1.0
Hamburg,Schalke 04,D1,2012,27/11/12,H,3,1,0.0,0.0,D,19.0,20.0,6.0,8.0,3.0,7.0,12.0,9.0,2.0,1.0,0.0,0.0
Hannover,Greuther Furth,D1,2012,27/11/12,H,2,0,1.0,0.0,H,12.0,11.0,5.0,3.0,3.0,5.0,20.0,21.0,1.0,1.0,0.0,0.0
Freiburg,Bayern Munich,D1,2012,28/11/12,A,0,2,0.0,1.0,A,10.0,12.0,4.0,6.0,1.0,6.0,9.0,18.0,1.0,1.0,1.0,0.0
M'gladbach,Wolfsburg,D1,2012,28/11/12,H,2,0,2.0,0.0,H,12.0,17.0,6.0,6.0,2.0,8.0,11.0,16.0,1.0,2.0,0.0,0.0
Nurnberg,Hoffenheim,D1,2012,28/11/12,H,4,2,2.0,1.0,H,14.0,15.0,6.0,5.0,1.0,3.0,24.0,22.0,1.0,4.0,0.0,0.0
Stuttgart,Augsburg,D1,2012,28/11/12,H,2,1,1.0,1.0,D,10.0,16.0,3.0,8.0,1.0,5.0,14.0,17.0,1.0,1.0,0.0,0.0
Werder Bremen,Leverkusen,D1,2012,28/11/12,A,1,4,0.0,1.0,A,17.0,9.0,5.0,5.0,9.0,3.0,20.0,15.0,3.0,1.0,0.0,0.0
Fortuna Dusseldorf,Ein Frankfurt,D1,2012,30/11/12,H,4,0,2.0,0.0,H,13.0,7.0,6.0,2.0,5.0,2.0,9.0,14.0,2.0,2.0,0.0,1.0
Augsburg,Freiburg,D1,2012,01/12/12,D,1,1,1.0,1.0,D,14.0,10.0,4.0,3.0,2.0,2.0,20.0,16.0,3.0,4.0,0.0,0.0
Bayern Munich,Dortmund,D1,2012,01/12/12,D,1,1,0.0,0.0,D,14.0,12.0,5.0,5.0,7.0,5.0,14.0,17.0,0.0,0.0,0.0,0.0
Greuther Furth,Stuttgart,D1,2012,01/12/12,A,0,1,0.0,1.0,A,17.0,10.0,5.0,7.0,10.0,2.0,19.0,14.0,5.0,4.0,0.0,1.0
Leverkusen,Nurnberg,D1,2012,01/12/12,H,1,0,1.0,0.0,H,22.0,8.0,8.0,2.0,7.0,3.0,17.0,17.0,2.0,2.0,0.0,0.0
Mainz,Hannover,D1,2012,01/12/12,H,2,1,1.0,1.0,D,13.0,14.0,3.0,3.0,4.0,6.0,13.0,17.0,2.0,3.0,1.0,0.0
Schalke 04,M'gladbach,D1,2012,01/12/12,D,1,1,0.0,0.0,D,22.0,5.0,6.0,1.0,8.0,1.0,17.0,12.0,1.0,3.0,0.0,0.0
Hoffenheim,Werder Bremen,D1,2012,02/12/12,A,1,4,0.0,2.0,A,9.0,12.0,3.0,6.0,3.0,5.0,18.0,14.0,3.0,1.0,0.0,0.0
Wolfsburg,Hamburg,D1,2012,02/12/12,D,1,1,0.0,1.0,A,22.0,9.0,5.0,3.0,10.0,5.0,13.0,17.0,1.0,3.0,0.0,0.0
Hamburg,Hoffenheim,D1,2012,07/12/12,H,2,0,1.0,0.0,H,10.0,14.0,4.0,3.0,1.0,3.0,16.0,9.0,1.0,1.0,0.0,0.0
Augsburg,Bayern Munich,D1,2012,08/12/12,A,0,2,0.0,1.0,A,14.0,18.0,3.0,6.0,4.0,3.0,11.0,11.0,0.0,0.0,0.0,0.0
Dortmund,Wolfsburg,D1,2012,08/12/12,A,2,3,1.0,2.0,A,20.0,6.0,10.0,4.0,8.0,4.0,13.0,19.0,3.0,3.0,1.0,0.0
Ein Frankfurt,Werder Bremen,D1,2012,08/12/12,H,4,1,0.0,0.0,D,18.0,12.0,7.0,6.0,3.0,4.0,17.0,21.0,4.0,2.0,0.0,0.0
Freiburg,Greuther Furth,D1,2012,08/12/12,H,1,0,1.0,0.0,H,11.0,9.0,3.0,1.0,3.0,2.0,16.0,21.0,2.0,4.0,0.0,0.0
Nurnberg,Fortuna Dusseldorf,D1,2012,08/12/12,H,2,0,1.0,0.0,H,13.0,8.0,5.0,1.0,2.0,4.0,15.0,19.0,1.0,6.0,0.0,0.0
Stuttgart,Schalke 04,D1,2012,08/12/12,H,3,1,2.0,1.0,H,13.0,13.0,7.0,3.0,4.0,8.0,24.0,17.0,4.0,1.0,1.0,1.0
Hannover,Leverkusen,D1,2012,09/12/12,H,3,2,1.0,1.0,D,8.0,13.0,5.0,4.0,4.0,3.0,11.0,15.0,0.0,3.0,0.0,0.0
M'gladbach,Mainz,D1,2012,09/12/12,H,2,0,0.0,0.0,D,10.0,14.0,2.0,4.0,2.0,6.0,11.0,12.0,2.0,2.0,0.0,0.0
Bayern Munich,M'gladbach,D1,2012,14/12/12,D,1,1,0.0,1.0,A,26.0,5.0,10.0,1.0,14.0,4.0,13.0,18.0,1.0,2.0,0.0,0.0
Fortuna Dusseldorf,Hannover,D1,2012,15/12/12,H,2,1,1.0,0.0,H,10.0,13.0,5.0,5.0,5.0,3.0,10.0,16.0,2.0,3.0,0.0,0.0
Greuther Furth,Augsburg,D1,2012,15/12/12,D,1,1,0.0,1.0,A,12.0,7.0,7.0,5.0,4.0,3.0,18.0,25.0,0.0,4.0,1.0,1.0
Leverkusen,Hamburg,D1,2012,15/12/12,H,3,0,2.0,0.0,H,18.0,16.0,6.0,4.0,6.0,7.0,10.0,14.0,1.0,2.0,0.0,0.0
Mainz,Stuttgart,D1,2012,15/12/12,H,3,1,0.0,0.0,D,16.0,7.0,10.0,2.0,4.0,5.0,16.0,17.0,3.0,2.0,0.0,0.0
Schalke 04,Freiburg,D1,2012,15/12/12,A,1,3,1.0,2.0,A,16.0,15.0,4.0,5.0,11.0,6.0,17.0,12.0,1.0,0.0,1.0,1.0
Wolfsburg,Ein Frankfurt,D1,2012,15/12/12,A,0,2,0.0,2.0,A,7.0,18.0,3.0,6.0,3.0,7.0,23.0,15.0,2.0,1.0,1.0,0.0
Hoffenheim,Dortmund,D1,2012,16/12/12,A,1,3,1.0,1.0,D,9.0,17.0,1.0,9.0,1.0,4.0,19.0,18.0,1.0,0.0,0.0,0.0
Werder Bremen,Nurnberg,D1,2012,16/12/12,D,1,1,0.0,0.0,D,26.0,9.0,7.0,5.0,9.0,1.0,15.0,19.0,1.0,4.0,0.0,0.0
Schalke 04,Hannover,D1,2012,18/01/13,H,5,4,1.0,0.0,H,14.0,9.0,8.0,4.0,6.0,3.0,17.0,13.0,4.0,4.0,0.0,0.0
Bayern Munich,Greuther Furth,D1,2012,19/01/13,H,2,0,1.0,0.0,H,22.0,5.0,5.0,1.0,17.0,0.0,12.0,10.0,1.0,1.0,0.0,0.0
Hoffenheim,M'gladbach,D1,2012,19/01/13,D,0,0,0.0,0.0,D,17.0,12.0,3.0,1.0,8.0,4.0,11.0,18.0,3.0,2.0,0.0,0.0
Leverkusen,Ein Frankfurt,D1,2012,19/01/13,H,3,1,2.0,0.0,H,22.0,11.0,6.0,1.0,9.0,2.0,21.0,15.0,1.0,2.0,0.0,0.0
Mainz,Freiburg,D1,2012,19/01/13,D,0,0,0.0,0.0,D,7.0,12.0,3.0,1.0,1.0,5.0,16.0,22.0,2.0,2.0,1.0,0.0
Werder Bremen,Dortmund,D1,2012,19/01/13,A,0,5,0.0,2.0,A,8.0,15.0,3.0,9.0,4.0,3.0,17.0,11.0,0.0,2.0,0.0,0.0
Wolfsburg,Stuttgart,D1,2012,19/01/13,H,2,0,0.0,0.0,D,7.0,21.0,2.0,5.0,3.0,8.0,17.0,11.0,0.0,2.0,0.0,0.0
Fortuna Dusseldorf,Augsburg,D1,2012,20/01/13,A,2,3,0.0,2.0,A,15.0,23.0,4.0,12.0,6.0,9.0,9.0,25.0,1.0,4.0,0.0,0.0
Nurnberg,Hamburg,D1,2012,20/01/13,D,1,1,0.0,0.0,D,8.0,10.0,3.0,3.0,2.0,5.0,10.0,20.0,2.0,3.0,0.0,0.0
Dortmund,Nurnberg,D1,2012,25/01/13,H,3,0,2.0,0.0,H,19.0,7.0,9.0,4.0,3.0,3.0,13.0,8.0,0.0,0.0,0.0,0.0
Augsburg,Schalke 04,D1,2012,26/01/13,D,0,0,0.0,0.0,D,14.0,11.0,4.0,4.0,4.0,4.0,14.0,22.0,1.0,4.0,0.0,0.0
Ein Frankfurt,Hoffenheim,D1,2012,26/01/13,H,2,1,1.0,0.0,H,16.0,12.0,6.0,5.0,7.0,6.0,19.0,21.0,3.0,3.0,0.0,0.0
Freiburg,Leverkusen,D1,2012,26/01/13,D,0,0,0.0,0.0,D,13.0,15.0,4.0,2.0,3.0,2.0,12.0,17.0,1.0,2.0,0.0,0.0
Greuther Furth,Mainz,D1,2012,26/01/13,A,0,3,0.0,0.0,D,10.0,11.0,4.0,8.0,7.0,2.0,18.0,20.0,1.0,3.0,0.0,0.0
Hannover,Wolfsburg,D1,2012,26/01/13,H,2,1,2.0,0.0,H,5.0,25.0,3.0,10.0,3.0,5.0,15.0,13.0,3.0,2.0,1.0,0.0
M'gladbach,Fortuna Dusseldorf,D1,2012,26/01/13,H,2,1,2.0,0.0,H,9.0,14.0,4.0,3.0,5.0,3.0,17.0,16.0,1.0,0.0,0.0,0.0
Hamburg,Werder Bremen,D1,2012,27/01/13,H,3,2,1.0,1.0,D,9.0,14.0,4.0,6.0,3.0,7.0,19.0,16.0,2.0,2.0,0.0,2.0
Stuttgart,Bayern Munich,D1,2012,27/01/13,A,0,2,0.0,0.0,D,5.0,13.0,2.0,4.0,0.0,6.0,26.0,17.0,2.0,1.0,1.0,0.0
Werder Bremen,Hannover,D1,2012,01/02/13,H,2,0,0.0,0.0,D,30.0,6.0,14.0,3.0,10.0,0.0,10.0,9.0,0.0,3.0,0.0,0.0
Fortuna Dusseldorf,Stuttgart,D1,2012,02/02/13,H,3,1,2.0,0.0,H,12.0,7.0,5.0,4.0,3.0,5.0,13.0,18.0,2.0,3.0,0.0,0.0
Hamburg,Ein Frankfurt,D1,2012,02/02/13,A,0,2,0.0,2.0,A,23.0,16.0,10.0,5.0,7.0,6.0,19.0,11.0,3.0,1.0,0.0,0.0
Hoffenheim,Freiburg,D1,2012,02/02/13,H,2,1,2.0,1.0,H,9.0,9.0,3.0,5.0,3.0,6.0,23.0,15.0,3.0,2.0,0.0,0.0
Mainz,Bayern Munich,D1,2012,02/02/13,A,0,3,0.0,1.0,A,10.0,10.0,0.0,6.0,6.0,4.0,15.0,10.0,3.0,0.0,0.0,0.0
Schalke 04,Greuther Furth,D1,2012,02/02/13,A,1,2,0.0,0.0,D,25.0,9.0,4.0,5.0,10.0,1.0,15.0,19.0,1.0,4.0,0.0,0.0
Wolfsburg,Augsburg,D1,2012,02/02/13,D,1,1,1.0,1.0,D,10.0,10.0,6.0,4.0,11.0,2.0,15.0,17.0,2.0,3.0,0.0,0.0
Leverkusen,Dortmund,D1,2012,03/02/13,A,2,3,0.0,2.0,A,27.0,12.0,8.0,7.0,12.0,4.0,21.0,16.0,5.0,1.0,0.0,0.0
Nurnberg,M'gladbach,D1,2012,03/02/13,H,2,1,2.0,0.0,H,10.0,12.0,5.0,6.0,5.0,5.0,24.0,20.0,2.0,3.0,0.0,0.0
Bayern Munich,Schalke 04,D1,2012,09/02/13,H,4,0,2.0,0.0,H,15.0,4.0,6.0,0.0,10.0,3.0,10.0,11.0,0.0,1.0,0.0,0.0
Dortmund,Hamburg,D1,2012,09/02/13,A,1,4,1.0,2.0,A,21.0,13.0,7.0,5.0,8.0,5.0,14.0,19.0,1.0,2.0,1.0,1.0
Ein Frankfurt,Nurnberg,D1,2012,09/02/13,D,0,0,0.0,0.0,D,9.0,11.0,2.0,6.0,5.0,6.0,17.0,20.0,2.0,3.0,0.0,0.0
Greuther Furth,Wolfsburg,D1,2012,09/02/13,A,0,1,0.0,1.0,A,16.0,10.0,3.0,2.0,10.0,5.0,22.0,23.0,3.0,3.0,0.0,0.0
Hannover,Hoffenheim,D1,2012,09/02/13,H,1,0,1.0,0.0,H,7.0,16.0,3.0,9.0,5.0,10.0,21.0,20.0,2.0,2.0,0.0,0.0
M'gladbach,Leverkusen,D1,2012,09/02/13,D,3,3,1.0,0.0,H,10.0,23.0,5.0,10.0,5.0,11.0,12.0,11.0,0.0,1.0,0.0,0.0
Stuttgart,Werder Bremen,D1,2012,09/02/13,A,1,4,0.0,1.0,A,9.0,18.0,3.0,7.0,4.0,4.0,21.0,19.0,3.0,1.0,0.0,0.0
Augsburg,Mainz,D1,2012,10/02/13,D,1,1,0.0,1.0,A,19.0,9.0,7.0,3.0,9.0,2.0,17.0,11.0,2.0,2.0,0.0,1.0
Freiburg,Fortuna Dusseldorf,D1,2012,10/02/13,H,1,0,0.0,0.0,D,15.0,11.0,3.0,4.0,6.0,3.0,17.0,15.0,1.0,3.0,0.0,0.0
Wolfsburg,Bayern Munich,D1,2012,15/02/13,A,0,2,0.0,1.0,A,8.0,7.0,1.0,3.0,3.0,2.0,26.0,18.0,5.0,2.0,0.0,0.0
Dortmund,Ein Frankfurt,D1,2012,16/02/13,H,3,0,2.0,0.0,H,9.0,7.0,5.0,1.0,3.0,4.0,17.0,18.0,4.0,3.0,1.0,0.0
Fortuna Dusseldorf,Greuther Furth,D1,2012,16/02/13,H,1,0,1.0,0.0,H,13.0,3.0,8.0,1.0,5.0,4.0,20.0,28.0,2.0,4.0,0.0,1.0
Hamburg,M'gladbach,D1,2012,16/02/13,H,1,0,1.0,0.0,H,6.0,5.0,2.0,1.0,3.0,3.0,18.0,17.0,1.0,1.0,0.0,0.0
Leverkusen,Augsburg,D1,2012,16/02/13,H,2,1,1.0,0.0,H,13.0,12.0,5.0,4.0,4.0,3.0,11.0,14.0,0.0,0.0,0.0,0.0
Mainz,Schalke 04,D1,2012,16/02/13,D,2,2,1.0,1.0,D,14.0,9.0,5.0,5.0,4.0,4.0,10.0,16.0,1.0,3.0,0.0,0.0
Werder Bremen,Freiburg,D1,2012,16/02/13,A,2,3,1.0,1.0,D,9.0,14.0,5.0,12.0,6.0,5.0,23.0,16.0,0.0,1.0,0.0,0.0
Hoffenheim,Stuttgart,D1,2012,17/02/13,A,0,1,0.0,1.0,A,8.0,7.0,3.0,3.0,1.0,1.0,13.0,17.0,2.0,6.0,0.0,0.0
Nurnberg,Hannover,D1,2012,17/02/13,D,2,2,0.0,1.0,A,10.0,9.0,5.0,6.0,4.0,1.0,11.0,18.0,0.0,2.0,0.0,0.0
Freiburg,Ein Frankfurt,D1,2012,22/02/13,D,0,0,0.0,0.0,D,8.0,8.0,5.0,1.0,3.0,1.0,13.0,10.0,1.0,3.0,0.0,0.0
Augsburg,Hoffenheim,D1,2012,23/02/13,H,2,1,1.0,0.0,H,20.0,7.0,3.0,2.0,3.0,1.0,17.0,24.0,1.0,5.0,0.0,0.0
Bayern Munich,Werder Bremen,D1,2012,23/02/13,H,6,1,2.0,0.0,H,14.0,11.0,8.0,4.0,7.0,4.0,6.0,13.0,0.0,2.0,0.0,1.0
Hannover,Hamburg,D1,2012,23/02/13,H,5,1,3.0,1.0,H,13.0,23.0,6.0,12.0,4.0,6.0,16.0,13.0,1.0,0.0,0.0,0.0
Mainz,Wolfsburg,D1,2012,23/02/13,D,1,1,1.0,1.0,D,13.0,5.0,2.0,3.0,4.0,4.0,22.0,12.0,1.0,2.0,0.0,1.0
Schalke 04,Fortuna Dusseldorf,D1,2012,23/02/13,H,2,1,1.0,0.0,H,18.0,5.0,7.0,1.0,4.0,3.0,18.0,17.0,1.0,2.0,0.0,0.0
Stuttgart,Nurnberg,D1,2012,23/02/13,D,1,1,0.0,0.0,D,15.0,10.0,8.0,2.0,8.0,4.0,13.0,17.0,1.0,3.0,0.0,0.0
Greuther Furth,Leverkusen,D1,2012,24/02/13,D,0,0,0.0,0.0,D,10.0,22.0,4.0,11.0,4.0,10.0,17.0,12.0,2.0,1.0,0.0,0.0
M'gladbach,Dortmund,D1,2012,24/02/13,D,1,1,0.0,1.0,A,6.0,15.0,3.0,4.0,3.0,7.0,16.0,9.0,3.0,1.0,0.0,0.0
Ein Frankfurt,M'gladbach,D1,2012,01/03/13,A,0,1,0.0,1.0,A,14.0,11.0,2.0,2.0,8.0,5.0,13.0,17.0,4.0,2.0,0.0,0.0
Dortmund,Hannover,D1,2012,02/03/13,H,3,1,2.0,1.0,H,23.0,6.0,6.0,2.0,2.0,3.0,19.0,19.0,0.0,2.0,0.0,0.0
Hamburg,Greuther Furth,D1,2012,02/03/13,D,1,1,1.0,1.0,D,18.0,6.0,8.0,2.0,5.0,1.0,11.0,9.0,1.0,1.0,0.0,0.0
Leverkusen,Stuttgart,D1,2012,02/03/13,H,2,1,0.0,1.0,A,30.0,5.0,8.0,4.0,6.0,0.0,13.0,16.0,3.0,2.0,0.0,0.0
Nurnberg,Freiburg,D1,2012,02/03/13,D,1,1,1.0,0.0,H,11.0,14.0,4.0,4.0,4.0,7.0,29.0,14.0,2.0,2.0,0.0,0.0
Werder Bremen,Augsburg,D1,2012,02/03/13,A,0,1,0.0,1.0,A,16.0,12.0,3.0,5.0,11.0,5.0,18.0,21.0,3.0,5.0,0.0,0.0
Wolfsburg,Schalke 04,D1,2012,02/03/13,A,1,4,0.0,1.0,A,8.0,13.0,4.0,7.0,4.0,5.0,6.0,16.0,1.0,1.0,0.0,0.0
Fortuna Dusseldorf,Mainz,D1,2012,03/03/13,D,1,1,1.0,1.0,D,13.0,5.0,3.0,3.0,7.0,3.0,13.0,14.0,3.0,2.0,0.0,0.0
Hoffenheim,Bayern Munich,D1,2012,03/03/13,A,0,1,0.0,1.0,A,9.0,19.0,3.0,7.0,4.0,8.0,24.0,12.0,3.0,1.0,0.0,0.0
Augsburg,Nurnberg,D1,2012,08/03/13,A,1,2,1.0,1.0,D,12.0,6.0,3.0,2.0,3.0,2.0,24.0,21.0,4.0,2.0,0.0,0.0
Bayern Munich,Fortuna Dusseldorf,D1,2012,09/03/13,H,3,2,1.0,1.0,D,22.0,4.0,11.0,2.0,12.0,1.0,12.0,18.0,1.0,2.0,0.0,0.0
Freiburg,Wolfsburg,D1,2012,09/03/13,A,2,5,1.0,3.0,A,16.0,14.0,6.0,10.0,9.0,3.0,11.0,23.0,2.0,4.0,0.0,0.0
Greuther Furth,Hoffenheim,D1,2012,09/03/13,A,0,3,0.0,2.0,A,12.0,12.0,4.0,5.0,3.0,4.0,17.0,20.0,2.0,2.0,0.0,0.0
Mainz,Leverkusen,D1,2012,09/03/13,H,1,0,0.0,0.0,D,8.0,16.0,1.0,4.0,4.0,5.0,13.0,14.0,3.0,2.0,0.0,0.0
M'gladbach,Werder Bremen,D1,2012,09/03/13,D,1,1,0.0,0.0,D,10.0,16.0,5.0,4.0,9.0,11.0,8.0,11.0,1.0,0.0,0.0,0.0
Schalke 04,Dortmund,D1,2012,09/03/13,H,2,1,2.0,0.0,H,20.0,16.0,10.0,3.0,3.0,2.0,16.0,13.0,3.0,0.0,0.0,0.0
Hannover,Ein Frankfurt,D1,2012,10/03/13,D,0,0,0.0,0.0,D,7.0,11.0,3.0,2.0,5.0,7.0,18.0,13.0,2.0,0.0,0.0,0.0
Stuttgart,Hamburg,D1,2012,10/03/13,A,0,1,0.0,0.0,D,13.0,12.0,7.0,3.0,8.0,5.0,15.0,23.0,2.0,1.0,0.0,0.0
Wolfsburg,Fortuna Dusseldorf,D1,2012,15/03/13,D,1,1,0.0,1.0,A,18.0,9.0,6.0,3.0,7.0,1.0,13.0,14.0,2.0,2.0,0.0,0.0
Dortmund,Freiburg,D1,2012,16/03/13,H,5,1,3.0,1.0,H,21.0,6.0,11.0,2.0,4.0,1.0,16.0,18.0,1.0,2.0,0.0,0.0
Hamburg,Augsburg,D1,2012,16/03/13,A,0,1,0.0,1.0,A,17.0,6.0,5.0,1.0,10.0,3.0,20.0,17.0,2.0,2.0,1.0,0.0
Hoffenheim,Mainz,D1,2012,16/03/13,D,0,0,0.0,0.0,D,12.0,7.0,3.0,2.0,5.0,7.0,14.0,19.0,2.0,1.0,0.0,0.0
Leverkusen,Bayern Munich,D1,2012,16/03/13,A,1,2,0.0,1.0,A,13.0,15.0,2.0,2.0,15.0,7.0,16.0,15.0,3.0,1.0,0.0,0.0
Nurnberg,Schalke 04,D1,2012,16/03/13,H,3,0,1.0,0.0,H,12.0,15.0,8.0,5.0,6.0,4.0,11.0,11.0,0.0,1.0,0.0,0.0
Werder Bremen,Greuther Furth,D1,2012,16/03/13,D,2,2,0.0,0.0,D,18.0,9.0,8.0,3.0,9.0,4.0,11.0,23.0,0.0,2.0,0.0,0.0
Ein Frankfurt,Stuttgart,D1,2012,17/03/13,A,1,2,1.0,0.0,H,14.0,12.0,4.0,3.0,8.0,4.0,17.0,13.0,1.0,2.0,0.0,0.0
M'gladbach,Hannover,D1,2012,17/03/13,H,1,0,1.0,0.0,H,11.0,14.0,4.0,5.0,6.0,3.0,7.0,7.0,1.0,4.0,0.0,1.0
Augsburg,Hannover,D1,2012,30/03/13,A,0,2,0.0,0.0,D,23.0,10.0,5.0,2.0,14.0,1.0,10.0,17.0,0.0,5.0,0.0,0.0
Bayern Munich,Hamburg,D1,2012,30/03/13,H,9,2,5.0,0.0,H,25.0,10.0,15.0,8.0,7.0,3.0,6.0,14.0,0.0,0.0,0.0,0.0
Fortuna Dusseldorf,Leverkusen,D1,2012,30/03/13,A,1,4,1.0,1.0,D,12.0,14.0,3.0,4.0,4.0,1.0,11.0,20.0,3.0,2.0,0.0,0.0
Freiburg,M'gladbach,D1,2012,30/03/13,H,2,0,0.0,0.0,D,13.0,6.0,6.0,2.0,9.0,2.0,14.0,15.0,1.0,2.0,0.0,0.0
Mainz,Werder Bremen,D1,2012,30/03/13,D,1,1,1.0,0.0,H,10.0,13.0,5.0,6.0,4.0,9.0,15.0,15.0,3.0,2.0,0.0,0.0
Schalke 04,Hoffenheim,D1,2012,30/03/13,H,3,0,0.0,0.0,D,14.0,5.0,5.0,1.0,3.0,3.0,13.0,15.0,1.0,2.0,0.0,0.0
Stuttgart,Dortmund,D1,2012,30/03/13,A,1,2,0.0,1.0,A,11.0,15.0,5.0,6.0,3.0,8.0,17.0,15.0,2.0,2.0,1.0,0.0
Greuther Furth,Ein Frankfurt,D1,2012,31/03/13,A,2,3,1.0,1.0,D,14.0,11.0,5.0,4.0,9.0,3.0,17.0,10.0,1.0,0.0,0.0,0.0
Wolfsburg,Nurnberg,D1,2012,31/03/13,D,2,2,2.0,0.0,H,9.0,18.0,4.0,6.0,7.0,5.0,20.0,18.0,3.0,0.0,0.0,0.0
Hoffenheim,Fortuna Dusseldorf,D1,2012,05/04/13,H,3,0,1.0,0.0,H,17.0,15.0,8.0,4.0,3.0,3.0,23.0,16.0,3.0,3.0,0.0,0.0
Dortmund,Augsburg,D1,2012,06/04/13,H,4,2,1.0,2.0,A,13.0,12.0,7.0,8.0,4.0,7.0,12.0,21.0,1.0,4.0,0.0,0.0
Ein Frankfurt,Bayern Munich,D1,2012,06/04/13,A,0,1,0.0,0.0,D,13.0,15.0,4.0,5.0,7.0,9.0,16.0,11.0,1.0,2.0,0.0,0.0
Hamburg,Freiburg,D1,2012,06/04/13,A,0,1,0.0,0.0,D,13.0,8.0,5.0,3.0,6.0,1.0,15.0,12.0,2.0,0.0,0.0,0.0
Leverkusen,Wolfsburg,D1,2012,06/04/13,D,1,1,1.0,0.0,H,14.0,11.0,7.0,2.0,5.0,4.0,15.0,13.0,2.0,3.0,0.0,0.0
M'gladbach,Greuther Furth,D1,2012,06/04/13,H,1,0,0.0,0.0,D,19.0,20.0,6.0,8.0,2.0,6.0,10.0,16.0,0.0,2.0,0.0,1.0
Werder Bremen,Schalke 04,D1,2012,06/04/13,A,0,2,0.0,0.0,D,9.0,17.0,5.0,9.0,9.0,5.0,14.0,17.0,1.0,1.0,0.0,0.0
Hannover,Stuttgart,D1,2012,07/04/13,D,0,0,0.0,0.0,D,13.0,14.0,1.0,6.0,6.0,6.0,22.0,9.0,0.0,0.0,0.0,0.0
Nurnberg,Mainz,D1,2012,07/04/13,H,2,1,0.0,0.0,D,5.0,12.0,4.0,3.0,2.0,6.0,16.0,12.0,2.0,1.0,0.0,0.0
Freiburg,Hannover,D1,2012,12/04/13,H,3,1,2.0,1.0,H,15.0,10.0,5.0,3.0,6.0,4.0,13.0,23.0,1.0,2.0,0.0,0.0
Bayern Munich,Nurnberg,D1,2012,13/04/13,H,4,0,3.0,0.0,H,21.0,9.0,10.0,4.0,12.0,4.0,11.0,14.0,1.0,2.0,0.0,0.0
Fortuna Dusseldorf,Werder Bremen,D1,2012,13/04/13,D,2,2,1.0,1.0,D,8.0,16.0,3.0,4.0,3.0,1.0,20.0,24.0,1.0,3.0,0.0,0.0
Greuther Furth,Dortmund,D1,2012,13/04/13,A,1,6,0.0,5.0,A,9.0,15.0,3.0,9.0,1.0,5.0,12.0,11.0,0.0,1.0,0.0,0.0
Mainz,Hamburg,D1,2012,13/04/13,A,1,2,0.0,0.0,D,12.0,12.0,2.0,4.0,2.0,1.0,15.0,16.0,2.0,1.0,0.0,0.0
Schalke 04,Leverkusen,D1,2012,13/04/13,D,2,2,0.0,1.0,A,16.0,18.0,9.0,8.0,7.0,7.0,11.0,14.0,2.0,3.0,0.0,1.0
Wolfsburg,Hoffenheim,D1,2012,13/04/13,D,2,2,1.0,1.0,D,13.0,10.0,5.0,5.0,2.0,4.0,24.0,24.0,2.0,1.0,0.0,0.0
Augsburg,Ein Frankfurt,D1,2012,14/04/13,H,2,0,1.0,0.0,H,19.0,8.0,4.0,3.0,5.0,3.0,12.0,18.0,3.0,2.0,0.0,0.0
Stuttgart,M'gladbach,D1,2012,14/04/13,H,2,0,2.0,0.0,H,16.0,10.0,5.0,2.0,4.0,3.0,14.0,9.0,0.0,0.0,0.0,0.0
M'gladbach,Augsburg,D1,2012,19/04/13,H,1,0,1.0,0.0,H,23.0,11.0,5.0,2.0,6.0,5.0,18.0,14.0,4.0,1.0,0.0,1.0
Dortmund,Mainz,D1,2012,20/04/13,H,2,0,1.0,0.0,H,22.0,5.0,7.0,0.0,8.0,4.0,12.0,16.0,3.0,3.0,0.0,0.0
Ein Frankfurt,Schalke 04,D1,2012,20/04/13,H,1,0,1.0,0.0,H,10.0,10.0,3.0,7.0,0.0,4.0,16.0,27.0,3.0,3.0,0.0,0.0
Hamburg,Fortuna Dusseldorf,D1,2012,20/04/13,H,2,1,2.0,1.0,H,17.0,12.0,4.0,5.0,5.0,3.0,21.0,19.0,2.0,3.0,0.0,0.0
Hannover,Bayern Munich,D1,2012,20/04/13,A,1,6,0.0,3.0,A,7.0,14.0,4.0,5.0,2.0,9.0,7.0,9.0,0.0,1.0,0.0,0.0
Leverkusen,Hoffenheim,D1,2012,20/04/13,H,5,0,2.0,0.0,H,22.0,5.0,9.0,2.0,5.0,1.0,11.0,9.0,1.0,0.0,0.0,1.0
Werder Bremen,Wolfsburg,D1,2012,20/04/13,A,0,3,0.0,2.0,A,8.0,8.0,3.0,5.0,6.0,3.0,18.0,16.0,3.0,1.0,0.0,0.0
Nurnberg,Greuther Furth,D1,2012,21/04/13,A,0,1,0.0,1.0,A,23.0,15.0,8.0,3.0,14.0,4.0,12.0,25.0,4.0,5.0,0.0,0.0
Stuttgart,Freiburg,D1,2012,21/04/13,H,2,1,2.0,0.0,H,15.0,11.0,7.0,3.0,3.0,6.0,14.0,15.0,0.0,3.0,0.0,0.0
Greuther Furth,Hannover,D1,2012,26/04/13,A,2,3,1.0,1.0,D,20.0,8.0,8.0,4.0,6.0,5.0,13.0,13.0,1.0,5.0,0.0,0.0
Augsburg,Stuttgart,D1,2012,27/04/13,H,3,0,0.0,0.0,D,22.0,7.0,7.0,3.0,9.0,4.0,15.0,13.0,4.0,4.0,0.0,0.0
Bayern Munich,Freiburg,D1,2012,27/04/13,H,1,0,1.0,0.0,H,16.0,8.0,4.0,2.0,5.0,3.0,9.0,17.0,1.0,1.0,0.0,0.0
Fortuna Dusseldorf,Dortmund,D1,2012,27/04/13,A,1,2,0.0,1.0,A,8.0,9.0,3.0,6.0,6.0,3.0,15.0,11.0,5.0,2.0,0.0,0.0
Hoffenheim,Nurnberg,D1,2012,27/04/13,H,2,1,2.0,0.0,H,23.0,8.0,11.0,2.0,4.0,3.0,13.0,21.0,2.0,2.0,0.0,0.0
Leverkusen,Werder Bremen,D1,2012,27/04/13,H,1,0,1.0,0.0,H,8.0,11.0,2.0,4.0,7.0,6.0,22.0,18.0,1.0,2.0,0.0,0.0
Wolfsburg,M'gladbach,D1,2012,27/04/13,H,3,1,1.0,0.0,H,17.0,6.0,5.0,4.0,5.0,3.0,5.0,14.0,0.0,1.0,0.0,0.0
Mainz,Ein Frankfurt,D1,2012,28/04/13,D,0,0,0.0,0.0,D,14.0,8.0,2.0,3.0,7.0,7.0,14.0,15.0,0.0,2.0,0.0,0.0
Schalke 04,Hamburg,D1,2012,28/04/13,H,4,1,2.0,1.0,H,20.0,9.0,10.0,1.0,6.0,3.0,14.0,10.0,1.0,3.0,0.0,0.0
M'gladbach,Schalke 04,D1,2012,03/05/13,A,0,1,0.0,0.0,D,12.0,15.0,0.0,5.0,6.0,8.0,14.0,22.0,2.0,3.0,0.0,0.0
Dortmund,Bayern Munich,D1,2012,04/05/13,D,1,1,1.0,1.0,D,11.0,6.0,3.0,2.0,6.0,1.0,18.0,15.0,1.0,4.0,0.0,1.0
Ein Frankfurt,Fortuna Dusseldorf,D1,2012,04/05/13,H,3,1,1.0,0.0,H,17.0,6.0,7.0,2.0,5.0,7.0,18.0,15.0,1.0,2.0,0.0,0.0
Hannover,Mainz,D1,2012,04/05/13,D,2,2,1.0,1.0,D,13.0,10.0,5.0,6.0,2.0,2.0,19.0,13.0,1.0,2.0,1.0,0.0
Nurnberg,Leverkusen,D1,2012,04/05/13,A,0,2,0.0,1.0,A,16.0,20.0,3.0,2.0,14.0,8.0,12.0,16.0,2.0,1.0,0.0,0.0
Stuttgart,Greuther Furth,D1,2012,04/05/13,A,0,2,0.0,0.0,D,14.0,10.0,4.0,4.0,5.0,2.0,17.0,23.0,1.0,2.0,1.0,0.0
Werder Bremen,Hoffenheim,D1,2012,04/05/13,D,2,2,2.0,0.0,H,18.0,13.0,3.0,5.0,4.0,2.0,23.0,15.0,3.0,3.0,0.0,0.0
Freiburg,Augsburg,D1,2012,05/05/13,H,2,0,1.0,0.0,H,17.0,19.0,10.0,6.0,5.0,8.0,15.0,19.0,3.0,2.0,0.0,0.0
Hamburg,Wolfsburg,D1,2012,05/05/13,D,1,1,1.0,0.0,H,15.0,19.0,8.0,8.0,4.0,9.0,16.0,19.0,3.0,2.0,0.0,0.0
Bayern Munich,Augsburg,D1,2012,11/05/13,H,3,0,0.0,0.0,D,15.0,6.0,7.0,3.0,9.0,2.0,10.0,13.0,0.0,1.0,0.0,0.0
Fortuna Dusseldorf,Nurnberg,D1,2012,11/05/13,A,1,2,1.0,0.0,H,6.0,13.0,2.0,4.0,1.0,5.0,19.0,19.0,4.0,1.0,0.0,0.0
Greuther Furth,Freiburg,D1,2012,11/05/13,A,1,2,1.0,0.0,H,18.0,15.0,6.0,5.0,5.0,8.0,20.0,16.0,0.0,2.0,0.0,0.0
Hoffenheim,Hamburg,D1,2012,11/05/13,A,1,4,0.0,2.0,A,18.0,15.0,5.0,5.0,5.0,1.0,20.0,20.0,0.0,1.0,0.0,0.0
Leverkusen,Hannover,D1,2012,11/05/13,H,3,1,2.0,0.0,H,22.0,11.0,12.0,3.0,3.0,6.0,14.0,10.0,1.0,1.0,0.0,0.0
Mainz,M'gladbach,D1,2012,11/05/13,A,2,4,1.0,1.0,D,10.0,17.0,4.0,6.0,3.0,3.0,10.0,12.0,1.0,0.0,0.0,0.0
Schalke 04,Stuttgart,D1,2012,11/05/13,A,1,2,0.0,1.0,A,19.0,8.0,4.0,4.0,3.0,1.0,12.0,20.0,0.0,2.0,0.0,0.0
Werder Bremen,Ein Frankfurt,D1,2012,11/05/13,D,1,1,1.0,0.0,H,15.0,10.0,3.0,2.0,8.0,3.0,10.0,11.0,1.0,1.0,0.0,0.0
Wolfsburg,Dortmund,D1,2012,11/05/13,D,3,3,3.0,1.0,H,10.0,10.0,3.0,4.0,7.0,4.0,23.0,12.0,1.0,2.0,0.0,0.0
Augsburg,Greuther Furth,D1,2012,18/05/13,H,3,1,1.0,0.0,H,16.0,6.0,5.0,2.0,8.0,3.0,19.0,22.0,2.0,3.0,0.0,0.0
Dortmund,Hoffenheim,D1,2012,18/05/13,A,1,2,1.0,0.0,H,21.0,9.0,8.0,5.0,3.0,0.0,13.0,20.0,1.0,4.0,1.0,0.0
Ein Frankfurt,Wolfsburg,D1,2012,18/05/13,D,2,2,1.0,2.0,A,11.0,14.0,3.0,4.0,6.0,9.0,18.0,13.0,3.0,1.0,0.0,1.0
Freiburg,Schalke 04,D1,2012,18/05/13,A,1,2,0.0,1.0,A,14.0,12.0,3.0,3.0,5.0,2.0,16.0,14.0,2.0,1.0,0.0,0.0
Hamburg,Leverkusen,D1,2012,18/05/13,A,0,1,0.0,0.0,D,13.0,15.0,1.0,7.0,2.0,6.0,17.0,13.0,4.0,2.0,0.0,0.0
Hannover,Fortuna Dusseldorf,D1,2012,18/05/13,H,3,0,1.0,0.0,H,15.0,13.0,6.0,2.0,7.0,4.0,15.0,14.0,1.0,3.0,0.0,0.0
M'gladbach,Bayern Munich,D1,2012,18/05/13,A,3,4,3.0,2.0,H,11.0,26.0,5.0,13.0,1.0,10.0,7.0,7.0,0.0,0.0,0.0,0.0
Nurnberg,Werder Bremen,D1,2012,18/05/13,H,3,2,0.0,1.0,A,16.0,18.0,5.0,4.0,3.0,2.0,16.0,12.0,2.0,0.0,0.0,0.0
Stuttgart,Mainz,D1,2012,18/05/13,D,2,2,2.0,2.0,D,10.0,15.0,3.0,3.0,5.0,5.0,17.0,13.0,2.0,0.0,0.0,0.0
Bayern Munich,M'gladbach,D1,2013,09/08/13,H,3,1,2.0,1.0,H,26.0,11.0,9.0,4.0,6.0,4.0,12.0,11.0,1.0,3.0,0.0,0.0
Augsburg,Dortmund,D1,2013,10/08/13,A,0,4,0.0,1.0,A,11.0,13.0,4.0,9.0,5.0,6.0,18.0,12.0,2.0,0.0,0.0,0.0
Braunschweig,Werder Bremen,D1,2013,10/08/13,A,0,1,0.0,0.0,D,13.0,12.0,3.0,4.0,2.0,7.0,10.0,18.0,1.0,0.0,0.0,0.0
Hannover,Wolfsburg,D1,2013,10/08/13,H,2,0,1.0,0.0,H,20.0,15.0,8.0,4.0,7.0,2.0,28.0,11.0,4.0,0.0,0.0,2.0
Hertha,Ein Frankfurt,D1,2013,10/08/13,H,6,1,2.0,1.0,H,16.0,10.0,9.0,4.0,5.0,4.0,19.0,18.0,0.0,2.0,0.0,0.0
Hoffenheim,Nurnberg,D1,2013,10/08/13,D,2,2,1.0,0.0,H,23.0,12.0,8.0,5.0,6.0,9.0,17.0,17.0,1.0,4.0,0.0,0.0
Leverkusen,Freiburg,D1,2013,10/08/13,H,3,1,1.0,1.0,D,18.0,8.0,6.0,3.0,5.0,2.0,11.0,16.0,2.0,2.0,0.0,0.0
Mainz,Stuttgart,D1,2013,11/08/13,H,3,2,1.0,1.0,D,9.0,15.0,7.0,10.0,2.0,8.0,15.0,13.0,2.0,4.0,0.0,0.0
Schalke 04,Hamburg,D1,2013,11/08/13,D,3,3,2.0,2.0,D,19.0,16.0,8.0,6.0,3.0,7.0,15.0,11.0,1.0,2.0,0.0,0.0
Ein Frankfurt,Bayern Munich,D1,2013,17/08/13,A,0,1,0.0,1.0,A,9.0,15.0,3.0,7.0,6.0,5.0,9.0,17.0,1.0,1.0,0.0,0.0
Freiburg,Mainz,D1,2013,17/08/13,A,1,2,0.0,0.0,D,9.0,12.0,3.0,8.0,2.0,4.0,17.0,7.0,0.0,3.0,0.0,0.0
Hamburg,Hoffenheim,D1,2013,17/08/13,A,1,5,1.0,1.0,D,8.0,18.0,4.0,7.0,2.0,4.0,15.0,22.0,2.0,2.0,0.0,0.0
M'gladbach,Hannover,D1,2013,17/08/13,H,3,0,1.0,0.0,H,17.0,16.0,8.0,4.0,1.0,3.0,9.0,19.0,1.0,4.0,0.0,0.0
Stuttgart,Leverkusen,D1,2013,17/08/13,A,0,1,0.0,1.0,A,17.0,13.0,3.0,3.0,10.0,3.0,13.0,15.0,3.0,2.0,0.0,0.0
Werder Bremen,Augsburg,D1,2013,17/08/13,H,1,0,1.0,0.0,H,5.0,20.0,2.0,4.0,3.0,7.0,16.0,14.0,3.0,4.0,0.0,0.0
Wolfsburg,Schalke 04,D1,2013,17/08/13,H,4,0,0.0,0.0,D,20.0,6.0,8.0,2.0,11.0,3.0,18.0,16.0,0.0,2.0,0.0,0.0
Dortmund,Braunschweig,D1,2013,18/08/13,H,2,1,0.0,0.0,D,24.0,8.0,6.0,3.0,4.0,3.0,8.0,12.0,0.0,1.0,0.0,0.0
Nurnberg,Hertha,D1,2013,18/08/13,D,2,2,1.0,0.0,H,11.0,12.0,5.0,5.0,4.0,5.0,16.0,17.0,5.0,2.0,0.0,0.0
Dortmund,Werder Bremen,D1,2013,23/08/13,H,1,0,0.0,0.0,D,32.0,7.0,8.0,1.0,7.0,2.0,14.0,13.0,0.0,0.0,0.0,0.0
Bayern Munich,Nurnberg,D1,2013,24/08/13,H,2,0,0.0,0.0,D,26.0,5.0,9.0,1.0,10.0,1.0,13.0,8.0,3.0,1.0,0.0,0.0
Hannover,Schalke 04,D1,2013,24/08/13,H,2,1,2.0,0.0,H,14.0,8.0,6.0,2.0,7.0,1.0,19.0,23.0,2.0,0.0,1.0,2.0
Hertha,Hamburg,D1,2013,24/08/13,H,1,0,0.0,0.0,D,16.0,15.0,5.0,7.0,6.0,9.0,16.0,18.0,1.0,4.0,0.0,0.0
Hoffenheim,Freiburg,D1,2013,24/08/13,D,3,3,2.0,2.0,D,13.0,11.0,5.0,6.0,2.0,4.0,15.0,22.0,1.0,3.0,1.0,3.0
Leverkusen,M'gladbach,D1,2013,24/08/13,H,4,2,2.0,0.0,H,19.0,10.0,11.0,3.0,7.0,3.0,10.0,14.0,0.0,1.0,0.0,0.0
Mainz,Wolfsburg,D1,2013,24/08/13,H,2,0,0.0,0.0,D,12.0,16.0,4.0,6.0,2.0,5.0,16.0,15.0,3.0,1.0,0.0,1.0
Augsburg,Stuttgart,D1,2013,25/08/13,H,2,1,2.0,1.0,H,17.0,9.0,5.0,2.0,9.0,7.0,19.0,18.0,2.0,3.0,0.0,1.0
Braunschweig,Ein Frankfurt,D1,2013,25/08/13,A,0,2,0.0,0.0,D,9.0,20.0,4.0,4.0,2.0,8.0,12.0,18.0,2.0,1.0,0.0,0.0
Freiburg,Bayern Munich,D1,2013,27/08/13,D,1,1,0.0,1.0,A,8.0,17.0,3.0,8.0,3.0,6.0,17.0,10.0,2.0,1.0,0.0,0.0
Hamburg,Braunschweig,D1,2013,31/08/13,H,4,0,2.0,0.0,H,26.0,17.0,13.0,5.0,7.0,2.0,19.0,21.0,1.0,4.0,0.0,0.0
Hannover,Mainz,D1,2013,31/08/13,H,4,1,2.0,1.0,H,16.0,13.0,5.0,2.0,5.0,3.0,19.0,10.0,3.0,1.0,0.0,0.0
M'gladbach,Werder Bremen,D1,2013,31/08/13,H,4,1,1.0,0.0,H,20.0,10.0,8.0,2.0,1.0,5.0,13.0,13.0,3.0,0.0,0.0,0.0
Nurnberg,Augsburg,D1,2013,31/08/13,A,0,1,0.0,0.0,D,7.0,24.0,1.0,7.0,2.0,12.0,10.0,18.0,4.0,2.0,1.0,0.0
Schalke 04,Leverkusen,D1,2013,31/08/13,H,2,0,1.0,0.0,H,12.0,11.0,3.0,1.0,2.0,6.0,14.0,18.0,0.0,3.0,0.0,0.0
Wolfsburg,Hertha,D1,2013,31/08/13,H,2,0,2.0,0.0,H,18.0,8.0,6.0,4.0,2.0,2.0,16.0,15.0,1.0,2.0,0.0,0.0
Ein Frankfurt,Dortmund,D1,2013,01/09/13,A,1,2,1.0,1.0,D,17.0,16.0,4.0,8.0,8.0,6.0,6.0,19.0,1.0,2.0,0.0,0.0
Stuttgart,Hoffenheim,D1,2013,01/09/13,H,6,2,3.0,1.0,H,13.0,12.0,7.0,3.0,3.0,5.0,20.0,20.0,2.0,2.0,0.0,0.0
Hertha,Stuttgart,D1,2013,13/09/13,A,0,1,0.0,0.0,D,19.0,8.0,8.0,5.0,7.0,4.0,13.0,12.0,1.0,1.0,0.0,0.0
Augsburg,Freiburg,D1,2013,14/09/13,H,2,1,0.0,0.0,D,14.0,5.0,6.0,1.0,10.0,3.0,16.0,21.0,1.0,2.0,0.0,0.0
Bayern Munich,Hannover,D1,2013,14/09/13,H,2,0,0.0,0.0,D,18.0,13.0,8.0,2.0,13.0,4.0,14.0,12.0,3.0,3.0,0.0,0.0
Dortmund,Hamburg,D1,2013,14/09/13,H,6,2,2.0,1.0,H,32.0,4.0,14.0,2.0,7.0,2.0,11.0,19.0,0.0,4.0,0.0,0.0
Leverkusen,Wolfsburg,D1,2013,14/09/13,H,3,1,1.0,1.0,D,14.0,14.0,7.0,5.0,4.0,3.0,17.0,12.0,2.0,2.0,0.0,1.0
Mainz,Schalke 04,D1,2013,14/09/13,A,0,1,0.0,1.0,A,14.0,10.0,0.0,5.0,1.0,5.0,15.0,19.0,1.0,3.0,0.0,0.0
Werder Bremen,Ein Frankfurt,D1,2013,14/09/13,A,0,3,0.0,2.0,A,12.0,14.0,4.0,6.0,5.0,10.0,14.0,13.0,2.0,0.0,1.0,0.0
Braunschweig,Nurnberg,D1,2013,15/09/13,D,1,1,0.0,1.0,A,23.0,9.0,7.0,2.0,6.0,3.0,17.0,18.0,3.0,2.0,0.0,0.0
Hoffenheim,M'gladbach,D1,2013,15/09/13,H,2,1,1.0,0.0,H,10.0,16.0,4.0,3.0,2.0,3.0,16.0,7.0,3.0,2.0,0.0,0.0
M'gladbach,Braunschweig,D1,2013,20/09/13,H,4,1,2.0,0.0,H,13.0,12.0,7.0,3.0,0.0,1.0,11.0,12.0,1.0,2.0,0.0,1.0
Hamburg,Werder Bremen,D1,2013,21/09/13,A,0,2,0.0,1.0,A,19.0,16.0,7.0,6.0,4.0,6.0,15.0,18.0,2.0,4.0,0.0,0.0
Hannover,Augsburg,D1,2013,21/09/13,H,2,1,0.0,0.0,D,15.0,12.0,8.0,2.0,8.0,1.0,21.0,18.0,3.0,4.0,0.0,0.0
Mainz,Leverkusen,D1,2013,21/09/13,A,1,4,0.0,3.0,A,14.0,13.0,2.0,5.0,4.0,4.0,14.0,11.0,1.0,1.0,0.0,0.0
Nurnberg,Dortmund,D1,2013,21/09/13,D,1,1,0.0,1.0,A,10.0,18.0,3.0,6.0,3.0,9.0,7.0,12.0,1.0,2.0,0.0,0.0
Schalke 04,Bayern Munich,D1,2013,21/09/13,A,0,4,0.0,2.0,A,10.0,14.0,1.0,5.0,5.0,5.0,7.0,6.0,1.0,0.0,0.0,0.0
Wolfsburg,Hoffenheim,D1,2013,21/09/13,H,2,1,1.0,1.0,D,15.0,7.0,6.0,2.0,6.0,6.0,15.0,20.0,1.0,4.0,0.0,0.0
Freiburg,Hertha,D1,2013,22/09/13,D,1,1,1.0,1.0,D,8.0,8.0,2.0,4.0,9.0,2.0,22.0,12.0,2.0,4.0,0.0,0.0
Stuttgart,Ein Frankfurt,D1,2013,22/09/13,D,1,1,1.0,1.0,D,14.0,16.0,4.0,4.0,4.0,7.0,10.0,13.0,3.0,2.0,0.0,0.0
Augsburg,M'gladbach,D1,2013,27/09/13,D,2,2,1.0,1.0,D,20.0,8.0,5.0,3.0,3.0,3.0,9.0,13.0,2.0,3.0,0.0,0.0
Bayern Munich,Wolfsburg,D1,2013,28/09/13,H,1,0,0.0,0.0,D,11.0,4.0,4.0,2.0,8.0,2.0,12.0,24.0,2.0,1.0,0.0,0.0
Dortmund,Freiburg,D1,2013,28/09/13,H,5,0,2.0,0.0,H,27.0,2.0,13.0,2.0,10.0,0.0,13.0,11.0,0.0,1.0,0.0,1.0
Ein Frankfurt,Hamburg,D1,2013,28/09/13,D,2,2,1.0,1.0,D,9.0,11.0,5.0,3.0,9.0,6.0,21.0,16.0,2.0,1.0,0.0,0.0
Hertha,Mainz,D1,2013,28/09/13,H,3,1,0.0,1.0,A,9.0,7.0,4.0,5.0,5.0,5.0,27.0,20.0,1.0,4.0,0.0,0.0
Hoffenheim,Schalke 04,D1,2013,28/09/13,D,3,3,1.0,3.0,A,12.0,12.0,6.0,5.0,2.0,7.0,23.0,24.0,3.0,2.0,0.0,0.0
Leverkusen,Hannover,D1,2013,28/09/13,H,2,0,2.0,0.0,H,19.0,8.0,8.0,2.0,4.0,9.0,12.0,17.0,0.0,0.0,0.0,0.0
Braunschweig,Stuttgart,D1,2013,29/09/13,A,0,4,0.0,1.0,A,10.0,15.0,2.0,8.0,8.0,4.0,12.0,19.0,0.0,1.0,0.0,0.0
Werder Bremen,Nurnberg,D1,2013,29/09/13,D,3,3,2.0,1.0,H,15.0,17.0,7.0,8.0,4.0,4.0,16.0,9.0,2.0,2.0,0.0,0.0
Hannover,Hertha,D1,2013,04/10/13,D,1,1,1.0,0.0,H,14.0,10.0,5.0,2.0,8.0,9.0,18.0,21.0,3.0,3.0,0.0,0.0
Leverkusen,Bayern Munich,D1,2013,05/10/13,D,1,1,1.0,1.0,D,5.0,27.0,3.0,11.0,2.0,14.0,15.0,8.0,1.0,1.0,0.0,0.0
Mainz,Hoffenheim,D1,2013,05/10/13,D,2,2,0.0,2.0,A,17.0,14.0,8.0,5.0,7.0,1.0,23.0,16.0,2.0,2.0,0.0,0.0
M'gladbach,Dortmund,D1,2013,05/10/13,H,2,0,0.0,0.0,D,6.0,27.0,3.0,8.0,1.0,9.0,8.0,9.0,2.0,2.0,0.0,1.0
Schalke 04,Augsburg,D1,2013,05/10/13,H,4,1,2.0,1.0,H,13.0,10.0,6.0,3.0,2.0,3.0,9.0,10.0,1.0,3.0,0.0,1.0
Stuttgart,Werder Bremen,D1,2013,05/10/13,D,1,1,1.0,1.0,D,20.0,7.0,6.0,2.0,13.0,1.0,11.0,9.0,1.0,2.0,0.0,0.0
Wolfsburg,Braunschweig,D1,2013,05/10/13,A,0,2,0.0,1.0,A,17.0,7.0,3.0,3.0,7.0,2.0,21.0,26.0,2.0,3.0,0.0,0.0
Freiburg,Ein Frankfurt,D1,2013,06/10/13,D,1,1,0.0,0.0,D,13.0,11.0,4.0,5.0,7.0,10.0,12.0,20.0,3.0,2.0,0.0,1.0
Nurnberg,Hamburg,D1,2013,06/10/13,A,0,5,0.0,1.0,A,7.0,16.0,2.0,13.0,5.0,4.0,16.0,15.0,1.0,0.0,0.0,0.0
Hoffenheim,Leverkusen,D1,2013,18/10/13,A,1,2,0.0,1.0,A,20.0,12.0,8.0,4.0,8.0,10.0,12.0,18.0,0.0,4.0,0.0,0.0
Bayern Munich,Mainz,D1,2013,19/10/13,H,4,1,0.0,1.0,A,18.0,13.0,6.0,4.0,8.0,5.0,12.0,14.0,1.0,0.0,0.0,0.0
Braunschweig,Schalke 04,D1,2013,19/10/13,A,2,3,1.0,1.0,D,14.0,14.0,4.0,6.0,1.0,9.0,13.0,21.0,0.0,1.0,0.0,0.0
Dortmund,Hannover,D1,2013,19/10/13,H,1,0,1.0,0.0,H,18.0,10.0,8.0,5.0,10.0,2.0,11.0,15.0,1.0,3.0,0.0,0.0
Ein Frankfurt,Nurnberg,D1,2013,19/10/13,D,1,1,0.0,0.0,D,15.0,10.0,3.0,4.0,6.0,1.0,22.0,14.0,2.0,3.0,0.0,0.0
Hertha,M'gladbach,D1,2013,19/10/13,H,1,0,1.0,0.0,H,5.0,13.0,2.0,4.0,7.0,5.0,15.0,14.0,2.0,1.0,0.0,1.0
Werder Bremen,Freiburg,D1,2013,19/10/13,D,0,0,0.0,0.0,D,18.0,11.0,4.0,2.0,7.0,8.0,21.0,12.0,1.0,2.0,0.0,0.0
Augsburg,Wolfsburg,D1,2013,20/10/13,A,1,2,1.0,2.0,A,11.0,13.0,8.0,6.0,3.0,2.0,21.0,18.0,2.0,3.0,0.0,0.0
Hamburg,Stuttgart,D1,2013,20/10/13,D,3,3,1.0,2.0,A,20.0,9.0,6.0,3.0,10.0,0.0,16.0,12.0,1.0,2.0,0.0,1.0
Stuttgart,Nurnberg,D1,2013,25/10/13,D,1,1,1.0,1.0,D,10.0,7.0,4.0,6.0,2.0,4.0,11.0,15.0,2.0,1.0,0.0,0.0
Bayern Munich,Hertha,D1,2013,26/10/13,H,3,2,1.0,1.0,D,13.0,10.0,5.0,5.0,4.0,5.0,10.0,13.0,3.0,4.0,0.0,0.0
Hannover,Hoffenheim,D1,2013,26/10/13,A,1,4,0.0,2.0,A,11.0,10.0,3.0,5.0,8.0,1.0,21.0,11.0,3.0,2.0,2.0,0.0
Leverkusen,Augsburg,D1,2013,26/10/13,H,2,1,1.0,1.0,D,24.0,11.0,7.0,1.0,13.0,7.0,7.0,9.0,1.0,3.0,0.0,0.0
Mainz,Braunschweig,D1,2013,26/10/13,H,2,0,1.0,0.0,H,9.0,6.0,3.0,1.0,0.0,8.0,25.0,17.0,2.0,3.0,0.0,0.0
Schalke 04,Dortmund,D1,2013,26/10/13,A,1,3,0.0,1.0,A,12.0,10.0,5.0,8.0,2.0,2.0,11.0,12.0,3.0,1.0,0.0,0.0
Wolfsburg,Werder Bremen,D1,2013,26/10/13,H,3,0,1.0,0.0,H,19.0,8.0,12.0,2.0,5.0,4.0,12.0,17.0,1.0,2.0,0.0,0.0
Freiburg,Hamburg,D1,2013,27/10/13,A,0,3,0.0,1.0,A,9.0,17.0,2.0,7.0,4.0,4.0,14.0,12.0,2.0,1.0,0.0,0.0
M'gladbach,Ein Frankfurt,D1,2013,27/10/13,H,4,1,2.0,1.0,H,13.0,11.0,4.0,4.0,1.0,3.0,8.0,13.0,2.0,4.0,0.0,0.0
Dortmund,Stuttgart,D1,2013,01/11/13,H,6,1,2.0,1.0,H,17.0,3.0,10.0,1.0,6.0,1.0,15.0,4.0,1.0,0.0,0.0,0.0
Braunschweig,Leverkusen,D1,2013,02/11/13,H,1,0,0.0,0.0,D,17.0,16.0,7.0,8.0,4.0,4.0,12.0,21.0,2.0,2.0,0.0,1.0
Ein Frankfurt,Wolfsburg,D1,2013,02/11/13,A,1,2,1.0,1.0,D,10.0,10.0,5.0,3.0,8.0,1.0,15.0,16.0,3.0,2.0,0.0,0.0
Hamburg,M'gladbach,D1,2013,02/11/13,A,0,2,0.0,1.0,A,17.0,8.0,8.0,4.0,7.0,2.0,11.0,12.0,0.0,2.0,0.0,0.0
Hertha,Schalke 04,D1,2013,02/11/13,A,0,2,0.0,1.0,A,18.0,11.0,9.0,5.0,6.0,4.0,21.0,18.0,3.0,1.0,0.0,0.0
Hoffenheim,Bayern Munich,D1,2013,02/11/13,A,1,2,1.0,1.0,D,7.0,17.0,3.0,7.0,6.0,4.0,20.0,16.0,2.0,0.0,0.0,0.0
Nurnberg,Freiburg,D1,2013,02/11/13,A,0,3,0.0,0.0,D,20.0,14.0,12.0,8.0,9.0,5.0,10.0,15.0,0.0,1.0,0.0,1.0
Augsburg,Mainz,D1,2013,03/11/13,H,2,1,1.0,0.0,H,19.0,11.0,7.0,4.0,6.0,3.0,13.0,21.0,3.0,3.0,0.0,1.0
Werder Bremen,Hannover,D1,2013,03/11/13,H,3,2,2.0,2.0,D,12.0,18.0,6.0,6.0,3.0,6.0,20.0,24.0,3.0,4.0,0.0,0.0
Hannover,Braunschweig,D1,2013,08/11/13,D,0,0,0.0,0.0,D,19.0,8.0,6.0,1.0,6.0,2.0,27.0,16.0,1.0,1.0,0.0,0.0
Bayern Munich,Augsburg,D1,2013,09/11/13,H,3,0,2.0,0.0,H,23.0,6.0,9.0,0.0,9.0,4.0,12.0,11.0,0.0,0.0,0.0,0.0
Hoffenheim,Hertha,D1,2013,09/11/13,A,2,3,0.0,1.0,A,9.0,11.0,7.0,5.0,3.0,3.0,22.0,20.0,2.0,2.0,0.0,0.0
Leverkusen,Hamburg,D1,2013,09/11/13,H,5,3,2.0,1.0,H,20.0,11.0,7.0,6.0,3.0,6.0,12.0,19.0,3.0,4.0,0.0,0.0
M'gladbach,Nurnberg,D1,2013,09/11/13,H,3,1,0.0,1.0,A,12.0,19.0,4.0,3.0,6.0,3.0,8.0,18.0,2.0,2.0,0.0,0.0
Schalke 04,Werder Bremen,D1,2013,09/11/13,H,3,1,0.0,1.0,A,17.0,9.0,6.0,3.0,6.0,2.0,16.0,19.0,2.0,4.0,0.0,0.0
Wolfsburg,Dortmund,D1,2013,09/11/13,H,2,1,0.0,1.0,A,10.0,12.0,4.0,2.0,5.0,2.0,13.0,19.0,2.0,4.0,0.0,0.0
Freiburg,Stuttgart,D1,2013,10/11/13,A,1,3,0.0,2.0,A,19.0,10.0,5.0,7.0,7.0,2.0,7.0,13.0,2.0,1.0,0.0,0.0
Mainz,Ein Frankfurt,D1,2013,10/11/13,H,1,0,0.0,0.0,D,20.0,14.0,9.0,4.0,6.0,6.0,20.0,17.0,4.0,1.0,0.0,0.0
Stuttgart,M'gladbach,D1,2013,22/11/13,A,0,2,0.0,1.0,A,9.0,19.0,2.0,11.0,1.0,5.0,14.0,10.0,0.0,2.0,0.0,0.0
Augsburg,Hoffenheim,D1,2013,23/11/13,H,2,0,2.0,0.0,H,16.0,8.0,5.0,3.0,5.0,4.0,14.0,24.0,2.0,3.0,0.0,0.0
Braunschweig,Freiburg,D1,2013,23/11/13,A,0,1,0.0,0.0,D,21.0,8.0,7.0,2.0,6.0,1.0,14.0,17.0,3.0,1.0,0.0,0.0
Dortmund,Bayern Munich,D1,2013,23/11/13,A,0,3,0.0,0.0,D,7.0,10.0,4.0,5.0,2.0,3.0,7.0,13.0,2.0,3.0,0.0,0.0
Ein Frankfurt,Schalke 04,D1,2013,23/11/13,D,3,3,0.0,2.0,A,15.0,13.0,8.0,9.0,5.0,1.0,22.0,20.0,4.0,0.0,0.0,0.0
Hertha,Leverkusen,D1,2013,23/11/13,A,0,1,0.0,1.0,A,12.0,4.0,2.0,2.0,9.0,1.0,15.0,14.0,1.0,1.0,0.0,0.0
Nurnberg,Wolfsburg,D1,2013,23/11/13,D,1,1,0.0,1.0,A,11.0,23.0,6.0,6.0,3.0,5.0,19.0,17.0,1.0,1.0,0.0,0.0
Hamburg,Hannover,D1,2013,24/11/13,H,3,1,1.0,1.0,D,19.0,11.0,9.0,4.0,7.0,3.0,19.0,24.0,3.0,2.0,0.0,1.0
Werder Bremen,Mainz,D1,2013,24/11/13,A,2,3,0.0,2.0,A,24.0,18.0,8.0,7.0,7.0,9.0,18.0,22.0,1.0,2.0,0.0,0.0
Wolfsburg,Hamburg,D1,2013,29/11/13,D,1,1,1.0,1.0,D,20.0,17.0,4.0,8.0,2.0,3.0,16.0,12.0,4.0,1.0,0.0,0.0
Bayern Munich,Braunschweig,D1,2013,30/11/13,H,2,0,2.0,0.0,H,18.0,8.0,8.0,3.0,6.0,3.0,9.0,17.0,0.0,0.0,0.0,0.0
Hertha,Augsburg,D1,2013,30/11/13,D,0,0,0.0,0.0,D,9.0,2.0,2.0,0.0,6.0,3.0,16.0,22.0,1.0,1.0,0.0,0.0
Hoffenheim,Werder Bremen,D1,2013,30/11/13,D,4,4,2.0,2.0,D,18.0,13.0,8.0,6.0,3.0,9.0,28.0,20.0,2.0,5.0,0.0,0.0
Leverkusen,Nurnberg,D1,2013,30/11/13,H,3,0,1.0,0.0,H,17.0,16.0,7.0,5.0,4.0,5.0,18.0,14.0,1.0,3.0,0.0,0.0
Mainz,Dortmund,D1,2013,30/11/13,A,1,3,0.0,0.0,D,12.0,16.0,6.0,6.0,6.0,5.0,11.0,16.0,1.0,0.0,1.0,0.0
Schalke 04,Stuttgart,D1,2013,30/11/13,H,3,0,1.0,0.0,H,12.0,9.0,5.0,1.0,5.0,2.0,15.0,17.0,2.0,0.0,0.0,0.0
Hannover,Ein Frankfurt,D1,2013,01/12/13,H,2,0,1.0,0.0,H,13.0,12.0,3.0,4.0,7.0,7.0,19.0,18.0,1.0,2.0,0.0,1.0
M'gladbach,Freiburg,D1,2013,01/12/13,H,1,0,0.0,0.0,D,12.0,9.0,4.0,4.0,6.0,4.0,8.0,14.0,1.0,2.0,0.0,0.0
Nurnberg,Mainz,D1,2013,06/12/13,D,1,1,1.0,0.0,H,16.0,12.0,5.0,4.0,14.0,3.0,6.0,11.0,1.0,2.0,0.0,1.0
Dortmund,Leverkusen,D1,2013,07/12/13,A,0,1,0.0,1.0,A,13.0,7.0,5.0,4.0,3.0,4.0,18.0,25.0,1.0,4.0,1.0,1.0
Ein Frankfurt,Hoffenheim,D1,2013,07/12/13,A,1,2,0.0,0.0,D,13.0,11.0,7.0,4.0,4.0,4.0,21.0,27.0,5.0,2.0,0.0,0.0
Hamburg,Augsburg,D1,2013,07/12/13,A,0,1,0.0,1.0,A,8.0,16.0,5.0,6.0,7.0,11.0,17.0,17.0,2.0,1.0,0.0,0.0
M'gladbach,Schalke 04,D1,2013,07/12/13,H,2,1,2.0,1.0,H,19.0,9.0,8.0,3.0,8.0,1.0,11.0,17.0,1.0,3.0,0.0,1.0
Stuttgart,Hannover,D1,2013,07/12/13,H,4,2,2.0,2.0,D,13.0,14.0,8.0,4.0,3.0,3.0,15.0,20.0,1.0,2.0,0.0,0.0
Werder Bremen,Bayern Munich,D1,2013,07/12/13,A,0,7,0.0,3.0,A,6.0,17.0,2.0,10.0,2.0,7.0,13.0,15.0,4.0,2.0,0.0,0.0
Braunschweig,Hertha,D1,2013,08/12/13,A,0,2,0.0,1.0,A,13.0,16.0,2.0,6.0,8.0,2.0,18.0,22.0,2.0,4.0,1.0,0.0
Freiburg,Wolfsburg,D1,2013,08/12/13,A,0,3,0.0,2.0,A,13.0,17.0,2.0,7.0,4.0,7.0,11.0,16.0,0.0,1.0,0.0,0.0
Hertha,Werder Bremen,D1,2013,13/12/13,H,3,2,2.0,2.0,D,12.0,9.0,4.0,4.0,6.0,4.0,15.0,21.0,1.0,2.0,0.0,0.0
Augsburg,Braunschweig,D1,2013,14/12/13,H,4,1,3.0,0.0,H,20.0,9.0,8.0,1.0,5.0,0.0,16.0,14.0,2.0,2.0,0.0,0.0
Bayern Munich,Hamburg,D1,2013,14/12/13,H,3,1,1.0,0.0,H,22.0,13.0,8.0,6.0,5.0,2.0,13.0,15.0,0.0,2.0,0.0,0.0
Hannover,Nurnberg,D1,2013,14/12/13,D,3,3,0.0,3.0,A,21.0,16.0,6.0,6.0,5.0,7.0,13.0,21.0,3.0,2.0,0.0,0.0
Hoffenheim,Dortmund,D1,2013,14/12/13,D,2,2,2.0,1.0,H,14.0,16.0,4.0,8.0,2.0,4.0,19.0,13.0,2.0,3.0,0.0,0.0
Mainz,M'gladbach,D1,2013,14/12/13,D,0,0,0.0,0.0,D,6.0,10.0,0.0,1.0,1.0,4.0,6.0,8.0,0.0,2.0,0.0,0.0
Wolfsburg,Stuttgart,D1,2013,14/12/13,H,3,1,1.0,0.0,H,12.0,9.0,6.0,4.0,2.0,4.0,18.0,21.0,2.0,2.0,0.0,0.0
Leverkusen,Ein Frankfurt,D1,2013,15/12/13,A,0,1,0.0,0.0,D,15.0,16.0,7.0,5.0,8.0,4.0,15.0,23.0,4.0,3.0,0.0,0.0
Schalke 04,Freiburg,D1,2013,15/12/13,H,2,0,1.0,0.0,H,13.0,8.0,4.0,1.0,8.0,4.0,17.0,19.0,0.0,3.0,0.0,0.0
Ein Frankfurt,Augsburg,D1,2013,20/12/13,D,1,1,1.0,1.0,D,5.0,9.0,5.0,3.0,4.0,3.0,18.0,14.0,3.0,2.0,0.0,0.0
Braunschweig,Hoffenheim,D1,2013,21/12/13,H,1,0,1.0,0.0,H,14.0,16.0,8.0,3.0,7.0,8.0,17.0,19.0,1.0,2.0,1.0,0.0
Dortmund,Hertha,D1,2013,21/12/13,A,1,2,1.0,2.0,A,20.0,6.0,5.0,4.0,5.0,0.0,20.0,19.0,2.0,3.0,0.0,0.0
Freiburg,Hannover,D1,2013,21/12/13,H,2,1,2.0,0.0,H,11.0,20.0,3.0,6.0,0.0,1.0,16.0,13.0,1.0,2.0,0.0,0.0
Hamburg,Mainz,D1,2013,21/12/13,A,2,3,1.0,0.0,H,18.0,13.0,8.0,7.0,5.0,3.0,21.0,13.0,1.0,1.0,1.0,0.0
Nurnberg,Schalke 04,D1,2013,21/12/13,D,0,0,0.0,0.0,D,15.0,8.0,4.0,2.0,9.0,4.0,14.0,19.0,0.0,0.0,0.0,0.0
Werder Bremen,Leverkusen,D1,2013,21/12/13,H,1,0,0.0,0.0,D,11.0,22.0,3.0,5.0,5.0,9.0,14.0,10.0,2.0,3.0,0.0,0.0
M'gladbach,Wolfsburg,D1,2013,22/12/13,D,2,2,0.0,0.0,D,14.0,18.0,4.0,13.0,4.0,4.0,10.0,12.0,1.0,3.0,0.0,0.0
M'gladbach,Bayern Munich,D1,2013,24/01/14,A,0,2,0.0,1.0,A,10.0,24.0,5.0,13.0,5.0,5.0,12.0,9.0,2.0,1.0,0.0,0.0
Dortmund,Augsburg,D1,2013,25/01/14,D,2,2,1.0,0.0,H,18.0,6.0,4.0,1.0,5.0,1.0,17.0,25.0,2.0,2.0,0.0,0.0
Ein Frankfurt,Hertha,D1,2013,25/01/14,H,1,0,1.0,0.0,H,5.0,7.0,1.0,2.0,1.0,2.0,20.0,23.0,2.0,3.0,0.0,0.0
Freiburg,Leverkusen,D1,2013,25/01/14,H,3,2,1.0,2.0,A,13.0,15.0,5.0,8.0,4.0,8.0,14.0,10.0,2.0,1.0,0.0,0.0
Nurnberg,Hoffenheim,D1,2013,25/01/14,H,4,0,2.0,0.0,H,16.0,12.0,7.0,3.0,3.0,3.0,19.0,25.0,1.0,3.0,0.0,0.0
Stuttgart,Mainz,D1,2013,25/01/14,A,1,2,1.0,1.0,D,14.0,10.0,5.0,4.0,5.0,3.0,17.0,13.0,1.0,2.0,0.0,0.0
Wolfsburg,Hannover,D1,2013,25/01/14,A,1,3,1.0,1.0,D,24.0,10.0,8.0,6.0,7.0,3.0,14.0,17.0,2.0,1.0,0.0,0.0
Hamburg,Schalke 04,D1,2013,26/01/14,A,0,3,0.0,1.0,A,11.0,12.0,3.0,9.0,3.0,3.0,9.0,23.0,0.0,2.0,0.0,0.0
Werder Bremen,Braunschweig,D1,2013,26/01/14,D,0,0,0.0,0.0,D,12.0,7.0,3.0,2.0,6.0,3.0,20.0,17.0,2.0,2.0,0.0,0.0
Stuttgart,Bayern Munich,D1,2013,29/01/14,A,1,2,1.0,0.0,H,11.0,24.0,3.0,7.0,2.0,8.0,13.0,10.0,5.0,3.0,0.0,0.0
Braunschweig,Dortmund,D1,2013,31/01/14,A,1,2,0.0,1.0,A,16.0,20.0,5.0,6.0,7.0,8.0,18.0,17.0,0.0,1.0,0.0,0.0
Augsburg,Werder Bremen,D1,2013,01/02/14,H,3,1,1.0,1.0,D,20.0,4.0,5.0,0.0,6.0,4.0,11.0,20.0,1.0,3.0,0.0,1.0
Hannover,M'gladbach,D1,2013,01/02/14,H,3,1,0.0,0.0,D,16.0,12.0,6.0,6.0,7.0,7.0,9.0,14.0,1.0,2.0,0.0,0.0
Hoffenheim,Hamburg,D1,2013,01/02/14,H,3,0,2.0,0.0,H,14.0,7.0,7.0,0.0,7.0,5.0,26.0,14.0,0.0,1.0,0.0,0.0
Leverkusen,Stuttgart,D1,2013,01/02/14,H,2,1,1.0,1.0,D,11.0,10.0,5.0,3.0,4.0,8.0,17.0,16.0,2.0,2.0,0.0,0.0
Mainz,Freiburg,D1,2013,01/02/14,H,2,0,1.0,0.0,H,13.0,6.0,5.0,1.0,5.0,5.0,10.0,28.0,2.0,2.0,0.0,0.0
Schalke 04,Wolfsburg,D1,2013,01/02/14,H,2,1,1.0,0.0,H,13.0,10.0,6.0,6.0,4.0,6.0,16.0,14.0,3.0,3.0,0.0,1.0
Bayern Munich,Ein Frankfurt,D1,2013,02/02/14,H,5,0,2.0,0.0,H,25.0,9.0,14.0,3.0,12.0,2.0,16.0,12.0,0.0,0.0,0.0,0.0
Hertha,Nurnberg,D1,2013,02/02/14,A,1,3,1.0,1.0,D,13.0,11.0,4.0,4.0,3.0,3.0,17.0,25.0,3.0,3.0,0.0,0.0
M'gladbach,Leverkusen,D1,2013,07/02/14,A,0,1,0.0,0.0,D,14.0,12.0,3.0,3.0,4.0,3.0,11.0,15.0,2.0,4.0,0.0,0.0
Ein Frankfurt,Braunschweig,D1,2013,08/02/14,H,3,0,3.0,0.0,H,19.0,10.0,7.0,1.0,10.0,2.0,14.0,23.0,2.0,1.0,0.0,0.0
Freiburg,Hoffenheim,D1,2013,08/02/14,D,1,1,0.0,0.0,D,11.0,18.0,4.0,4.0,3.0,2.0,21.0,15.0,3.0,2.0,0.0,0.0
Hamburg,Hertha,D1,2013,08/02/14,A,0,3,0.0,3.0,A,14.0,10.0,3.0,4.0,8.0,3.0,17.0,12.0,2.0,0.0,0.0,0.0
Nurnberg,Bayern Munich,D1,2013,08/02/14,A,0,2,0.0,1.0,A,9.0,18.0,2.0,6.0,3.0,5.0,26.0,21.0,2.0,3.0,0.0,0.0
Werder Bremen,Dortmund,D1,2013,08/02/14,A,1,5,0.0,2.0,A,11.0,15.0,5.0,8.0,5.0,9.0,18.0,12.0,2.0,2.0,0.0,0.0
Wolfsburg,Mainz,D1,2013,08/02/14,H,3,0,0.0,0.0,D,17.0,8.0,7.0,2.0,4.0,1.0,22.0,14.0,2.0,2.0,0.0,0.0
Schalke 04,Hannover,D1,2013,09/02/14,H,2,0,2.0,0.0,H,16.0,6.0,7.0,1.0,5.0,0.0,10.0,20.0,0.0,2.0,0.0,0.0
Stuttgart,Augsburg,D1,2013,09/02/14,A,1,4,0.0,2.0,A,16.0,10.0,1.0,5.0,5.0,2.0,9.0,8.0,2.0,0.0,1.0,0.0
Mainz,Hannover,D1,2013,14/02/14,H,2,0,0.0,0.0,D,19.0,14.0,8.0,3.0,4.0,5.0,14.0,11.0,1.0,3.0,0.0,0.0
Bayern Munich,Freiburg,D1,2013,15/02/14,H,4,0,3.0,0.0,H,16.0,12.0,7.0,0.0,2.0,4.0,13.0,11.0,3.0,1.0,0.0,0.0
Braunschweig,Hamburg,D1,2013,15/02/14,H,4,2,0.0,1.0,A,14.0,18.0,7.0,8.0,7.0,8.0,14.0,24.0,6.0,5.0,0.0,0.0
Dortmund,Ein Frankfurt,D1,2013,15/02/14,H,4,0,2.0,0.0,H,21.0,7.0,11.0,1.0,6.0,5.0,17.0,18.0,1.0,3.0,0.0,0.0
Hoffenheim,Stuttgart,D1,2013,15/02/14,H,4,1,1.0,0.0,H,13.0,13.0,8.0,4.0,5.0,4.0,22.0,20.0,3.0,4.0,0.0,1.0
Leverkusen,Schalke 04,D1,2013,15/02/14,A,1,2,0.0,1.0,A,13.0,11.0,5.0,4.0,11.0,2.0,12.0,16.0,4.0,3.0,0.0,0.0
Werder Bremen,M'gladbach,D1,2013,15/02/14,D,1,1,0.0,1.0,A,15.0,17.0,7.0,6.0,5.0,10.0,10.0,14.0,3.0,1.0,0.0,0.0
Augsburg,Nurnberg,D1,2013,16/02/14,A,0,1,0.0,0.0,D,18.0,11.0,6.0,2.0,6.0,2.0,17.0,19.0,2.0,3.0,0.0,0.0
Hertha,Wolfsburg,D1,2013,16/02/14,A,1,2,1.0,0.0,H,13.0,8.0,4.0,3.0,4.0,6.0,12.0,16.0,0.0,2.0,0.0,0.0
Schalke 04,Mainz,D1,2013,21/02/14,D,0,0,0.0,0.0,D,16.0,15.0,4.0,8.0,4.0,9.0,19.0,8.0,1.0,2.0,0.0,0.0
Freiburg,Augsburg,D1,2013,22/02/14,A,2,4,1.0,1.0,D,13.0,18.0,5.0,10.0,2.0,4.0,14.0,13.0,3.0,2.0,0.0,0.0
Hamburg,Dortmund,D1,2013,22/02/14,H,3,0,1.0,0.0,H,13.0,15.0,6.0,4.0,3.0,6.0,17.0,19.0,2.0,2.0,0.0,0.0
M'gladbach,Hoffenheim,D1,2013,22/02/14,D,2,2,2.0,0.0,H,13.0,19.0,9.0,7.0,6.0,5.0,15.0,17.0,0.0,1.0,0.0,0.0
Nurnberg,Braunschweig,D1,2013,22/02/14,H,2,1,0.0,1.0,A,6.0,22.0,5.0,6.0,3.0,10.0,19.0,21.0,4.0,2.0,1.0,0.0
Stuttgart,Hertha,D1,2013,22/02/14,A,1,2,1.0,1.0,D,14.0,9.0,6.0,4.0,5.0,8.0,22.0,18.0,0.0,1.0,0.0,1.0
Wolfsburg,Leverkusen,D1,2013,22/02/14,H,3,1,1.0,1.0,D,9.0,18.0,5.0,6.0,0.0,4.0,15.0,19.0,1.0,4.0,0.0,0.0
Ein Frankfurt,Werder Bremen,D1,2013,23/02/14,D,0,0,0.0,0.0,D,21.0,3.0,4.0,0.0,14.0,2.0,16.0,18.0,1.0,3.0,0.0,1.0
Hannover,Bayern Munich,D1,2013,23/02/14,A,0,4,0.0,2.0,A,8.0,14.0,3.0,7.0,6.0,4.0,10.0,11.0,2.0,1.0,0.0,0.0
Hertha,Freiburg,D1,2013,28/02/14,D,0,0,0.0,0.0,D,9.0,7.0,2.0,5.0,4.0,4.0,11.0,14.0,0.0,0.0,0.0,0.0
Augsburg,Hannover,D1,2013,01/03/14,D,1,1,0.0,1.0,A,16.0,10.0,5.0,2.0,7.0,2.0,14.0,17.0,2.0,3.0,0.0,0.0
Bayern Munich,Schalke 04,D1,2013,01/03/14,H,5,1,4.0,0.0,H,22.0,10.0,12.0,4.0,14.0,4.0,8.0,12.0,1.0,0.0,0.0,1.0
Braunschweig,M'gladbach,D1,2013,01/03/14,D,1,1,0.0,1.0,A,20.0,12.0,3.0,4.0,9.0,5.0,12.0,14.0,1.0,3.0,0.0,0.0
Dortmund,Nurnberg,D1,2013,01/03/14,H,3,0,0.0,0.0,D,28.0,4.0,9.0,2.0,8.0,1.0,9.0,13.0,0.0,2.0,0.0,0.0
Leverkusen,Mainz,D1,2013,01/03/14,A,0,1,0.0,1.0,A,19.0,9.0,8.0,3.0,7.0,0.0,19.0,13.0,4.0,1.0,0.0,0.0
Werder Bremen,Hamburg,D1,2013,01/03/14,H,1,0,1.0,0.0,H,15.0,11.0,7.0,4.0,4.0,5.0,25.0,17.0,2.0,2.0,0.0,0.0
Ein Frankfurt,Stuttgart,D1,2013,02/03/14,H,2,1,0.0,1.0,A,13.0,13.0,6.0,4.0,8.0,5.0,23.0,16.0,1.0,1.0,0.0,0.0
Hoffenheim,Wolfsburg,D1,2013,02/03/14,H,6,2,4.0,1.0,H,17.0,6.0,12.0,5.0,4.0,3.0,15.0,21.0,0.0,2.0,0.0,1.0
Hamburg,Ein Frankfurt,D1,2013,08/03/14,D,1,1,0.0,1.0,A,15.0,7.0,9.0,2.0,3.0,3.0,15.0,12.0,3.0,3.0,0.0,0.0
Hannover,Leverkusen,D1,2013,08/03/14,D,1,1,1.0,1.0,D,19.0,9.0,7.0,1.0,9.0,2.0,5.0,14.0,1.0,1.0,0.0,0.0
M'gladbach,Augsburg,D1,2013,08/03/14,A,1,2,1.0,1.0,D,15.0,19.0,8.0,4.0,3.0,6.0,9.0,11.0,0.0,0.0,0.0,0.0
Nurnberg,Werder Bremen,D1,2013,08/03/14,A,0,2,0.0,1.0,A,15.0,12.0,4.0,5.0,6.0,2.0,17.0,11.0,3.0,4.0,0.0,0.0
Schalke 04,Hoffenheim,D1,2013,08/03/14,H,4,0,2.0,0.0,H,24.0,10.0,9.0,2.0,4.0,3.0,19.0,18.0,3.0,3.0,0.0,0.0
Stuttgart,Braunschweig,D1,2013,08/03/14,D,2,2,2.0,1.0,H,14.0,11.0,4.0,3.0,11.0,6.0,18.0,15.0,2.0,3.0,0.0,0.0
Wolfsburg,Bayern Munich,D1,2013,08/03/14,A,1,6,1.0,1.0,D,12.0,18.0,3.0,12.0,5.0,3.0,15.0,9.0,1.0,0.0,0.0,0.0
Freiburg,Dortmund,D1,2013,09/03/14,A,0,1,0.0,0.0,D,10.0,12.0,0.0,4.0,1.0,5.0,7.0,12.0,1.0,2.0,0.0,0.0
Mainz,Hertha,D1,2013,09/03/14,D,1,1,0.0,0.0,D,16.0,12.0,6.0,9.0,5.0,4.0,13.0,14.0,2.0,2.0,0.0,0.0
Augsburg,Schalke 04,D1,2013,14/03/14,A,1,2,1.0,1.0,D,21.0,10.0,3.0,4.0,12.0,6.0,14.0,23.0,3.0,5.0,0.0,0.0
Bayern Munich,Leverkusen,D1,2013,15/03/14,H,2,1,1.0,0.0,H,23.0,6.0,8.0,3.0,12.0,6.0,11.0,18.0,2.0,3.0,0.0,0.0
Braunschweig,Wolfsburg,D1,2013,15/03/14,D,1,1,0.0,1.0,A,8.0,11.0,2.0,2.0,3.0,4.0,15.0,22.0,1.0,4.0,0.0,0.0
Dortmund,M'gladbach,D1,2013,15/03/14,A,1,2,0.0,2.0,A,25.0,7.0,7.0,3.0,8.0,3.0,11.0,11.0,1.0,0.0,0.0,1.0
Hertha,Hannover,D1,2013,15/03/14,A,0,3,0.0,0.0,D,16.0,7.0,5.0,3.0,6.0,1.0,8.0,17.0,1.0,2.0,0.0,0.0
Hoffenheim,Mainz,D1,2013,15/03/14,A,2,4,0.0,0.0,D,22.0,11.0,12.0,7.0,11.0,1.0,16.0,15.0,1.0,1.0,0.0,0.0
Werder Bremen,Stuttgart,D1,2013,15/03/14,D,1,1,0.0,0.0,D,10.0,16.0,3.0,3.0,2.0,9.0,18.0,19.0,2.0,3.0,0.0,0.0
Ein Frankfurt,Freiburg,D1,2013,16/03/14,A,1,4,0.0,1.0,A,26.0,7.0,10.0,5.0,12.0,1.0,19.0,17.0,2.0,5.0,0.0,0.0
Hamburg,Nurnberg,D1,2013,16/03/14,H,2,1,0.0,0.0,D,26.0,9.0,13.0,4.0,10.0,5.0,12.0,18.0,0.0,2.0,0.0,0.0
Freiburg,Werder Bremen,D1,2013,21/03/14,H,3,1,1.0,0.0,H,14.0,7.0,3.0,3.0,5.0,4.0,19.0,15.0,1.0,2.0,0.0,0.0
Hannover,Dortmund,D1,2013,22/03/14,A,0,3,0.0,1.0,A,9.0,15.0,3.0,5.0,5.0,3.0,12.0,16.0,1.0,1.0,0.0,0.0
Mainz,Bayern Munich,D1,2013,22/03/14,A,0,2,0.0,0.0,D,4.0,23.0,1.0,8.0,2.0,9.0,13.0,11.0,1.0,0.0,0.0,0.0
M'gladbach,Hertha,D1,2013,22/03/14,H,3,0,3.0,0.0,H,8.0,8.0,4.0,2.0,4.0,5.0,7.0,12.0,1.0,1.0,0.0,0.0
Schalke 04,Braunschweig,D1,2013,22/03/14,H,3,1,1.0,0.0,H,32.0,11.0,11.0,4.0,14.0,4.0,14.0,20.0,1.0,3.0,0.0,0.0
Stuttgart,Hamburg,D1,2013,22/03/14,H,1,0,0.0,0.0,D,12.0,6.0,3.0,1.0,5.0,2.0,18.0,13.0,1.0,0.0,0.0,1.0
Wolfsburg,Augsburg,D1,2013,22/03/14,D,1,1,0.0,1.0,A,10.0,12.0,1.0,2.0,6.0,3.0,23.0,11.0,1.0,1.0,1.0,0.0
Leverkusen,Hoffenheim,D1,2013,23/03/14,A,2,3,1.0,2.0,A,12.0,12.0,5.0,7.0,6.0,2.0,15.0,18.0,1.0,2.0,0.0,0.0
Nurnberg,Ein Frankfurt,D1,2013,23/03/14,A,2,5,0.0,1.0,A,13.0,23.0,4.0,9.0,2.0,5.0,19.0,15.0,0.0,1.0,1.0,0.0
Braunschweig,Mainz,D1,2013,25/03/14,H,3,1,2.0,1.0,H,14.0,12.0,3.0,5.0,6.0,7.0,16.0,25.0,2.0,1.0,0.0,0.0
Dortmund,Schalke 04,D1,2013,25/03/14,D,0,0,0.0,0.0,D,18.0,8.0,6.0,4.0,4.0,2.0,17.0,24.0,2.0,2.0,0.0,0.0
Hertha,Bayern Munich,D1,2013,25/03/14,A,1,3,0.0,2.0,A,4.0,13.0,2.0,6.0,2.0,3.0,13.0,8.0,1.0,0.0,0.0,0.0
Werder Bremen,Wolfsburg,D1,2013,25/03/14,A,1,3,1.0,2.0,A,6.0,19.0,2.0,9.0,3.0,8.0,18.0,19.0,2.0,1.0,0.0,0.0
Augsburg,Leverkusen,D1,2013,26/03/14,A,1,3,0.0,1.0,A,22.0,13.0,3.0,7.0,10.0,3.0,14.0,17.0,2.0,2.0,0.0,0.0
Ein Frankfurt,M'gladbach,D1,2013,26/03/14,H,1,0,1.0,0.0,H,14.0,9.0,4.0,2.0,11.0,7.0,11.0,12.0,3.0,1.0,0.0,0.0
Hamburg,Freiburg,D1,2013,26/03/14,D,1,1,0.0,0.0,D,21.0,11.0,5.0,4.0,6.0,3.0,17.0,15.0,1.0,2.0,0.0,0.0
Hoffenheim,Hannover,D1,2013,26/03/14,H,3,1,1.0,1.0,D,20.0,8.0,8.0,1.0,5.0,1.0,16.0,15.0,1.0,1.0,0.0,1.0
Nurnberg,Stuttgart,D1,2013,26/03/14,H,2,0,1.0,0.0,H,11.0,13.0,5.0,5.0,6.0,4.0,17.0,11.0,1.0,1.0,0.0,0.0
Schalke 04,Hertha,D1,2013,28/03/14,H,2,0,1.0,0.0,H,13.0,11.0,4.0,1.0,1.0,4.0,17.0,19.0,1.0,1.0,0.0,0.0
Bayern Munich,Hoffenheim,D1,2013,29/03/14,D,3,3,3.0,2.0,H,11.0,20.0,6.0,9.0,3.0,1.0,13.0,18.0,1.0,2.0,0.0,0.0
Freiburg,Nurnberg,D1,2013,29/03/14,H,3,2,1.0,2.0,A,14.0,9.0,7.0,2.0,8.0,4.0,16.0,22.0,2.0,3.0,0.0,1.0
Leverkusen,Braunschweig,D1,2013,29/03/14,D,1,1,0.0,0.0,D,15.0,9.0,4.0,2.0,7.0,1.0,16.0,13.0,2.0,1.0,0.0,0.0
Mainz,Augsburg,D1,2013,29/03/14,H,3,0,2.0,0.0,H,14.0,12.0,7.0,4.0,5.0,8.0,14.0,20.0,1.0,2.0,0.0,0.0
Stuttgart,Dortmund,D1,2013,29/03/14,A,2,3,2.0,1.0,H,11.0,17.0,3.0,5.0,2.0,9.0,15.0,14.0,0.0,2.0,1.0,0.0
Wolfsburg,Ein Frankfurt,D1,2013,29/03/14,H,2,1,0.0,1.0,A,22.0,11.0,9.0,4.0,4.0,3.0,19.0,19.0,2.0,4.0,0.0,0.0
Hannover,Werder Bremen,D1,2013,30/03/14,A,1,2,1.0,0.0,H,9.0,11.0,4.0,8.0,10.0,8.0,19.0,13.0,1.0,1.0,0.0,0.0
M'gladbach,Hamburg,D1,2013,30/03/14,H,3,1,1.0,1.0,D,17.0,17.0,9.0,7.0,6.0,10.0,11.0,15.0,0.0,1.0,0.0,0.0
Hamburg,Leverkusen,D1,2013,04/04/14,H,2,1,1.0,0.0,H,18.0,19.0,5.0,8.0,4.0,14.0,16.0,15.0,1.0,1.0,0.0,0.0
Augsburg,Bayern Munich,D1,2013,05/04/14,H,1,0,1.0,0.0,H,11.0,16.0,7.0,2.0,3.0,4.0,16.0,13.0,3.0,2.0,0.0,0.0
Dortmund,Wolfsburg,D1,2013,05/04/14,H,2,1,0.0,1.0,A,10.0,19.0,5.0,3.0,7.0,2.0,15.0,14.0,2.0,1.0,0.0,0.0
Ein Frankfurt,Mainz,D1,2013,05/04/14,H,2,0,0.0,0.0,D,14.0,17.0,7.0,5.0,2.0,6.0,11.0,18.0,3.0,4.0,0.0,0.0
Nurnberg,M'gladbach,D1,2013,05/04/14,A,0,2,0.0,1.0,A,14.0,15.0,3.0,6.0,8.0,5.0,7.0,16.0,1.0,2.0,0.0,0.0
Stuttgart,Freiburg,D1,2013,05/04/14,H,2,0,0.0,0.0,D,12.0,18.0,5.0,8.0,3.0,6.0,13.0,17.0,2.0,1.0,0.0,0.0
Werder Bremen,Schalke 04,D1,2013,05/04/14,D,1,1,1.0,1.0,D,19.0,9.0,5.0,5.0,9.0,4.0,17.0,20.0,1.0,2.0,0.0,0.0
Braunschweig,Hannover,D1,2013,06/04/14,H,3,0,2.0,0.0,H,11.0,11.0,3.0,2.0,5.0,6.0,17.0,16.0,2.0,2.0,0.0,1.0
Hertha,Hoffenheim,D1,2013,06/04/14,D,1,1,1.0,1.0,D,11.0,11.0,5.0,3.0,3.0,4.0,19.0,17.0,1.0,2.0,0.0,0.0
Schalke 04,Ein Frankfurt,D1,2013,11/04/14,H,2,0,0.0,0.0,D,22.0,10.0,8.0,3.0,4.0,5.0,15.0,14.0,1.0,0.0,0.0,0.0
Bayern Munich,Dortmund,D1,2013,12/04/14,A,0,3,0.0,1.0,A,14.0,9.0,3.0,6.0,12.0,2.0,17.0,13.0,2.0,2.0,1.0,0.0
Freiburg,Braunschweig,D1,2013,12/04/14,H,2,0,1.0,0.0,H,18.0,13.0,8.0,4.0,3.0,3.0,15.0,20.0,2.0,4.0,0.0,0.0
Hannover,Hamburg,D1,2013,12/04/14,H,2,1,1.0,0.0,H,31.0,5.0,15.0,3.0,5.0,2.0,20.0,16.0,0.0,1.0,0.0,0.0
Mainz,Werder Bremen,D1,2013,12/04/14,H,3,0,3.0,0.0,H,23.0,9.0,5.0,2.0,3.0,12.0,12.0,17.0,0.0,4.0,0.0,0.0
M'gladbach,Stuttgart,D1,2013,12/04/14,D,1,1,0.0,1.0,A,14.0,17.0,4.0,4.0,6.0,5.0,12.0,14.0,1.0,3.0,0.0,0.0
Wolfsburg,Nurnberg,D1,2013,12/04/14,H,4,1,2.0,1.0,H,24.0,5.0,8.0,1.0,11.0,2.0,13.0,13.0,0.0,2.0,0.0,0.0
Hoffenheim,Augsburg,D1,2013,13/04/14,H,2,0,2.0,0.0,H,26.0,23.0,9.0,8.0,6.0,11.0,22.0,19.0,1.0,1.0,0.0,0.0
Leverkusen,Hertha,D1,2013,13/04/14,H,2,1,2.0,1.0,H,17.0,9.0,4.0,2.0,7.0,2.0,17.0,13.0,1.0,1.0,0.0,0.0
Ein Frankfurt,Hannover,D1,2013,17/04/14,A,2,3,1.0,3.0,A,14.0,16.0,6.0,7.0,3.0,4.0,24.0,22.0,4.0,4.0,0.0,0.0
Augsburg,Hertha,D1,2013,19/04/14,D,0,0,0.0,0.0,D,10.0,13.0,0.0,4.0,3.0,4.0,17.0,16.0,1.0,3.0,0.0,0.0
Braunschweig,Bayern Munich,D1,2013,19/04/14,A,0,2,0.0,0.0,D,7.0,12.0,1.0,3.0,2.0,3.0,19.0,16.0,2.0,1.0,0.0,0.0
Dortmund,Mainz,D1,2013,19/04/14,H,4,2,2.0,1.0,H,30.0,9.0,11.0,2.0,12.0,2.0,9.0,18.0,1.0,1.0,0.0,1.0
Freiburg,M'gladbach,D1,2013,19/04/14,H,4,2,0.0,1.0,A,15.0,14.0,7.0,4.0,5.0,5.0,8.0,9.0,2.0,1.0,0.0,1.0
Hamburg,Wolfsburg,D1,2013,19/04/14,A,1,3,0.0,2.0,A,14.0,16.0,3.0,7.0,4.0,7.0,18.0,16.0,1.0,0.0,0.0,1.0
Werder Bremen,Hoffenheim,D1,2013,19/04/14,H,3,1,1.0,1.0,D,12.0,14.0,7.0,3.0,8.0,6.0,11.0,24.0,1.0,3.0,0.0,0.0
Nurnberg,Leverkusen,D1,2013,20/04/14,A,1,4,1.0,1.0,D,9.0,15.0,6.0,7.0,3.0,8.0,15.0,14.0,1.0,1.0,0.0,0.0
Stuttgart,Schalke 04,D1,2013,20/04/14,H,3,1,1.0,0.0,H,12.0,14.0,4.0,3.0,2.0,3.0,23.0,13.0,2.0,3.0,0.0,0.0
Hannover,Stuttgart,D1,2013,25/04/14,D,0,0,0.0,0.0,D,9.0,6.0,2.0,3.0,2.0,5.0,15.0,15.0,2.0,2.0,0.0,0.0
Bayern Munich,Werder Bremen,D1,2013,26/04/14,H,5,2,1.0,2.0,A,23.0,7.0,11.0,3.0,13.0,5.0,11.0,13.0,1.0,1.0,0.0,0.0
Hertha,Braunschweig,D1,2013,26/04/14,H,2,0,0.0,0.0,D,20.0,7.0,11.0,1.0,8.0,3.0,14.0,18.0,0.0,0.0,0.0,0.0
Hoffenheim,Ein Frankfurt,D1,2013,26/04/14,D,0,0,0.0,0.0,D,18.0,8.0,5.0,3.0,3.0,2.0,18.0,13.0,0.0,4.0,1.0,0.0
Leverkusen,Dortmund,D1,2013,26/04/14,D,2,2,2.0,2.0,D,16.0,14.0,5.0,6.0,7.0,5.0,14.0,9.0,1.0,1.0,0.0,0.0
Mainz,Nurnberg,D1,2013,26/04/14,H,2,0,2.0,0.0,H,18.0,13.0,5.0,1.0,8.0,7.0,6.0,11.0,0.0,2.0,0.0,0.0
Wolfsburg,Freiburg,D1,2013,26/04/14,D,2,2,1.0,0.0,H,23.0,13.0,7.0,7.0,11.0,7.0,13.0,14.0,2.0,2.0,0.0,0.0
Augsburg,Hamburg,D1,2013,27/04/14,H,3,1,3.0,1.0,H,15.0,19.0,5.0,5.0,4.0,5.0,16.0,19.0,1.0,2.0,0.0,0.0
Schalke 04,M'gladbach,D1,2013,27/04/14,A,0,1,0.0,1.0,A,17.0,12.0,6.0,6.0,12.0,9.0,11.0,1.0,2.0,0.0,0.0,0.0
Braunschweig,Augsburg,D1,2013,03/05/14,A,0,1,0.0,0.0,D,17.0,24.0,6.0,10.0,7.0,9.0,21.0,21.0,2.0,2.0,0.0,0.0
Dortmund,Hoffenheim,D1,2013,03/05/14,H,3,2,3.0,1.0,H,16.0,12.0,10.0,4.0,5.0,5.0,16.0,23.0,0.0,1.0,0.0,0.0
Ein Frankfurt,Leverkusen,D1,2013,03/05/14,A,0,2,0.0,2.0,A,6.0,21.0,2.0,5.0,3.0,5.0,16.0,13.0,2.0,1.0,0.0,0.0
Freiburg,Schalke 04,D1,2013,03/05/14,A,0,2,0.0,1.0,A,10.0,26.0,1.0,6.0,3.0,5.0,11.0,11.0,2.0,2.0,0.0,1.0
Hamburg,Bayern Munich,D1,2013,03/05/14,A,1,4,0.0,1.0,A,10.0,18.0,5.0,8.0,2.0,5.0,14.0,7.0,1.0,1.0,0.0,1.0
M'gladbach,Mainz,D1,2013,03/05/14,H,3,1,1.0,0.0,H,7.0,18.0,4.0,4.0,3.0,6.0,8.0,11.0,0.0,0.0,0.0,0.0
Nurnberg,Hannover,D1,2013,03/05/14,A,0,2,0.0,1.0,A,15.0,14.0,8.0,7.0,8.0,5.0,12.0,18.0,3.0,1.0,0.0,0.0
Stuttgart,Wolfsburg,D1,2013,03/05/14,A,1,2,0.0,1.0,A,6.0,13.0,2.0,6.0,2.0,5.0,11.0,15.0,1.0,1.0,0.0,0.0
Werder Bremen,Hertha,D1,2013,03/05/14,H,2,0,0.0,0.0,D,12.0,11.0,4.0,4.0,5.0,11.0,18.0,17.0,3.0,1.0,0.0,0.0
Augsburg,Ein Frankfurt,D1,2013,10/05/14,H,2,1,1.0,1.0,D,17.0,7.0,7.0,2.0,5.0,5.0,12.0,12.0,0.0,2.0,0.0,0.0
Bayern Munich,Stuttgart,D1,2013,10/05/14,H,1,0,0.0,0.0,D,24.0,8.0,6.0,2.0,12.0,2.0,11.0,14.0,2.0,2.0,0.0,0.0
Hannover,Freiburg,D1,2013,10/05/14,H,3,2,1.0,0.0,H,19.0,12.0,9.0,7.0,8.0,4.0,19.0,9.0,1.0,2.0,0.0,0.0
Hertha,Dortmund,D1,2013,10/05/14,A,0,4,0.0,2.0,A,10.0,13.0,5.0,7.0,9.0,0.0,18.0,12.0,2.0,0.0,0.0,0.0
Hoffenheim,Braunschweig,D1,2013,10/05/14,H,3,1,1.0,0.0,H,16.0,6.0,8.0,2.0,5.0,2.0,17.0,14.0,3.0,0.0,0.0,0.0
Leverkusen,Werder Bremen,D1,2013,10/05/14,H,2,1,1.0,1.0,D,14.0,8.0,6.0,2.0,8.0,4.0,16.0,9.0,2.0,0.0,0.0,0.0
Mainz,Hamburg,D1,2013,10/05/14,H,3,2,1.0,1.0,D,13.0,20.0,6.0,7.0,4.0,8.0,14.0,14.0,0.0,0.0,0.0,0.0
Schalke 04,Nurnberg,D1,2013,10/05/14,H,4,1,2.0,0.0,H,22.0,11.0,11.0,4.0,7.0,3.0,12.0,20.0,0.0,5.0,0.0,0.0
Wolfsburg,M'gladbach,D1,2013,10/05/14,H,3,1,1.0,0.0,H,19.0,13.0,10.0,3.0,7.0,8.0,9.0,10.0,2.0,4.0,0.0,0.0
Bayern Munich,Wolfsburg,D1,2014,22/08/14,H,2,1,1.0,0.0,H,17.0,9.0,10.0,4.0,9.0,3.0,5.0,9.0,0.0,2.0,0.0,0.0
Dortmund,Leverkusen,D1,2014,23/08/14,A,0,2,0.0,1.0,A,11.0,11.0,4.0,2.0,8.0,4.0,13.0,28.0,1.0,2.0,0.0,0.0
Ein Frankfurt,Freiburg,D1,2014,23/08/14,H,1,0,1.0,0.0,H,10.0,13.0,3.0,7.0,6.0,5.0,17.0,22.0,1.0,3.0,0.0,0.0
FC Koln,Hamburg,D1,2014,23/08/14,D,0,0,0.0,0.0,D,10.0,19.0,3.0,4.0,3.0,6.0,23.0,16.0,2.0,2.0,0.0,0.0
Hannover,Schalke 04,D1,2014,23/08/14,H,2,1,0.0,0.0,D,8.0,12.0,3.0,5.0,2.0,4.0,12.0,15.0,2.0,1.0,0.0,0.0
Hertha,Werder Bremen,D1,2014,23/08/14,D,2,2,1.0,0.0,H,19.0,9.0,5.0,5.0,9.0,5.0,17.0,18.0,1.0,2.0,0.0,0.0
Hoffenheim,Augsburg,D1,2014,23/08/14,H,2,0,2.0,0.0,H,10.0,12.0,3.0,2.0,7.0,3.0,19.0,15.0,2.0,3.0,0.0,0.0
M'gladbach,Stuttgart,D1,2014,24/08/14,D,1,1,0.0,0.0,D,19.0,7.0,6.0,3.0,6.0,3.0,8.0,16.0,2.0,1.0,0.0,0.0
Paderborn,Mainz,D1,2014,24/08/14,D,2,2,1.0,1.0,D,10.0,14.0,3.0,4.0,4.0,3.0,16.0,14.0,2.0,2.0,0.0,0.0
Augsburg,Dortmund,D1,2014,29/08/14,A,2,3,0.0,2.0,A,12.0,22.0,3.0,9.0,3.0,6.0,9.0,12.0,2.0,3.0,0.0,0.0
Hamburg,Paderborn,D1,2014,30/08/14,A,0,3,0.0,1.0,A,13.0,15.0,4.0,7.0,8.0,3.0,16.0,16.0,0.0,0.0,0.0,0.0
Leverkusen,Hertha,D1,2014,30/08/14,H,4,2,0.0,1.0,A,21.0,3.0,7.0,1.0,5.0,6.0,11.0,20.0,0.0,1.0,0.0,0.0
Schalke 04,Bayern Munich,D1,2014,30/08/14,D,1,1,0.0,1.0,A,8.0,10.0,4.0,4.0,1.0,3.0,15.0,15.0,4.0,1.0,0.0,0.0
Stuttgart,FC Koln,D1,2014,30/08/14,A,0,2,0.0,2.0,A,14.0,10.0,5.0,4.0,7.0,4.0,11.0,11.0,1.0,2.0,0.0,0.0
Werder Bremen,Hoffenheim,D1,2014,30/08/14,D,1,1,0.0,1.0,A,15.0,12.0,1.0,1.0,6.0,6.0,20.0,13.0,3.0,0.0,0.0,0.0
Wolfsburg,Ein Frankfurt,D1,2014,30/08/14,D,2,2,1.0,1.0,D,14.0,9.0,11.0,4.0,4.0,3.0,19.0,11.0,3.0,1.0,0.0,0.0
Freiburg,M'gladbach,D1,2014,31/08/14,D,0,0,0.0,0.0,D,17.0,9.0,4.0,3.0,4.0,5.0,11.0,13.0,1.0,2.0,0.0,0.0
Mainz,Hannover,D1,2014,31/08/14,D,0,0,0.0,0.0,D,14.0,11.0,2.0,6.0,4.0,2.0,12.0,14.0,0.0,1.0,0.0,0.0
Leverkusen,Werder Bremen,D1,2014,12/09/14,D,3,3,1.0,1.0,D,26.0,8.0,9.0,5.0,6.0,4.0,14.0,20.0,4.0,2.0,0.0,0.0
Bayern Munich,Stuttgart,D1,2014,13/09/14,H,2,0,1.0,0.0,H,14.0,7.0,8.0,0.0,2.0,4.0,16.0,18.0,1.0,2.0,0.0,0.0
Dortmund,Freiburg,D1,2014,13/09/14,H,3,1,2.0,0.0,H,15.0,4.0,6.0,3.0,3.0,5.0,10.0,14.0,1.0,4.0,0.0,0.0
Hertha,Mainz,D1,2014,13/09/14,A,1,3,0.0,1.0,A,17.0,7.0,3.0,6.0,4.0,1.0,21.0,20.0,3.0,3.0,0.0,0.0
Hoffenheim,Wolfsburg,D1,2014,13/09/14,D,1,1,0.0,0.0,D,15.0,22.0,6.0,5.0,4.0,7.0,17.0,17.0,1.0,0.0,0.0,1.0
M'gladbach,Schalke 04,D1,2014,13/09/14,H,4,1,1.0,0.0,H,23.0,11.0,9.0,6.0,8.0,2.0,15.0,13.0,2.0,3.0,0.0,0.0
Paderborn,FC Koln,D1,2014,13/09/14,D,0,0,0.0,0.0,D,8.0,4.0,4.0,1.0,5.0,1.0,13.0,18.0,0.0,2.0,0.0,0.0
Ein Frankfurt,Augsburg,D1,2014,14/09/14,A,0,1,0.0,0.0,D,14.0,17.0,5.0,7.0,5.0,6.0,14.0,21.0,3.0,4.0,0.0,0.0
Hannover,Hamburg,D1,2014,14/09/14,H,2,0,2.0,0.0,H,11.0,11.0,4.0,0.0,4.0,2.0,18.0,16.0,3.0,3.0,0.0,0.0
Freiburg,Hertha,D1,2014,19/09/14,D,2,2,1.0,1.0,D,15.0,7.0,5.0,2.0,7.0,6.0,16.0,26.0,0.0,4.0,0.0,1.0
Augsburg,Werder Bremen,D1,2014,20/09/14,H,4,2,2.0,1.0,H,19.0,13.0,7.0,6.0,6.0,5.0,13.0,20.0,1.0,4.0,0.0,0.0
Hamburg,Bayern Munich,D1,2014,20/09/14,D,0,0,0.0,0.0,D,4.0,15.0,0.0,3.0,3.0,9.0,22.0,11.0,4.0,2.0,0.0,0.0
Mainz,Dortmund,D1,2014,20/09/14,H,2,0,0.0,0.0,D,8.0,20.0,5.0,4.0,1.0,7.0,17.0,18.0,2.0,1.0,0.0,0.0
Paderborn,Hannover,D1,2014,20/09/14,H,2,0,0.0,0.0,D,17.0,14.0,4.0,2.0,7.0,5.0,11.0,13.0,1.0,0.0,0.0,0.0
Schalke 04,Ein Frankfurt,D1,2014,20/09/14,D,2,2,1.0,2.0,A,8.0,15.0,3.0,4.0,1.0,3.0,15.0,15.0,1.0,2.0,2.0,1.0
Stuttgart,Hoffenheim,D1,2014,20/09/14,A,0,2,0.0,1.0,A,17.0,10.0,2.0,4.0,9.0,4.0,17.0,21.0,0.0,2.0,0.0,0.0
FC Koln,M'gladbach,D1,2014,21/09/14,D,0,0,0.0,0.0,D,10.0,9.0,7.0,1.0,4.0,3.0,15.0,13.0,2.0,2.0,0.0,0.0
Wolfsburg,Leverkusen,D1,2014,21/09/14,H,4,1,2.0,1.0,H,17.0,12.0,9.0,1.0,8.0,3.0,9.0,12.0,1.0,1.0,0.0,1.0
Bayern Munich,Paderborn,D1,2014,23/09/14,H,4,0,2.0,0.0,H,25.0,6.0,9.0,2.0,9.0,3.0,8.0,7.0,0.0,0.0,0.0,0.0
Ein Frankfurt,Mainz,D1,2014,23/09/14,D,2,2,1.0,2.0,A,16.0,5.0,8.0,5.0,9.0,3.0,16.0,24.0,3.0,3.0,0.0,0.0
Hoffenheim,Freiburg,D1,2014,23/09/14,D,3,3,1.0,2.0,A,18.0,6.0,8.0,4.0,4.0,3.0,20.0,14.0,3.0,3.0,0.0,1.0
Werder Bremen,Schalke 04,D1,2014,23/09/14,A,0,3,0.0,0.0,D,12.0,11.0,4.0,4.0,6.0,5.0,17.0,15.0,4.0,3.0,0.0,0.0
Dortmund,Stuttgart,D1,2014,24/09/14,D,2,2,0.0,0.0,D,25.0,10.0,9.0,5.0,5.0,4.0,11.0,10.0,2.0,2.0,0.0,0.0
Hannover,FC Koln,D1,2014,24/09/14,H,1,0,1.0,0.0,H,9.0,9.0,4.0,3.0,2.0,6.0,9.0,11.0,0.0,2.0,0.0,0.0
Hertha,Wolfsburg,D1,2014,24/09/14,H,1,0,1.0,0.0,H,3.0,13.0,3.0,3.0,6.0,5.0,15.0,10.0,3.0,2.0,0.0,0.0
Leverkusen,Augsburg,D1,2014,24/09/14,H,1,0,1.0,0.0,H,17.0,11.0,3.0,4.0,6.0,7.0,13.0,13.0,3.0,2.0,0.0,0.0
M'gladbach,Hamburg,D1,2014,24/09/14,H,1,0,1.0,0.0,H,20.0,14.0,9.0,1.0,9.0,9.0,19.0,17.0,1.0,1.0,0.0,0.0
Mainz,Hoffenheim,D1,2014,26/09/14,D,0,0,0.0,0.0,D,10.0,13.0,3.0,3.0,5.0,4.0,13.0,25.0,1.0,2.0,0.0,0.0
FC Koln,Bayern Munich,D1,2014,27/09/14,A,0,2,0.0,1.0,A,8.0,21.0,3.0,8.0,2.0,11.0,6.0,6.0,0.0,0.0,0.0,0.0
Freiburg,Leverkusen,D1,2014,27/09/14,D,0,0,0.0,0.0,D,8.0,16.0,3.0,8.0,5.0,3.0,21.0,24.0,2.0,4.0,1.0,1.0
Paderborn,M'gladbach,D1,2014,27/09/14,A,1,2,0.0,2.0,A,24.0,11.0,8.0,4.0,9.0,0.0,9.0,18.0,1.0,1.0,0.0,0.0
Schalke 04,Dortmund,D1,2014,27/09/14,H,2,1,2.0,1.0,H,11.0,17.0,6.0,5.0,3.0,9.0,15.0,15.0,1.0,1.0,0.0,0.0
Stuttgart,Hannover,D1,2014,27/09/14,H,1,0,0.0,0.0,D,12.0,12.0,6.0,4.0,8.0,1.0,16.0,16.0,3.0,2.0,0.0,0.0
Wolfsburg,Werder Bremen,D1,2014,27/09/14,H,2,1,1.0,1.0,D,18.0,8.0,8.0,3.0,8.0,5.0,11.0,12.0,0.0,0.0,0.0,0.0
Augsburg,Hertha,D1,2014,28/09/14,H,1,0,1.0,0.0,H,8.0,10.0,3.0,3.0,3.0,9.0,18.0,20.0,2.0,4.0,0.0,0.0
Hamburg,Ein Frankfurt,D1,2014,28/09/14,A,1,2,0.0,1.0,A,14.0,7.0,6.0,4.0,8.0,3.0,21.0,18.0,2.0,2.0,0.0,0.0
Hertha,Stuttgart,D1,2014,03/10/14,H,3,2,1.0,1.0,D,12.0,9.0,9.0,2.0,3.0,7.0,18.0,15.0,2.0,2.0,0.0,0.0
Bayern Munich,Hannover,D1,2014,04/10/14,H,4,0,3.0,0.0,H,23.0,6.0,9.0,3.0,11.0,1.0,4.0,11.0,0.0,0.0,0.0,0.0
Dortmund,Hamburg,D1,2014,04/10/14,A,0,1,0.0,1.0,A,17.0,10.0,3.0,5.0,8.0,4.0,10.0,19.0,2.0,4.0,0.0,0.0
Ein Frankfurt,FC Koln,D1,2014,04/10/14,H,3,2,1.0,1.0,D,19.0,12.0,8.0,7.0,6.0,2.0,10.0,15.0,1.0,1.0,0.0,0.0
Hoffenheim,Schalke 04,D1,2014,04/10/14,H,2,1,2.0,0.0,H,20.0,13.0,8.0,3.0,5.0,3.0,18.0,16.0,3.0,4.0,0.0,1.0
Leverkusen,Paderborn,D1,2014,04/10/14,D,2,2,1.0,1.0,D,21.0,8.0,10.0,5.0,9.0,2.0,25.0,18.0,3.0,3.0,0.0,1.0
Werder Bremen,Freiburg,D1,2014,04/10/14,D,1,1,1.0,1.0,D,18.0,7.0,7.0,3.0,10.0,5.0,13.0,14.0,0.0,1.0,0.0,0.0
M'gladbach,Mainz,D1,2014,05/10/14,D,1,1,1.0,1.0,D,18.0,8.0,10.0,2.0,2.0,3.0,12.0,12.0,0.0,3.0,0.0,0.0
Wolfsburg,Augsburg,D1,2014,05/10/14,H,1,0,0.0,0.0,D,15.0,7.0,4.0,1.0,4.0,1.0,15.0,13.0,0.0,2.0,0.0,0.0
Bayern Munich,Werder Bremen,D1,2014,18/10/14,H,6,0,4.0,0.0,H,19.0,0.0,6.0,0.0,10.0,0.0,10.0,12.0,0.0,1.0,0.0,0.0
FC Koln,Dortmund,D1,2014,18/10/14,H,2,1,1.0,0.0,H,5.0,16.0,2.0,3.0,3.0,6.0,11.0,14.0,1.0,3.0,0.0,0.0
Freiburg,Wolfsburg,D1,2014,18/10/14,A,1,2,0.0,1.0,A,14.0,15.0,7.0,8.0,6.0,2.0,11.0,18.0,1.0,1.0,0.0,0.0
Hannover,M'gladbach,D1,2014,18/10/14,A,0,3,0.0,1.0,A,11.0,10.0,4.0,4.0,7.0,2.0,15.0,16.0,1.0,1.0,0.0,0.0
Mainz,Augsburg,D1,2014,18/10/14,H,2,1,2.0,0.0,H,8.0,15.0,6.0,6.0,4.0,6.0,15.0,14.0,3.0,2.0,0.0,0.0
Schalke 04,Hertha,D1,2014,18/10/14,H,2,0,1.0,0.0,H,7.0,15.0,3.0,4.0,0.0,5.0,21.0,21.0,1.0,1.0,0.0,0.0
Stuttgart,Leverkusen,D1,2014,18/10/14,D,3,3,0.0,3.0,A,13.0,17.0,6.0,6.0,6.0,7.0,14.0,19.0,3.0,2.0,0.0,0.0
Hamburg,Hoffenheim,D1,2014,19/10/14,D,1,1,1.0,1.0,D,17.0,9.0,6.0,4.0,5.0,2.0,16.0,24.0,1.0,3.0,0.0,0.0
Paderborn,Ein Frankfurt,D1,2014,19/10/14,H,3,1,0.0,0.0,D,14.0,11.0,5.0,3.0,3.0,4.0,10.0,13.0,0.0,1.0,0.0,0.0
Werder Bremen,FC Koln,D1,2014,24/10/14,A,0,1,0.0,0.0,D,11.0,10.0,4.0,4.0,8.0,1.0,19.0,12.0,3.0,0.0,0.0,0.0
Augsburg,Freiburg,D1,2014,25/10/14,H,2,0,1.0,0.0,H,15.0,10.0,4.0,3.0,2.0,5.0,17.0,13.0,3.0,1.0,0.0,0.0
Dortmund,Hannover,D1,2014,25/10/14,A,0,1,0.0,0.0,D,17.0,7.0,4.0,3.0,14.0,1.0,13.0,18.0,3.0,4.0,0.0,1.0
Ein Frankfurt,Stuttgart,D1,2014,25/10/14,A,4,5,1.0,2.0,A,21.0,20.0,13.0,10.0,3.0,9.0,17.0,18.0,5.0,3.0,1.0,0.0
Hertha,Hamburg,D1,2014,25/10/14,H,3,0,0.0,0.0,D,15.0,10.0,6.0,3.0,4.0,1.0,15.0,21.0,0.0,2.0,0.0,0.0
Hoffenheim,Paderborn,D1,2014,25/10/14,H,1,0,0.0,0.0,D,19.0,11.0,5.0,1.0,6.0,4.0,14.0,15.0,2.0,3.0,0.0,0.0
Leverkusen,Schalke 04,D1,2014,25/10/14,H,1,0,0.0,0.0,D,24.0,4.0,7.0,1.0,8.0,3.0,8.0,17.0,1.0,4.0,1.0,0.0
M'gladbach,Bayern Munich,D1,2014,26/10/14,D,0,0,0.0,0.0,D,11.0,20.0,5.0,5.0,4.0,10.0,8.0,11.0,1.0,3.0,0.0,0.0
Wolfsburg,Mainz,D1,2014,26/10/14,H,3,0,1.0,0.0,H,24.0,16.0,12.0,4.0,10.0,3.0,16.0,15.0,1.0,3.0,0.0,0.0
Schalke 04,Augsburg,D1,2014,31/10/14,H,1,0,1.0,0.0,H,13.0,20.0,7.0,5.0,4.0,2.0,10.0,16.0,2.0,2.0,0.0,0.0
Bayern Munich,Dortmund,D1,2014,01/11/14,H,2,1,0.0,1.0,A,25.0,10.0,14.0,4.0,9.0,2.0,13.0,5.0,1.0,2.0,0.0,0.0
Hamburg,Leverkusen,D1,2014,01/11/14,H,1,0,1.0,0.0,H,5.0,11.0,1.0,2.0,1.0,3.0,29.0,25.0,6.0,3.0,0.0,0.0
Hannover,Ein Frankfurt,D1,2014,01/11/14,H,1,0,0.0,0.0,D,14.0,6.0,3.0,4.0,10.0,4.0,13.0,20.0,2.0,2.0,0.0,0.0
Mainz,Werder Bremen,D1,2014,01/11/14,A,1,2,1.0,1.0,D,21.0,9.0,3.0,7.0,8.0,1.0,17.0,15.0,4.0,3.0,0.0,0.0
Stuttgart,Wolfsburg,D1,2014,01/11/14,A,0,4,0.0,2.0,A,13.0,15.0,4.0,6.0,4.0,6.0,13.0,11.0,1.0,0.0,0.0,0.0
FC Koln,Freiburg,D1,2014,02/11/14,A,0,1,0.0,0.0,D,10.0,8.0,3.0,3.0,5.0,2.0,5.0,12.0,1.0,3.0,0.0,0.0
M'gladbach,Hoffenheim,D1,2014,02/11/14,H,3,1,2.0,1.0,H,13.0,15.0,7.0,3.0,6.0,3.0,15.0,12.0,1.0,1.0,0.0,0.0
Paderborn,Hertha,D1,2014,02/11/14,H,3,1,1.0,1.0,D,18.0,10.0,6.0,4.0,6.0,1.0,14.0,27.0,0.0,2.0,0.0,0.0
Hertha,Hannover,D1,2014,07/11/14,A,0,2,0.0,1.0,A,7.0,12.0,1.0,5.0,4.0,7.0,24.0,22.0,3.0,2.0,0.0,0.0
Augsburg,Paderborn,D1,2014,08/11/14,H,3,0,1.0,0.0,H,11.0,16.0,4.0,3.0,3.0,6.0,16.0,13.0,2.0,3.0,0.0,0.0
Ein Frankfurt,Bayern Munich,D1,2014,08/11/14,A,0,4,0.0,1.0,A,6.0,19.0,2.0,9.0,4.0,8.0,21.0,15.0,2.0,1.0,0.0,0.0
Freiburg,Schalke 04,D1,2014,08/11/14,H,2,0,1.0,0.0,H,19.0,11.0,9.0,4.0,3.0,1.0,13.0,13.0,1.0,3.0,0.0,0.0
Hoffenheim,FC Koln,D1,2014,08/11/14,A,3,4,3.0,3.0,D,22.0,11.0,6.0,7.0,7.0,4.0,15.0,12.0,1.0,2.0,0.0,0.0
Leverkusen,Mainz,D1,2014,08/11/14,D,0,0,0.0,0.0,D,24.0,6.0,6.0,1.0,13.0,0.0,17.0,20.0,1.0,3.0,0.0,0.0
Werder Bremen,Stuttgart,D1,2014,08/11/14,H,2,0,1.0,0.0,H,12.0,8.0,4.0,1.0,4.0,4.0,13.0,13.0,1.0,1.0,0.0,0.0
Dortmund,M'gladbach,D1,2014,09/11/14,H,1,0,0.0,0.0,D,22.0,1.0,6.0,0.0,7.0,0.0,7.0,11.0,3.0,2.0,0.0,0.0
Wolfsburg,Hamburg,D1,2014,09/11/14,H,2,0,1.0,0.0,H,13.0,10.0,5.0,2.0,2.0,1.0,12.0,14.0,2.0,3.0,0.0,0.0
Bayern Munich,Hoffenheim,D1,2014,22/11/14,H,4,0,2.0,0.0,H,17.0,11.0,9.0,5.0,9.0,5.0,16.0,17.0,2.0,2.0,0.0,1.0
FC Koln,Hertha,D1,2014,22/11/14,A,1,2,0.0,1.0,A,12.0,10.0,2.0,6.0,3.0,5.0,11.0,14.0,0.0,3.0,0.0,0.0
Hannover,Leverkusen,D1,2014,22/11/14,A,1,3,0.0,0.0,D,10.0,20.0,5.0,4.0,2.0,3.0,16.0,16.0,3.0,1.0,0.0,0.0
Mainz,Freiburg,D1,2014,22/11/14,D,2,2,1.0,1.0,D,11.0,10.0,2.0,3.0,9.0,3.0,15.0,13.0,0.0,1.0,0.0,0.0
M'gladbach,Ein Frankfurt,D1,2014,22/11/14,A,1,3,1.0,0.0,H,9.0,25.0,3.0,13.0,8.0,11.0,10.0,16.0,1.0,3.0,1.0,0.0
Paderborn,Dortmund,D1,2014,22/11/14,D,2,2,0.0,2.0,A,8.0,13.0,4.0,5.0,1.0,6.0,15.0,11.0,3.0,1.0,0.0,0.0
Schalke 04,Wolfsburg,D1,2014,22/11/14,H,3,2,3.0,1.0,H,9.0,17.0,6.0,2.0,2.0,7.0,10.0,16.0,1.0,1.0,0.0,0.0
Hamburg,Werder Bremen,D1,2014,23/11/14,H,2,0,0.0,0.0,D,14.0,12.0,5.0,7.0,6.0,5.0,24.0,20.0,4.0,3.0,0.0,1.0
Stuttgart,Augsburg,D1,2014,23/11/14,A,0,1,0.0,0.0,D,9.0,17.0,1.0,6.0,6.0,3.0,14.0,23.0,2.0,3.0,1.0,0.0
Freiburg,Stuttgart,D1,2014,28/11/14,A,1,4,1.0,1.0,D,16.0,18.0,6.0,9.0,9.0,7.0,12.0,13.0,2.0,1.0,1.0,0.0
Augsburg,Hamburg,D1,2014,29/11/14,H,3,1,0.0,1.0,A,13.0,9.0,8.0,3.0,4.0,4.0,13.0,23.0,1.0,4.0,0.0,0.0
Hertha,Bayern Munich,D1,2014,29/11/14,A,0,1,0.0,1.0,A,4.0,15.0,1.0,5.0,2.0,3.0,17.0,8.0,1.0,0.0,0.0,0.0
Hoffenheim,Hannover,D1,2014,29/11/14,H,4,3,2.0,1.0,H,16.0,13.0,7.0,5.0,5.0,3.0,14.0,28.0,1.0,4.0,0.0,0.0
Leverkusen,FC Koln,D1,2014,29/11/14,H,5,1,1.0,1.0,D,25.0,5.0,10.0,1.0,7.0,3.0,15.0,9.0,1.0,2.0,0.0,0.0
Schalke 04,Mainz,D1,2014,29/11/14,H,4,1,2.0,1.0,H,14.0,22.0,9.0,10.0,2.0,5.0,16.0,12.0,2.0,1.0,0.0,0.0
Werder Bremen,Paderborn,D1,2014,29/11/14,H,4,0,1.0,0.0,H,24.0,15.0,13.0,4.0,9.0,6.0,18.0,18.0,2.0,1.0,0.0,0.0
Ein Frankfurt,Dortmund,D1,2014,30/11/14,H,2,0,1.0,0.0,H,11.0,17.0,3.0,6.0,1.0,8.0,15.0,22.0,2.0,2.0,0.0,0.0
Wolfsburg,M'gladbach,D1,2014,30/11/14,H,1,0,1.0,0.0,H,23.0,10.0,12.0,2.0,9.0,5.0,13.0,12.0,0.0,2.0,0.0,0.0
Dortmund,Hoffenheim,D1,2014,05/12/14,H,1,0,1.0,0.0,H,19.0,6.0,6.0,1.0,8.0,3.0,20.0,12.0,1.0,4.0,0.0,0.0
Bayern Munich,Leverkusen,D1,2014,06/12/14,H,1,0,0.0,0.0,D,9.0,3.0,3.0,1.0,8.0,3.0,11.0,26.0,0.0,3.0,0.0,0.0
FC Koln,Augsburg,D1,2014,06/12/14,A,1,2,1.0,0.0,H,12.0,14.0,4.0,4.0,5.0,9.0,10.0,13.0,0.0,1.0,0.0,0.0
Hannover,Wolfsburg,D1,2014,06/12/14,A,1,3,1.0,1.0,D,16.0,15.0,6.0,7.0,11.0,9.0,14.0,18.0,2.0,1.0,0.0,0.0
M'gladbach,Hertha,D1,2014,06/12/14,H,3,2,1.0,1.0,D,13.0,11.0,10.0,3.0,4.0,3.0,17.0,17.0,2.0,3.0,0.0,0.0
Paderborn,Freiburg,D1,2014,06/12/14,D,1,1,0.0,1.0,A,24.0,4.0,8.0,2.0,6.0,1.0,15.0,26.0,2.0,4.0,0.0,0.0
Stuttgart,Schalke 04,D1,2014,06/12/14,A,0,4,0.0,3.0,A,13.0,13.0,3.0,6.0,4.0,6.0,14.0,13.0,0.0,0.0,0.0,0.0
Ein Frankfurt,Werder Bremen,D1,2014,07/12/14,H,5,2,1.0,1.0,D,22.0,10.0,13.0,4.0,9.0,2.0,17.0,12.0,2.0,2.0,0.0,0.0
Hamburg,Mainz,D1,2014,07/12/14,H,2,1,1.0,0.0,H,18.0,15.0,8.0,4.0,6.0,6.0,19.0,18.0,1.0,0.0,0.0,0.0
Hoffenheim,Ein Frankfurt,D1,2014,12/12/14,H,3,2,1.0,0.0,H,20.0,19.0,8.0,7.0,4.0,6.0,16.0,19.0,3.0,2.0,0.0,0.0
Augsburg,Bayern Munich,D1,2014,13/12/14,A,0,4,0.0,0.0,D,6.0,26.0,3.0,9.0,1.0,7.0,17.0,13.0,0.0,0.0,0.0,0.0
Freiburg,Hamburg,D1,2014,13/12/14,D,0,0,0.0,0.0,D,10.0,10.0,4.0,1.0,4.0,2.0,19.0,9.0,2.0,2.0,0.0,0.0
Hertha,Dortmund,D1,2014,13/12/14,H,1,0,1.0,0.0,H,5.0,18.0,3.0,5.0,2.0,9.0,9.0,9.0,2.0,1.0,0.0,0.0
Mainz,Stuttgart,D1,2014,13/12/14,D,1,1,1.0,0.0,H,22.0,8.0,6.0,2.0,4.0,5.0,19.0,15.0,2.0,2.0,0.0,0.0
Schalke 04,FC Koln,D1,2014,13/12/14,A,1,2,0.0,0.0,D,15.0,6.0,3.0,5.0,2.0,1.0,13.0,7.0,1.0,1.0,0.0,0.0
Werder Bremen,Hannover,D1,2014,13/12/14,D,3,3,1.0,1.0,D,19.0,12.0,7.0,7.0,10.0,10.0,19.0,25.0,3.0,3.0,0.0,0.0
Leverkusen,M'gladbach,D1,2014,14/12/14,D,1,1,1.0,1.0,D,22.0,7.0,5.0,3.0,5.0,6.0,17.0,12.0,4.0,1.0,0.0,0.0
Wolfsburg,Paderborn,D1,2014,14/12/14,D,1,1,1.0,0.0,H,21.0,6.0,8.0,3.0,11.0,1.0,15.0,17.0,4.0,2.0,0.0,0.0
Bayern Munich,Freiburg,D1,2014,16/12/14,H,2,0,1.0,0.0,H,31.0,2.0,13.0,0.0,10.0,1.0,5.0,3.0,1.0,1.0,0.0,0.0
FC Koln,Mainz,D1,2014,16/12/14,D,0,0,0.0,0.0,D,11.0,13.0,1.0,1.0,9.0,3.0,13.0,14.0,2.0,4.0,0.0,0.0
Hamburg,Stuttgart,D1,2014,16/12/14,A,0,1,0.0,1.0,A,8.0,16.0,2.0,6.0,6.0,5.0,9.0,11.0,1.0,2.0,0.0,1.0
Hannover,Augsburg,D1,2014,16/12/14,H,2,0,1.0,0.0,H,10.0,10.0,3.0,5.0,8.0,5.0,18.0,17.0,0.0,3.0,0.0,0.0
Dortmund,Wolfsburg,D1,2014,17/12/14,D,2,2,1.0,1.0,D,17.0,10.0,6.0,4.0,4.0,5.0,12.0,10.0,1.0,0.0,0.0,0.0
Ein Frankfurt,Hertha,D1,2014,17/12/14,D,4,4,1.0,3.0,A,16.0,8.0,7.0,5.0,5.0,4.0,14.0,19.0,3.0,2.0,0.0,0.0
Hoffenheim,Leverkusen,D1,2014,17/12/14,A,0,1,0.0,0.0,D,9.0,18.0,7.0,9.0,1.0,10.0,16.0,19.0,1.0,3.0,0.0,0.0
M'gladbach,Werder Bremen,D1,2014,17/12/14,H,4,1,2.0,0.0,H,9.0,9.0,6.0,4.0,2.0,1.0,13.0,18.0,1.0,1.0,0.0,1.0
Paderborn,Schalke 04,D1,2014,17/12/14,A,1,2,1.0,1.0,D,21.0,16.0,4.0,8.0,5.0,7.0,9.0,22.0,0.0,3.0,0.0,0.0
Mainz,Bayern Munich,D1,2014,19/12/14,A,1,2,1.0,1.0,D,5.0,12.0,3.0,5.0,4.0,10.0,16.0,17.0,2.0,0.0,0.0,0.0
Augsburg,M'gladbach,D1,2014,20/12/14,H,2,1,1.0,1.0,D,18.0,14.0,6.0,7.0,4.0,7.0,15.0,11.0,3.0,2.0,0.0,0.0
Leverkusen,Ein Frankfurt,D1,2014,20/12/14,D,1,1,0.0,1.0,A,16.0,9.0,3.0,5.0,4.0,1.0,18.0,20.0,3.0,2.0,0.0,0.0
Schalke 04,Hamburg,D1,2014,20/12/14,D,0,0,0.0,0.0,D,17.0,15.0,8.0,6.0,6.0,4.0,11.0,15.0,1.0,2.0,0.0,0.0
Stuttgart,Paderborn,D1,2014,20/12/14,D,0,0,0.0,0.0,D,11.0,17.0,3.0,5.0,5.0,5.0,16.0,20.0,1.0,3.0,0.0,0.0
Werder Bremen,Dortmund,D1,2014,20/12/14,H,2,1,1.0,0.0,H,12.0,14.0,3.0,5.0,2.0,6.0,12.0,9.0,0.0,0.0,0.0,0.0
Wolfsburg,FC Koln,D1,2014,20/12/14,H,2,1,1.0,1.0,D,14.0,10.0,3.0,4.0,4.0,4.0,5.0,9.0,0.0,0.0,0.0,0.0
Freiburg,Hannover,D1,2014,21/12/14,D,2,2,1.0,0.0,H,11.0,17.0,6.0,8.0,6.0,5.0,12.0,14.0,3.0,3.0,0.0,0.0
Hertha,Hoffenheim,D1,2014,21/12/14,A,0,5,0.0,3.0,A,8.0,15.0,1.0,8.0,2.0,9.0,17.0,17.0,3.0,1.0,0.0,0.0
Wolfsburg,Bayern Munich,D1,2014,30/01/15,H,4,1,2.0,0.0,H,13.0,16.0,6.0,7.0,1.0,5.0,13.0,15.0,2.0,2.0,0.0,0.0
Freiburg,Ein Frankfurt,D1,2014,31/01/15,H,4,1,0.0,1.0,A,15.0,12.0,8.0,6.0,3.0,5.0,11.0,14.0,3.0,3.0,0.0,0.0
Hamburg,FC Koln,D1,2014,31/01/15,A,0,2,0.0,0.0,D,10.0,15.0,3.0,6.0,3.0,3.0,17.0,11.0,3.0,1.0,0.0,0.0
Leverkusen,Dortmund,D1,2014,31/01/15,D,0,0,0.0,0.0,D,7.0,10.0,3.0,2.0,4.0,3.0,20.0,17.0,1.0,2.0,0.0,0.0
Mainz,Paderborn,D1,2014,31/01/15,H,5,0,1.0,0.0,H,21.0,10.0,8.0,2.0,9.0,4.0,14.0,17.0,0.0,1.0,0.0,0.0
Schalke 04,Hannover,D1,2014,31/01/15,H,1,0,1.0,0.0,H,15.0,13.0,5.0,1.0,5.0,7.0,15.0,15.0,2.0,3.0,1.0,0.0
Stuttgart,M'gladbach,D1,2014,31/01/15,A,0,1,0.0,0.0,D,12.0,10.0,1.0,2.0,4.0,8.0,13.0,13.0,3.0,2.0,0.0,0.0
Augsburg,Hoffenheim,D1,2014,01/02/15,H,3,1,2.0,1.0,H,15.0,13.0,7.0,5.0,4.0,7.0,20.0,28.0,2.0,3.0,0.0,0.0
Werder Bremen,Hertha,D1,2014,01/02/15,H,2,0,1.0,0.0,H,19.0,3.0,8.0,0.0,6.0,3.0,16.0,26.0,4.0,3.0,0.0,0.0
Bayern Munich,Schalke 04,D1,2014,03/02/15,D,1,1,0.0,0.0,D,10.0,8.0,2.0,5.0,5.0,1.0,13.0,19.0,3.0,1.0,1.0,0.0
Ein Frankfurt,Wolfsburg,D1,2014,03/02/15,D,1,1,0.0,0.0,D,12.0,9.0,4.0,2.0,1.0,6.0,20.0,16.0,2.0,2.0,0.0,0.0
Hannover,Mainz,D1,2014,03/02/15,D,1,1,1.0,0.0,H,9.0,17.0,5.0,7.0,7.0,4.0,15.0,15.0,1.0,1.0,0.0,0.0
M'gladbach,Freiburg,D1,2014,03/02/15,H,1,0,1.0,0.0,H,11.0,15.0,6.0,5.0,4.0,4.0,15.0,14.0,1.0,2.0,0.0,0.0
Dortmund,Augsburg,D1,2014,04/02/15,A,0,1,0.0,0.0,D,15.0,8.0,6.0,3.0,4.0,1.0,12.0,11.0,0.0,1.0,0.0,1.0
FC Koln,Stuttgart,D1,2014,04/02/15,D,0,0,0.0,0.0,D,5.0,7.0,0.0,4.0,2.0,4.0,10.0,10.0,2.0,0.0,0.0,0.0
Hertha,Leverkusen,D1,2014,04/02/15,A,0,1,0.0,0.0,D,2.0,9.0,0.0,3.0,4.0,2.0,14.0,16.0,2.0,2.0,1.0,0.0
Hoffenheim,Werder Bremen,D1,2014,04/02/15,A,1,2,1.0,1.0,D,13.0,10.0,5.0,6.0,7.0,1.0,13.0,30.0,1.0,4.0,0.0,0.0
Paderborn,Hamburg,D1,2014,04/02/15,A,0,3,0.0,1.0,A,13.0,12.0,3.0,4.0,5.0,5.0,11.0,18.0,1.0,2.0,0.0,0.0
Schalke 04,M'gladbach,D1,2014,06/02/15,H,1,0,1.0,0.0,H,10.0,8.0,4.0,1.0,5.0,3.0,17.0,15.0,1.0,0.0,0.0,0.0
FC Koln,Paderborn,D1,2014,07/02/15,D,0,0,0.0,0.0,D,17.0,9.0,5.0,3.0,9.0,4.0,13.0,15.0,1.0,2.0,0.0,0.0
Freiburg,Dortmund,D1,2014,07/02/15,A,0,3,0.0,1.0,A,7.0,22.0,1.0,12.0,3.0,5.0,11.0,12.0,1.0,2.0,0.0,0.0
Hamburg,Hannover,D1,2014,07/02/15,H,2,1,1.0,0.0,H,6.0,21.0,3.0,7.0,3.0,10.0,21.0,11.0,1.0,0.0,0.0,0.0
Mainz,Hertha,D1,2014,07/02/15,A,0,2,0.0,2.0,A,12.0,11.0,4.0,3.0,4.0,2.0,15.0,15.0,2.0,3.0,1.0,1.0
Stuttgart,Bayern Munich,D1,2014,07/02/15,A,0,2,0.0,1.0,A,4.0,8.0,0.0,4.0,4.0,1.0,26.0,21.0,1.0,1.0,0.0,0.0
Wolfsburg,Hoffenheim,D1,2014,07/02/15,H,3,0,2.0,0.0,H,9.0,16.0,5.0,4.0,2.0,4.0,20.0,16.0,2.0,1.0,0.0,0.0
Augsburg,Ein Frankfurt,D1,2014,08/02/15,D,2,2,2.0,1.0,H,11.0,16.0,6.0,5.0,3.0,3.0,20.0,20.0,3.0,3.0,0.0,0.0
Werder Bremen,Leverkusen,D1,2014,08/02/15,H,2,1,2.0,1.0,H,7.0,13.0,4.0,2.0,4.0,7.0,14.0,16.0,1.0,3.0,0.0,0.0
Dortmund,Mainz,D1,2014,13/02/15,H,4,2,0.0,1.0,A,21.0,6.0,10.0,3.0,7.0,3.0,15.0,13.0,0.0,1.0,0.0,0.0
Bayern Munich,Hamburg,D1,2014,14/02/15,H,8,0,3.0,0.0,H,25.0,7.0,14.0,2.0,3.0,0.0,3.0,16.0,0.0,1.0,0.0,0.0
Ein Frankfurt,Schalke 04,D1,2014,14/02/15,H,1,0,0.0,0.0,D,8.0,8.0,2.0,6.0,5.0,7.0,21.0,12.0,5.0,1.0,0.0,0.0
Hoffenheim,Stuttgart,D1,2014,14/02/15,H,2,1,1.0,1.0,D,21.0,7.0,6.0,3.0,10.0,2.0,24.0,21.0,3.0,3.0,0.0,0.0
Leverkusen,Wolfsburg,D1,2014,14/02/15,A,4,5,0.0,3.0,A,15.0,13.0,7.0,9.0,5.0,1.0,23.0,12.0,4.0,1.0,1.0,0.0
M'gladbach,FC Koln,D1,2014,14/02/15,H,1,0,0.0,0.0,D,19.0,14.0,8.0,1.0,10.0,1.0,10.0,12.0,2.0,4.0,0.0,0.0
Werder Bremen,Augsburg,D1,2014,14/02/15,H,3,2,3.0,1.0,H,19.0,16.0,9.0,4.0,5.0,10.0,21.0,15.0,2.0,2.0,0.0,0.0
Hannover,Paderborn,D1,2014,15/02/15,A,1,2,0.0,0.0,D,10.0,11.0,2.0,5.0,7.0,1.0,16.0,12.0,3.0,1.0,0.0,0.0
Hertha,Freiburg,D1,2014,15/02/15,A,0,2,0.0,1.0,A,11.0,8.0,6.0,3.0,2.0,1.0,20.0,15.0,2.0,2.0,0.0,0.0
Stuttgart,Dortmund,D1,2014,20/02/15,A,2,3,1.0,2.0,A,7.0,13.0,2.0,9.0,2.0,5.0,13.0,12.0,1.0,2.0,0.0,0.0
Augsburg,Leverkusen,D1,2014,21/02/15,D,2,2,0.0,1.0,A,16.0,18.0,7.0,12.0,5.0,4.0,13.0,16.0,0.0,3.0,0.0,0.0
FC Koln,Hannover,D1,2014,21/02/15,D,1,1,1.0,1.0,D,16.0,7.0,7.0,5.0,3.0,5.0,13.0,20.0,2.0,3.0,0.0,1.0
Freiburg,Hoffenheim,D1,2014,21/02/15,D,1,1,1.0,1.0,D,10.0,14.0,5.0,5.0,4.0,1.0,20.0,22.0,2.0,3.0,1.0,0.0
Mainz,Ein Frankfurt,D1,2014,21/02/15,H,3,1,1.0,1.0,D,13.0,8.0,6.0,1.0,6.0,1.0,14.0,18.0,2.0,3.0,0.0,1.0
Paderborn,Bayern Munich,D1,2014,21/02/15,A,0,6,0.0,2.0,A,13.0,17.0,3.0,9.0,4.0,4.0,10.0,13.0,0.0,0.0,1.0,0.0
Schalke 04,Werder Bremen,D1,2014,21/02/15,D,1,1,0.0,0.0,D,24.0,14.0,5.0,4.0,7.0,1.0,13.0,12.0,1.0,2.0,0.0,0.0
Hamburg,M'gladbach,D1,2014,22/02/15,D,1,1,0.0,0.0,D,13.0,12.0,3.0,2.0,4.0,5.0,14.0,11.0,3.0,3.0,0.0,0.0
Wolfsburg,Hertha,D1,2014,22/02/15,H,2,1,1.0,1.0,D,17.0,3.0,5.0,2.0,6.0,3.0,10.0,14.0,1.0,2.0,0.0,0.0
Bayern Munich,FC Koln,D1,2014,27/02/15,H,4,1,2.0,1.0,H,23.0,9.0,9.0,4.0,14.0,5.0,5.0,11.0,0.0,1.0,0.0,0.0
Dortmund,Schalke 04,D1,2014,28/02/15,H,3,0,0.0,0.0,D,31.0,3.0,13.0,0.0,9.0,5.0,13.0,13.0,2.0,2.0,0.0,0.0
Ein Frankfurt,Hamburg,D1,2014,28/02/15,H,2,1,1.0,1.0,D,19.0,9.0,6.0,5.0,4.0,3.0,18.0,27.0,2.0,3.0,0.0,1.0
Hannover,Stuttgart,D1,2014,28/02/15,D,1,1,0.0,0.0,D,16.0,9.0,5.0,1.0,8.0,4.0,20.0,16.0,2.0,2.0,1.0,1.0
Hertha,Augsburg,D1,2014,28/02/15,H,1,0,0.0,0.0,D,9.0,11.0,4.0,3.0,4.0,5.0,22.0,17.0,3.0,4.0,0.0,0.0
Hoffenheim,Mainz,D1,2014,28/02/15,H,2,0,0.0,0.0,D,16.0,19.0,5.0,4.0,6.0,9.0,12.0,12.0,3.0,0.0,0.0,0.0
Leverkusen,Freiburg,D1,2014,28/02/15,H,1,0,1.0,0.0,H,11.0,3.0,4.0,2.0,3.0,2.0,15.0,13.0,1.0,2.0,0.0,0.0
M'gladbach,Paderborn,D1,2014,01/03/15,H,2,0,1.0,0.0,H,19.0,17.0,7.0,3.0,10.0,8.0,8.0,15.0,0.0,2.0,0.0,0.0
Werder Bremen,Wolfsburg,D1,2014,01/03/15,A,3,5,3.0,2.0,H,10.0,13.0,5.0,6.0,6.0,3.0,21.0,15.0,2.0,1.0,0.0,0.0
Stuttgart,Hertha,D1,2014,06/03/15,D,0,0,0.0,0.0,D,14.0,7.0,3.0,2.0,8.0,2.0,16.0,14.0,2.0,2.0,0.0,1.0
Augsburg,Wolfsburg,D1,2014,07/03/15,H,1,0,0.0,0.0,D,12.0,10.0,6.0,2.0,4.0,5.0,10.0,14.0,1.0,1.0,0.0,0.0
Freiburg,Werder Bremen,D1,2014,07/03/15,A,0,1,0.0,1.0,A,14.0,16.0,5.0,4.0,6.0,5.0,16.0,20.0,2.0,1.0,0.0,0.0
Hamburg,Dortmund,D1,2014,07/03/15,D,0,0,0.0,0.0,D,4.0,12.0,2.0,2.0,1.0,7.0,23.0,12.0,5.0,2.0,0.0,0.0
Hannover,Bayern Munich,D1,2014,07/03/15,A,1,3,1.0,1.0,D,4.0,13.0,1.0,3.0,2.0,3.0,12.0,7.0,1.0,3.0,0.0,0.0
Mainz,M'gladbach,D1,2014,07/03/15,D,2,2,0.0,1.0,A,23.0,6.0,7.0,3.0,7.0,4.0,6.0,12.0,1.0,2.0,0.0,0.0
Schalke 04,Hoffenheim,D1,2014,07/03/15,H,3,1,2.0,0.0,H,14.0,18.0,5.0,7.0,3.0,4.0,15.0,19.0,1.0,1.0,0.0,0.0
FC Koln,Ein Frankfurt,D1,2014,08/03/15,H,4,2,1.0,0.0,H,9.0,12.0,6.0,5.0,4.0,10.0,18.0,15.0,2.0,2.0,1.0,0.0
Paderborn,Leverkusen,D1,2014,08/03/15,A,0,3,0.0,0.0,D,9.0,11.0,2.0,6.0,9.0,8.0,15.0,17.0,1.0,1.0,0.0,0.0
Leverkusen,Stuttgart,D1,2014,13/03/15,H,4,0,2.0,0.0,H,11.0,9.0,5.0,5.0,3.0,4.0,25.0,8.0,3.0,3.0,0.0,0.0
Augsburg,Mainz,D1,2014,14/03/15,A,0,2,0.0,1.0,A,13.0,12.0,2.0,7.0,4.0,2.0,23.0,13.0,0.0,0.0,0.0,0.0
Dortmund,FC Koln,D1,2014,14/03/15,D,0,0,0.0,0.0,D,10.0,7.0,5.0,2.0,5.0,2.0,14.0,8.0,2.0,0.0,0.0,0.0
Ein Frankfurt,Paderborn,D1,2014,14/03/15,H,4,0,2.0,0.0,H,11.0,8.0,6.0,3.0,9.0,3.0,13.0,24.0,2.0,6.0,0.0,0.0
Hertha,Schalke 04,D1,2014,14/03/15,D,2,2,1.0,1.0,D,13.0,12.0,6.0,6.0,3.0,5.0,18.0,16.0,3.0,2.0,0.0,0.0
Hoffenheim,Hamburg,D1,2014,14/03/15,H,3,0,1.0,0.0,H,20.0,10.0,7.0,2.0,9.0,6.0,19.0,18.0,1.0,2.0,0.0,1.0
Werder Bremen,Bayern Munich,D1,2014,14/03/15,A,0,4,0.0,2.0,A,6.0,13.0,3.0,7.0,3.0,3.0,20.0,16.0,3.0,3.0,0.0,0.0
M'gladbach,Hannover,D1,2014,15/03/15,H,2,0,1.0,0.0,H,23.0,7.0,8.0,1.0,2.0,5.0,14.0,15.0,1.0,0.0,0.0,0.0
Wolfsburg,Freiburg,D1,2014,15/03/15,H,3,0,1.0,0.0,H,25.0,16.0,8.0,5.0,5.0,5.0,9.0,14.0,0.0,1.0,0.0,0.0
Hamburg,Hertha,D1,2014,20/03/15,A,0,1,0.0,0.0,D,13.0,9.0,4.0,3.0,4.0,6.0,21.0,21.0,2.0,1.0,1.0,0.0
FC Koln,Werder Bremen,D1,2014,21/03/15,D,1,1,0.0,1.0,A,14.0,11.0,2.0,6.0,8.0,6.0,14.0,22.0,2.0,2.0,0.0,0.0
Freiburg,Augsburg,D1,2014,21/03/15,H,2,0,0.0,0.0,D,15.0,17.0,8.0,6.0,4.0,6.0,16.0,12.0,1.0,0.0,0.0,0.0
Hannover,Dortmund,D1,2014,21/03/15,A,2,3,1.0,1.0,D,15.0,13.0,5.0,6.0,8.0,4.0,13.0,21.0,1.0,1.0,1.0,0.0
Paderborn,Hoffenheim,D1,2014,21/03/15,D,0,0,0.0,0.0,D,15.0,8.0,7.0,2.0,9.0,4.0,19.0,19.0,0.0,2.0,0.0,1.0
Schalke 04,Leverkusen,D1,2014,21/03/15,A,0,1,0.0,1.0,A,13.0,16.0,5.0,7.0,4.0,9.0,17.0,17.0,2.0,4.0,0.0,0.0
Stuttgart,Ein Frankfurt,D1,2014,21/03/15,H,3,1,0.0,0.0,D,9.0,11.0,5.0,5.0,2.0,9.0,17.0,11.0,2.0,2.0,0.0,0.0
Bayern Munich,M'gladbach,D1,2014,22/03/15,A,0,2,0.0,1.0,A,16.0,4.0,8.0,4.0,4.0,2.0,15.0,9.0,0.0,2.0,0.0,0.0
Mainz,Wolfsburg,D1,2014,22/03/15,D,1,1,1.0,0.0,H,22.0,8.0,1.0,3.0,8.0,4.0,11.0,17.0,0.0,2.0,0.0,0.0
Dortmund,Bayern Munich,D1,2014,04/04/15,A,0,1,0.0,1.0,A,15.0,7.0,2.0,2.0,2.0,1.0,16.0,19.0,2.0,3.0,0.0,0.0
Ein Frankfurt,Hannover,D1,2014,04/04/15,D,2,2,1.0,0.0,H,13.0,15.0,7.0,6.0,4.0,9.0,17.0,24.0,2.0,3.0,0.0,0.0
Freiburg,FC Koln,D1,2014,04/04/15,H,1,0,1.0,0.0,H,11.0,19.0,4.0,6.0,5.0,7.0,8.0,16.0,3.0,2.0,0.0,0.0
Hoffenheim,M'gladbach,D1,2014,04/04/15,A,1,4,1.0,3.0,A,22.0,12.0,6.0,7.0,5.0,3.0,14.0,9.0,3.0,2.0,0.0,0.0
Leverkusen,Hamburg,D1,2014,04/04/15,H,4,0,2.0,0.0,H,25.0,4.0,9.0,1.0,7.0,2.0,10.0,17.0,3.0,2.0,0.0,0.0
Werder Bremen,Mainz,D1,2014,04/04/15,D,0,0,0.0,0.0,D,15.0,15.0,5.0,3.0,3.0,2.0,23.0,16.0,4.0,2.0,0.0,0.0
Wolfsburg,Stuttgart,D1,2014,04/04/15,H,3,1,1.0,1.0,D,23.0,13.0,9.0,5.0,8.0,7.0,14.0,16.0,1.0,2.0,0.0,0.0
Augsburg,Schalke 04,D1,2014,05/04/15,D,0,0,0.0,0.0,D,21.0,18.0,3.0,3.0,4.0,4.0,22.0,23.0,3.0,3.0,0.0,0.0
Hertha,Paderborn,D1,2014,05/04/15,H,2,0,0.0,0.0,D,13.0,8.0,5.0,2.0,3.0,2.0,18.0,19.0,1.0,4.0,0.0,0.0
Hannover,Hertha,D1,2014,10/04/15,D,1,1,0.0,0.0,D,11.0,9.0,5.0,3.0,10.0,2.0,18.0,10.0,3.0,1.0,0.0,0.0
Bayern Munich,Ein Frankfurt,D1,2014,11/04/15,H,3,0,1.0,0.0,H,19.0,4.0,10.0,1.0,3.0,0.0,14.0,18.0,1.0,3.0,0.0,0.0
Hamburg,Wolfsburg,D1,2014,11/04/15,A,0,2,0.0,1.0,A,5.0,15.0,0.0,8.0,3.0,5.0,17.0,10.0,3.0,1.0,1.0,0.0
Mainz,Leverkusen,D1,2014,11/04/15,A,2,3,0.0,1.0,A,8.0,9.0,2.0,5.0,4.0,2.0,17.0,22.0,1.0,2.0,0.0,0.0
M'gladbach,Dortmund,D1,2014,11/04/15,H,3,1,2.0,0.0,H,12.0,17.0,7.0,3.0,6.0,6.0,10.0,6.0,1.0,0.0,0.0,0.0
Paderborn,Augsburg,D1,2014,11/04/15,H,2,1,0.0,0.0,D,14.0,16.0,4.0,5.0,6.0,7.0,14.0,21.0,1.0,2.0,0.0,0.0
Schalke 04,Freiburg,D1,2014,11/04/15,D,0,0,0.0,0.0,D,21.0,10.0,6.0,3.0,8.0,6.0,15.0,20.0,2.0,3.0,0.0,0.0
FC Koln,Hoffenheim,D1,2014,12/04/15,H,3,2,1.0,0.0,H,18.0,24.0,6.0,8.0,3.0,3.0,15.0,21.0,4.0,2.0,1.0,0.0
Stuttgart,Werder Bremen,D1,2014,12/04/15,H,3,2,1.0,0.0,H,15.0,12.0,3.0,3.0,9.0,3.0,13.0,14.0,1.0,3.0,1.0,0.0
Ein Frankfurt,M'gladbach,D1,2014,17/04/15,D,0,0,0.0,0.0,D,17.0,11.0,5.0,4.0,8.0,5.0,17.0,13.0,3.0,2.0,0.0,0.0
Augsburg,Stuttgart,D1,2014,18/04/15,H,2,1,1.0,1.0,D,12.0,16.0,4.0,7.0,2.0,6.0,21.0,16.0,2.0,4.0,0.0,0.0
Dortmund,Paderborn,D1,2014,18/04/15,H,3,0,0.0,0.0,D,21.0,2.0,8.0,0.0,5.0,3.0,14.0,7.0,1.0,0.0,0.0,0.0
Freiburg,Mainz,D1,2014,18/04/15,A,2,3,0.0,2.0,A,25.0,12.0,10.0,5.0,10.0,5.0,15.0,9.0,1.0,1.0,0.0,0.0
Hertha,FC Koln,D1,2014,18/04/15,D,0,0,0.0,0.0,D,10.0,7.0,4.0,2.0,8.0,11.0,9.0,14.0,0.0,1.0,0.0,0.0
Hoffenheim,Bayern Munich,D1,2014,18/04/15,A,0,2,0.0,1.0,A,8.0,20.0,1.0,5.0,1.0,10.0,16.0,21.0,3.0,3.0,0.0,0.0
Leverkusen,Hannover,D1,2014,18/04/15,H,4,0,2.0,0.0,H,25.0,5.0,10.0,1.0,11.0,0.0,14.0,23.0,1.0,3.0,0.0,0.0
Werder Bremen,Hamburg,D1,2014,19/04/15,H,1,0,0.0,0.0,D,11.0,8.0,5.0,2.0,3.0,0.0,12.0,22.0,1.0,3.0,0.0,1.0
Wolfsburg,Schalke 04,D1,2014,19/04/15,D,1,1,0.0,0.0,D,26.0,7.0,9.0,2.0,7.0,1.0,17.0,19.0,2.0,2.0,0.0,0.0
Mainz,Schalke 04,D1,2014,24/04/15,H,2,0,2.0,0.0,H,11.0,18.0,3.0,2.0,4.0,6.0,10.0,11.0,0.0,2.0,0.0,0.0
Bayern Munich,Hertha,D1,2014,25/04/15,H,1,0,0.0,0.0,D,16.0,8.0,7.0,3.0,5.0,2.0,13.0,7.0,0.0,1.0,0.0,0.0
Dortmund,Ein Frankfurt,D1,2014,25/04/15,H,2,0,2.0,0.0,H,12.0,11.0,4.0,0.0,2.0,2.0,22.0,12.0,3.0,3.0,0.0,0.0
FC Koln,Leverkusen,D1,2014,25/04/15,D,1,1,0.0,0.0,D,14.0,9.0,4.0,5.0,5.0,4.0,14.0,16.0,2.0,3.0,0.0,0.0
Hamburg,Augsburg,D1,2014,25/04/15,H,3,2,2.0,1.0,H,15.0,14.0,8.0,3.0,2.0,4.0,15.0,20.0,3.0,1.0,0.0,0.0
Hannover,Hoffenheim,D1,2014,25/04/15,A,1,2,1.0,1.0,D,12.0,13.0,5.0,4.0,2.0,6.0,24.0,19.0,5.0,2.0,0.0,0.0
Stuttgart,Freiburg,D1,2014,25/04/15,D,2,2,2.0,0.0,H,11.0,14.0,3.0,7.0,4.0,6.0,17.0,16.0,3.0,2.0,1.0,0.0
M'gladbach,Wolfsburg,D1,2014,26/04/15,H,1,0,0.0,0.0,D,19.0,9.0,5.0,0.0,4.0,5.0,9.0,14.0,2.0,2.0,0.0,0.0
Paderborn,Werder Bremen,D1,2014,26/04/15,D,2,2,2.0,1.0,H,20.0,13.0,8.0,6.0,14.0,6.0,22.0,28.0,1.0,1.0,1.0,0.0
Augsburg,FC Koln,D1,2014,02/05/15,D,0,0,0.0,0.0,D,16.0,6.0,3.0,1.0,8.0,5.0,11.0,16.0,0.0,0.0,0.0,0.0
Freiburg,Paderborn,D1,2014,02/05/15,A,1,2,1.0,0.0,H,15.0,14.0,5.0,6.0,8.0,6.0,10.0,13.0,1.0,3.0,0.0,0.0
Hoffenheim,Dortmund,D1,2014,02/05/15,D,1,1,1.0,1.0,D,15.0,11.0,4.0,3.0,8.0,5.0,15.0,19.0,1.0,3.0,0.0,0.0
Leverkusen,Bayern Munich,D1,2014,02/05/15,H,2,0,0.0,0.0,D,20.0,9.0,8.0,5.0,12.0,4.0,26.0,15.0,1.0,4.0,0.0,0.0
Schalke 04,Stuttgart,D1,2014,02/05/15,H,3,2,1.0,1.0,D,20.0,15.0,6.0,7.0,5.0,4.0,14.0,14.0,1.0,0.0,0.0,0.0
Werder Bremen,Ein Frankfurt,D1,2014,02/05/15,H,1,0,0.0,0.0,D,16.0,14.0,8.0,5.0,10.0,5.0,22.0,15.0,2.0,2.0,0.0,0.0
Wolfsburg,Hannover,D1,2014,02/05/15,D,2,2,2.0,0.0,H,20.0,15.0,4.0,9.0,5.0,5.0,9.0,16.0,1.0,1.0,0.0,0.0
Hertha,M'gladbach,D1,2014,03/05/15,A,1,2,1.0,1.0,D,10.0,18.0,3.0,7.0,3.0,3.0,15.0,10.0,2.0,3.0,0.0,0.0
Mainz,Hamburg,D1,2014,03/05/15,A,1,2,0.0,1.0,A,9.0,13.0,5.0,5.0,8.0,2.0,12.0,13.0,4.0,2.0,1.0,0.0
Hamburg,Freiburg,D1,2014,08/05/15,D,1,1,0.0,1.0,A,16.0,15.0,8.0,7.0,5.0,6.0,16.0,16.0,0.0,1.0,0.0,0.0
Bayern Munich,Augsburg,D1,2014,09/05/15,A,0,1,0.0,0.0,D,16.0,12.0,4.0,4.0,4.0,5.0,14.0,16.0,2.0,1.0,1.0,0.0
Dortmund,Hertha,D1,2014,09/05/15,H,2,0,1.0,0.0,H,15.0,2.0,4.0,0.0,7.0,3.0,16.0,11.0,2.0,3.0,0.0,0.0
Ein Frankfurt,Hoffenheim,D1,2014,09/05/15,H,3,1,3.0,0.0,H,13.0,8.0,4.0,5.0,1.0,1.0,21.0,25.0,3.0,3.0,0.0,0.0
Hannover,Werder Bremen,D1,2014,09/05/15,D,1,1,1.0,0.0,H,12.0,9.0,3.0,3.0,8.0,1.0,16.0,19.0,4.0,1.0,0.0,0.0
M'gladbach,Leverkusen,D1,2014,09/05/15,H,3,0,0.0,0.0,D,10.0,19.0,7.0,2.0,6.0,10.0,15.0,15.0,2.0,3.0,0.0,0.0
Stuttgart,Mainz,D1,2014,09/05/15,H,2,0,0.0,0.0,D,18.0,7.0,7.0,2.0,7.0,2.0,16.0,19.0,2.0,1.0,0.0,0.0
FC Koln,Schalke 04,D1,2014,10/05/15,H,2,0,1.0,0.0,H,13.0,5.0,6.0,1.0,5.0,6.0,10.0,16.0,1.0,2.0,0.0,0.0
Paderborn,Wolfsburg,D1,2014,10/05/15,A,1,3,0.0,2.0,A,16.0,10.0,4.0,5.0,11.0,3.0,9.0,18.0,0.0,3.0,0.0,0.0
Augsburg,Hannover,D1,2014,16/05/15,A,1,2,1.0,1.0,D,8.0,8.0,2.0,3.0,3.0,4.0,20.0,18.0,1.0,4.0,2.0,1.0
Freiburg,Bayern Munich,D1,2014,16/05/15,H,2,1,1.0,1.0,D,9.0,17.0,3.0,6.0,2.0,10.0,16.0,15.0,1.0,0.0,0.0,0.0
Hertha,Ein Frankfurt,D1,2014,16/05/15,D,0,0,0.0,0.0,D,9.0,1.0,2.0,0.0,4.0,4.0,20.0,26.0,3.0,5.0,0.0,0.0
Leverkusen,Hoffenheim,D1,2014,16/05/15,H,2,0,1.0,0.0,H,13.0,16.0,4.0,5.0,4.0,9.0,20.0,14.0,2.0,0.0,0.0,0.0
Mainz,FC Koln,D1,2014,16/05/15,H,2,0,0.0,0.0,D,18.0,12.0,6.0,4.0,2.0,5.0,15.0,14.0,1.0,3.0,0.0,0.0
Schalke 04,Paderborn,D1,2014,16/05/15,H,1,0,0.0,0.0,D,18.0,22.0,2.0,4.0,10.0,9.0,14.0,14.0,3.0,2.0,0.0,0.0
Stuttgart,Hamburg,D1,2014,16/05/15,H,2,1,2.0,1.0,H,22.0,7.0,11.0,1.0,9.0,2.0,10.0,21.0,1.0,5.0,0.0,0.0
Werder Bremen,M'gladbach,D1,2014,16/05/15,A,0,2,0.0,0.0,D,19.0,14.0,3.0,4.0,5.0,4.0,13.0,7.0,0.0,1.0,0.0,0.0
Wolfsburg,Dortmund,D1,2014,16/05/15,H,2,1,1.0,1.0,D,12.0,17.0,8.0,3.0,6.0,5.0,11.0,11.0,4.0,2.0,0.0,0.0
Bayern Munich,Mainz,D1,2014,23/05/15,H,2,0,1.0,0.0,H,20.0,7.0,7.0,5.0,5.0,3.0,11.0,11.0,0.0,0.0,0.0,0.0
Dortmund,Werder Bremen,D1,2014,23/05/15,H,3,2,3.0,1.0,H,22.0,7.0,8.0,4.0,9.0,1.0,11.0,3.0,0.0,0.0,0.0,0.0
Ein Frankfurt,Leverkusen,D1,2014,23/05/15,H,2,1,2.0,1.0,H,8.0,19.0,3.0,7.0,3.0,8.0,20.0,14.0,2.0,0.0,0.0,0.0
FC Koln,Wolfsburg,D1,2014,23/05/15,D,2,2,1.0,2.0,A,12.0,15.0,3.0,5.0,4.0,8.0,14.0,11.0,0.0,0.0,0.0,0.0
Hamburg,Schalke 04,D1,2014,23/05/15,H,2,0,0.0,0.0,D,11.0,11.0,4.0,4.0,3.0,6.0,16.0,18.0,1.0,2.0,0.0,0.0
Hannover,Freiburg,D1,2014,23/05/15,H,2,1,1.0,0.0,H,11.0,9.0,6.0,5.0,3.0,5.0,16.0,15.0,3.0,2.0,0.0,0.0
Hoffenheim,Hertha,D1,2014,23/05/15,H,2,1,1.0,0.0,H,16.0,4.0,5.0,1.0,1.0,2.0,14.0,18.0,2.0,2.0,0.0,0.0
M'gladbach,Augsburg,D1,2014,23/05/15,A,1,3,1.0,0.0,H,10.0,15.0,3.0,4.0,1.0,6.0,13.0,17.0,4.0,2.0,1.0,0.0
Paderborn,Stuttgart,D1,2014,23/05/15,A,1,2,1.0,1.0,D,15.0,18.0,5.0,3.0,2.0,8.0,12.0,18.0,2.0,2.0,0.0,0.0
Bayern Munich,Hamburg,D1,2015,14/08/15,H,5,0,1.0,0.0,H,23.0,5.0,9.0,1.0,7.0,0.0,10.0,12.0,2.0,2.0,0.0,0.0
Augsburg,Hertha,D1,2015,15/08/15,A,0,1,0.0,0.0,D,20.0,11.0,3.0,4.0,7.0,4.0,20.0,22.0,1.0,2.0,1.0,1.0
Darmstadt,Hannover,D1,2015,15/08/15,D,2,2,1.0,0.0,H,11.0,14.0,4.0,5.0,5.0,9.0,21.0,22.0,1.0,2.0,0.0,0.0
Dortmund,M'gladbach,D1,2015,15/08/15,H,4,0,3.0,0.0,H,17.0,5.0,7.0,1.0,3.0,5.0,13.0,14.0,0.0,1.0,0.0,0.0
Leverkusen,Hoffenheim,D1,2015,15/08/15,H,2,1,1.0,1.0,D,25.0,6.0,9.0,2.0,13.0,5.0,12.0,18.0,1.0,0.0,0.0,0.0
Mainz,Ingolstadt,D1,2015,15/08/15,A,0,1,0.0,0.0,D,9.0,14.0,3.0,5.0,6.0,2.0,20.0,15.0,2.0,3.0,0.0,0.0
Werder Bremen,Schalke 04,D1,2015,15/08/15,A,0,3,0.0,1.0,A,15.0,16.0,2.0,5.0,5.0,6.0,7.0,16.0,0.0,2.0,0.0,0.0
Stuttgart,FC Koln,D1,2015,16/08/15,A,1,3,0.0,0.0,D,28.0,9.0,8.0,5.0,13.0,3.0,13.0,8.0,3.0,2.0,0.0,0.0
Wolfsburg,Ein Frankfurt,D1,2015,16/08/15,H,2,1,2.0,1.0,H,5.0,13.0,3.0,6.0,7.0,3.0,14.0,19.0,1.0,1.0,0.0,0.0
Hertha,Werder Bremen,D1,2015,21/08/15,D,1,1,1.0,1.0,D,10.0,9.0,2.0,3.0,6.0,2.0,11.0,16.0,0.0,1.0,0.0,0.0
Ein Frankfurt,Augsburg,D1,2015,22/08/15,D,1,1,0.0,1.0,A,11.0,14.0,3.0,4.0,7.0,4.0,17.0,21.0,2.0,3.0,0.0,0.0
FC Koln,Wolfsburg,D1,2015,22/08/15,D,1,1,1.0,0.0,H,9.0,15.0,6.0,7.0,2.0,4.0,15.0,11.0,2.0,1.0,0.0,0.0
Hamburg,Stuttgart,D1,2015,22/08/15,H,3,2,1.0,2.0,A,14.0,12.0,5.0,4.0,0.0,5.0,18.0,22.0,3.0,3.0,0.0,1.0
Hannover,Leverkusen,D1,2015,22/08/15,A,0,1,0.0,1.0,A,6.0,11.0,3.0,4.0,3.0,8.0,15.0,21.0,0.0,0.0,0.0,0.0
Hoffenheim,Bayern Munich,D1,2015,22/08/15,A,1,2,1.0,1.0,D,2.0,5.0,1.0,2.0,1.0,2.0,7.0,2.0,0.0,0.0,0.0,0.0
Schalke 04,Darmstadt,D1,2015,22/08/15,D,1,1,0.0,1.0,A,21.0,9.0,5.0,3.0,6.0,6.0,16.0,18.0,1.0,2.0,0.0,0.0
Ingolstadt,Dortmund,D1,2015,23/08/15,A,0,4,0.0,0.0,D,3.0,18.0,2.0,8.0,1.0,4.0,18.0,16.0,2.0,3.0,0.0,0.0
M'gladbach,Mainz,D1,2015,23/08/15,A,1,2,0.0,1.0,A,15.0,13.0,6.0,4.0,3.0,0.0,12.0,12.0,2.0,1.0,0.0,0.0
Wolfsburg,Schalke 04,D1,2015,28/08/15,H,3,0,1.0,0.0,H,9.0,12.0,5.0,1.0,2.0,3.0,12.0,16.0,1.0,2.0,0.0,0.0
Augsburg,Ingolstadt,D1,2015,29/08/15,A,0,1,0.0,0.0,D,10.0,16.0,2.0,3.0,3.0,4.0,22.0,16.0,3.0,3.0,0.0,0.0
Bayern Munich,Leverkusen,D1,2015,29/08/15,H,3,0,1.0,0.0,H,14.0,10.0,6.0,4.0,7.0,5.0,12.0,14.0,2.0,3.0,0.0,0.0
Darmstadt,Hoffenheim,D1,2015,29/08/15,D,0,0,0.0,0.0,D,5.0,15.0,1.0,2.0,4.0,6.0,13.0,16.0,3.0,2.0,0.0,0.0
FC Koln,Hamburg,D1,2015,29/08/15,H,2,1,0.0,0.0,D,6.0,17.0,3.0,7.0,3.0,8.0,17.0,9.0,3.0,2.0,0.0,1.0
Mainz,Hannover,D1,2015,29/08/15,H,3,0,2.0,0.0,H,18.0,11.0,6.0,4.0,8.0,5.0,9.0,13.0,0.0,2.0,0.0,0.0
Stuttgart,Ein Frankfurt,D1,2015,29/08/15,A,1,4,1.0,2.0,A,15.0,6.0,4.0,4.0,6.0,1.0,19.0,17.0,3.0,3.0,1.0,0.0
Dortmund,Hertha,D1,2015,30/08/15,H,3,1,1.0,0.0,H,15.0,4.0,6.0,4.0,5.0,1.0,16.0,12.0,0.0,2.0,0.0,0.0
Werder Bremen,M'gladbach,D1,2015,30/08/15,H,2,1,1.0,1.0,D,22.0,9.0,6.0,5.0,5.0,6.0,17.0,18.0,3.0,1.0,0.0,1.0
M'gladbach,Hamburg,D1,2015,11/09/15,A,0,3,0.0,2.0,A,13.0,10.0,2.0,4.0,5.0,2.0,17.0,19.0,2.0,1.0,0.0,0.0
Bayern Munich,Augsburg,D1,2015,12/09/15,H,2,1,0.0,1.0,A,27.0,4.0,10.0,1.0,9.0,0.0,10.0,10.0,0.0,1.0,0.0,0.0
Ein Frankfurt,FC Koln,D1,2015,12/09/15,H,6,2,4.0,1.0,H,18.0,13.0,11.0,7.0,5.0,2.0,14.0,14.0,2.0,1.0,0.0,0.0
Hannover,Dortmund,D1,2015,12/09/15,A,2,4,1.0,2.0,A,5.0,17.0,3.0,6.0,2.0,4.0,15.0,16.0,3.0,1.0,0.0,0.0
Hertha,Stuttgart,D1,2015,12/09/15,H,2,1,2.0,1.0,H,9.0,11.0,4.0,3.0,5.0,7.0,18.0,21.0,0.0,3.0,0.0,0.0
Ingolstadt,Wolfsburg,D1,2015,12/09/15,D,0,0,0.0,0.0,D,5.0,17.0,1.0,3.0,2.0,5.0,10.0,15.0,2.0,3.0,0.0,0.0
Leverkusen,Darmstadt,D1,2015,12/09/15,A,0,1,0.0,1.0,A,16.0,5.0,4.0,3.0,10.0,4.0,13.0,17.0,3.0,1.0,0.0,0.0
Hoffenheim,Werder Bremen,D1,2015,13/09/15,A,1,3,0.0,1.0,A,10.0,16.0,5.0,6.0,7.0,3.0,13.0,22.0,2.0,4.0,0.0,0.0
Schalke 04,Mainz,D1,2015,13/09/15,H,2,1,1.0,1.0,D,24.0,15.0,7.0,4.0,5.0,7.0,18.0,20.0,1.0,3.0,0.0,0.0
Mainz,Hoffenheim,D1,2015,18/09/15,H,3,1,1.0,1.0,D,12.0,13.0,4.0,4.0,6.0,8.0,13.0,15.0,1.0,2.0,0.0,0.0
Darmstadt,Bayern Munich,D1,2015,19/09/15,A,0,3,0.0,1.0,A,5.0,18.0,2.0,6.0,1.0,5.0,10.0,8.0,2.0,1.0,0.0,0.0
FC Koln,M'gladbach,D1,2015,19/09/15,H,1,0,0.0,0.0,D,11.0,9.0,5.0,2.0,2.0,2.0,10.0,16.0,0.0,3.0,0.0,0.0
Hamburg,Ein Frankfurt,D1,2015,19/09/15,D,0,0,0.0,0.0,D,11.0,7.0,2.0,4.0,5.0,11.0,11.0,17.0,0.0,4.0,0.0,0.0
Werder Bremen,Ingolstadt,D1,2015,19/09/15,A,0,1,0.0,0.0,D,13.0,13.0,4.0,4.0,8.0,5.0,24.0,19.0,3.0,4.0,1.0,0.0
Wolfsburg,Hertha,D1,2015,19/09/15,H,2,0,0.0,0.0,D,14.0,9.0,4.0,4.0,7.0,5.0,16.0,9.0,1.0,2.0,0.0,0.0
Augsburg,Hannover,D1,2015,20/09/15,H,2,0,2.0,0.0,H,17.0,16.0,8.0,2.0,6.0,6.0,12.0,15.0,1.0,4.0,0.0,0.0
Dortmund,Leverkusen,D1,2015,20/09/15,H,3,0,1.0,0.0,H,22.0,8.0,10.0,3.0,3.0,1.0,10.0,17.0,1.0,3.0,0.0,0.0
Stuttgart,Schalke 04,D1,2015,20/09/15,A,0,1,0.0,0.0,D,26.0,10.0,9.0,6.0,6.0,5.0,11.0,18.0,3.0,3.0,0.0,0.0
Bayern Munich,Wolfsburg,D1,2015,22/09/15,H,5,1,0.0,1.0,A,17.0,7.0,12.0,2.0,5.0,1.0,11.0,12.0,1.0,2.0,0.0,0.0
Darmstadt,Werder Bremen,D1,2015,22/09/15,H,2,1,1.0,1.0,D,9.0,12.0,3.0,4.0,5.0,1.0,20.0,19.0,3.0,1.0,0.0,1.0
Hertha,FC Koln,D1,2015,22/09/15,H,2,0,1.0,0.0,H,17.0,13.0,8.0,7.0,6.0,1.0,12.0,14.0,1.0,1.0,0.0,0.0
Ingolstadt,Hamburg,D1,2015,22/09/15,A,0,1,0.0,0.0,D,12.0,8.0,1.0,3.0,8.0,5.0,15.0,16.0,2.0,1.0,0.0,0.0
Hannover,Stuttgart,D1,2015,23/09/15,A,1,3,1.0,2.0,A,8.0,19.0,3.0,12.0,3.0,7.0,15.0,17.0,3.0,3.0,0.0,0.0
Hoffenheim,Dortmund,D1,2015,23/09/15,D,1,1,1.0,0.0,H,10.0,14.0,5.0,4.0,5.0,4.0,15.0,13.0,2.0,1.0,0.0,0.0
Leverkusen,Mainz,D1,2015,23/09/15,H,1,0,0.0,0.0,D,20.0,3.0,6.0,2.0,11.0,3.0,16.0,13.0,3.0,0.0,0.0,0.0
M'gladbach,Augsburg,D1,2015,23/09/15,H,4,2,4.0,0.0,H,21.0,13.0,12.0,4.0,6.0,2.0,20.0,21.0,2.0,5.0,0.0,0.0
Schalke 04,Ein Frankfurt,D1,2015,23/09/15,H,2,0,0.0,0.0,D,13.0,18.0,7.0,6.0,5.0,7.0,9.0,17.0,2.0,2.0,0.0,0.0
FC Koln,Ingolstadt,D1,2015,25/09/15,D,1,1,1.0,1.0,D,15.0,16.0,4.0,5.0,8.0,4.0,14.0,16.0,2.0,3.0,0.0,0.0
Augsburg,Hoffenheim,D1,2015,26/09/15,A,1,3,1.0,1.0,D,26.0,11.0,9.0,5.0,7.0,3.0,8.0,9.0,1.0,4.0,0.0,0.0
Hamburg,Schalke 04,D1,2015,26/09/15,A,0,1,0.0,0.0,D,13.0,10.0,4.0,5.0,4.0,4.0,14.0,14.0,1.0,3.0,0.0,0.0
Mainz,Bayern Munich,D1,2015,26/09/15,A,0,3,0.0,0.0,D,6.0,17.0,1.0,9.0,3.0,4.0,17.0,11.0,1.0,1.0,0.0,0.0
Stuttgart,M'gladbach,D1,2015,26/09/15,A,1,3,1.0,2.0,A,22.0,9.0,6.0,5.0,12.0,3.0,15.0,15.0,4.0,1.0,0.0,0.0
Werder Bremen,Leverkusen,D1,2015,26/09/15,A,0,3,0.0,1.0,A,9.0,17.0,0.0,7.0,2.0,6.0,12.0,15.0,1.0,2.0,0.0,0.0
Wolfsburg,Hannover,D1,2015,26/09/15,D,1,1,1.0,0.0,H,22.0,8.0,9.0,3.0,9.0,0.0,11.0,9.0,2.0,2.0,0.0,0.0
Dortmund,Darmstadt,D1,2015,27/09/15,D,2,2,0.0,1.0,A,16.0,4.0,4.0,3.0,8.0,0.0,16.0,13.0,0.0,2.0,0.0,0.0
Ein Frankfurt,Hertha,D1,2015,27/09/15,D,1,1,1.0,0.0,H,11.0,14.0,2.0,6.0,7.0,3.0,11.0,14.0,2.0,1.0,0.0,0.0
Darmstadt,Mainz,D1,2015,02/10/15,A,2,3,1.0,2.0,A,14.0,14.0,4.0,7.0,2.0,6.0,12.0,20.0,1.0,2.0,0.0,0.0
Hannover,Werder Bremen,D1,2015,03/10/15,H,1,0,0.0,0.0,D,12.0,19.0,5.0,6.0,7.0,6.0,17.0,11.0,4.0,1.0,0.0,0.0
Hertha,Hamburg,D1,2015,03/10/15,H,3,0,1.0,0.0,H,13.0,8.0,6.0,2.0,4.0,5.0,13.0,15.0,1.0,1.0,0.0,0.0
Hoffenheim,Stuttgart,D1,2015,03/10/15,D,2,2,1.0,0.0,H,11.0,18.0,4.0,7.0,6.0,5.0,12.0,15.0,3.0,1.0,0.0,0.0
Ingolstadt,Ein Frankfurt,D1,2015,03/10/15,H,2,0,0.0,0.0,D,14.0,12.0,4.0,2.0,4.0,3.0,11.0,11.0,1.0,2.0,0.0,0.0
M'gladbach,Wolfsburg,D1,2015,03/10/15,H,2,0,0.0,0.0,D,10.0,10.0,3.0,3.0,3.0,1.0,15.0,14.0,2.0,3.0,0.0,0.0
Bayern Munich,Dortmund,D1,2015,04/10/15,H,5,1,2.0,1.0,H,14.0,10.0,9.0,4.0,4.0,4.0,14.0,8.0,3.0,1.0,0.0,0.0
Leverkusen,Augsburg,D1,2015,04/10/15,D,1,1,1.0,1.0,D,22.0,3.0,8.0,0.0,9.0,1.0,13.0,22.0,2.0,3.0,0.0,0.0
Schalke 04,FC Koln,D1,2015,04/10/15,A,0,3,0.0,1.0,A,17.0,12.0,7.0,4.0,3.0,2.0,15.0,12.0,2.0,2.0,0.0,0.0
Mainz,Dortmund,D1,2015,16/10/15,A,0,2,0.0,1.0,A,11.0,16.0,5.0,6.0,8.0,4.0,14.0,16.0,2.0,1.0,0.0,0.0
Augsburg,Darmstadt,D1,2015,17/10/15,A,0,2,0.0,2.0,A,20.0,12.0,3.0,5.0,2.0,4.0,13.0,17.0,2.0,3.0,0.0,0.0
Ein Frankfurt,M'gladbach,D1,2015,17/10/15,A,1,5,1.0,1.0,D,7.0,16.0,2.0,6.0,1.0,1.0,18.0,14.0,4.0,3.0,0.0,0.0
Hamburg,Leverkusen,D1,2015,17/10/15,D,0,0,0.0,0.0,D,8.0,10.0,3.0,3.0,3.0,5.0,22.0,20.0,6.0,2.0,0.0,0.0
Schalke 04,Hertha,D1,2015,17/10/15,H,2,1,1.0,0.0,H,19.0,9.0,9.0,5.0,7.0,6.0,18.0,16.0,3.0,4.0,0.0,1.0
Werder Bremen,Bayern Munich,D1,2015,17/10/15,A,0,1,0.0,1.0,A,8.0,13.0,2.0,4.0,2.0,3.0,15.0,12.0,2.0,2.0,0.0,0.0
Wolfsburg,Hoffenheim,D1,2015,17/10/15,H,4,2,2.0,1.0,H,16.0,7.0,9.0,3.0,5.0,4.0,14.0,12.0,4.0,0.0,0.0,0.0
FC Koln,Hannover,D1,2015,18/10/15,A,0,1,0.0,1.0,A,16.0,8.0,5.0,4.0,12.0,3.0,14.0,17.0,3.0,2.0,0.0,0.0
Stuttgart,Ingolstadt,D1,2015,18/10/15,H,1,0,0.0,0.0,D,12.0,11.0,4.0,6.0,6.0,5.0,18.0,9.0,3.0,1.0,1.0,0.0
Hoffenheim,Hamburg,D1,2015,23/10/15,A,0,1,0.0,0.0,D,12.0,20.0,3.0,5.0,1.0,5.0,24.0,23.0,2.0,4.0,1.0,0.0
Bayern Munich,FC Koln,D1,2015,24/10/15,H,4,0,2.0,0.0,H,26.0,4.0,14.0,2.0,10.0,0.0,8.0,4.0,1.0,1.0,0.0,0.0
Darmstadt,Wolfsburg,D1,2015,24/10/15,A,0,1,0.0,0.0,D,9.0,19.0,3.0,6.0,5.0,3.0,14.0,16.0,2.0,1.0,0.0,0.0
Hannover,Ein Frankfurt,D1,2015,24/10/15,A,1,2,0.0,0.0,D,10.0,5.0,4.0,4.0,3.0,2.0,13.0,14.0,1.0,4.0,0.0,0.0
Ingolstadt,Hertha,D1,2015,24/10/15,A,0,1,0.0,1.0,A,18.0,5.0,3.0,1.0,8.0,2.0,12.0,12.0,2.0,3.0,0.0,0.0
Leverkusen,Stuttgart,D1,2015,24/10/15,H,4,3,0.0,0.0,D,19.0,12.0,6.0,6.0,5.0,3.0,16.0,13.0,2.0,4.0,0.0,0.0
Mainz,Werder Bremen,D1,2015,24/10/15,A,1,3,0.0,3.0,A,16.0,14.0,5.0,8.0,4.0,4.0,19.0,17.0,2.0,1.0,0.0,0.0
Dortmund,Augsburg,D1,2015,25/10/15,H,5,1,3.0,0.0,H,19.0,4.0,9.0,3.0,6.0,4.0,8.0,13.0,0.0,2.0,0.0,0.0
M'gladbach,Schalke 04,D1,2015,25/10/15,H,3,1,1.0,1.0,D,16.0,13.0,10.0,5.0,3.0,6.0,17.0,19.0,2.0,3.0,0.0,1.0
Ein Frankfurt,Bayern Munich,D1,2015,30/10/15,D,0,0,0.0,0.0,D,8.0,10.0,2.0,2.0,5.0,5.0,13.0,15.0,4.0,2.0,0.0,0.0
Augsburg,Mainz,D1,2015,31/10/15,D,3,3,1.0,2.0,A,25.0,10.0,10.0,6.0,11.0,4.0,11.0,16.0,3.0,3.0,0.0,0.0
FC Koln,Hoffenheim,D1,2015,31/10/15,D,0,0,0.0,0.0,D,13.0,10.0,4.0,4.0,5.0,5.0,12.0,15.0,2.0,1.0,0.0,0.0
Hertha,M'gladbach,D1,2015,31/10/15,A,1,4,0.0,2.0,A,14.0,11.0,6.0,7.0,5.0,4.0,10.0,13.0,2.0,1.0,0.0,0.0
Schalke 04,Ingolstadt,D1,2015,31/10/15,D,1,1,0.0,1.0,A,18.0,7.0,3.0,2.0,3.0,3.0,17.0,18.0,1.0,2.0,0.0,0.0
Werder Bremen,Dortmund,D1,2015,31/10/15,A,1,3,1.0,2.0,A,8.0,11.0,2.0,6.0,1.0,9.0,17.0,15.0,3.0,0.0,0.0,0.0
Wolfsburg,Leverkusen,D1,2015,31/10/15,H,2,1,1.0,1.0,D,13.0,15.0,5.0,6.0,5.0,5.0,17.0,16.0,0.0,2.0,0.0,0.0
Hamburg,Hannover,D1,2015,01/11/15,A,1,2,1.0,0.0,H,17.0,5.0,4.0,2.0,5.0,3.0,12.0,15.0,0.0,0.0,0.0,0.0
Stuttgart,Darmstadt,D1,2015,01/11/15,H,2,0,0.0,0.0,D,18.0,17.0,3.0,5.0,7.0,5.0,21.0,18.0,3.0,2.0,0.0,0.0
Hannover,Hertha,D1,2015,06/11/15,A,1,3,0.0,1.0,A,7.0,12.0,2.0,4.0,2.0,2.0,19.0,9.0,2.0,3.0,0.0,0.0
Bayern Munich,Stuttgart,D1,2015,07/11/15,H,4,0,4.0,0.0,H,33.0,5.0,14.0,2.0,7.0,3.0,8.0,15.0,0.0,0.0,0.0,0.0
Darmstadt,Hamburg,D1,2015,07/11/15,D,1,1,0.0,1.0,A,15.0,8.0,3.0,3.0,3.0,2.0,14.0,18.0,4.0,2.0,0.0,0.0
Hoffenheim,Ein Frankfurt,D1,2015,07/11/15,D,0,0,0.0,0.0,D,8.0,17.0,2.0,9.0,1.0,3.0,11.0,13.0,1.0,3.0,0.0,0.0
Leverkusen,FC Koln,D1,2015,07/11/15,A,1,2,1.0,1.0,D,12.0,17.0,4.0,8.0,6.0,9.0,18.0,12.0,1.0,2.0,1.0,0.0
Mainz,Wolfsburg,D1,2015,07/11/15,H,2,0,1.0,0.0,H,12.0,8.0,5.0,0.0,4.0,3.0,24.0,22.0,2.0,3.0,0.0,1.0
M'gladbach,Ingolstadt,D1,2015,07/11/15,D,0,0,0.0,0.0,D,11.0,14.0,5.0,2.0,4.0,3.0,17.0,17.0,1.0,6.0,1.0,0.0
Augsburg,Werder Bremen,D1,2015,08/11/15,A,1,2,0.0,0.0,D,18.0,15.0,6.0,4.0,7.0,4.0,13.0,20.0,1.0,4.0,0.0,0.0
Dortmund,Schalke 04,D1,2015,08/11/15,H,3,2,2.0,1.0,H,14.0,9.0,7.0,3.0,5.0,3.0,10.0,16.0,3.0,4.0,0.0,0.0
Hamburg,Dortmund,D1,2015,20/11/15,H,3,1,2.0,0.0,H,7.0,21.0,2.0,7.0,2.0,7.0,17.0,9.0,0.0,1.0,0.0,0.0
Ein Frankfurt,Leverkusen,D1,2015,21/11/15,A,1,3,1.0,2.0,A,9.0,17.0,1.0,11.0,3.0,8.0,15.0,19.0,2.0,1.0,0.0,0.0
FC Koln,Mainz,D1,2015,21/11/15,D,0,0,0.0,0.0,D,14.0,7.0,3.0,1.0,6.0,1.0,14.0,11.0,1.0,1.0,0.0,0.0
M'gladbach,Hannover,D1,2015,21/11/15,H,2,1,1.0,0.0,H,21.0,14.0,9.0,8.0,12.0,4.0,10.0,11.0,1.0,1.0,0.0,0.0
Schalke 04,Bayern Munich,D1,2015,21/11/15,A,1,3,1.0,1.0,D,5.0,24.0,1.0,8.0,4.0,6.0,12.0,10.0,2.0,0.0,0.0,0.0
Stuttgart,Augsburg,D1,2015,21/11/15,A,0,4,0.0,3.0,A,18.0,13.0,5.0,6.0,6.0,4.0,8.0,16.0,2.0,1.0,0.0,0.0
Wolfsburg,Werder Bremen,D1,2015,21/11/15,H,6,0,2.0,0.0,H,21.0,9.0,12.0,2.0,7.0,3.0,12.0,8.0,0.0,2.0,0.0,0.0
Hertha,Hoffenheim,D1,2015,22/11/15,H,1,0,1.0,0.0,H,1.0,7.0,0.0,0.0,2.0,3.0,26.0,16.0,2.0,1.0,0.0,0.0
Ingolstadt,Darmstadt,D1,2015,22/11/15,H,3,1,0.0,1.0,A,16.0,8.0,6.0,2.0,5.0,5.0,19.0,25.0,2.0,3.0,0.0,0.0
Darmstadt,FC Koln,D1,2015,27/11/15,D,0,0,0.0,0.0,D,9.0,12.0,1.0,2.0,4.0,7.0,16.0,12.0,2.0,1.0,0.0,0.0
Bayern Munich,Hertha,D1,2015,28/11/15,H,2,0,2.0,0.0,H,24.0,4.0,9.0,1.0,9.0,1.0,14.0,13.0,0.0,3.0,0.0,0.0
Hannover,Ingolstadt,D1,2015,28/11/15,H,4,0,3.0,0.0,H,8.0,11.0,4.0,5.0,3.0,4.0,21.0,14.0,3.0,3.0,0.0,0.0
Hoffenheim,M'gladbach,D1,2015,28/11/15,D,3,3,2.0,1.0,H,18.0,16.0,6.0,8.0,8.0,6.0,10.0,14.0,2.0,1.0,0.0,0.0
Mainz,Ein Frankfurt,D1,2015,28/11/15,H,2,1,2.0,0.0,H,14.0,15.0,8.0,5.0,3.0,7.0,23.0,17.0,4.0,2.0,0.0,1.0
Werder Bremen,Hamburg,D1,2015,28/11/15,A,1,3,0.0,2.0,A,14.0,13.0,3.0,6.0,6.0,3.0,21.0,18.0,2.0,1.0,0.0,0.0
Augsburg,Wolfsburg,D1,2015,29/11/15,D,0,0,0.0,0.0,D,13.0,17.0,4.0,3.0,4.0,7.0,20.0,11.0,3.0,2.0,0.0,1.0
Dortmund,Stuttgart,D1,2015,29/11/15,H,4,1,2.0,1.0,H,14.0,8.0,9.0,3.0,5.0,4.0,10.0,13.0,1.0,0.0,0.0,0.0
Leverkusen,Schalke 04,D1,2015,29/11/15,D,1,1,0.0,0.0,D,18.0,8.0,6.0,3.0,9.0,5.0,9.0,11.0,1.0,2.0,0.0,0.0
Schalke 04,Hannover,D1,2015,04/12/15,H,3,1,0.0,0.0,D,26.0,7.0,8.0,1.0,6.0,4.0,8.0,13.0,1.0,1.0,0.0,0.0
FC Koln,Augsburg,D1,2015,05/12/15,A,0,1,0.0,0.0,D,22.0,22.0,8.0,8.0,7.0,6.0,17.0,18.0,2.0,4.0,0.0,0.0
Hamburg,Mainz,D1,2015,05/12/15,A,1,3,0.0,1.0,A,20.0,11.0,7.0,6.0,2.0,3.0,19.0,18.0,2.0,1.0,0.0,0.0
Hertha,Leverkusen,D1,2015,05/12/15,H,2,1,1.0,1.0,D,10.0,8.0,4.0,2.0,8.0,2.0,18.0,15.0,1.0,3.0,0.0,1.0
Ingolstadt,Hoffenheim,D1,2015,05/12/15,D,1,1,0.0,0.0,D,9.0,7.0,2.0,2.0,2.0,1.0,11.0,18.0,2.0,1.0,0.0,0.0
M'gladbach,Bayern Munich,D1,2015,05/12/15,H,3,1,0.0,0.0,D,13.0,22.0,6.0,6.0,3.0,9.0,13.0,12.0,1.0,2.0,0.0,0.0
Wolfsburg,Dortmund,D1,2015,05/12/15,A,1,2,0.0,1.0,A,22.0,14.0,8.0,6.0,9.0,5.0,14.0,14.0,3.0,2.0,0.0,0.0
Ein Frankfurt,Darmstadt,D1,2015,06/12/15,A,0,1,0.0,1.0,A,15.0,19.0,3.0,4.0,10.0,7.0,19.0,9.0,4.0,3.0,0.0,0.0
Stuttgart,Werder Bremen,D1,2015,06/12/15,D,1,1,1.0,0.0,H,12.0,7.0,4.0,2.0,4.0,5.0,18.0,16.0,2.0,2.0,0.0,0.0
Mainz,Stuttgart,D1,2015,11/12/15,D,0,0,0.0,0.0,D,6.0,11.0,4.0,2.0,5.0,2.0,11.0,12.0,1.0,1.0,0.0,0.0
Bayern Munich,Ingolstadt,D1,2015,12/12/15,H,2,0,0.0,0.0,D,14.0,9.0,8.0,4.0,4.0,4.0,14.0,22.0,2.0,1.0,0.0,0.0
Darmstadt,Hertha,D1,2015,12/12/15,A,0,4,0.0,2.0,A,10.0,9.0,3.0,5.0,4.0,3.0,18.0,12.0,4.0,1.0,0.0,0.0
Hoffenheim,Hannover,D1,2015,12/12/15,H,1,0,1.0,0.0,H,14.0,19.0,5.0,2.0,3.0,10.0,18.0,19.0,1.0,3.0,0.0,0.0
Leverkusen,M'gladbach,D1,2015,12/12/15,H,5,0,1.0,0.0,H,14.0,6.0,6.0,2.0,4.0,2.0,13.0,19.0,0.0,2.0,0.0,0.0
Werder Bremen,FC Koln,D1,2015,12/12/15,D,1,1,1.0,0.0,H,10.0,12.0,6.0,3.0,6.0,4.0,17.0,9.0,3.0,2.0,0.0,0.0
Wolfsburg,Hamburg,D1,2015,12/12/15,D,1,1,0.0,1.0,A,19.0,5.0,9.0,4.0,10.0,4.0,11.0,21.0,1.0,4.0,0.0,0.0
Augsburg,Schalke 04,D1,2015,13/12/15,H,2,1,1.0,0.0,H,22.0,15.0,6.0,5.0,6.0,5.0,17.0,12.0,2.0,1.0,0.0,0.0
Dortmund,Ein Frankfurt,D1,2015,13/12/15,H,4,1,1.0,1.0,D,24.0,3.0,11.0,2.0,14.0,1.0,4.0,3.0,0.0,0.0,0.0,1.0
Schalke 04,Hoffenheim,D1,2015,18/12/15,H,1,0,1.0,0.0,H,16.0,18.0,3.0,1.0,3.0,1.0,14.0,11.0,1.0,2.0,0.0,0.0
Ein Frankfurt,Werder Bremen,D1,2015,19/12/15,H,2,1,1.0,1.0,D,16.0,11.0,6.0,4.0,6.0,3.0,14.0,20.0,3.0,5.0,0.0,0.0
FC Koln,Dortmund,D1,2015,19/12/15,H,2,1,0.0,1.0,A,14.0,14.0,6.0,3.0,6.0,6.0,10.0,15.0,3.0,1.0,0.0,0.0
Hamburg,Augsburg,D1,2015,19/12/15,A,0,1,0.0,0.0,D,14.0,17.0,2.0,7.0,4.0,6.0,13.0,14.0,0.0,2.0,0.0,0.0
Hannover,Bayern Munich,D1,2015,19/12/15,A,0,1,0.0,1.0,A,6.0,20.0,1.0,11.0,5.0,5.0,10.0,10.0,0.0,0.0,0.0,0.0
Ingolstadt,Leverkusen,D1,2015,19/12/15,A,0,1,0.0,0.0,D,11.0,9.0,3.0,2.0,6.0,3.0,12.0,18.0,2.0,3.0,0.0,0.0
Stuttgart,Wolfsburg,D1,2015,19/12/15,H,3,1,2.0,1.0,H,9.0,17.0,6.0,7.0,1.0,3.0,7.0,10.0,1.0,1.0,1.0,0.0
Hertha,Mainz,D1,2015,20/12/15,H,2,0,1.0,0.0,H,7.0,5.0,5.0,0.0,6.0,2.0,14.0,12.0,0.0,0.0,0.0,0.0
M'gladbach,Darmstadt,D1,2015,20/12/15,H,3,2,1.0,1.0,D,13.0,15.0,5.0,6.0,1.0,5.0,12.0,20.0,1.0,4.0,1.0,0.0
Hamburg,Bayern Munich,D1,2015,22/01/16,A,1,2,0.0,1.0,A,7.0,20.0,1.0,5.0,2.0,7.0,21.0,11.0,4.0,2.0,0.0,0.0
FC Koln,Stuttgart,D1,2015,23/01/16,A,1,3,1.0,1.0,D,15.0,16.0,4.0,8.0,8.0,5.0,9.0,13.0,0.0,1.0,0.0,0.0
Hannover,Darmstadt,D1,2015,23/01/16,A,1,2,1.0,1.0,D,13.0,13.0,5.0,5.0,6.0,4.0,13.0,21.0,2.0,5.0,0.0,0.0
Hertha,Augsburg,D1,2015,23/01/16,D,0,0,0.0,0.0,D,12.0,11.0,2.0,5.0,6.0,2.0,15.0,19.0,2.0,3.0,0.0,0.0
Hoffenheim,Leverkusen,D1,2015,23/01/16,D,1,1,1.0,0.0,H,5.0,17.0,3.0,8.0,2.0,9.0,16.0,15.0,2.0,2.0,0.0,0.0
Ingolstadt,Mainz,D1,2015,23/01/16,H,1,0,1.0,0.0,H,9.0,7.0,4.0,4.0,3.0,1.0,21.0,16.0,2.0,2.0,0.0,0.0
M'gladbach,Dortmund,D1,2015,23/01/16,A,1,3,0.0,1.0,A,10.0,12.0,3.0,4.0,3.0,1.0,12.0,10.0,1.0,1.0,0.0,0.0
Ein Frankfurt,Wolfsburg,D1,2015,24/01/16,H,3,2,0.0,1.0,A,12.0,18.0,6.0,11.0,3.0,3.0,13.0,20.0,2.0,0.0,0.0,0.0
Schalke 04,Werder Bremen,D1,2015,24/01/16,A,1,3,1.0,1.0,D,20.0,17.0,4.0,6.0,13.0,1.0,14.0,13.0,1.0,3.0,0.0,0.0
Mainz,M'gladbach,D1,2015,29/01/16,H,1,0,1.0,0.0,H,13.0,12.0,2.0,7.0,8.0,4.0,13.0,11.0,0.0,2.0,0.0,0.0
Augsburg,Ein Frankfurt,D1,2015,30/01/16,D,0,0,0.0,0.0,D,7.0,13.0,2.0,6.0,4.0,2.0,18.0,8.0,2.0,2.0,0.0,0.0
Darmstadt,Schalke 04,D1,2015,30/01/16,A,0,2,0.0,1.0,A,6.0,11.0,2.0,7.0,2.0,9.0,13.0,20.0,3.0,2.0,0.0,0.0
Dortmund,Ingolstadt,D1,2015,30/01/16,H,2,0,0.0,0.0,D,11.0,5.0,6.0,3.0,4.0,1.0,15.0,18.0,4.0,2.0,0.0,0.0
Leverkusen,Hannover,D1,2015,30/01/16,H,3,0,1.0,0.0,H,14.0,7.0,6.0,2.0,6.0,6.0,10.0,21.0,0.0,3.0,0.0,0.0
Stuttgart,Hamburg,D1,2015,30/01/16,H,2,1,0.0,0.0,D,24.0,13.0,11.0,5.0,10.0,4.0,12.0,14.0,1.0,3.0,0.0,0.0
Werder Bremen,Hertha,D1,2015,30/01/16,D,3,3,0.0,2.0,A,16.0,12.0,6.0,4.0,6.0,6.0,19.0,16.0,3.0,3.0,0.0,0.0
Bayern Munich,Hoffenheim,D1,2015,31/01/16,H,2,0,1.0,0.0,H,29.0,5.0,9.0,2.0,10.0,2.0,11.0,11.0,1.0,1.0,0.0,0.0
Wolfsburg,FC Koln,D1,2015,31/01/16,D,1,1,0.0,0.0,D,17.0,11.0,4.0,4.0,5.0,5.0,11.0,11.0,3.0,1.0,0.0,0.0
M'gladbach,Werder Bremen,D1,2015,05/02/16,H,5,1,2.0,0.0,H,17.0,15.0,9.0,4.0,2.0,7.0,14.0,12.0,1.0,2.0,0.0,0.0
Ein Frankfurt,Stuttgart,D1,2015,06/02/16,A,2,4,0.0,2.0,A,17.0,16.0,7.0,9.0,2.0,7.0,9.0,15.0,1.0,1.0,1.0,1.0
Hannover,Mainz,D1,2015,06/02/16,A,0,1,0.0,1.0,A,9.0,14.0,2.0,2.0,3.0,4.0,20.0,14.0,1.0,2.0,0.0,0.0
Hertha,Dortmund,D1,2015,06/02/16,D,0,0,0.0,0.0,D,10.0,9.0,4.0,2.0,3.0,3.0,11.0,16.0,0.0,2.0,0.0,0.0
Ingolstadt,Augsburg,D1,2015,06/02/16,H,2,1,0.0,1.0,A,24.0,7.0,4.0,2.0,8.0,3.0,17.0,22.0,2.0,3.0,0.0,0.0
Leverkusen,Bayern Munich,D1,2015,06/02/16,D,0,0,0.0,0.0,D,6.0,9.0,2.0,1.0,6.0,8.0,17.0,11.0,0.0,0.0,0.0,1.0
Schalke 04,Wolfsburg,D1,2015,06/02/16,H,3,0,2.0,0.0,H,15.0,14.0,3.0,2.0,6.0,6.0,15.0,14.0,2.0,3.0,0.0,0.0
Hamburg,FC Koln,D1,2015,07/02/16,D,1,1,0.0,1.0,A,5.0,20.0,4.0,6.0,4.0,10.0,17.0,5.0,5.0,2.0,0.0,0.0
Hoffenheim,Darmstadt,D1,2015,07/02/16,A,0,2,0.0,1.0,A,12.0,11.0,1.0,5.0,8.0,7.0,17.0,15.0,1.0,3.0,0.0,0.0
Mainz,Schalke 04,D1,2015,12/02/16,H,2,1,1.0,0.0,H,11.0,14.0,4.0,3.0,5.0,7.0,7.0,17.0,3.0,1.0,0.0,0.0
Darmstadt,Leverkusen,D1,2015,13/02/16,A,1,2,1.0,0.0,H,12.0,14.0,6.0,3.0,3.0,6.0,20.0,16.0,6.0,3.0,0.0,0.0
Dortmund,Hannover,D1,2015,13/02/16,H,1,0,0.0,0.0,D,14.0,4.0,7.0,1.0,10.0,3.0,13.0,9.0,1.0,1.0,0.0,0.0
FC Koln,Ein Frankfurt,D1,2015,13/02/16,H,3,1,1.0,1.0,D,11.0,14.0,7.0,4.0,4.0,8.0,16.0,18.0,2.0,6.0,0.0,0.0
Stuttgart,Hertha,D1,2015,13/02/16,H,2,0,0.0,0.0,D,15.0,7.0,6.0,3.0,10.0,1.0,12.0,12.0,3.0,3.0,0.0,0.0
Werder Bremen,Hoffenheim,D1,2015,13/02/16,D,1,1,1.0,1.0,D,17.0,11.0,10.0,4.0,6.0,2.0,13.0,19.0,1.0,3.0,0.0,1.0
Wolfsburg,Ingolstadt,D1,2015,13/02/16,H,2,0,2.0,0.0,H,8.0,11.0,5.0,2.0,6.0,7.0,19.0,17.0,0.0,0.0,0.0,0.0
Augsburg,Bayern Munich,D1,2015,14/02/16,A,1,3,0.0,1.0,A,7.0,24.0,2.0,10.0,2.0,5.0,11.0,9.0,0.0,1.0,0.0,0.0
Hamburg,M'gladbach,D1,2015,14/02/16,H,3,2,2.0,1.0,H,17.0,10.0,9.0,4.0,3.0,6.0,15.0,9.0,3.0,1.0,0.0,0.0
Ein Frankfurt,Hamburg,D1,2015,19/02/16,D,0,0,0.0,0.0,D,8.0,10.0,2.0,1.0,3.0,3.0,12.0,20.0,2.0,3.0,0.0,0.0
Bayern Munich,Darmstadt,D1,2015,20/02/16,H,3,1,0.0,1.0,A,36.0,6.0,13.0,5.0,18.0,0.0,10.0,13.0,2.0,0.0,0.0,0.0
Hertha,Wolfsburg,D1,2015,20/02/16,D,1,1,0.0,0.0,D,9.0,13.0,5.0,6.0,3.0,5.0,17.0,16.0,3.0,2.0,0.0,0.0
Hoffenheim,Mainz,D1,2015,20/02/16,H,3,2,1.0,1.0,D,13.0,13.0,4.0,6.0,6.0,2.0,8.0,14.0,1.0,2.0,0.0,0.0
Ingolstadt,Werder Bremen,D1,2015,20/02/16,H,2,0,1.0,0.0,H,9.0,12.0,4.0,2.0,0.0,4.0,15.0,23.0,2.0,2.0,0.0,0.0
M'gladbach,FC Koln,D1,2015,20/02/16,H,1,0,1.0,0.0,H,16.0,12.0,5.0,6.0,4.0,4.0,18.0,21.0,2.0,3.0,0.0,0.0
Hannover,Augsburg,D1,2015,21/02/16,A,0,1,0.0,1.0,A,16.0,11.0,6.0,6.0,5.0,2.0,12.0,15.0,2.0,2.0,0.0,0.0
Leverkusen,Dortmund,D1,2015,21/02/16,A,0,1,0.0,0.0,D,9.0,7.0,2.0,2.0,8.0,1.0,20.0,10.0,5.0,1.0,0.0,0.0
Schalke 04,Stuttgart,D1,2015,21/02/16,D,1,1,1.0,0.0,H,15.0,19.0,5.0,8.0,4.0,13.0,16.0,16.0,3.0,1.0,0.0,0.0
FC Koln,Hertha,D1,2015,26/02/16,A,0,1,0.0,1.0,A,15.0,10.0,3.0,3.0,2.0,8.0,15.0,10.0,2.0,2.0,0.0,0.0
Hamburg,Ingolstadt,D1,2015,27/02/16,D,1,1,1.0,0.0,H,7.0,12.0,2.0,3.0,2.0,5.0,17.0,12.0,3.0,5.0,0.0,0.0
Stuttgart,Hannover,D1,2015,27/02/16,A,1,2,1.0,1.0,D,22.0,12.0,10.0,8.0,17.0,1.0,18.0,11.0,1.0,3.0,0.0,0.0
Werder Bremen,Darmstadt,D1,2015,27/02/16,D,2,2,1.0,1.0,D,16.0,8.0,7.0,3.0,4.0,2.0,24.0,23.0,3.0,3.0,0.0,0.0
Wolfsburg,Bayern Munich,D1,2015,27/02/16,A,0,2,0.0,0.0,D,12.0,14.0,8.0,4.0,1.0,7.0,7.0,10.0,0.0,1.0,0.0,0.0
Augsburg,M'gladbach,D1,2015,28/02/16,D,2,2,0.0,1.0,A,24.0,10.0,4.0,7.0,2.0,5.0,17.0,8.0,0.0,0.0,0.0,0.0
Dortmund,Hoffenheim,D1,2015,28/02/16,H,3,1,0.0,1.0,A,26.0,9.0,9.0,4.0,11.0,7.0,9.0,10.0,0.0,0.0,0.0,1.0
Ein Frankfurt,Schalke 04,D1,2015,28/02/16,D,0,0,0.0,0.0,D,11.0,7.0,5.0,2.0,5.0,3.0,13.0,12.0,1.0,2.0,0.0,0.0
Mainz,Leverkusen,D1,2015,28/02/16,H,3,1,2.0,0.0,H,14.0,12.0,7.0,4.0,1.0,12.0,16.0,18.0,1.0,1.0,0.0,0.0
Hannover,Wolfsburg,D1,2015,01/03/16,A,0,4,0.0,1.0,A,6.0,23.0,2.0,11.0,1.0,7.0,5.0,8.0,2.0,1.0,0.0,0.0
Ingolstadt,FC Koln,D1,2015,01/03/16,D,1,1,1.0,0.0,H,14.0,8.0,3.0,3.0,7.0,2.0,13.0,19.0,2.0,1.0,0.0,0.0
Bayern Munich,Mainz,D1,2015,02/03/16,A,1,2,0.0,1.0,A,16.0,5.0,6.0,3.0,11.0,0.0,11.0,11.0,1.0,2.0,0.0,0.0
Darmstadt,Dortmund,D1,2015,02/03/16,A,0,2,0.0,1.0,A,5.0,13.0,1.0,7.0,2.0,4.0,12.0,16.0,0.0,1.0,0.0,0.0
Hertha,Ein Frankfurt,D1,2015,02/03/16,H,2,0,0.0,0.0,D,11.0,11.0,6.0,3.0,2.0,3.0,17.0,14.0,3.0,2.0,0.0,0.0
Hoffenheim,Augsburg,D1,2015,02/03/16,H,2,1,1.0,1.0,D,14.0,14.0,7.0,3.0,7.0,6.0,9.0,15.0,2.0,4.0,0.0,0.0
Leverkusen,Werder Bremen,D1,2015,02/03/16,A,1,4,0.0,1.0,A,16.0,11.0,6.0,4.0,9.0,6.0,15.0,8.0,1.0,1.0,0.0,0.0
M'gladbach,Stuttgart,D1,2015,02/03/16,H,4,0,1.0,0.0,H,14.0,9.0,6.0,3.0,2.0,4.0,9.0,14.0,1.0,2.0,0.0,0.0
Schalke 04,Hamburg,D1,2015,02/03/16,H,3,2,1.0,1.0,D,26.0,8.0,9.0,4.0,8.0,6.0,14.0,18.0,2.0,0.0,0.0,1.0
Augsburg,Leverkusen,D1,2015,05/03/16,D,3,3,2.0,0.0,H,10.0,20.0,5.0,5.0,0.0,5.0,10.0,14.0,2.0,1.0,1.0,0.0
Dortmund,Bayern Munich,D1,2015,05/03/16,D,0,0,0.0,0.0,D,11.0,17.0,3.0,4.0,2.0,6.0,10.0,12.0,1.0,1.0,0.0,0.0
Ein Frankfurt,Ingolstadt,D1,2015,05/03/16,D,1,1,0.0,1.0,A,21.0,12.0,3.0,6.0,8.0,2.0,20.0,23.0,5.0,4.0,0.0,1.0
FC Koln,Schalke 04,D1,2015,05/03/16,A,1,3,1.0,2.0,A,17.0,18.0,9.0,4.0,7.0,5.0,13.0,15.0,1.0,0.0,0.0,0.0
Stuttgart,Hoffenheim,D1,2015,05/03/16,H,5,1,2.0,0.0,H,21.0,13.0,11.0,4.0,11.0,1.0,17.0,8.0,1.0,2.0,0.0,0.0
Werder Bremen,Hannover,D1,2015,05/03/16,H,4,1,2.0,1.0,H,14.0,15.0,5.0,5.0,4.0,4.0,16.0,14.0,2.0,2.0,0.0,0.0
Wolfsburg,M'gladbach,D1,2015,05/03/16,H,2,1,2.0,1.0,H,11.0,14.0,3.0,5.0,1.0,3.0,15.0,13.0,2.0,3.0,0.0,0.0
Hamburg,Hertha,D1,2015,06/03/16,H,2,0,0.0,0.0,D,14.0,3.0,5.0,1.0,3.0,2.0,12.0,9.0,4.0,1.0,0.0,0.0
Mainz,Darmstadt,D1,2015,06/03/16,D,0,0,0.0,0.0,D,11.0,15.0,4.0,3.0,3.0,1.0,17.0,18.0,0.0,5.0,1.0,0.0
Hertha,Schalke 04,D1,2015,11/03/16,H,2,0,1.0,0.0,H,16.0,15.0,5.0,4.0,5.0,5.0,15.0,14.0,2.0,1.0,0.0,0.0
Bayern Munich,Werder Bremen,D1,2015,12/03/16,H,5,0,2.0,0.0,H,20.0,2.0,13.0,1.0,11.0,4.0,8.0,8.0,1.0,3.0,0.0,0.0
Darmstadt,Augsburg,D1,2015,12/03/16,D,2,2,2.0,0.0,H,11.0,16.0,6.0,5.0,3.0,8.0,14.0,17.0,2.0,1.0,0.0,0.0
Hannover,FC Koln,D1,2015,12/03/16,A,0,2,0.0,1.0,A,17.0,12.0,2.0,5.0,9.0,1.0,17.0,11.0,1.0,1.0,0.0,0.0
Hoffenheim,Wolfsburg,D1,2015,12/03/16,H,1,0,1.0,0.0,H,11.0,15.0,2.0,9.0,3.0,5.0,8.0,18.0,1.0,1.0,0.0,0.0
Ingolstadt,Stuttgart,D1,2015,12/03/16,D,3,3,1.0,1.0,D,22.0,16.0,8.0,6.0,3.0,7.0,13.0,20.0,2.0,3.0,0.0,0.0
M'gladbach,Ein Frankfurt,D1,2015,12/03/16,H,3,0,1.0,0.0,H,16.0,4.0,8.0,0.0,1.0,1.0,8.0,20.0,1.0,3.0,0.0,0.0
Dortmund,Mainz,D1,2015,13/03/16,H,2,0,1.0,0.0,H,22.0,4.0,10.0,0.0,8.0,2.0,8.0,14.0,0.0,0.0,0.0,0.0
Leverkusen,Hamburg,D1,2015,13/03/16,H,1,0,1.0,0.0,H,14.0,10.0,4.0,5.0,5.0,7.0,18.0,17.0,4.0,2.0,1.0,0.0
Schalke 04,M'gladbach,D1,2015,18/03/16,H,2,1,0.0,0.0,D,6.0,22.0,3.0,8.0,2.0,5.0,11.0,10.0,1.0,0.0,0.0,0.0
Ein Frankfurt,Hannover,D1,2015,19/03/16,H,1,0,1.0,0.0,H,11.0,8.0,5.0,3.0,13.0,3.0,16.0,20.0,1.0,3.0,0.0,0.0
FC Koln,Bayern Munich,D1,2015,19/03/16,A,0,1,0.0,1.0,A,6.0,6.0,2.0,3.0,0.0,5.0,21.0,13.0,1.0,1.0,0.0,0.0
Hamburg,Hoffenheim,D1,2015,19/03/16,A,1,3,1.0,2.0,A,24.0,14.0,11.0,9.0,10.0,3.0,12.0,18.0,3.0,1.0,0.0,0.0
Hertha,Ingolstadt,D1,2015,19/03/16,H,2,1,0.0,0.0,D,7.0,9.0,2.0,2.0,3.0,6.0,14.0,22.0,2.0,3.0,0.0,0.0
Werder Bremen,Mainz,D1,2015,19/03/16,D,1,1,1.0,1.0,D,11.0,10.0,3.0,2.0,1.0,5.0,7.0,19.0,2.0,2.0,0.0,0.0
Wolfsburg,Darmstadt,D1,2015,19/03/16,D,1,1,0.0,0.0,D,20.0,11.0,5.0,1.0,8.0,1.0,14.0,16.0,1.0,1.0,0.0,0.0
Augsburg,Dortmund,D1,2015,20/03/16,A,1,3,1.0,1.0,D,7.0,13.0,4.0,5.0,2.0,3.0,16.0,6.0,4.0,1.0,0.0,0.0
Stuttgart,Leverkusen,D1,2015,20/03/16,A,0,2,0.0,1.0,A,14.0,15.0,5.0,9.0,2.0,9.0,16.0,21.0,3.0,3.0,0.0,0.0
Leverkusen,Wolfsburg,D1,2015,01/04/16,H,3,0,1.0,0.0,H,12.0,10.0,5.0,5.0,6.0,2.0,13.0,19.0,0.0,4.0,0.0,0.0
Bayern Munich,Ein Frankfurt,D1,2015,02/04/16,H,1,0,1.0,0.0,H,21.0,4.0,10.0,0.0,5.0,1.0,16.0,16.0,2.0,5.0,0.0,0.0
Darmstadt,Stuttgart,D1,2015,02/04/16,D,2,2,1.0,2.0,A,15.0,9.0,6.0,3.0,6.0,3.0,14.0,18.0,4.0,1.0,0.0,0.0
Dortmund,Werder Bremen,D1,2015,02/04/16,H,3,2,0.0,0.0,D,23.0,9.0,8.0,3.0,11.0,2.0,13.0,6.0,1.0,3.0,0.0,0.0
Hannover,Hamburg,D1,2015,02/04/16,A,0,3,0.0,0.0,D,16.0,9.0,8.0,4.0,5.0,4.0,15.0,12.0,1.0,1.0,0.0,0.0
Ingolstadt,Schalke 04,D1,2015,02/04/16,H,3,0,2.0,0.0,H,12.0,9.0,4.0,2.0,5.0,6.0,12.0,23.0,1.0,5.0,0.0,0.0
Mainz,Augsburg,D1,2015,02/04/16,H,4,2,2.0,2.0,D,19.0,14.0,7.0,5.0,4.0,3.0,19.0,12.0,1.0,2.0,0.0,0.0
Hoffenheim,FC Koln,D1,2015,03/04/16,D,1,1,0.0,0.0,D,15.0,9.0,5.0,1.0,4.0,8.0,11.0,11.0,2.0,1.0,0.0,0.0
M'gladbach,Hertha,D1,2015,03/04/16,H,5,0,1.0,0.0,H,17.0,7.0,8.0,2.0,7.0,6.0,15.0,11.0,1.0,2.0,0.0,0.0
Hertha,Hannover,D1,2015,08/04/16,D,2,2,1.0,1.0,D,13.0,11.0,8.0,3.0,7.0,4.0,10.0,21.0,3.0,4.0,0.0,0.0
Ein Frankfurt,Hoffenheim,D1,2015,09/04/16,A,0,2,0.0,0.0,D,12.0,8.0,3.0,6.0,8.0,4.0,22.0,21.0,3.0,4.0,0.0,0.0
Hamburg,Darmstadt,D1,2015,09/04/16,A,1,2,0.0,1.0,A,9.0,9.0,3.0,4.0,5.0,1.0,15.0,19.0,3.0,2.0,0.0,0.0
Ingolstadt,M'gladbach,D1,2015,09/04/16,H,1,0,0.0,0.0,D,15.0,7.0,4.0,3.0,5.0,3.0,7.0,11.0,1.0,1.0,0.0,0.0
Stuttgart,Bayern Munich,D1,2015,09/04/16,A,1,3,0.0,1.0,A,9.0,13.0,2.0,6.0,7.0,4.0,8.0,15.0,1.0,3.0,0.0,0.0
Werder Bremen,Augsburg,D1,2015,09/04/16,A,1,2,1.0,0.0,H,17.0,4.0,4.0,3.0,10.0,0.0,16.0,18.0,2.0,5.0,0.0,0.0
Wolfsburg,Mainz,D1,2015,09/04/16,D,1,1,0.0,0.0,D,16.0,17.0,3.0,9.0,7.0,12.0,11.0,13.0,2.0,2.0,1.0,0.0
FC Koln,Leverkusen,D1,2015,10/04/16,A,0,2,0.0,2.0,A,18.0,12.0,9.0,6.0,8.0,8.0,10.0,12.0,1.0,2.0,1.0,1.0
Schalke 04,Dortmund,D1,2015,10/04/16,D,2,2,0.0,0.0,D,10.0,16.0,2.0,5.0,1.0,9.0,22.0,13.0,5.0,3.0,0.0,0.0
Hannover,M'gladbach,D1,2015,15/04/16,H,2,0,0.0,0.0,D,12.0,8.0,8.0,2.0,5.0,3.0,22.0,11.0,2.0,0.0,0.0,0.0
Augsburg,Stuttgart,D1,2015,16/04/16,H,1,0,1.0,0.0,H,13.0,10.0,6.0,4.0,4.0,8.0,14.0,12.0,2.0,0.0,0.0,0.0
Bayern Munich,Schalke 04,D1,2015,16/04/16,H,3,0,0.0,0.0,D,14.0,7.0,7.0,4.0,6.0,2.0,10.0,7.0,0.0,0.0,0.0,0.0
Darmstadt,Ingolstadt,D1,2015,16/04/16,H,2,0,0.0,0.0,D,6.0,8.0,3.0,3.0,2.0,4.0,20.0,22.0,2.0,3.0,0.0,0.0
Hoffenheim,Hertha,D1,2015,16/04/16,H,2,1,1.0,1.0,D,17.0,10.0,7.0,2.0,3.0,5.0,10.0,16.0,2.0,0.0,0.0,0.0
Leverkusen,Ein Frankfurt,D1,2015,16/04/16,H,3,0,0.0,0.0,D,12.0,9.0,6.0,6.0,3.0,2.0,15.0,21.0,4.0,3.0,0.0,0.0
Werder Bremen,Wolfsburg,D1,2015,16/04/16,H,3,2,1.0,1.0,D,21.0,8.0,9.0,3.0,7.0,1.0,16.0,15.0,1.0,5.0,0.0,0.0
Dortmund,Hamburg,D1,2015,17/04/16,H,3,0,2.0,0.0,H,14.0,5.0,5.0,1.0,10.0,0.0,6.0,16.0,0.0,0.0,0.0,1.0
Mainz,FC Koln,D1,2015,17/04/16,A,2,3,1.0,0.0,H,18.0,12.0,7.0,4.0,6.0,7.0,12.0,11.0,1.0,2.0,0.0,0.0
Hamburg,Werder Bremen,D1,2015,22/04/16,H,2,1,2.0,0.0,H,12.0,21.0,7.0,10.0,5.0,4.0,22.0,11.0,3.0,4.0,0.0,0.0
FC Koln,Darmstadt,D1,2015,23/04/16,H,4,1,2.0,1.0,H,15.0,15.0,9.0,2.0,3.0,6.0,15.0,17.0,2.0,2.0,0.0,0.0
Hertha,Bayern Munich,D1,2015,23/04/16,A,0,2,0.0,0.0,D,9.0,6.0,0.0,6.0,1.0,3.0,9.0,17.0,0.0,4.0,0.0,0.0
Ingolstadt,Hannover,D1,2015,23/04/16,D,2,2,2.0,0.0,H,8.0,14.0,3.0,4.0,2.0,7.0,10.0,13.0,2.0,2.0,1.0,0.0
Schalke 04,Leverkusen,D1,2015,23/04/16,A,2,3,2.0,0.0,H,20.0,16.0,8.0,6.0,6.0,4.0,19.0,16.0,3.0,3.0,0.0,0.0
Stuttgart,Dortmund,D1,2015,23/04/16,A,0,3,0.0,2.0,A,8.0,16.0,1.0,9.0,3.0,4.0,19.0,10.0,0.0,1.0,0.0,0.0
Wolfsburg,Augsburg,D1,2015,23/04/16,A,0,2,0.0,1.0,A,19.0,8.0,7.0,4.0,6.0,1.0,7.0,19.0,0.0,2.0,0.0,0.0
Ein Frankfurt,Mainz,D1,2015,24/04/16,H,2,1,1.0,1.0,D,8.0,7.0,4.0,4.0,5.0,2.0,22.0,23.0,4.0,4.0,0.0,0.0
M'gladbach,Hoffenheim,D1,2015,24/04/16,H,3,1,2.0,0.0,H,24.0,14.0,11.0,8.0,12.0,3.0,14.0,11.0,1.0,2.0,0.0,0.0
Augsburg,FC Koln,D1,2015,29/04/16,D,0,0,0.0,0.0,D,13.0,8.0,1.0,1.0,5.0,5.0,9.0,14.0,3.0,2.0,0.0,1.0
Bayern Munich,M'gladbach,D1,2015,30/04/16,D,1,1,1.0,0.0,H,9.0,8.0,4.0,2.0,7.0,5.0,10.0,13.0,2.0,1.0,0.0,0.0
Darmstadt,Ein Frankfurt,D1,2015,30/04/16,A,1,2,1.0,0.0,H,11.0,12.0,6.0,4.0,4.0,8.0,13.0,12.0,2.0,2.0,0.0,0.0
Dortmund,Wolfsburg,D1,2015,30/04/16,H,5,1,2.0,0.0,H,20.0,6.0,10.0,4.0,7.0,6.0,8.0,13.0,2.0,0.0,0.0,0.0
Hannover,Schalke 04,D1,2015,30/04/16,A,1,3,1.0,2.0,A,21.0,10.0,2.0,7.0,9.0,3.0,15.0,17.0,0.0,0.0,0.0,0.0
Hoffenheim,Ingolstadt,D1,2015,30/04/16,H,2,1,1.0,1.0,D,10.0,16.0,6.0,8.0,2.0,7.0,17.0,21.0,3.0,4.0,0.0,0.0
Leverkusen,Hertha,D1,2015,30/04/16,H,2,1,2.0,1.0,H,18.0,9.0,8.0,3.0,6.0,4.0,14.0,20.0,1.0,6.0,0.0,0.0
Mainz,Hamburg,D1,2015,30/04/16,D,0,0,0.0,0.0,D,12.0,7.0,4.0,4.0,6.0,4.0,19.0,29.0,0.0,3.0,0.0,0.0
Werder Bremen,Stuttgart,D1,2015,02/05/16,H,6,2,3.0,1.0,H,16.0,13.0,9.0,4.0,3.0,5.0,12.0,15.0,1.0,1.0,0.0,0.0
Ein Frankfurt,Dortmund,D1,2015,07/05/16,H,1,0,1.0,0.0,H,6.0,13.0,4.0,2.0,3.0,5.0,20.0,12.0,5.0,3.0,0.0,0.0
FC Koln,Werder Bremen,D1,2015,07/05/16,D,0,0,0.0,0.0,D,9.0,13.0,4.0,1.0,8.0,7.0,20.0,20.0,3.0,2.0,0.0,0.0
Hamburg,Wolfsburg,D1,2015,07/05/16,A,0,1,0.0,0.0,D,5.0,11.0,0.0,6.0,5.0,4.0,18.0,10.0,0.0,0.0,0.0,0.0
Hannover,Hoffenheim,D1,2015,07/05/16,H,1,0,1.0,0.0,H,15.0,15.0,4.0,4.0,3.0,5.0,20.0,20.0,3.0,2.0,0.0,0.0
Hertha,Darmstadt,D1,2015,07/05/16,A,1,2,1.0,1.0,D,17.0,7.0,4.0,3.0,10.0,1.0,18.0,22.0,3.0,1.0,0.0,1.0
Ingolstadt,Bayern Munich,D1,2015,07/05/16,A,1,2,1.0,2.0,A,16.0,12.0,4.0,6.0,4.0,3.0,17.0,15.0,2.0,3.0,0.0,0.0
M'gladbach,Leverkusen,D1,2015,07/05/16,H,2,1,1.0,1.0,D,14.0,17.0,6.0,8.0,6.0,3.0,16.0,9.0,2.0,2.0,0.0,0.0
Schalke 04,Augsburg,D1,2015,07/05/16,D,1,1,0.0,0.0,D,20.0,5.0,5.0,2.0,9.0,2.0,10.0,17.0,1.0,5.0,0.0,0.0
Stuttgart,Mainz,D1,2015,07/05/16,A,1,3,1.0,1.0,D,8.0,19.0,3.0,11.0,6.0,9.0,11.0,17.0,3.0,2.0,0.0,0.0
Augsburg,Hamburg,D1,2015,14/05/16,A,1,3,1.0,1.0,D,12.0,13.0,7.0,6.0,2.0,4.0,12.0,24.0,3.0,3.0,0.0,0.0
Bayern Munich,Hannover,D1,2015,14/05/16,H,3,1,2.0,0.0,H,20.0,20.0,11.0,5.0,11.0,5.0,10.0,13.0,0.0,1.0,0.0,0.0
Darmstadt,M'gladbach,D1,2015,14/05/16,A,0,2,0.0,1.0,A,9.0,21.0,0.0,3.0,3.0,6.0,12.0,13.0,3.0,0.0,0.0,0.0
Dortmund,FC Koln,D1,2015,14/05/16,D,2,2,1.0,2.0,A,13.0,6.0,5.0,5.0,2.0,1.0,7.0,6.0,1.0,0.0,0.0,0.0
Hoffenheim,Schalke 04,D1,2015,14/05/16,A,1,4,1.0,2.0,A,14.0,12.0,4.0,8.0,7.0,2.0,15.0,11.0,1.0,1.0,0.0,0.0
Leverkusen,Ingolstadt,D1,2015,14/05/16,H,3,2,2.0,1.0,H,10.0,21.0,6.0,5.0,2.0,4.0,17.0,12.0,1.0,1.0,0.0,0.0
Mainz,Hertha,D1,2015,14/05/16,D,0,0,0.0,0.0,D,7.0,11.0,3.0,5.0,2.0,2.0,12.0,20.0,3.0,3.0,0.0,1.0
Werder Bremen,Ein Frankfurt,D1,2015,14/05/16,H,1,0,0.0,0.0,D,14.0,4.0,3.0,2.0,6.0,4.0,17.0,12.0,4.0,2.0,0.0,0.0
Wolfsburg,Stuttgart,D1,2015,14/05/16,H,3,1,2.0,0.0,H,17.0,13.0,7.0,6.0,7.0,9.0,8.0,12.0,2.0,2.0,0.0,0.0
Bayern Munich,Werder Bremen,D1,2016,26/08/16,H,6,0,2.0,0.0,H,27.0,4.0,14.0,2.0,8.0,1.0,7.0,8.0,0.0,1.0,0.0,0.0
Augsburg,Wolfsburg,D1,2016,27/08/16,A,0,2,0.0,1.0,A,13.0,12.0,2.0,6.0,2.0,3.0,15.0,17.0,1.0,2.0,0.0,0.0
Dortmund,Mainz,D1,2016,27/08/16,H,2,1,1.0,0.0,H,17.0,12.0,8.0,4.0,7.0,2.0,3.0,20.0,0.0,3.0,0.0,0.0
Ein Frankfurt,Schalke 04,D1,2016,27/08/16,H,1,0,1.0,0.0,H,11.0,11.0,4.0,3.0,7.0,5.0,11.0,15.0,2.0,2.0,1.0,0.0
FC Koln,Darmstadt,D1,2016,27/08/16,H,2,0,1.0,0.0,H,21.0,12.0,8.0,3.0,6.0,5.0,11.0,15.0,3.0,3.0,0.0,0.0
Hamburg,Ingolstadt,D1,2016,27/08/16,D,1,1,1.0,0.0,H,8.0,13.0,1.0,5.0,4.0,5.0,17.0,15.0,2.0,2.0,0.0,0.0
M'gladbach,Leverkusen,D1,2016,27/08/16,H,2,1,1.0,0.0,H,14.0,12.0,9.0,6.0,7.0,3.0,11.0,16.0,3.0,3.0,0.0,0.0
Hertha,Freiburg,D1,2016,28/08/16,H,2,1,0.0,0.0,D,15.0,8.0,5.0,2.0,5.0,2.0,10.0,10.0,0.0,3.0,0.0,0.0
Hoffenheim,RB Leipzig,D1,2016,28/08/16,D,2,2,0.0,0.0,D,11.0,23.0,5.0,9.0,2.0,9.0,12.0,14.0,2.0,4.0,0.0,0.0
Schalke 04,Bayern Munich,D1,2016,09/09/16,A,0,2,0.0,0.0,D,9.0,18.0,2.0,2.0,2.0,7.0,13.0,12.0,2.0,4.0,0.0,0.0
Darmstadt,Ein Frankfurt,D1,2016,10/09/16,H,1,0,0.0,0.0,D,8.0,14.0,1.0,3.0,1.0,4.0,16.0,13.0,1.0,2.0,0.0,0.0
Freiburg,M'gladbach,D1,2016,10/09/16,H,3,1,0.0,1.0,A,17.0,5.0,7.0,2.0,3.0,4.0,17.0,11.0,2.0,2.0,0.0,0.0
Ingolstadt,Hertha,D1,2016,10/09/16,A,0,2,0.0,1.0,A,12.0,7.0,5.0,6.0,6.0,1.0,13.0,20.0,3.0,1.0,0.0,0.0
Leverkusen,Hamburg,D1,2016,10/09/16,H,3,1,0.0,0.0,D,15.0,6.0,5.0,2.0,4.0,1.0,13.0,20.0,2.0,1.0,0.0,0.0
RB Leipzig,Dortmund,D1,2016,10/09/16,H,1,0,0.0,0.0,D,10.0,8.0,4.0,1.0,5.0,7.0,16.0,10.0,2.0,2.0,0.0,0.0
Wolfsburg,FC Koln,D1,2016,10/09/16,D,0,0,0.0,0.0,D,18.0,16.0,4.0,9.0,8.0,4.0,13.0,14.0,2.0,3.0,0.0,0.0
Mainz,Hoffenheim,D1,2016,11/09/16,D,4,4,4.0,1.0,H,12.0,20.0,6.0,5.0,8.0,5.0,19.0,16.0,1.0,3.0,1.0,0.0
Werder Bremen,Augsburg,D1,2016,11/09/16,A,1,2,1.0,0.0,H,10.0,18.0,1.0,5.0,0.0,4.0,14.0,28.0,2.0,3.0,0.0,0.0
FC Koln,Freiburg,D1,2016,16/09/16,H,3,0,3.0,0.0,H,9.0,17.0,3.0,8.0,4.0,6.0,12.0,10.0,1.0,1.0,0.0,0.0
Bayern Munich,Ingolstadt,D1,2016,17/09/16,H,3,1,1.0,1.0,D,10.0,13.0,5.0,5.0,5.0,5.0,18.0,17.0,1.0,2.0,0.0,0.0
Dortmund,Darmstadt,D1,2016,17/09/16,H,6,0,1.0,0.0,H,22.0,5.0,14.0,1.0,12.0,2.0,8.0,16.0,0.0,4.0,0.0,1.0
Ein Frankfurt,Leverkusen,D1,2016,17/09/16,H,2,1,0.0,0.0,D,17.0,7.0,8.0,3.0,1.0,3.0,22.0,14.0,3.0,0.0,0.0,0.0
Hamburg,RB Leipzig,D1,2016,17/09/16,A,0,4,0.0,0.0,D,14.0,12.0,2.0,6.0,8.0,3.0,17.0,13.0,5.0,1.0,0.0,0.0
Hoffenheim,Wolfsburg,D1,2016,17/09/16,D,0,0,0.0,0.0,D,20.0,20.0,5.0,9.0,3.0,11.0,17.0,18.0,2.0,1.0,0.0,0.0
M'gladbach,Werder Bremen,D1,2016,17/09/16,H,4,1,4.0,0.0,H,15.0,9.0,7.0,5.0,10.0,4.0,9.0,19.0,0.0,3.0,0.0,1.0
Augsburg,Mainz,D1,2016,18/09/16,A,1,3,0.0,1.0,A,12.0,11.0,5.0,6.0,2.0,7.0,15.0,16.0,1.0,2.0,0.0,1.0
Hertha,Schalke 04,D1,2016,18/09/16,H,2,0,0.0,0.0,D,8.0,11.0,2.0,4.0,4.0,6.0,12.0,17.0,1.0,1.0,0.0,0.0
Darmstadt,Hoffenheim,D1,2016,20/09/16,D,1,1,0.0,0.0,D,12.0,15.0,3.0,4.0,2.0,6.0,16.0,18.0,1.0,1.0,0.0,0.0
Freiburg,Hamburg,D1,2016,20/09/16,H,1,0,0.0,0.0,D,19.0,7.0,4.0,0.0,7.0,0.0,17.0,17.0,1.0,0.0,0.0,0.0
Ingolstadt,Ein Frankfurt,D1,2016,20/09/16,A,0,2,0.0,1.0,A,13.0,9.0,3.0,5.0,6.0,4.0,20.0,19.0,0.0,1.0,0.0,0.0
Wolfsburg,Dortmund,D1,2016,20/09/16,A,1,5,0.0,2.0,A,15.0,10.0,9.0,9.0,2.0,3.0,15.0,12.0,2.0,0.0,0.0,0.0
Bayern Munich,Hertha,D1,2016,21/09/16,H,3,0,1.0,0.0,H,16.0,2.0,7.0,2.0,6.0,2.0,9.0,9.0,1.0,0.0,0.0,0.0
Leverkusen,Augsburg,D1,2016,21/09/16,D,0,0,0.0,0.0,D,14.0,5.0,6.0,2.0,6.0,3.0,14.0,16.0,0.0,2.0,0.0,0.0
RB Leipzig,M'gladbach,D1,2016,21/09/16,D,1,1,1.0,0.0,H,9.0,3.0,5.0,1.0,5.0,2.0,15.0,16.0,1.0,2.0,0.0,0.0
Schalke 04,FC Koln,D1,2016,21/09/16,A,1,3,1.0,1.0,D,18.0,9.0,8.0,5.0,8.0,4.0,17.0,9.0,2.0,1.0,0.0,0.0
Werder Bremen,Mainz,D1,2016,21/09/16,A,1,2,1.0,0.0,H,13.0,13.0,7.0,6.0,3.0,14.0,15.0,14.0,2.0,2.0,0.0,0.0
Dortmund,Freiburg,D1,2016,23/09/16,H,3,1,1.0,0.0,H,24.0,9.0,5.0,5.0,15.0,3.0,8.0,27.0,2.0,3.0,0.0,0.0
Augsburg,Darmstadt,D1,2016,24/09/16,H,1,0,0.0,0.0,D,19.0,4.0,6.0,0.0,3.0,5.0,7.0,14.0,2.0,1.0,0.0,1.0
Ein Frankfurt,Hertha,D1,2016,24/09/16,D,3,3,2.0,1.0,H,11.0,6.0,4.0,4.0,4.0,1.0,15.0,13.0,4.0,2.0,0.0,0.0
Hamburg,Bayern Munich,D1,2016,24/09/16,A,0,1,0.0,0.0,D,7.0,17.0,1.0,8.0,3.0,5.0,17.0,12.0,2.0,3.0,0.0,0.0
Mainz,Leverkusen,D1,2016,24/09/16,A,2,3,2.0,1.0,H,9.0,16.0,5.0,6.0,6.0,1.0,12.0,14.0,3.0,2.0,0.0,0.0
M'gladbach,Ingolstadt,D1,2016,24/09/16,H,2,0,1.0,0.0,H,7.0,8.0,5.0,2.0,1.0,3.0,24.0,14.0,2.0,3.0,0.0,0.0
Werder Bremen,Wolfsburg,D1,2016,24/09/16,H,2,1,0.0,0.0,D,16.0,11.0,4.0,3.0,6.0,2.0,17.0,14.0,1.0,3.0,0.0,0.0
FC Koln,RB Leipzig,D1,2016,25/09/16,D,1,1,1.0,1.0,D,10.0,12.0,2.0,2.0,1.0,6.0,10.0,16.0,1.0,2.0,0.0,0.0
Hoffenheim,Schalke 04,D1,2016,25/09/16,H,2,1,2.0,1.0,H,14.0,12.0,2.0,5.0,2.0,6.0,11.0,14.0,1.0,1.0,0.0,0.0
RB Leipzig,Augsburg,D1,2016,30/09/16,H,2,1,1.0,1.0,D,17.0,6.0,10.0,2.0,6.0,3.0,15.0,12.0,0.0,3.0,0.0,0.0
Bayern Munich,FC Koln,D1,2016,01/10/16,D,1,1,1.0,0.0,H,27.0,5.0,3.0,2.0,10.0,3.0,4.0,12.0,1.0,2.0,0.0,0.0
Darmstadt,Werder Bremen,D1,2016,01/10/16,D,2,2,1.0,0.0,H,9.0,14.0,2.0,7.0,5.0,10.0,18.0,21.0,2.0,1.0,0.0,0.0
Freiburg,Ein Frankfurt,D1,2016,01/10/16,H,1,0,1.0,0.0,H,11.0,14.0,3.0,3.0,9.0,4.0,12.0,13.0,4.0,3.0,0.0,0.0
Hertha,Hamburg,D1,2016,01/10/16,H,2,0,1.0,0.0,H,14.0,16.0,5.0,3.0,7.0,3.0,11.0,20.0,2.0,6.0,0.0,0.0
Ingolstadt,Hoffenheim,D1,2016,01/10/16,A,1,2,0.0,2.0,A,18.0,21.0,5.0,9.0,8.0,5.0,22.0,22.0,1.0,2.0,0.0,0.0
Leverkusen,Dortmund,D1,2016,01/10/16,H,2,0,1.0,0.0,H,11.0,10.0,6.0,4.0,1.0,9.0,21.0,7.0,5.0,1.0,0.0,0.0
Schalke 04,M'gladbach,D1,2016,02/10/16,H,4,0,0.0,0.0,D,15.0,12.0,8.0,4.0,3.0,5.0,11.0,10.0,0.0,0.0,0.0,0.0
Wolfsburg,Mainz,D1,2016,02/10/16,D,0,0,0.0,0.0,D,19.0,8.0,3.0,2.0,11.0,3.0,10.0,7.0,0.0,0.0,0.0,0.0
Dortmund,Hertha,D1,2016,14/10/16,D,1,1,0.0,0.0,D,15.0,9.0,6.0,2.0,5.0,0.0,13.0,22.0,1.0,5.0,1.0,1.0
Augsburg,Schalke 04,D1,2016,15/10/16,D,1,1,0.0,0.0,D,11.0,12.0,5.0,3.0,6.0,4.0,14.0,16.0,2.0,3.0,0.0,0.0
Ein Frankfurt,Bayern Munich,D1,2016,15/10/16,D,2,2,1.0,1.0,D,13.0,14.0,4.0,5.0,2.0,6.0,18.0,11.0,2.0,4.0,1.0,0.0
FC Koln,Ingolstadt,D1,2016,15/10/16,H,2,1,2.0,0.0,H,15.0,9.0,3.0,1.0,5.0,3.0,27.0,24.0,3.0,3.0,0.0,0.0
Hoffenheim,Freiburg,D1,2016,15/10/16,H,2,1,1.0,0.0,H,14.0,13.0,4.0,6.0,8.0,5.0,18.0,15.0,2.0,3.0,0.0,0.0
M'gladbach,Hamburg,D1,2016,15/10/16,D,0,0,0.0,0.0,D,22.0,5.0,4.0,0.0,10.0,3.0,10.0,16.0,2.0,4.0,0.0,1.0
Werder Bremen,Leverkusen,D1,2016,15/10/16,H,2,1,1.0,1.0,D,11.0,13.0,5.0,6.0,0.0,2.0,10.0,15.0,2.0,2.0,0.0,0.0
Mainz,Darmstadt,D1,2016,16/10/16,H,2,1,1.0,0.0,H,13.0,12.0,5.0,4.0,7.0,7.0,19.0,19.0,3.0,1.0,0.0,0.0
Wolfsburg,RB Leipzig,D1,2016,16/10/16,A,0,1,0.0,0.0,D,10.0,13.0,2.0,6.0,7.0,4.0,21.0,18.0,2.0,1.0,0.0,0.0
Hamburg,Ein Frankfurt,D1,2016,21/10/16,A,0,3,0.0,1.0,A,3.0,13.0,0.0,4.0,0.0,2.0,16.0,9.0,0.0,4.0,1.0,0.0
Bayern Munich,M'gladbach,D1,2016,22/10/16,H,2,0,2.0,0.0,H,17.0,3.0,5.0,0.0,8.0,1.0,4.0,11.0,0.0,1.0,0.0,0.0
Darmstadt,Wolfsburg,D1,2016,22/10/16,H,3,1,1.0,0.0,H,9.0,9.0,5.0,1.0,1.0,4.0,17.0,14.0,0.0,2.0,0.0,1.0
Freiburg,Augsburg,D1,2016,22/10/16,H,2,1,0.0,0.0,D,12.0,14.0,5.0,6.0,0.0,1.0,7.0,10.0,1.0,0.0,0.0,0.0
Hertha,FC Koln,D1,2016,22/10/16,H,2,1,1.0,0.0,H,13.0,10.0,7.0,2.0,4.0,5.0,8.0,16.0,2.0,1.0,0.0,0.0
Ingolstadt,Dortmund,D1,2016,22/10/16,D,3,3,2.0,0.0,H,12.0,24.0,7.0,10.0,2.0,8.0,19.0,13.0,0.0,1.0,0.0,0.0
Leverkusen,Hoffenheim,D1,2016,22/10/16,A,0,3,0.0,1.0,A,6.0,14.0,1.0,8.0,5.0,3.0,6.0,17.0,0.0,1.0,1.0,0.0
RB Leipzig,Werder Bremen,D1,2016,23/10/16,H,3,1,1.0,0.0,H,22.0,7.0,6.0,3.0,6.0,5.0,18.0,10.0,4.0,3.0,0.0,0.0
Schalke 04,Mainz,D1,2016,23/10/16,H,3,0,1.0,0.0,H,11.0,10.0,5.0,4.0,3.0,3.0,16.0,16.0,2.0,3.0,0.0,0.0
M'gladbach,Ein Frankfurt,D1,2016,28/10/16,D,0,0,0.0,0.0,D,7.0,6.0,2.0,1.0,3.0,6.0,19.0,15.0,1.0,2.0,0.0,0.0
Augsburg,Bayern Munich,D1,2016,29/10/16,A,1,3,0.0,2.0,A,7.0,16.0,3.0,8.0,4.0,10.0,14.0,6.0,2.0,0.0,0.0,0.0
Darmstadt,RB Leipzig,D1,2016,29/10/16,A,0,2,0.0,0.0,D,4.0,11.0,0.0,4.0,2.0,6.0,13.0,16.0,4.0,2.0,0.0,0.0
Dortmund,Schalke 04,D1,2016,29/10/16,D,0,0,0.0,0.0,D,9.0,8.0,1.0,2.0,1.0,4.0,14.0,21.0,4.0,4.0,0.0,0.0
Mainz,Ingolstadt,D1,2016,29/10/16,H,2,0,0.0,0.0,D,17.0,5.0,8.0,2.0,5.0,0.0,14.0,8.0,1.0,0.0,0.0,1.0
Werder Bremen,Freiburg,D1,2016,29/10/16,A,1,3,0.0,2.0,A,14.0,13.0,4.0,5.0,4.0,4.0,25.0,23.0,1.0,3.0,0.0,0.0
Wolfsburg,Leverkusen,D1,2016,29/10/16,A,1,2,1.0,0.0,H,6.0,18.0,2.0,6.0,1.0,4.0,15.0,17.0,1.0,3.0,0.0,0.0
FC Koln,Hamburg,D1,2016,30/10/16,H,3,0,0.0,0.0,D,18.0,9.0,6.0,2.0,7.0,4.0,16.0,17.0,3.0,1.0,0.0,1.0
Hoffenheim,Hertha,D1,2016,30/10/16,H,1,0,1.0,0.0,H,24.0,5.0,7.0,2.0,7.0,3.0,10.0,20.0,0.0,4.0,0.0,0.0
Hertha,M'gladbach,D1,2016,04/11/16,H,3,0,2.0,0.0,H,12.0,11.0,6.0,2.0,4.0,1.0,14.0,16.0,2.0,2.0,0.0,1.0
Bayern Munich,Hoffenheim,D1,2016,05/11/16,D,1,1,1.0,1.0,D,21.0,5.0,5.0,3.0,8.0,1.0,7.0,25.0,0.0,2.0,0.0,0.0
Ein Frankfurt,FC Koln,D1,2016,05/11/16,H,1,0,1.0,0.0,H,8.0,6.0,1.0,1.0,4.0,5.0,20.0,10.0,3.0,3.0,0.0,0.0
Freiburg,Wolfsburg,D1,2016,05/11/16,A,0,3,0.0,1.0,A,12.0,13.0,2.0,5.0,6.0,9.0,10.0,19.0,3.0,2.0,1.0,0.0
Hamburg,Dortmund,D1,2016,05/11/16,A,2,5,0.0,3.0,A,14.0,10.0,6.0,6.0,5.0,3.0,13.0,15.0,2.0,0.0,0.0,0.0
Ingolstadt,Augsburg,D1,2016,05/11/16,A,0,2,0.0,0.0,D,14.0,13.0,5.0,5.0,3.0,6.0,15.0,14.0,2.0,1.0,1.0,0.0
Leverkusen,Darmstadt,D1,2016,05/11/16,H,3,2,1.0,0.0,H,12.0,6.0,4.0,3.0,6.0,5.0,10.0,10.0,0.0,1.0,0.0,0.0
RB Leipzig,Mainz,D1,2016,06/11/16,H,3,1,3.0,0.0,H,15.0,11.0,5.0,3.0,3.0,6.0,13.0,12.0,0.0,3.0,0.0,0.0
Schalke 04,Werder Bremen,D1,2016,06/11/16,H,3,1,2.0,1.0,H,24.0,8.0,6.0,5.0,3.0,6.0,13.0,14.0,2.0,3.0,0.0,0.0
Leverkusen,RB Leipzig,D1,2016,18/11/16,A,2,3,2.0,1.0,H,12.0,11.0,6.0,4.0,6.0,9.0,13.0,15.0,1.0,3.0,0.0,0.0
Augsburg,Hertha,D1,2016,19/11/16,D,0,0,0.0,0.0,D,9.0,10.0,3.0,4.0,4.0,3.0,14.0,16.0,3.0,1.0,0.0,0.0
Darmstadt,Ingolstadt,D1,2016,19/11/16,A,0,1,0.0,0.0,D,18.0,15.0,4.0,7.0,8.0,11.0,19.0,15.0,1.0,4.0,0.0,0.0
Dortmund,Bayern Munich,D1,2016,19/11/16,H,1,0,1.0,0.0,H,11.0,18.0,4.0,3.0,3.0,9.0,14.0,14.0,3.0,2.0,0.0,0.0
Mainz,Freiburg,D1,2016,19/11/16,H,4,2,2.0,0.0,H,11.0,24.0,6.0,11.0,3.0,5.0,21.0,21.0,4.0,3.0,0.0,0.0
M'gladbach,FC Koln,D1,2016,19/11/16,A,1,2,1.0,0.0,H,20.0,11.0,8.0,4.0,7.0,3.0,7.0,22.0,1.0,5.0,0.0,0.0
Wolfsburg,Schalke 04,D1,2016,19/11/16,A,0,1,0.0,0.0,D,8.0,19.0,0.0,4.0,3.0,5.0,17.0,16.0,2.0,2.0,0.0,0.0
Hoffenheim,Hamburg,D1,2016,20/11/16,D,2,2,1.0,1.0,D,18.0,14.0,5.0,4.0,8.0,6.0,12.0,25.0,1.0,2.0,0.0,0.0
Werder Bremen,Ein Frankfurt,D1,2016,20/11/16,A,1,2,1.0,0.0,H,14.0,19.0,4.0,9.0,3.0,6.0,23.0,18.0,1.0,2.0,0.0,0.0
Freiburg,RB Leipzig,D1,2016,25/11/16,A,1,4,1.0,3.0,A,9.0,16.0,3.0,7.0,4.0,5.0,10.0,16.0,2.0,3.0,0.0,0.0
Bayern Munich,Leverkusen,D1,2016,26/11/16,H,2,1,1.0,1.0,D,13.0,13.0,8.0,4.0,6.0,3.0,8.0,11.0,0.0,0.0,0.0,0.0
Ein Frankfurt,Dortmund,D1,2016,26/11/16,H,2,1,0.0,0.0,D,12.0,12.0,4.0,5.0,4.0,5.0,18.0,13.0,4.0,3.0,0.0,0.0
FC Koln,Augsburg,D1,2016,26/11/16,D,0,0,0.0,0.0,D,18.0,13.0,5.0,2.0,3.0,5.0,13.0,15.0,2.0,3.0,0.0,0.0
Hamburg,Werder Bremen,D1,2016,26/11/16,D,2,2,2.0,2.0,D,17.0,12.0,7.0,4.0,5.0,3.0,17.0,12.0,2.0,3.0,0.0,0.0
Ingolstadt,Wolfsburg,D1,2016,26/11/16,D,1,1,1.0,0.0,H,20.0,11.0,5.0,3.0,4.0,5.0,12.0,19.0,2.0,1.0,0.0,0.0
M'gladbach,Hoffenheim,D1,2016,26/11/16,D,1,1,1.0,0.0,H,16.0,15.0,8.0,4.0,2.0,6.0,8.0,17.0,0.0,2.0,0.0,0.0
Hertha,Mainz,D1,2016,27/11/16,H,2,1,1.0,1.0,D,16.0,9.0,5.0,4.0,5.0,3.0,12.0,23.0,1.0,0.0,1.0,1.0
Schalke 04,Darmstadt,D1,2016,27/11/16,H,3,1,1.0,1.0,D,20.0,9.0,7.0,2.0,5.0,6.0,8.0,13.0,0.0,2.0,0.0,0.0
Mainz,Bayern Munich,D1,2016,02/12/16,A,1,3,1.0,2.0,A,9.0,15.0,3.0,6.0,1.0,5.0,12.0,13.0,3.0,2.0,0.0,0.0
Dortmund,M'gladbach,D1,2016,03/12/16,H,4,1,2.0,1.0,H,15.0,3.0,7.0,1.0,9.0,3.0,10.0,10.0,1.0,1.0,0.0,0.0
Hoffenheim,FC Koln,D1,2016,03/12/16,H,4,0,2.0,0.0,H,10.0,10.0,6.0,1.0,3.0,4.0,14.0,11.0,1.0,1.0,0.0,0.0
Leverkusen,Freiburg,D1,2016,03/12/16,D,1,1,0.0,1.0,A,13.0,10.0,6.0,2.0,4.0,3.0,10.0,10.0,0.0,1.0,0.0,0.0
RB Leipzig,Schalke 04,D1,2016,03/12/16,H,2,1,1.0,1.0,D,14.0,11.0,5.0,5.0,8.0,5.0,16.0,20.0,1.0,5.0,0.0,0.0
Werder Bremen,Ingolstadt,D1,2016,03/12/16,H,2,1,1.0,0.0,H,14.0,15.0,5.0,5.0,3.0,4.0,18.0,16.0,0.0,3.0,0.0,0.0
Wolfsburg,Hertha,D1,2016,03/12/16,A,2,3,2.0,1.0,H,6.0,18.0,4.0,8.0,0.0,2.0,21.0,9.0,3.0,2.0,1.0,0.0
Augsburg,Ein Frankfurt,D1,2016,04/12/16,D,1,1,1.0,1.0,D,14.0,7.0,5.0,4.0,5.0,2.0,11.0,13.0,3.0,2.0,0.0,0.0
Darmstadt,Hamburg,D1,2016,04/12/16,A,0,2,0.0,1.0,A,10.0,21.0,2.0,5.0,1.0,4.0,16.0,24.0,2.0,4.0,0.0,0.0
Ein Frankfurt,Hoffenheim,D1,2016,09/12/16,D,0,0,0.0,0.0,D,15.0,3.0,3.0,0.0,11.0,2.0,28.0,17.0,4.0,3.0,1.0,0.0
Bayern Munich,Wolfsburg,D1,2016,10/12/16,H,5,0,2.0,0.0,H,19.0,6.0,10.0,3.0,10.0,2.0,13.0,4.0,1.0,0.0,0.0,0.0
FC Koln,Dortmund,D1,2016,10/12/16,D,1,1,1.0,0.0,H,7.0,11.0,2.0,4.0,1.0,6.0,26.0,18.0,2.0,3.0,1.0,0.0
Freiburg,Darmstadt,D1,2016,10/12/16,H,1,0,0.0,0.0,D,12.0,16.0,2.0,4.0,6.0,5.0,11.0,9.0,3.0,4.0,0.0,0.0
Hamburg,Augsburg,D1,2016,10/12/16,H,1,0,0.0,0.0,D,11.0,11.0,5.0,2.0,3.0,5.0,16.0,16.0,1.0,3.0,1.0,1.0
Hertha,Werder Bremen,D1,2016,10/12/16,A,0,1,0.0,1.0,A,11.0,13.0,4.0,6.0,5.0,1.0,17.0,14.0,0.0,3.0,0.0,0.0
Ingolstadt,RB Leipzig,D1,2016,10/12/16,H,1,0,1.0,0.0,H,4.0,13.0,1.0,3.0,3.0,4.0,19.0,16.0,1.0,4.0,1.0,0.0
M'gladbach,Mainz,D1,2016,11/12/16,H,1,0,0.0,0.0,D,9.0,12.0,3.0,4.0,4.0,1.0,13.0,15.0,2.0,0.0,0.0,1.0
Schalke 04,Leverkusen,D1,2016,11/12/16,A,0,1,0.0,0.0,D,11.0,13.0,0.0,2.0,4.0,3.0,10.0,15.0,3.0,3.0,1.0,0.0
Hoffenheim,Dortmund,D1,2016,16/12/16,D,2,2,2.0,1.0,H,13.0,14.0,5.0,4.0,2.0,4.0,22.0,18.0,5.0,1.0,0.0,1.0
Augsburg,M'gladbach,D1,2016,17/12/16,H,1,0,0.0,0.0,D,8.0,8.0,1.0,3.0,3.0,0.0,16.0,12.0,0.0,0.0,0.0,0.0
Mainz,Hamburg,D1,2016,17/12/16,H,3,1,1.0,1.0,D,19.0,10.0,8.0,3.0,6.0,6.0,12.0,15.0,2.0,3.0,0.0,0.0
RB Leipzig,Hertha,D1,2016,17/12/16,H,2,0,1.0,0.0,H,16.0,3.0,8.0,0.0,9.0,1.0,10.0,14.0,1.0,3.0,0.0,0.0
Schalke 04,Freiburg,D1,2016,17/12/16,D,1,1,0.0,0.0,D,17.0,6.0,2.0,2.0,9.0,1.0,12.0,9.0,1.0,0.0,0.0,0.0
Werder Bremen,FC Koln,D1,2016,17/12/16,D,1,1,1.0,1.0,D,10.0,14.0,5.0,5.0,4.0,5.0,17.0,17.0,1.0,4.0,0.0,0.0
Wolfsburg,Ein Frankfurt,D1,2016,17/12/16,H,1,0,1.0,0.0,H,15.0,7.0,3.0,1.0,4.0,2.0,17.0,18.0,3.0,4.0,0.0,0.0
Darmstadt,Bayern Munich,D1,2016,18/12/16,A,0,1,0.0,0.0,D,10.0,13.0,2.0,2.0,3.0,1.0,18.0,11.0,1.0,2.0,0.0,0.0
Leverkusen,Ingolstadt,D1,2016,18/12/16,A,1,2,0.0,1.0,A,5.0,17.0,3.0,7.0,1.0,4.0,17.0,16.0,1.0,2.0,1.0,0.0
Dortmund,Augsburg,D1,2016,20/12/16,D,1,1,0.0,1.0,A,23.0,8.0,8.0,3.0,6.0,2.0,10.0,19.0,1.0,2.0,0.0,0.0
Ein Frankfurt,Mainz,D1,2016,20/12/16,H,3,0,1.0,0.0,H,9.0,11.0,4.0,6.0,6.0,6.0,14.0,9.0,3.0,0.0,0.0,1.0
Hamburg,Schalke 04,D1,2016,20/12/16,H,2,1,0.0,0.0,D,11.0,6.0,7.0,3.0,4.0,5.0,13.0,11.0,2.0,4.0,0.0,0.0
M'gladbach,Wolfsburg,D1,2016,20/12/16,A,1,2,0.0,1.0,A,20.0,18.0,4.0,7.0,5.0,6.0,18.0,18.0,1.0,2.0,0.0,0.0
Bayern Munich,RB Leipzig,D1,2016,21/12/16,H,3,0,3.0,0.0,H,24.0,5.0,11.0,2.0,9.0,4.0,13.0,13.0,1.0,1.0,0.0,1.0
FC Koln,Leverkusen,D1,2016,21/12/16,D,1,1,1.0,1.0,D,11.0,18.0,2.0,6.0,4.0,5.0,7.0,16.0,0.0,0.0,0.0,0.0
Hertha,Darmstadt,D1,2016,21/12/16,H,2,0,0.0,0.0,D,15.0,5.0,5.0,0.0,6.0,4.0,13.0,15.0,1.0,3.0,0.0,0.0
Hoffenheim,Werder Bremen,D1,2016,21/12/16,D,1,1,1.0,0.0,H,12.0,10.0,3.0,3.0,5.0,9.0,11.0,19.0,2.0,2.0,0.0,0.0
Ingolstadt,Freiburg,D1,2016,21/12/16,A,1,2,0.0,2.0,A,17.0,11.0,6.0,5.0,6.0,3.0,17.0,12.0,4.0,2.0,0.0,0.0
Freiburg,Bayern Munich,D1,2016,20/01/17,A,1,2,1.0,1.0,D,11.0,13.0,3.0,5.0,1.0,11.0,8.0,7.0,2.0,2.0,0.0,0.0
Augsburg,Hoffenheim,D1,2016,21/01/17,A,0,2,0.0,0.0,D,9.0,13.0,2.0,3.0,4.0,4.0,18.0,14.0,2.0,4.0,0.0,0.0
Darmstadt,M'gladbach,D1,2016,21/01/17,D,0,0,0.0,0.0,D,8.0,14.0,2.0,4.0,4.0,6.0,12.0,16.0,1.0,1.0,0.0,0.0
RB Leipzig,Ein Frankfurt,D1,2016,21/01/17,H,3,0,2.0,0.0,H,17.0,4.0,7.0,3.0,3.0,3.0,8.0,15.0,1.0,2.0,0.0,1.0
Schalke 04,Ingolstadt,D1,2016,21/01/17,H,1,0,0.0,0.0,D,15.0,14.0,5.0,3.0,7.0,3.0,11.0,16.0,1.0,0.0,0.0,0.0
Werder Bremen,Dortmund,D1,2016,21/01/17,A,1,2,0.0,1.0,A,9.0,22.0,5.0,8.0,3.0,5.0,16.0,12.0,3.0,1.0,1.0,0.0
Wolfsburg,Hamburg,D1,2016,21/01/17,H,1,0,0.0,0.0,D,11.0,11.0,3.0,1.0,5.0,3.0,15.0,23.0,2.0,1.0,0.0,1.0
Leverkusen,Hertha,D1,2016,22/01/17,H,3,1,2.0,1.0,H,16.0,7.0,9.0,3.0,7.0,3.0,14.0,15.0,0.0,2.0,0.0,0.0
Mainz,FC Koln,D1,2016,22/01/17,D,0,0,0.0,0.0,D,12.0,9.0,5.0,3.0,5.0,5.0,12.0,10.0,1.0,1.0,0.0,0.0
Schalke 04,Ein Frankfurt,D1,2016,27/01/17,A,0,1,0.0,1.0,A,12.0,8.0,2.0,1.0,3.0,2.0,18.0,17.0,2.0,1.0,0.0,0.0
Darmstadt,FC Koln,D1,2016,28/01/17,A,1,6,0.0,3.0,A,10.0,14.0,4.0,7.0,3.0,4.0,24.0,20.0,2.0,4.0,0.0,0.0
Ingolstadt,Hamburg,D1,2016,28/01/17,H,3,1,2.0,0.0,H,15.0,11.0,7.0,3.0,1.0,6.0,13.0,18.0,0.0,2.0,0.0,0.0
Leverkusen,M'gladbach,D1,2016,28/01/17,A,2,3,2.0,0.0,H,13.0,12.0,4.0,7.0,9.0,5.0,12.0,8.0,0.0,0.0,0.0,0.0
RB Leipzig,Hoffenheim,D1,2016,28/01/17,H,2,1,1.0,1.0,D,14.0,5.0,5.0,2.0,7.0,4.0,17.0,16.0,3.0,3.0,0.0,1.0
Werder Bremen,Bayern Munich,D1,2016,28/01/17,A,1,2,0.0,2.0,A,11.0,13.0,4.0,4.0,2.0,7.0,17.0,16.0,4.0,1.0,0.0,0.0
Wolfsburg,Augsburg,D1,2016,28/01/17,A,1,2,1.0,1.0,D,11.0,12.0,5.0,5.0,5.0,6.0,13.0,17.0,2.0,2.0,0.0,0.0
Freiburg,Hertha,D1,2016,29/01/17,H,2,1,1.0,0.0,H,11.0,11.0,4.0,2.0,6.0,4.0,11.0,8.0,0.0,2.0,0.0,0.0
Mainz,Dortmund,D1,2016,29/01/17,D,1,1,0.0,1.0,A,9.0,13.0,1.0,4.0,2.0,4.0,13.0,13.0,2.0,1.0,0.0,0.0
Hamburg,Leverkusen,D1,2016,03/02/17,H,1,0,0.0,0.0,D,11.0,5.0,3.0,0.0,4.0,3.0,13.0,23.0,0.0,3.0,0.0,0.0
Bayern Munich,Schalke 04,D1,2016,04/02/17,D,1,1,1.0,1.0,D,12.0,7.0,4.0,3.0,8.0,3.0,14.0,15.0,1.0,1.0,0.0,0.0
Dortmund,RB Leipzig,D1,2016,04/02/17,H,1,0,1.0,0.0,H,14.0,2.0,4.0,1.0,5.0,2.0,15.0,17.0,1.0,3.0,0.0,0.0
FC Koln,Wolfsburg,D1,2016,04/02/17,H,1,0,0.0,0.0,D,12.0,12.0,2.0,2.0,6.0,6.0,14.0,21.0,4.0,3.0,0.0,0.0
Hertha,Ingolstadt,D1,2016,04/02/17,H,1,0,1.0,0.0,H,8.0,13.0,2.0,4.0,1.0,3.0,15.0,20.0,2.0,2.0,0.0,0.0
Hoffenheim,Mainz,D1,2016,04/02/17,H,4,0,1.0,0.0,H,22.0,13.0,7.0,2.0,3.0,6.0,14.0,13.0,2.0,2.0,0.0,0.0
M'gladbach,Freiburg,D1,2016,04/02/17,H,3,0,0.0,0.0,D,11.0,14.0,3.0,4.0,3.0,8.0,9.0,10.0,1.0,1.0,0.0,0.0
Augsburg,Werder Bremen,D1,2016,05/02/17,H,3,2,1.0,1.0,D,15.0,19.0,7.0,4.0,2.0,4.0,13.0,12.0,3.0,2.0,0.0,0.0
Ein Frankfurt,Darmstadt,D1,2016,05/02/17,H,2,0,0.0,0.0,D,15.0,4.0,6.0,0.0,8.0,2.0,7.0,16.0,2.0,4.0,0.0,0.0
Mainz,Augsburg,D1,2016,10/02/17,H,2,0,1.0,0.0,H,8.0,10.0,4.0,6.0,6.0,2.0,10.0,15.0,1.0,3.0,0.0,0.0
Darmstadt,Dortmund,D1,2016,11/02/17,H,2,1,1.0,1.0,D,15.0,14.0,7.0,4.0,0.0,12.0,10.0,20.0,2.0,2.0,0.0,0.0
Ingolstadt,Bayern Munich,D1,2016,11/02/17,A,0,2,0.0,0.0,D,8.0,17.0,0.0,5.0,2.0,4.0,15.0,14.0,2.0,1.0,0.0,0.0
Leverkusen,Ein Frankfurt,D1,2016,11/02/17,H,3,0,1.0,0.0,H,17.0,9.0,7.0,3.0,7.0,6.0,10.0,10.0,2.0,1.0,0.0,0.0
RB Leipzig,Hamburg,D1,2016,11/02/17,A,0,3,0.0,2.0,A,15.0,11.0,0.0,5.0,3.0,6.0,10.0,17.0,2.0,2.0,0.0,0.0
Schalke 04,Hertha,D1,2016,11/02/17,H,2,0,1.0,0.0,H,14.0,5.0,3.0,2.0,2.0,2.0,20.0,17.0,1.0,2.0,0.0,0.0
Werder Bremen,M'gladbach,D1,2016,11/02/17,A,0,1,0.0,1.0,A,16.0,12.0,6.0,3.0,9.0,3.0,16.0,17.0,2.0,2.0,0.0,0.0
Freiburg,FC Koln,D1,2016,12/02/17,H,2,1,1.0,1.0,D,12.0,12.0,6.0,5.0,7.0,1.0,17.0,15.0,1.0,1.0,0.0,0.0
Wolfsburg,Hoffenheim,D1,2016,12/02/17,H,2,1,0.0,1.0,A,13.0,14.0,7.0,7.0,4.0,5.0,16.0,18.0,3.0,2.0,0.0,0.0
Augsburg,Leverkusen,D1,2016,17/02/17,A,1,3,0.0,2.0,A,12.0,20.0,4.0,10.0,2.0,4.0,12.0,14.0,3.0,1.0,0.0,0.0
Dortmund,Wolfsburg,D1,2016,18/02/17,H,3,0,1.0,0.0,H,24.0,6.0,10.0,3.0,9.0,2.0,17.0,15.0,2.0,1.0,0.0,0.0
Ein Frankfurt,Ingolstadt,D1,2016,18/02/17,A,0,2,0.0,1.0,A,15.0,14.0,6.0,11.0,4.0,5.0,16.0,12.0,4.0,0.0,1.0,1.0
Hamburg,Freiburg,D1,2016,18/02/17,D,2,2,1.0,1.0,D,6.0,12.0,4.0,3.0,7.0,5.0,15.0,9.0,3.0,2.0,0.0,0.0
Hertha,Bayern Munich,D1,2016,18/02/17,D,1,1,1.0,0.0,H,11.0,16.0,2.0,7.0,3.0,4.0,19.0,10.0,2.0,3.0,0.0,0.0
Hoffenheim,Darmstadt,D1,2016,18/02/17,H,2,0,0.0,0.0,D,14.0,7.0,5.0,4.0,4.0,2.0,12.0,19.0,3.0,4.0,0.0,0.0
Mainz,Werder Bremen,D1,2016,18/02/17,A,0,2,0.0,2.0,A,13.0,8.0,5.0,4.0,7.0,6.0,14.0,10.0,3.0,4.0,0.0,0.0
FC Koln,Schalke 04,D1,2016,19/02/17,D,1,1,1.0,1.0,D,9.0,12.0,4.0,4.0,5.0,0.0,12.0,14.0,2.0,3.0,0.0,0.0
M'gladbach,RB Leipzig,D1,2016,19/02/17,A,1,2,0.0,1.0,A,12.0,9.0,3.0,5.0,8.0,3.0,18.0,17.0,4.0,3.0,0.0,0.0
Wolfsburg,Werder Bremen,D1,2016,24/02/17,A,1,2,1.0,2.0,A,27.0,7.0,6.0,3.0,13.0,1.0,13.0,15.0,1.0,3.0,0.0,0.0
Bayern Munich,Hamburg,D1,2016,25/02/17,H,8,0,3.0,0.0,H,18.0,5.0,12.0,1.0,4.0,4.0,16.0,11.0,0.0,1.0,0.0,0.0
Darmstadt,Augsburg,D1,2016,25/02/17,A,1,2,0.0,0.0,D,5.0,18.0,2.0,3.0,1.0,1.0,17.0,16.0,1.0,0.0,0.0,0.0
Freiburg,Dortmund,D1,2016,25/02/17,A,0,3,0.0,1.0,A,7.0,27.0,3.0,10.0,5.0,3.0,8.0,10.0,1.0,0.0,0.0,0.0
Hertha,Ein Frankfurt,D1,2016,25/02/17,H,2,0,0.0,0.0,D,6.0,8.0,4.0,2.0,3.0,6.0,11.0,16.0,2.0,2.0,0.0,1.0
Leverkusen,Mainz,D1,2016,25/02/17,A,0,2,0.0,2.0,A,12.0,11.0,3.0,5.0,9.0,8.0,20.0,17.0,1.0,3.0,0.0,0.0
RB Leipzig,FC Koln,D1,2016,25/02/17,H,3,1,2.0,0.0,H,13.0,5.0,5.0,1.0,3.0,0.0,15.0,10.0,1.0,4.0,0.0,0.0
Ingolstadt,M'gladbach,D1,2016,26/02/17,A,0,2,0.0,0.0,D,14.0,10.0,3.0,4.0,6.0,4.0,11.0,14.0,2.0,0.0,0.0,0.0
Schalke 04,Hoffenheim,D1,2016,26/02/17,D,1,1,1.0,0.0,H,7.0,14.0,2.0,4.0,6.0,3.0,20.0,13.0,0.0,2.0,0.0,0.0
Augsburg,RB Leipzig,D1,2016,03/03/17,D,2,2,1.0,1.0,D,7.0,12.0,2.0,5.0,1.0,6.0,15.0,15.0,4.0,2.0,0.0,0.0
Dortmund,Leverkusen,D1,2016,04/03/17,H,6,2,2.0,0.0,H,20.0,12.0,12.0,3.0,7.0,3.0,8.0,20.0,0.0,6.0,0.0,0.0
FC Koln,Bayern Munich,D1,2016,04/03/17,A,0,3,0.0,1.0,A,6.0,20.0,2.0,8.0,2.0,9.0,11.0,9.0,0.0,2.0,0.0,0.0
Hoffenheim,Ingolstadt,D1,2016,04/03/17,H,5,2,1.0,1.0,D,17.0,8.0,12.0,4.0,3.0,6.0,19.0,21.0,2.0,2.0,0.0,0.0
Mainz,Wolfsburg,D1,2016,04/03/17,D,1,1,1.0,1.0,D,10.0,7.0,2.0,5.0,4.0,6.0,15.0,12.0,0.0,0.0,0.0,0.0
M'gladbach,Schalke 04,D1,2016,04/03/17,H,4,2,1.0,1.0,D,19.0,7.0,7.0,2.0,3.0,2.0,6.0,16.0,0.0,4.0,0.0,0.0
Werder Bremen,Darmstadt,D1,2016,04/03/17,H,2,0,0.0,0.0,D,9.0,15.0,4.0,3.0,2.0,7.0,10.0,17.0,1.0,1.0,0.0,0.0
Ein Frankfurt,Freiburg,D1,2016,05/03/17,A,1,2,1.0,1.0,D,15.0,10.0,3.0,3.0,12.0,1.0,13.0,14.0,2.0,1.0,0.0,0.0
Hamburg,Hertha,D1,2016,05/03/17,H,1,0,0.0,0.0,D,9.0,8.0,3.0,1.0,5.0,2.0,14.0,11.0,1.0,2.0,0.0,0.0
Leverkusen,Werder Bremen,D1,2016,10/03/17,D,1,1,1.0,0.0,H,12.0,11.0,7.0,3.0,4.0,3.0,12.0,12.0,0.0,2.0,1.0,0.0
Bayern Munich,Ein Frankfurt,D1,2016,11/03/17,H,3,0,2.0,0.0,H,16.0,10.0,7.0,4.0,3.0,2.0,11.0,8.0,2.0,3.0,0.0,0.0
Darmstadt,Mainz,D1,2016,11/03/17,H,2,1,2.0,1.0,H,11.0,13.0,5.0,6.0,5.0,11.0,16.0,17.0,3.0,2.0,1.0,1.0
Freiburg,Hoffenheim,D1,2016,11/03/17,D,1,1,0.0,0.0,D,6.0,23.0,4.0,7.0,6.0,6.0,12.0,11.0,2.0,2.0,0.0,0.0
Hertha,Dortmund,D1,2016,11/03/17,H,2,1,1.0,0.0,H,16.0,18.0,4.0,2.0,4.0,8.0,7.0,15.0,2.0,4.0,0.0,0.0
Ingolstadt,FC Koln,D1,2016,11/03/17,D,2,2,1.0,1.0,D,26.0,7.0,9.0,2.0,11.0,0.0,13.0,24.0,4.0,3.0,0.0,0.0
RB Leipzig,Wolfsburg,D1,2016,11/03/17,A,0,1,0.0,1.0,A,11.0,15.0,6.0,5.0,7.0,3.0,16.0,17.0,3.0,4.0,0.0,0.0
Hamburg,M'gladbach,D1,2016,12/03/17,H,2,1,1.0,1.0,D,17.0,7.0,6.0,3.0,8.0,4.0,8.0,18.0,1.0,2.0,0.0,0.0
Schalke 04,Augsburg,D1,2016,12/03/17,H,3,0,3.0,0.0,H,25.0,9.0,7.0,3.0,7.0,4.0,20.0,10.0,3.0,0.0,0.0,0.0
Dortmund,Ingolstadt,D1,2016,17/03/17,H,1,0,1.0,0.0,H,10.0,14.0,2.0,2.0,4.0,2.0,12.0,23.0,1.0,3.0,0.0,0.0
Augsburg,Freiburg,D1,2016,18/03/17,D,1,1,1.0,1.0,D,15.0,7.0,3.0,3.0,3.0,1.0,16.0,21.0,2.0,2.0,0.0,0.0
Ein Frankfurt,Hamburg,D1,2016,18/03/17,D,0,0,0.0,0.0,D,7.0,5.0,1.0,0.0,4.0,7.0,19.0,24.0,1.0,1.0,0.0,0.0
FC Koln,Hertha,D1,2016,18/03/17,H,4,2,3.0,0.0,H,7.0,8.0,6.0,6.0,2.0,9.0,12.0,12.0,2.0,3.0,0.0,0.0
Hoffenheim,Leverkusen,D1,2016,18/03/17,H,1,0,0.0,0.0,D,13.0,16.0,4.0,7.0,2.0,7.0,12.0,14.0,1.0,1.0,0.0,0.0
Werder Bremen,RB Leipzig,D1,2016,18/03/17,H,3,0,1.0,0.0,H,9.0,7.0,4.0,2.0,4.0,5.0,11.0,18.0,2.0,1.0,0.0,0.0
Wolfsburg,Darmstadt,D1,2016,18/03/17,H,1,0,1.0,0.0,H,18.0,6.0,4.0,1.0,6.0,4.0,15.0,14.0,2.0,3.0,0.0,0.0
Mainz,Schalke 04,D1,2016,19/03/17,A,0,1,0.0,0.0,D,18.0,9.0,5.0,5.0,10.0,4.0,10.0,15.0,2.0,4.0,0.0,0.0
M'gladbach,Bayern Munich,D1,2016,19/03/17,A,0,1,0.0,0.0,D,14.0,18.0,1.0,6.0,5.0,4.0,5.0,11.0,0.0,2.0,0.0,0.0
Hertha,Hoffenheim,D1,2016,31/03/17,A,1,3,1.0,1.0,D,5.0,28.0,3.0,8.0,0.0,8.0,18.0,13.0,2.0,1.0,1.0,0.0
Bayern Munich,Augsburg,D1,2016,01/04/17,H,6,0,2.0,0.0,H,21.0,6.0,8.0,2.0,5.0,1.0,6.0,9.0,0.0,2.0,0.0,0.0
Ein Frankfurt,M'gladbach,D1,2016,01/04/17,D,0,0,0.0,0.0,D,15.0,6.0,4.0,1.0,10.0,1.0,13.0,12.0,4.0,2.0,0.0,1.0
Freiburg,Werder Bremen,D1,2016,01/04/17,A,2,5,0.0,2.0,A,13.0,11.0,4.0,7.0,5.0,5.0,9.0,14.0,2.0,1.0,0.0,0.0
Hamburg,FC Koln,D1,2016,01/04/17,H,2,1,1.0,1.0,D,14.0,7.0,4.0,1.0,5.0,1.0,19.0,13.0,2.0,3.0,0.0,0.0
RB Leipzig,Darmstadt,D1,2016,01/04/17,H,4,0,1.0,0.0,H,25.0,11.0,10.0,1.0,10.0,4.0,12.0,15.0,1.0,2.0,0.0,1.0
Schalke 04,Dortmund,D1,2016,01/04/17,D,1,1,0.0,0.0,D,9.0,7.0,3.0,2.0,9.0,4.0,13.0,17.0,1.0,2.0,0.0,0.0
Ingolstadt,Mainz,D1,2016,02/04/17,H,2,1,1.0,0.0,H,12.0,10.0,5.0,1.0,4.0,4.0,25.0,26.0,4.0,3.0,0.0,0.0
Leverkusen,Wolfsburg,D1,2016,02/04/17,D,3,3,1.0,0.0,H,8.0,18.0,5.0,9.0,2.0,10.0,18.0,14.0,1.0,2.0,0.0,0.0
Dortmund,Hamburg,D1,2016,04/04/17,H,3,0,1.0,0.0,H,17.0,16.0,10.0,6.0,6.0,4.0,6.0,12.0,1.0,3.0,0.0,0.0
FC Koln,Ein Frankfurt,D1,2016,04/04/17,H,1,0,0.0,0.0,D,5.0,11.0,1.0,2.0,0.0,5.0,11.0,20.0,0.0,2.0,0.0,0.0
Hoffenheim,Bayern Munich,D1,2016,04/04/17,H,1,0,1.0,0.0,H,14.0,21.0,4.0,6.0,7.0,9.0,17.0,12.0,0.0,1.0,0.0,0.0
Werder Bremen,Schalke 04,D1,2016,04/04/17,H,3,0,1.0,0.0,H,11.0,14.0,6.0,3.0,4.0,3.0,9.0,19.0,0.0,2.0,0.0,0.0
Augsburg,Ingolstadt,D1,2016,05/04/17,A,2,3,0.0,2.0,A,13.0,13.0,5.0,6.0,3.0,5.0,16.0,13.0,3.0,2.0,0.0,0.0
Darmstadt,Leverkusen,D1,2016,05/04/17,A,0,2,0.0,1.0,A,13.0,14.0,2.0,7.0,3.0,8.0,11.0,13.0,0.0,2.0,0.0,0.0
Mainz,RB Leipzig,D1,2016,05/04/17,A,2,3,0.0,0.0,D,18.0,15.0,3.0,7.0,8.0,3.0,16.0,20.0,6.0,4.0,1.0,0.0
M'gladbach,Hertha,D1,2016,05/04/17,H,1,0,1.0,0.0,H,22.0,12.0,7.0,2.0,8.0,4.0,12.0,12.0,1.0,1.0,0.0,0.0
Wolfsburg,Freiburg,D1,2016,05/04/17,A,0,1,0.0,0.0,D,17.0,16.0,4.0,5.0,6.0,3.0,12.0,16.0,0.0,1.0,0.0,0.0
Ein Frankfurt,Werder Bremen,D1,2016,07/04/17,D,2,2,0.0,2.0,A,16.0,8.0,7.0,4.0,4.0,1.0,19.0,8.0,2.0,2.0,0.0,0.0
Bayern Munich,Dortmund,D1,2016,08/04/17,H,4,1,2.0,1.0,H,18.0,9.0,6.0,3.0,6.0,3.0,14.0,10.0,2.0,3.0,0.0,0.0
FC Koln,M'gladbach,D1,2016,08/04/17,A,2,3,1.0,1.0,D,9.0,16.0,2.0,7.0,5.0,6.0,17.0,10.0,2.0,2.0,0.0,0.0
Freiburg,Mainz,D1,2016,08/04/17,H,1,0,0.0,0.0,D,7.0,9.0,3.0,3.0,1.0,6.0,12.0,14.0,0.0,3.0,0.0,0.0
Hamburg,Hoffenheim,D1,2016,08/04/17,H,2,1,1.0,1.0,D,12.0,12.0,6.0,4.0,8.0,4.0,22.0,22.0,4.0,4.0,0.0,0.0
RB Leipzig,Leverkusen,D1,2016,08/04/17,H,1,0,0.0,0.0,D,14.0,14.0,5.0,3.0,8.0,2.0,13.0,12.0,0.0,1.0,1.0,0.0
Schalke 04,Wolfsburg,D1,2016,08/04/17,H,4,1,2.0,0.0,H,12.0,18.0,7.0,1.0,5.0,1.0,17.0,10.0,1.0,2.0,0.0,0.0
Hertha,Augsburg,D1,2016,09/04/17,H,2,0,2.0,0.0,H,18.0,5.0,8.0,0.0,7.0,0.0,17.0,20.0,1.0,2.0,0.0,0.0
Ingolstadt,Darmstadt,D1,2016,09/04/17,H,3,2,1.0,2.0,A,23.0,10.0,10.0,5.0,5.0,2.0,12.0,11.0,1.0,0.0,1.0,1.0
Augsburg,FC Koln,D1,2016,15/04/17,H,2,1,2.0,0.0,H,7.0,12.0,6.0,0.0,2.0,8.0,19.0,17.0,2.0,3.0,2.0,0.0
Dortmund,Ein Frankfurt,D1,2016,15/04/17,H,3,1,2.0,1.0,H,15.0,9.0,7.0,2.0,4.0,1.0,12.0,23.0,0.0,0.0,0.0,0.0
Hoffenheim,M'gladbach,D1,2016,15/04/17,H,5,3,2.0,2.0,D,16.0,10.0,9.0,4.0,5.0,1.0,6.0,20.0,2.0,4.0,0.0,0.0
Leverkusen,Bayern Munich,D1,2016,15/04/17,D,0,0,0.0,0.0,D,9.0,21.0,2.0,6.0,1.0,4.0,9.0,12.0,1.0,0.0,1.0,0.0
Mainz,Hertha,D1,2016,15/04/17,H,1,0,1.0,0.0,H,17.0,6.0,3.0,2.0,7.0,3.0,10.0,18.0,1.0,3.0,0.0,0.0
RB Leipzig,Freiburg,D1,2016,15/04/17,H,4,0,2.0,0.0,H,13.0,11.0,6.0,2.0,6.0,0.0,19.0,13.0,1.0,2.0,0.0,0.0
Wolfsburg,Ingolstadt,D1,2016,15/04/17,H,3,0,1.0,0.0,H,9.0,6.0,6.0,3.0,2.0,4.0,14.0,17.0,2.0,3.0,0.0,0.0
Darmstadt,Schalke 04,D1,2016,16/04/17,H,2,1,1.0,0.0,H,11.0,26.0,5.0,8.0,2.0,9.0,24.0,14.0,5.0,3.0,0.0,1.0
Werder Bremen,Hamburg,D1,2016,16/04/17,H,2,1,1.0,1.0,D,13.0,6.0,5.0,4.0,4.0,3.0,13.0,15.0,3.0,1.0,0.0,0.0
FC Koln,Hoffenheim,D1,2016,21/04/17,D,1,1,0.0,0.0,D,12.0,11.0,6.0,6.0,6.0,4.0,9.0,11.0,2.0,0.0,0.0,0.0
Bayern Munich,Mainz,D1,2016,22/04/17,D,2,2,1.0,2.0,A,19.0,10.0,6.0,5.0,14.0,2.0,5.0,6.0,1.0,1.0,0.0,0.0
Ein Frankfurt,Augsburg,D1,2016,22/04/17,H,3,1,0.0,1.0,A,20.0,10.0,7.0,4.0,4.0,2.0,14.0,8.0,2.0,1.0,0.0,0.0
Hamburg,Darmstadt,D1,2016,22/04/17,A,1,2,0.0,0.0,D,13.0,9.0,6.0,4.0,9.0,6.0,14.0,18.0,3.0,2.0,0.0,0.0
Hertha,Wolfsburg,D1,2016,22/04/17,H,1,0,0.0,0.0,D,14.0,10.0,5.0,2.0,5.0,2.0,10.0,18.0,3.0,5.0,0.0,0.0
Ingolstadt,Werder Bremen,D1,2016,22/04/17,A,2,4,1.0,1.0,D,15.0,9.0,5.0,5.0,9.0,2.0,16.0,11.0,3.0,2.0,0.0,0.0
M'gladbach,Dortmund,D1,2016,22/04/17,A,2,3,1.0,1.0,D,7.0,12.0,3.0,6.0,2.0,4.0,8.0,13.0,2.0,3.0,0.0,0.0
Freiburg,Leverkusen,D1,2016,23/04/17,H,2,1,1.0,0.0,H,11.0,11.0,5.0,4.0,5.0,5.0,7.0,13.0,2.0,2.0,0.0,0.0
Schalke 04,RB Leipzig,D1,2016,23/04/17,D,1,1,0.0,1.0,A,11.0,9.0,1.0,1.0,5.0,5.0,18.0,21.0,3.0,2.0,0.0,0.0
Leverkusen,Schalke 04,D1,2016,28/04/17,A,1,4,0.0,3.0,A,13.0,12.0,4.0,8.0,2.0,3.0,15.0,10.0,3.0,0.0,0.0,0.0
Darmstadt,Freiburg,D1,2016,29/04/17,H,3,0,2.0,0.0,H,14.0,9.0,4.0,4.0,7.0,6.0,16.0,15.0,2.0,0.0,0.0,0.0
Dortmund,FC Koln,D1,2016,29/04/17,D,0,0,0.0,0.0,D,23.0,5.0,4.0,0.0,9.0,0.0,8.0,13.0,2.0,2.0,0.0,0.0
Mainz,M'gladbach,D1,2016,29/04/17,A,1,2,0.0,1.0,A,17.0,13.0,8.0,5.0,8.0,3.0,9.0,15.0,1.0,1.0,0.0,0.0
RB Leipzig,Ingolstadt,D1,2016,29/04/17,D,0,0,0.0,0.0,D,15.0,6.0,3.0,0.0,5.0,3.0,14.0,16.0,3.0,4.0,0.0,1.0
Werder Bremen,Hertha,D1,2016,29/04/17,H,2,0,2.0,0.0,H,9.0,10.0,4.0,2.0,2.0,2.0,9.0,17.0,1.0,1.0,0.0,0.0
Wolfsburg,Bayern Munich,D1,2016,29/04/17,A,0,6,0.0,3.0,A,7.0,17.0,3.0,9.0,4.0,4.0,12.0,10.0,0.0,0.0,1.0,0.0
Augsburg,Hamburg,D1,2016,30/04/17,H,4,0,2.0,0.0,H,17.0,9.0,9.0,4.0,4.0,4.0,9.0,16.0,1.0,4.0,0.0,0.0
Hoffenheim,Ein Frankfurt,D1,2016,30/04/17,H,1,0,0.0,0.0,D,8.0,4.0,1.0,2.0,3.0,4.0,22.0,18.0,0.0,3.0,0.0,0.0
FC Koln,Werder Bremen,D1,2016,05/05/17,H,4,3,3.0,2.0,H,16.0,11.0,9.0,4.0,5.0,1.0,9.0,10.0,0.0,2.0,0.0,0.0
Bayern Munich,Darmstadt,D1,2016,06/05/17,H,1,0,1.0,0.0,H,23.0,13.0,8.0,3.0,13.0,7.0,10.0,7.0,1.0,1.0,0.0,0.0
Dortmund,Hoffenheim,D1,2016,06/05/17,H,2,1,1.0,0.0,H,11.0,10.0,4.0,5.0,6.0,2.0,17.0,11.0,4.0,2.0,0.0,0.0
Ein Frankfurt,Wolfsburg,D1,2016,06/05/17,A,0,2,0.0,0.0,D,7.0,7.0,2.0,3.0,2.0,4.0,12.0,14.0,1.0,2.0,0.0,0.0
Hertha,RB Leipzig,D1,2016,06/05/17,A,1,4,0.0,1.0,A,6.0,14.0,1.0,8.0,3.0,8.0,15.0,15.0,3.0,3.0,0.0,0.0
Ingolstadt,Leverkusen,D1,2016,06/05/17,D,1,1,0.0,0.0,D,10.0,12.0,2.0,6.0,7.0,6.0,13.0,12.0,1.0,3.0,0.0,0.0
M'gladbach,Augsburg,D1,2016,06/05/17,D,1,1,0.0,0.0,D,18.0,11.0,5.0,4.0,3.0,5.0,8.0,15.0,2.0,2.0,0.0,0.0
Freiburg,Schalke 04,D1,2016,07/05/17,H,2,0,2.0,0.0,H,13.0,14.0,5.0,3.0,2.0,4.0,14.0,13.0,0.0,2.0,0.0,0.0
Hamburg,Mainz,D1,2016,07/05/17,D,0,0,0.0,0.0,D,6.0,13.0,2.0,6.0,5.0,3.0,16.0,17.0,2.0,1.0,0.0,0.0
Augsburg,Dortmund,D1,2016,13/05/17,D,1,1,1.0,1.0,D,5.0,15.0,3.0,5.0,2.0,3.0,17.0,7.0,2.0,1.0,0.0,0.0
Darmstadt,Hertha,D1,2016,13/05/17,A,0,2,0.0,2.0,A,11.0,16.0,2.0,5.0,4.0,6.0,17.0,14.0,3.0,0.0,0.0,0.0
Freiburg,Ingolstadt,D1,2016,13/05/17,D,1,1,1.0,1.0,D,11.0,23.0,4.0,9.0,4.0,3.0,18.0,27.0,2.0,3.0,0.0,0.0
Leverkusen,FC Koln,D1,2016,13/05/17,D,2,2,0.0,1.0,A,27.0,7.0,9.0,4.0,7.0,3.0,12.0,12.0,0.0,2.0,0.0,0.0
Mainz,Ein Frankfurt,D1,2016,13/05/17,H,4,2,0.0,1.0,A,21.0,6.0,8.0,4.0,7.0,0.0,16.0,22.0,4.0,4.0,0.0,0.0
RB Leipzig,Bayern Munich,D1,2016,13/05/17,A,4,5,2.0,1.0,H,11.0,20.0,6.0,9.0,2.0,6.0,19.0,11.0,1.0,5.0,0.0,0.0
Schalke 04,Hamburg,D1,2016,13/05/17,D,1,1,1.0,0.0,H,12.0,18.0,1.0,4.0,5.0,7.0,14.0,15.0,3.0,1.0,0.0,0.0
Werder Bremen,Hoffenheim,D1,2016,13/05/17,A,3,5,0.0,3.0,A,16.0,16.0,7.0,9.0,10.0,4.0,10.0,14.0,1.0,1.0,0.0,0.0
Wolfsburg,M'gladbach,D1,2016,13/05/17,D,1,1,0.0,1.0,A,11.0,14.0,6.0,6.0,3.0,7.0,12.0,12.0,3.0,1.0,0.0,0.0
Bayern Munich,Freiburg,D1,2016,20/05/17,H,4,1,1.0,0.0,H,33.0,19.0,11.0,8.0,15.0,7.0,10.0,10.0,1.0,0.0,0.0,0.0
Dortmund,Werder Bremen,D1,2016,20/05/17,H,4,3,2.0,1.0,H,28.0,11.0,11.0,5.0,9.0,3.0,15.0,17.0,4.0,3.0,0.0,0.0
Ein Frankfurt,RB Leipzig,D1,2016,20/05/17,D,2,2,0.0,1.0,A,16.0,7.0,3.0,5.0,4.0,3.0,12.0,17.0,1.0,2.0,0.0,0.0
FC Koln,Mainz,D1,2016,20/05/17,H,2,0,1.0,0.0,H,16.0,5.0,4.0,0.0,7.0,5.0,14.0,17.0,2.0,1.0,0.0,0.0
Hamburg,Wolfsburg,D1,2016,20/05/17,H,2,1,1.0,1.0,D,6.0,12.0,3.0,5.0,2.0,8.0,12.0,18.0,4.0,3.0,0.0,0.0
Hertha,Leverkusen,D1,2016,20/05/17,A,2,6,0.0,3.0,A,14.0,16.0,5.0,11.0,3.0,6.0,17.0,13.0,3.0,1.0,0.0,0.0
Hoffenheim,Augsburg,D1,2016,20/05/17,D,0,0,0.0,0.0,D,19.0,8.0,9.0,2.0,5.0,4.0,10.0,13.0,2.0,1.0,0.0,0.0
Ingolstadt,Schalke 04,D1,2016,20/05/17,D,1,1,1.0,1.0,D,18.0,9.0,8.0,3.0,6.0,6.0,9.0,11.0,1.0,1.0,0.0,1.0
M'gladbach,Darmstadt,D1,2016,20/05/17,D,2,2,0.0,0.0,D,18.0,13.0,10.0,4.0,5.0,3.0,6.0,8.0,1.0,0.0,0.0,0.0
Bayern Munich,Leverkusen,D1,2017,18/08/17,H,3,1,2.0,0.0,H,13.0,19.0,8.0,4.0,4.0,5.0,13.0,17.0,1.0,2.0,0.0,0.0
Hamburg,Augsburg,D1,2017,19/08/17,H,1,0,1.0,0.0,H,11.0,13.0,5.0,1.0,3.0,7.0,18.0,16.0,4.0,3.0,0.0,0.0
Hertha,Stuttgart,D1,2017,19/08/17,H,2,0,0.0,0.0,D,10.0,9.0,3.0,2.0,5.0,1.0,18.0,12.0,2.0,1.0,0.0,0.0
Hoffenheim,Werder Bremen,D1,2017,19/08/17,H,1,0,0.0,0.0,D,14.0,11.0,3.0,2.0,6.0,4.0,17.0,15.0,1.0,3.0,0.0,0.0
Mainz,Hannover,D1,2017,19/08/17,A,0,1,0.0,0.0,D,14.0,6.0,6.0,2.0,13.0,1.0,18.0,14.0,3.0,5.0,0.0,0.0
Schalke 04,RB Leipzig,D1,2017,19/08/17,H,2,0,1.0,0.0,H,11.0,12.0,5.0,3.0,4.0,5.0,22.0,18.0,2.0,2.0,0.0,0.0
Wolfsburg,Dortmund,D1,2017,19/08/17,A,0,3,0.0,2.0,A,9.0,13.0,0.0,5.0,3.0,5.0,7.0,15.0,0.0,0.0,0.0,0.0
Freiburg,Ein Frankfurt,D1,2017,20/08/17,D,0,0,0.0,0.0,D,7.0,15.0,1.0,2.0,3.0,7.0,8.0,17.0,1.0,2.0,0.0,0.0
M'gladbach,FC Koln,D1,2017,20/08/17,H,1,0,0.0,0.0,D,22.0,13.0,8.0,2.0,5.0,3.0,12.0,11.0,3.0,2.0,0.0,0.0
FC Koln,Hamburg,D1,2017,25/08/17,A,1,3,0.0,2.0,A,20.0,12.0,6.0,4.0,6.0,7.0,9.0,9.0,2.0,2.0,0.0,1.0
Augsburg,M'gladbach,D1,2017,26/08/17,D,2,2,1.0,2.0,A,24.0,15.0,9.0,3.0,10.0,0.0,13.0,12.0,2.0,2.0,0.0,0.0
Dortmund,Hertha,D1,2017,26/08/17,H,2,0,1.0,0.0,H,18.0,7.0,8.0,4.0,4.0,4.0,12.0,9.0,1.0,1.0,0.0,0.0
Ein Frankfurt,Wolfsburg,D1,2017,26/08/17,A,0,1,0.0,1.0,A,12.0,7.0,6.0,3.0,7.0,2.0,18.0,19.0,3.0,1.0,0.0,0.0
Leverkusen,Hoffenheim,D1,2017,26/08/17,D,2,2,1.0,0.0,H,16.0,6.0,3.0,4.0,6.0,1.0,16.0,11.0,2.0,2.0,0.0,0.0
Stuttgart,Mainz,D1,2017,26/08/17,H,1,0,0.0,0.0,D,17.0,13.0,4.0,6.0,5.0,6.0,12.0,18.0,2.0,1.0,0.0,0.0
Werder Bremen,Bayern Munich,D1,2017,26/08/17,A,0,2,0.0,0.0,D,4.0,19.0,1.0,8.0,2.0,8.0,9.0,10.0,1.0,1.0,0.0,0.0
Hannover,Schalke 04,D1,2017,27/08/17,H,1,0,0.0,0.0,D,11.0,8.0,3.0,1.0,2.0,6.0,17.0,17.0,1.0,2.0,0.0,0.0
RB Leipzig,Freiburg,D1,2017,27/08/17,H,4,1,0.0,1.0,A,29.0,7.0,11.0,2.0,8.0,2.0,11.0,13.0,2.0,0.0,0.0,1.0
Hamburg,RB Leipzig,D1,2017,08/09/17,A,0,2,0.0,0.0,D,9.0,19.0,2.0,4.0,4.0,14.0,14.0,11.0,1.0,1.0,0.0,0.0
Augsburg,FC Koln,D1,2017,09/09/17,H,3,0,2.0,0.0,H,10.0,13.0,4.0,3.0,6.0,9.0,15.0,13.0,0.0,0.0,0.0,0.0
Freiburg,Dortmund,D1,2017,09/09/17,D,0,0,0.0,0.0,D,5.0,27.0,2.0,3.0,0.0,7.0,10.0,11.0,0.0,0.0,1.0,0.0
Hoffenheim,Bayern Munich,D1,2017,09/09/17,H,2,0,1.0,0.0,H,6.0,23.0,3.0,6.0,2.0,4.0,15.0,9.0,3.0,1.0,0.0,0.0
Mainz,Leverkusen,D1,2017,09/09/17,H,3,1,1.0,1.0,D,14.0,13.0,5.0,2.0,1.0,3.0,16.0,15.0,2.0,2.0,0.0,0.0
M'gladbach,Ein Frankfurt,D1,2017,09/09/17,A,0,1,0.0,1.0,A,15.0,12.0,3.0,6.0,13.0,5.0,17.0,17.0,3.0,2.0,0.0,0.0
Wolfsburg,Hannover,D1,2017,09/09/17,D,1,1,0.0,0.0,D,17.0,7.0,6.0,2.0,3.0,1.0,13.0,20.0,0.0,1.0,0.0,0.0
Hertha,Werder Bremen,D1,2017,10/09/17,D,1,1,1.0,0.0,H,8.0,10.0,4.0,5.0,5.0,7.0,9.0,12.0,1.0,0.0,0.0,0.0
Schalke 04,Stuttgart,D1,2017,10/09/17,H,3,1,1.0,1.0,D,12.0,11.0,4.0,2.0,2.0,1.0,15.0,19.0,1.0,1.0,0.0,0.0
Hannover,Hamburg,D1,2017,15/09/17,H,2,0,0.0,0.0,D,17.0,12.0,4.0,3.0,4.0,7.0,17.0,16.0,1.0,0.0,0.0,0.0
Bayern Munich,Mainz,D1,2017,16/09/17,H,4,0,2.0,0.0,H,28.0,11.0,14.0,4.0,10.0,5.0,9.0,5.0,2.0,2.0,0.0,0.0
Ein Frankfurt,Augsburg,D1,2017,16/09/17,A,1,2,0.0,1.0,A,23.0,11.0,8.0,3.0,4.0,4.0,13.0,13.0,2.0,3.0,0.0,0.0
RB Leipzig,M'gladbach,D1,2017,16/09/17,D,2,2,2.0,1.0,H,10.0,10.0,3.0,3.0,3.0,2.0,13.0,12.0,1.0,1.0,1.0,0.0
Stuttgart,Wolfsburg,D1,2017,16/09/17,H,1,0,1.0,0.0,H,8.0,8.0,4.0,1.0,2.0,3.0,14.0,19.0,2.0,3.0,0.0,0.0
Werder Bremen,Schalke 04,D1,2017,16/09/17,A,1,2,1.0,1.0,D,16.0,11.0,2.0,4.0,6.0,5.0,15.0,17.0,2.0,2.0,0.0,0.0
Dortmund,FC Koln,D1,2017,17/09/17,H,5,0,2.0,0.0,H,22.0,6.0,8.0,2.0,8.0,5.0,11.0,12.0,0.0,3.0,0.0,0.0
Hoffenheim,Hertha,D1,2017,17/09/17,D,1,1,1.0,0.0,H,8.0,9.0,2.0,4.0,5.0,2.0,15.0,20.0,2.0,2.0,0.0,0.0
Leverkusen,Freiburg,D1,2017,17/09/17,H,4,0,3.0,0.0,H,22.0,4.0,9.0,1.0,5.0,4.0,4.0,13.0,0.0,2.0,0.0,0.0
Augsburg,RB Leipzig,D1,2017,19/09/17,H,1,0,1.0,0.0,H,11.0,14.0,4.0,3.0,3.0,2.0,15.0,17.0,2.0,2.0,0.0,0.0
M'gladbach,Stuttgart,D1,2017,19/09/17,H,2,0,0.0,0.0,D,9.0,11.0,3.0,4.0,4.0,1.0,9.0,8.0,0.0,1.0,0.0,0.0
Schalke 04,Bayern Munich,D1,2017,19/09/17,A,0,3,0.0,2.0,A,11.0,12.0,4.0,8.0,2.0,6.0,13.0,11.0,1.0,1.0,0.0,0.0
Wolfsburg,Werder Bremen,D1,2017,19/09/17,D,1,1,1.0,0.0,H,13.0,11.0,4.0,4.0,3.0,4.0,10.0,18.0,1.0,2.0,0.0,0.0
FC Koln,Ein Frankfurt,D1,2017,20/09/17,A,0,1,0.0,1.0,A,17.0,8.0,8.0,4.0,4.0,5.0,20.0,20.0,2.0,1.0,0.0,0.0
Freiburg,Hannover,D1,2017,20/09/17,D,1,1,0.0,0.0,D,23.0,14.0,5.0,3.0,5.0,3.0,17.0,19.0,2.0,4.0,0.0,0.0
Hamburg,Dortmund,D1,2017,20/09/17,A,0,3,0.0,1.0,A,6.0,17.0,2.0,7.0,4.0,3.0,15.0,14.0,3.0,0.0,0.0,0.0
Hertha,Leverkusen,D1,2017,20/09/17,H,2,1,2.0,0.0,H,5.0,12.0,3.0,5.0,3.0,6.0,12.0,25.0,1.0,2.0,0.0,0.0
Mainz,Hoffenheim,D1,2017,20/09/17,A,2,3,2.0,2.0,D,20.0,18.0,6.0,6.0,5.0,11.0,9.0,13.0,3.0,3.0,0.0,0.0
Bayern Munich,Wolfsburg,D1,2017,22/09/17,D,2,2,2.0,0.0,H,19.0,8.0,3.0,3.0,7.0,3.0,9.0,11.0,1.0,2.0,0.0,0.0
Dortmund,M'gladbach,D1,2017,23/09/17,H,6,1,3.0,0.0,H,18.0,8.0,9.0,5.0,7.0,0.0,2.0,6.0,0.0,1.0,0.0,0.0
Hoffenheim,Schalke 04,D1,2017,23/09/17,H,2,0,1.0,0.0,H,12.0,17.0,6.0,3.0,0.0,5.0,16.0,15.0,3.0,2.0,0.0,0.0
Mainz,Hertha,D1,2017,23/09/17,H,1,0,0.0,0.0,D,8.0,4.0,3.0,1.0,4.0,1.0,22.0,22.0,3.0,3.0,0.0,1.0
RB Leipzig,Ein Frankfurt,D1,2017,23/09/17,H,2,1,1.0,0.0,H,17.0,9.0,5.0,3.0,2.0,4.0,9.0,16.0,1.0,2.0,0.0,0.0
Stuttgart,Augsburg,D1,2017,23/09/17,D,0,0,0.0,0.0,D,15.0,9.0,2.0,2.0,5.0,3.0,7.0,14.0,1.0,2.0,0.0,0.0
Werder Bremen,Freiburg,D1,2017,23/09/17,D,0,0,0.0,0.0,D,17.0,13.0,6.0,6.0,4.0,5.0,15.0,9.0,2.0,1.0,0.0,0.0
Hannover,FC Koln,D1,2017,24/09/17,D,0,0,0.0,0.0,D,14.0,6.0,1.0,1.0,6.0,7.0,17.0,17.0,4.0,2.0,0.0,0.0
Leverkusen,Hamburg,D1,2017,24/09/17,H,3,0,2.0,0.0,H,17.0,12.0,6.0,2.0,6.0,3.0,17.0,18.0,2.0,2.0,0.0,0.0
Schalke 04,Leverkusen,D1,2017,29/09/17,D,1,1,1.0,0.0,H,14.0,10.0,5.0,6.0,7.0,4.0,19.0,16.0,2.0,3.0,0.0,0.0
Augsburg,Dortmund,D1,2017,30/09/17,A,1,2,1.0,2.0,A,10.0,14.0,5.0,8.0,5.0,5.0,23.0,12.0,4.0,1.0,0.0,0.0
Ein Frankfurt,Stuttgart,D1,2017,30/09/17,H,2,1,1.0,0.0,H,10.0,13.0,6.0,5.0,3.0,6.0,10.0,17.0,1.0,1.0,1.0,0.0
Hamburg,Werder Bremen,D1,2017,30/09/17,D,0,0,0.0,0.0,D,17.0,8.0,6.0,3.0,6.0,7.0,13.0,27.0,1.0,3.0,0.0,0.0
M'gladbach,Hannover,D1,2017,30/09/17,H,2,1,0.0,0.0,D,23.0,15.0,8.0,2.0,8.0,7.0,12.0,13.0,1.0,1.0,0.0,0.0
Wolfsburg,Mainz,D1,2017,30/09/17,D,1,1,0.0,0.0,D,6.0,10.0,2.0,3.0,5.0,6.0,7.0,13.0,4.0,4.0,1.0,0.0
FC Koln,RB Leipzig,D1,2017,01/10/17,A,1,2,0.0,1.0,A,16.0,23.0,6.0,10.0,9.0,7.0,9.0,13.0,0.0,2.0,0.0,0.0
Freiburg,Hoffenheim,D1,2017,01/10/17,H,3,2,2.0,1.0,H,15.0,15.0,6.0,6.0,9.0,7.0,13.0,17.0,2.0,3.0,0.0,0.0
Hertha,Bayern Munich,D1,2017,01/10/17,D,2,2,0.0,1.0,A,10.0,15.0,5.0,5.0,1.0,9.0,14.0,11.0,0.0,2.0,0.0,0.0
Stuttgart,FC Koln,D1,2017,13/10/17,H,2,1,1.0,0.0,H,22.0,17.0,7.0,3.0,5.0,4.0,12.0,13.0,2.0,3.0,0.0,0.0
Bayern Munich,Freiburg,D1,2017,14/10/17,H,5,0,2.0,0.0,H,22.0,6.0,10.0,2.0,9.0,1.0,5.0,7.0,0.0,0.0,0.0,0.0
Dortmund,RB Leipzig,D1,2017,14/10/17,A,2,3,1.0,2.0,A,15.0,7.0,8.0,6.0,3.0,2.0,16.0,19.0,2.0,5.0,1.0,1.0
Hannover,Ein Frankfurt,D1,2017,14/10/17,A,1,2,1.0,1.0,D,10.0,12.0,2.0,4.0,6.0,5.0,15.0,16.0,3.0,3.0,0.0,0.0
Hertha,Schalke 04,D1,2017,14/10/17,A,0,2,0.0,0.0,D,2.0,10.0,0.0,6.0,1.0,5.0,12.0,20.0,1.0,2.0,1.0,0.0
Hoffenheim,Augsburg,D1,2017,14/10/17,D,2,2,0.0,0.0,D,22.0,13.0,7.0,5.0,6.0,3.0,5.0,11.0,1.0,0.0,0.0,0.0
Mainz,Hamburg,D1,2017,14/10/17,H,3,2,1.0,1.0,D,14.0,9.0,4.0,2.0,4.0,2.0,14.0,17.0,1.0,1.0,0.0,0.0
Leverkusen,Wolfsburg,D1,2017,15/10/17,D,2,2,1.0,1.0,D,17.0,11.0,10.0,4.0,11.0,2.0,16.0,13.0,2.0,2.0,0.0,0.0
Werder Bremen,M'gladbach,D1,2017,15/10/17,A,0,2,0.0,2.0,A,18.0,16.0,5.0,8.0,5.0,5.0,11.0,10.0,1.0,0.0,0.0,0.0
Schalke 04,Mainz,D1,2017,20/10/17,H,2,0,1.0,0.0,H,14.0,4.0,5.0,2.0,5.0,1.0,17.0,15.0,3.0,0.0,0.0,0.0
Augsburg,Hannover,D1,2017,21/10/17,A,1,2,1.0,0.0,H,15.0,11.0,5.0,6.0,11.0,2.0,11.0,9.0,1.0,2.0,0.0,0.0
Ein Frankfurt,Dortmund,D1,2017,21/10/17,D,2,2,0.0,1.0,A,14.0,20.0,7.0,7.0,4.0,4.0,14.0,10.0,2.0,3.0,0.0,0.0
Hamburg,Bayern Munich,D1,2017,21/10/17,A,0,1,0.0,0.0,D,7.0,21.0,3.0,4.0,7.0,7.0,9.0,9.0,1.0,2.0,1.0,0.0
M'gladbach,Leverkusen,D1,2017,21/10/17,A,1,5,1.0,0.0,H,19.0,13.0,3.0,6.0,4.0,4.0,12.0,11.0,3.0,0.0,0.0,0.0
RB Leipzig,Stuttgart,D1,2017,21/10/17,H,1,0,1.0,0.0,H,15.0,11.0,3.0,2.0,3.0,5.0,10.0,18.0,0.0,1.0,0.0,0.0
FC Koln,Werder Bremen,D1,2017,22/10/17,D,0,0,0.0,0.0,D,18.0,13.0,8.0,2.0,3.0,6.0,16.0,20.0,3.0,3.0,0.0,0.0
Freiburg,Hertha,D1,2017,22/10/17,D,1,1,0.0,0.0,D,20.0,11.0,8.0,3.0,6.0,1.0,20.0,15.0,4.0,3.0,0.0,0.0
Wolfsburg,Hoffenheim,D1,2017,22/10/17,D,1,1,0.0,0.0,D,14.0,14.0,6.0,5.0,8.0,4.0,12.0,24.0,1.0,3.0,0.0,0.0
Mainz,Ein Frankfurt,D1,2017,27/10/17,D,1,1,0.0,1.0,A,7.0,8.0,3.0,3.0,5.0,5.0,15.0,21.0,0.0,2.0,0.0,0.0
Bayern Munich,RB Leipzig,D1,2017,28/10/17,H,2,0,2.0,0.0,H,23.0,3.0,7.0,1.0,11.0,1.0,7.0,9.0,1.0,0.0,0.0,1.0
Hannover,Dortmund,D1,2017,28/10/17,H,4,2,2.0,1.0,H,13.0,10.0,7.0,4.0,5.0,6.0,17.0,9.0,2.0,0.0,0.0,1.0
Hertha,Hamburg,D1,2017,28/10/17,H,2,1,1.0,0.0,H,8.0,12.0,3.0,4.0,9.0,11.0,14.0,13.0,0.0,0.0,0.0,0.0
Hoffenheim,M'gladbach,D1,2017,28/10/17,A,1,3,1.0,0.0,H,16.0,16.0,5.0,6.0,5.0,5.0,14.0,13.0,2.0,1.0,0.0,0.0
Leverkusen,FC Koln,D1,2017,28/10/17,H,2,1,0.0,1.0,A,17.0,9.0,5.0,2.0,8.0,10.0,14.0,13.0,3.0,2.0,0.0,0.0
Schalke 04,Wolfsburg,D1,2017,28/10/17,D,1,1,1.0,0.0,H,14.0,7.0,7.0,2.0,4.0,2.0,18.0,12.0,0.0,0.0,0.0,0.0
Stuttgart,Freiburg,D1,2017,29/10/17,H,3,0,2.0,0.0,H,18.0,6.0,6.0,0.0,6.0,0.0,13.0,10.0,3.0,0.0,0.0,1.0
Werder Bremen,Augsburg,D1,2017,29/10/17,A,0,3,0.0,2.0,A,16.0,18.0,3.0,6.0,7.0,3.0,15.0,11.0,2.0,0.0,0.0,0.0
Ein Frankfurt,Werder Bremen,D1,2017,03/11/17,H,2,1,1.0,1.0,D,16.0,13.0,5.0,7.0,7.0,8.0,11.0,13.0,0.0,0.0,0.0,0.0
Augsburg,Leverkusen,D1,2017,04/11/17,D,1,1,0.0,0.0,D,14.0,11.0,4.0,3.0,6.0,3.0,13.0,15.0,3.0,2.0,0.0,0.0
Dortmund,Bayern Munich,D1,2017,04/11/17,A,1,3,0.0,2.0,A,15.0,10.0,4.0,5.0,4.0,3.0,12.0,16.0,2.0,2.0,0.0,0.0
Freiburg,Schalke 04,D1,2017,04/11/17,A,0,1,0.0,0.0,D,13.0,8.0,2.0,3.0,6.0,1.0,14.0,12.0,1.0,1.0,0.0,0.0
Hamburg,Stuttgart,D1,2017,04/11/17,H,3,1,1.0,0.0,H,21.0,3.0,12.0,2.0,11.0,3.0,14.0,10.0,2.0,2.0,0.0,1.0
M'gladbach,Mainz,D1,2017,04/11/17,D,1,1,0.0,1.0,A,10.0,20.0,3.0,7.0,9.0,9.0,5.0,14.0,1.0,0.0,0.0,0.0
RB Leipzig,Hannover,D1,2017,04/11/17,H,2,1,0.0,0.0,D,18.0,12.0,6.0,4.0,2.0,3.0,11.0,16.0,1.0,4.0,0.0,0.0
FC Koln,Hoffenheim,D1,2017,05/11/17,A,0,3,0.0,1.0,A,12.0,22.0,4.0,8.0,7.0,6.0,17.0,14.0,0.0,0.0,0.0,0.0
Wolfsburg,Hertha,D1,2017,05/11/17,D,3,3,2.0,1.0,H,20.0,10.0,8.0,6.0,4.0,2.0,14.0,19.0,1.0,1.0,0.0,0.0
Stuttgart,Dortmund,D1,2017,17/11/17,H,2,1,1.0,1.0,D,9.0,13.0,4.0,7.0,5.0,4.0,16.0,12.0,2.0,0.0,0.0,0.0
Bayern Munich,Augsburg,D1,2017,18/11/17,H,3,0,2.0,0.0,H,16.0,8.0,6.0,3.0,6.0,3.0,13.0,16.0,0.0,3.0,0.0,0.0
Hertha,M'gladbach,D1,2017,18/11/17,A,2,4,1.0,3.0,A,16.0,8.0,8.0,5.0,8.0,2.0,15.0,12.0,2.0,1.0,0.0,0.0
Hoffenheim,Ein Frankfurt,D1,2017,18/11/17,D,1,1,0.0,1.0,A,13.0,5.0,6.0,3.0,4.0,3.0,14.0,19.0,0.0,2.0,0.0,0.0
Leverkusen,RB Leipzig,D1,2017,18/11/17,D,2,2,1.0,1.0,D,13.0,12.0,3.0,3.0,2.0,1.0,14.0,13.0,5.0,2.0,1.0,0.0
Mainz,FC Koln,D1,2017,18/11/17,H,1,0,1.0,0.0,H,12.0,11.0,3.0,0.0,0.0,3.0,12.0,15.0,0.0,2.0,1.0,0.0
Wolfsburg,Freiburg,D1,2017,18/11/17,H,3,1,2.0,0.0,H,15.0,12.0,7.0,7.0,1.0,3.0,8.0,8.0,1.0,2.0,0.0,0.0
Schalke 04,Hamburg,D1,2017,19/11/17,H,2,0,1.0,0.0,H,12.0,7.0,4.0,1.0,7.0,6.0,16.0,19.0,3.0,3.0,0.0,0.0
Werder Bremen,Hannover,D1,2017,19/11/17,H,4,0,1.0,0.0,H,16.0,13.0,7.0,7.0,3.0,2.0,14.0,16.0,0.0,1.0,0.0,0.0
Hannover,Stuttgart,D1,2017,24/11/17,D,1,1,0.0,1.0,A,15.0,13.0,4.0,4.0,4.0,5.0,14.0,16.0,1.0,5.0,0.0,0.0
Augsburg,Wolfsburg,D1,2017,25/11/17,H,2,1,0.0,1.0,A,23.0,4.0,8.0,3.0,6.0,1.0,7.0,12.0,1.0,2.0,0.0,1.0
Dortmund,Schalke 04,D1,2017,25/11/17,D,4,4,4.0,0.0,H,11.0,12.0,6.0,7.0,3.0,5.0,17.0,19.0,5.0,5.0,1.0,0.0
Ein Frankfurt,Leverkusen,D1,2017,25/11/17,A,0,1,0.0,0.0,D,12.0,13.0,3.0,4.0,9.0,2.0,18.0,14.0,4.0,3.0,0.0,0.0
Freiburg,Mainz,D1,2017,25/11/17,H,2,1,0.0,0.0,D,15.0,17.0,5.0,5.0,2.0,5.0,16.0,15.0,3.0,2.0,0.0,0.0
M'gladbach,Bayern Munich,D1,2017,25/11/17,H,2,1,2.0,0.0,H,6.0,21.0,2.0,7.0,2.0,5.0,12.0,9.0,1.0,1.0,0.0,0.0
RB Leipzig,Werder Bremen,D1,2017,25/11/17,H,2,0,1.0,0.0,H,14.0,9.0,6.0,3.0,8.0,8.0,9.0,10.0,0.0,1.0,0.0,0.0
FC Koln,Hertha,D1,2017,26/11/17,A,0,2,0.0,1.0,A,15.0,10.0,2.0,7.0,3.0,4.0,15.0,8.0,2.0,0.0,0.0,0.0
Hamburg,Hoffenheim,D1,2017,26/11/17,H,3,0,1.0,0.0,H,18.0,13.0,7.0,2.0,7.0,8.0,16.0,23.0,0.0,3.0,0.0,0.0
Freiburg,Hamburg,D1,2017,01/12/17,D,0,0,0.0,0.0,D,20.0,10.0,2.0,3.0,7.0,5.0,13.0,19.0,2.0,3.0,0.0,0.0
Bayern Munich,Hannover,D1,2017,02/12/17,H,3,1,1.0,1.0,D,29.0,8.0,12.0,4.0,9.0,3.0,12.0,8.0,2.0,2.0,0.0,0.0
Hoffenheim,RB Leipzig,D1,2017,02/12/17,H,4,0,1.0,0.0,H,10.0,11.0,8.0,5.0,0.0,7.0,14.0,10.0,2.0,0.0,0.0,0.0
Leverkusen,Dortmund,D1,2017,02/12/17,D,1,1,1.0,0.0,H,15.0,9.0,9.0,3.0,7.0,4.0,8.0,19.0,1.0,3.0,1.0,0.0
Mainz,Augsburg,D1,2017,02/12/17,A,1,3,0.0,2.0,A,16.0,10.0,5.0,4.0,4.0,3.0,17.0,13.0,4.0,1.0,0.0,0.0
Schalke 04,FC Koln,D1,2017,02/12/17,D,2,2,1.0,0.0,H,23.0,7.0,10.0,4.0,7.0,4.0,14.0,18.0,0.0,2.0,0.0,1.0
Werder Bremen,Stuttgart,D1,2017,02/12/17,H,1,0,1.0,0.0,H,15.0,12.0,6.0,4.0,5.0,8.0,13.0,17.0,2.0,1.0,0.0,0.0
Hertha,Ein Frankfurt,D1,2017,03/12/17,A,1,2,1.0,1.0,D,15.0,7.0,5.0,5.0,4.0,2.0,15.0,13.0,1.0,3.0,0.0,0.0
Wolfsburg,M'gladbach,D1,2017,03/12/17,H,3,0,2.0,0.0,H,13.0,16.0,6.0,9.0,6.0,5.0,7.0,15.0,0.0,2.0,0.0,0.0
Stuttgart,Leverkusen,D1,2017,08/12/17,A,0,2,0.0,1.0,A,9.0,18.0,5.0,4.0,8.0,5.0,12.0,12.0,1.0,1.0,0.0,0.0
Dortmund,Werder Bremen,D1,2017,09/12/17,A,1,2,0.0,1.0,A,11.0,9.0,5.0,4.0,4.0,2.0,8.0,6.0,0.0,0.0,0.0,0.0
Ein Frankfurt,Bayern Munich,D1,2017,09/12/17,A,0,1,0.0,1.0,A,12.0,6.0,3.0,1.0,5.0,5.0,16.0,12.0,2.0,3.0,0.0,0.0
Hamburg,Wolfsburg,D1,2017,09/12/17,D,0,0,0.0,0.0,D,12.0,3.0,3.0,0.0,6.0,2.0,15.0,12.0,2.0,2.0,0.0,0.0
M'gladbach,Schalke 04,D1,2017,09/12/17,D,1,1,1.0,0.0,H,13.0,13.0,5.0,6.0,8.0,10.0,12.0,7.0,1.0,2.0,0.0,0.0
RB Leipzig,Mainz,D1,2017,09/12/17,D,2,2,2.0,1.0,H,12.0,13.0,7.0,9.0,6.0,4.0,16.0,17.0,2.0,3.0,0.0,0.0
Augsburg,Hertha,D1,2017,10/12/17,D,1,1,0.0,0.0,D,15.0,8.0,3.0,4.0,11.0,3.0,11.0,9.0,2.0,2.0,0.0,0.0
FC Koln,Freiburg,D1,2017,10/12/17,A,3,4,3.0,1.0,H,6.0,25.0,3.0,11.0,4.0,9.0,20.0,14.0,3.0,3.0,0.0,0.0
Hannover,Hoffenheim,D1,2017,10/12/17,H,2,0,0.0,0.0,D,12.0,9.0,3.0,5.0,2.0,1.0,12.0,15.0,2.0,5.0,0.0,0.0
Freiburg,M'gladbach,D1,2017,12/12/17,H,1,0,1.0,0.0,H,24.0,5.0,5.0,3.0,5.0,3.0,7.0,12.0,0.0,2.0,0.0,0.0
Hamburg,Ein Frankfurt,D1,2017,12/12/17,A,1,2,1.0,2.0,A,21.0,10.0,6.0,6.0,9.0,3.0,6.0,26.0,0.0,4.0,0.0,0.0
Mainz,Dortmund,D1,2017,12/12/17,A,0,2,0.0,0.0,D,13.0,15.0,0.0,6.0,2.0,6.0,14.0,6.0,0.0,0.0,0.0,0.0
Wolfsburg,RB Leipzig,D1,2017,12/12/17,D,1,1,1.0,0.0,H,13.0,14.0,5.0,5.0,6.0,9.0,8.0,16.0,2.0,4.0,0.0,1.0
Bayern Munich,FC Koln,D1,2017,13/12/17,H,1,0,0.0,0.0,D,26.0,7.0,8.0,1.0,13.0,1.0,7.0,12.0,0.0,0.0,0.0,0.0
Hertha,Hannover,D1,2017,13/12/17,H,3,1,2.0,0.0,H,15.0,20.0,9.0,6.0,5.0,8.0,10.0,12.0,2.0,3.0,0.0,0.0
Hoffenheim,Stuttgart,D1,2017,13/12/17,H,1,0,0.0,0.0,D,11.0,9.0,3.0,3.0,0.0,3.0,12.0,15.0,1.0,1.0,0.0,0.0
Leverkusen,Werder Bremen,D1,2017,13/12/17,H,1,0,1.0,0.0,H,15.0,6.0,7.0,2.0,5.0,1.0,10.0,24.0,0.0,3.0,0.0,0.0
Schalke 04,Augsburg,D1,2017,13/12/17,H,3,2,1.0,0.0,H,8.0,15.0,5.0,7.0,2.0,3.0,11.0,17.0,3.0,2.0,0.0,0.0
M'gladbach,Hamburg,D1,2017,15/12/17,H,3,1,1.0,0.0,H,13.0,8.0,5.0,3.0,9.0,4.0,7.0,16.0,0.0,3.0,0.0,0.0
Augsburg,Freiburg,D1,2017,16/12/17,D,3,3,1.0,1.0,D,17.0,9.0,8.0,6.0,11.0,4.0,6.0,14.0,1.0,3.0,0.0,0.0
Dortmund,Hoffenheim,D1,2017,16/12/17,H,2,1,0.0,1.0,A,18.0,12.0,3.0,5.0,6.0,4.0,7.0,13.0,0.0,0.0,0.0,0.0
Ein Frankfurt,Schalke 04,D1,2017,16/12/17,D,2,2,1.0,0.0,H,6.0,15.0,2.0,5.0,4.0,6.0,21.0,20.0,4.0,2.0,0.0,0.0
FC Koln,Wolfsburg,D1,2017,16/12/17,H,1,0,0.0,0.0,D,18.0,8.0,7.0,5.0,5.0,4.0,8.0,13.0,2.0,1.0,0.0,0.0
Stuttgart,Bayern Munich,D1,2017,16/12/17,A,0,1,0.0,0.0,D,10.0,17.0,4.0,7.0,9.0,7.0,18.0,14.0,2.0,2.0,0.0,0.0
Werder Bremen,Mainz,D1,2017,16/12/17,D,2,2,2.0,0.0,H,14.0,9.0,7.0,3.0,8.0,5.0,13.0,22.0,2.0,3.0,0.0,0.0
Hannover,Leverkusen,D1,2017,17/12/17,D,4,4,3.0,2.0,H,18.0,20.0,7.0,10.0,6.0,5.0,9.0,16.0,0.0,1.0,0.0,0.0
RB Leipzig,Hertha,D1,2017,17/12/17,A,2,3,0.0,2.0,A,22.0,7.0,7.0,5.0,6.0,1.0,13.0,11.0,1.0,3.0,0.0,1.0
Leverkusen,Bayern Munich,D1,2017,12/01/18,A,1,3,0.0,1.0,A,12.0,16.0,1.0,6.0,6.0,6.0,11.0,11.0,2.0,2.0,0.0,0.0
Augsburg,Hamburg,D1,2017,13/01/18,H,1,0,1.0,0.0,H,15.0,9.0,5.0,6.0,6.0,4.0,5.0,12.0,1.0,1.0,0.0,0.0
Ein Frankfurt,Freiburg,D1,2017,13/01/18,D,1,1,1.0,0.0,H,15.0,2.0,4.0,1.0,9.0,2.0,14.0,18.0,0.0,0.0,0.0,0.0
Hannover,Mainz,D1,2017,13/01/18,H,3,2,2.0,2.0,D,25.0,11.0,9.0,5.0,8.0,8.0,13.0,16.0,0.0,2.0,0.0,0.0
RB Leipzig,Schalke 04,D1,2017,13/01/18,H,3,1,1.0,0.0,H,15.0,10.0,9.0,6.0,4.0,4.0,16.0,19.0,2.0,2.0,0.0,0.0
Stuttgart,Hertha,D1,2017,13/01/18,H,1,0,0.0,0.0,D,7.0,10.0,2.0,1.0,4.0,4.0,8.0,9.0,1.0,0.0,0.0,0.0
Werder Bremen,Hoffenheim,D1,2017,13/01/18,D,1,1,0.0,1.0,A,16.0,11.0,3.0,2.0,6.0,8.0,14.0,18.0,1.0,3.0,0.0,0.0
Dortmund,Wolfsburg,D1,2017,14/01/18,D,0,0,0.0,0.0,D,19.0,10.0,1.0,4.0,6.0,7.0,10.0,11.0,1.0,1.0,0.0,0.0
FC Koln,M'gladbach,D1,2017,14/01/18,H,2,1,1.0,0.0,H,11.0,16.0,3.0,6.0,3.0,3.0,17.0,14.0,2.0,3.0,0.0,0.0
Hertha,Dortmund,D1,2017,19/01/18,D,1,1,0.0,0.0,D,9.0,11.0,2.0,4.0,3.0,5.0,15.0,11.0,3.0,1.0,0.0,0.0
Freiburg,RB Leipzig,D1,2017,20/01/18,H,2,1,0.0,0.0,D,9.0,12.0,4.0,3.0,6.0,6.0,12.0,12.0,0.0,0.0,0.0,0.0
Hamburg,FC Koln,D1,2017,20/01/18,A,0,2,0.0,1.0,A,13.0,9.0,3.0,2.0,9.0,3.0,21.0,13.0,3.0,3.0,0.0,0.0
Hoffenheim,Leverkusen,D1,2017,20/01/18,A,1,4,0.0,1.0,A,13.0,13.0,3.0,6.0,4.0,1.0,18.0,16.0,2.0,1.0,0.0,0.0
Mainz,Stuttgart,D1,2017,20/01/18,H,3,2,1.0,1.0,D,21.0,8.0,12.0,5.0,7.0,3.0,9.0,8.0,2.0,4.0,0.0,0.0
M'gladbach,Augsburg,D1,2017,20/01/18,H,2,0,1.0,0.0,H,16.0,16.0,6.0,3.0,8.0,5.0,9.0,11.0,0.0,1.0,0.0,0.0
Wolfsburg,Ein Frankfurt,D1,2017,20/01/18,A,1,3,0.0,2.0,A,13.0,18.0,4.0,6.0,4.0,3.0,12.0,19.0,4.0,2.0,1.0,0.0
Bayern Munich,Werder Bremen,D1,2017,21/01/18,H,4,2,1.0,1.0,D,15.0,10.0,7.0,4.0,4.0,7.0,7.0,20.0,0.0,2.0,0.0,0.0
Schalke 04,Hannover,D1,2017,21/01/18,D,1,1,1.0,0.0,H,5.0,11.0,2.0,4.0,1.0,2.0,19.0,13.0,2.0,1.0,0.0,0.0
Ein Frankfurt,M'gladbach,D1,2017,26/01/18,H,2,0,1.0,0.0,H,9.0,14.0,2.0,2.0,4.0,4.0,14.0,14.0,5.0,2.0,0.0,0.0
Bayern Munich,Hoffenheim,D1,2017,27/01/18,H,5,2,2.0,2.0,D,22.0,6.0,11.0,4.0,3.0,4.0,8.0,19.0,0.0,2.0,0.0,0.0
Dortmund,Freiburg,D1,2017,27/01/18,D,2,2,1.0,1.0,D,12.0,4.0,4.0,3.0,5.0,2.0,11.0,12.0,1.0,0.0,0.0,0.0
FC Koln,Augsburg,D1,2017,27/01/18,D,1,1,1.0,0.0,H,12.0,11.0,5.0,3.0,6.0,6.0,12.0,16.0,3.0,3.0,0.0,0.0
RB Leipzig,Hamburg,D1,2017,27/01/18,D,1,1,1.0,1.0,D,14.0,8.0,5.0,2.0,3.0,3.0,14.0,19.0,0.0,2.0,0.0,0.0
Stuttgart,Schalke 04,D1,2017,27/01/18,A,0,2,0.0,2.0,A,11.0,18.0,2.0,7.0,4.0,6.0,15.0,11.0,2.0,1.0,0.0,0.0
Werder Bremen,Hertha,D1,2017,27/01/18,D,0,0,0.0,0.0,D,18.0,5.0,7.0,2.0,2.0,2.0,13.0,20.0,3.0,2.0,0.0,0.0
Hannover,Wolfsburg,D1,2017,28/01/18,A,0,1,0.0,0.0,D,15.0,7.0,3.0,2.0,7.0,0.0,15.0,15.0,2.0,3.0,0.0,0.0
Leverkusen,Mainz,D1,2017,28/01/18,H,2,0,0.0,0.0,D,12.0,4.0,3.0,1.0,13.0,0.0,10.0,14.0,1.0,2.0,0.0,0.0
FC Koln,Dortmund,D1,2017,02/02/18,A,2,3,0.0,1.0,A,16.0,17.0,5.0,7.0,5.0,2.0,13.0,16.0,2.0,1.0,0.0,0.0
Freiburg,Leverkusen,D1,2017,03/02/18,D,0,0,0.0,0.0,D,11.0,15.0,5.0,3.0,2.0,4.0,19.0,11.0,7.0,1.0,0.0,0.0
Hertha,Hoffenheim,D1,2017,03/02/18,D,1,1,0.0,1.0,A,6.0,17.0,3.0,4.0,0.0,5.0,13.0,13.0,0.0,2.0,0.0,0.0
Mainz,Bayern Munich,D1,2017,03/02/18,A,0,2,0.0,2.0,A,16.0,13.0,4.0,6.0,3.0,5.0,10.0,15.0,0.0,3.0,0.0,0.0
M'gladbach,RB Leipzig,D1,2017,03/02/18,A,0,1,0.0,0.0,D,10.0,16.0,3.0,6.0,1.0,7.0,13.0,10.0,2.0,2.0,0.0,0.0
Schalke 04,Werder Bremen,D1,2017,03/02/18,A,1,2,1.0,0.0,H,15.0,12.0,6.0,7.0,3.0,2.0,15.0,16.0,3.0,1.0,1.0,0.0
Wolfsburg,Stuttgart,D1,2017,03/02/18,D,1,1,1.0,0.0,H,15.0,13.0,5.0,2.0,3.0,6.0,12.0,10.0,0.0,2.0,0.0,0.0
Augsburg,Ein Frankfurt,D1,2017,04/02/18,H,3,0,1.0,0.0,H,15.0,8.0,7.0,2.0,1.0,2.0,12.0,11.0,1.0,1.0,0.0,0.0
Hamburg,Hannover,D1,2017,04/02/18,D,1,1,0.0,1.0,A,16.0,14.0,3.0,7.0,8.0,3.0,14.0,18.0,2.0,1.0,1.0,0.0
RB Leipzig,Augsburg,D1,2017,09/02/18,H,2,0,1.0,0.0,H,23.0,12.0,9.0,2.0,6.0,7.0,12.0,17.0,0.0,2.0,0.0,0.0
Bayern Munich,Schalke 04,D1,2017,10/02/18,H,2,1,2.0,1.0,H,13.0,9.0,5.0,3.0,4.0,3.0,15.0,15.0,2.0,2.0,0.0,0.0
Dortmund,Hamburg,D1,2017,10/02/18,H,2,0,0.0,0.0,D,10.0,8.0,3.0,2.0,2.0,4.0,13.0,12.0,0.0,1.0,0.0,0.0
Ein Frankfurt,FC Koln,D1,2017,10/02/18,H,4,2,1.0,0.0,H,13.0,8.0,8.0,4.0,4.0,1.0,19.0,18.0,2.0,1.0,0.0,0.0
Hannover,Freiburg,D1,2017,10/02/18,H,2,1,1.0,0.0,H,13.0,12.0,6.0,4.0,3.0,4.0,13.0,7.0,0.0,2.0,0.0,0.0
Hoffenheim,Mainz,D1,2017,10/02/18,H,4,2,1.0,1.0,D,24.0,6.0,9.0,2.0,5.0,2.0,13.0,19.0,4.0,3.0,0.0,0.0
Leverkusen,Hertha,D1,2017,10/02/18,A,0,2,0.0,1.0,A,15.0,9.0,6.0,4.0,9.0,4.0,18.0,16.0,2.0,2.0,0.0,0.0
Stuttgart,M'gladbach,D1,2017,11/02/18,H,1,0,1.0,0.0,H,7.0,12.0,2.0,4.0,1.0,8.0,11.0,11.0,1.0,0.0,0.0,0.0
Werder Bremen,Wolfsburg,D1,2017,11/02/18,H,3,1,2.0,0.0,H,12.0,13.0,5.0,5.0,6.0,8.0,16.0,11.0,1.0,5.0,0.0,0.0
Hertha,Mainz,D1,2017,16/02/18,A,0,2,0.0,1.0,A,9.0,13.0,1.0,7.0,6.0,4.0,15.0,16.0,0.0,3.0,0.0,0.0
FC Koln,Hannover,D1,2017,17/02/18,D,1,1,1.0,1.0,D,5.0,15.0,1.0,7.0,5.0,4.0,15.0,18.0,2.0,3.0,0.0,0.0
Freiburg,Werder Bremen,D1,2017,17/02/18,H,1,0,1.0,0.0,H,7.0,9.0,3.0,3.0,0.0,5.0,13.0,16.0,2.0,2.0,0.0,0.0
Hamburg,Leverkusen,D1,2017,17/02/18,A,1,2,0.0,1.0,A,11.0,16.0,3.0,5.0,4.0,3.0,15.0,9.0,2.0,2.0,0.0,0.0
Schalke 04,Hoffenheim,D1,2017,17/02/18,H,2,1,2.0,0.0,H,9.0,12.0,6.0,4.0,4.0,3.0,18.0,18.0,2.0,6.0,0.0,0.0
Wolfsburg,Bayern Munich,D1,2017,17/02/18,A,1,2,1.0,0.0,H,3.0,18.0,1.0,5.0,4.0,8.0,14.0,15.0,4.0,3.0,0.0,0.0
Augsburg,Stuttgart,D1,2017,18/02/18,A,0,1,0.0,1.0,A,8.0,16.0,2.0,6.0,4.0,7.0,16.0,16.0,4.0,1.0,0.0,0.0
M'gladbach,Dortmund,D1,2017,18/02/18,A,0,1,0.0,1.0,A,28.0,8.0,11.0,2.0,6.0,5.0,15.0,16.0,3.0,3.0,0.0,0.0
Ein Frankfurt,RB Leipzig,D1,2017,19/02/18,H,2,1,2.0,1.0,H,12.0,10.0,3.0,2.0,7.0,5.0,18.0,13.0,6.0,2.0,0.0,0.0
Mainz,Wolfsburg,D1,2017,23/02/18,D,1,1,1.0,1.0,D,13.0,8.0,4.0,2.0,2.0,3.0,12.0,13.0,0.0,0.0,0.0,0.0
Bayern Munich,Hertha,D1,2017,24/02/18,D,0,0,0.0,0.0,D,19.0,5.0,6.0,3.0,9.0,2.0,11.0,12.0,0.0,0.0,0.0,0.0
Hannover,M'gladbach,D1,2017,24/02/18,A,0,1,0.0,0.0,D,20.0,15.0,5.0,4.0,10.0,6.0,14.0,11.0,2.0,1.0,0.0,0.0
Hoffenheim,Freiburg,D1,2017,24/02/18,D,1,1,0.0,0.0,D,12.0,7.0,4.0,3.0,4.0,2.0,12.0,19.0,1.0,1.0,0.0,0.0
Stuttgart,Ein Frankfurt,D1,2017,24/02/18,H,1,0,1.0,0.0,H,13.0,7.0,5.0,0.0,4.0,3.0,16.0,15.0,2.0,2.0,0.0,0.0
Werder Bremen,Hamburg,D1,2017,24/02/18,H,1,0,0.0,0.0,D,14.0,6.0,3.0,1.0,11.0,2.0,16.0,15.0,1.0,1.0,0.0,0.0
Leverkusen,Schalke 04,D1,2017,25/02/18,A,0,2,0.0,1.0,A,9.0,10.0,5.0,6.0,7.0,3.0,15.0,18.0,4.0,4.0,1.0,0.0
RB Leipzig,FC Koln,D1,2017,25/02/18,A,1,2,1.0,0.0,H,15.0,14.0,3.0,5.0,3.0,7.0,12.0,10.0,1.0,1.0,0.0,0.0
Dortmund,Augsburg,D1,2017,26/02/18,D,1,1,1.0,0.0,H,9.0,13.0,2.0,6.0,3.0,3.0,8.0,15.0,0.0,3.0,0.0,0.0
M'gladbach,Werder Bremen,D1,2017,02/03/18,D,2,2,2.0,0.0,H,10.0,17.0,5.0,6.0,5.0,6.0,13.0,20.0,2.0,3.0,0.0,0.0
Augsburg,Hoffenheim,D1,2017,03/03/18,A,0,2,0.0,1.0,A,8.0,17.0,2.0,6.0,8.0,5.0,11.0,18.0,0.0,2.0,0.0,0.0
Ein Frankfurt,Hannover,D1,2017,03/03/18,H,1,0,1.0,0.0,H,13.0,7.0,7.0,2.0,5.0,1.0,21.0,16.0,3.0,2.0,0.0,0.0
Hamburg,Mainz,D1,2017,03/03/18,D,0,0,0.0,0.0,D,18.0,5.0,6.0,2.0,11.0,1.0,15.0,14.0,4.0,5.0,0.0,1.0
RB Leipzig,Dortmund,D1,2017,03/03/18,D,1,1,1.0,1.0,D,11.0,4.0,3.0,2.0,2.0,3.0,15.0,12.0,0.0,4.0,0.0,0.0
Schalke 04,Hertha,D1,2017,03/03/18,H,1,0,1.0,0.0,H,7.0,11.0,4.0,3.0,2.0,6.0,16.0,16.0,0.0,1.0,0.0,0.0
Wolfsburg,Leverkusen,D1,2017,03/03/18,A,1,2,0.0,1.0,A,7.0,17.0,2.0,4.0,3.0,2.0,28.0,9.0,7.0,1.0,1.0,0.0
FC Koln,Stuttgart,D1,2017,04/03/18,A,2,3,1.0,2.0,A,12.0,9.0,4.0,4.0,3.0,3.0,13.0,13.0,1.0,3.0,0.0,0.0
Freiburg,Bayern Munich,D1,2017,04/03/18,A,0,4,0.0,2.0,A,5.0,17.0,1.0,4.0,4.0,5.0,8.0,8.0,1.0,0.0,0.0,0.0
Mainz,Schalke 04,D1,2017,09/03/18,A,0,1,0.0,0.0,D,16.0,6.0,4.0,2.0,5.0,6.0,12.0,17.0,2.0,2.0,0.0,0.0
Bayern Munich,Hamburg,D1,2017,10/03/18,H,6,0,3.0,0.0,H,18.0,1.0,7.0,0.0,11.0,1.0,4.0,9.0,1.0,2.0,0.0,0.0
Hannover,Augsburg,D1,2017,10/03/18,A,1,3,1.0,2.0,A,17.0,17.0,5.0,8.0,3.0,6.0,13.0,16.0,2.0,2.0,0.0,0.0
Hertha,Freiburg,D1,2017,10/03/18,D,0,0,0.0,0.0,D,12.0,5.0,4.0,0.0,5.0,4.0,7.0,14.0,1.0,0.0,0.0,0.0
Hoffenheim,Wolfsburg,D1,2017,10/03/18,H,3,0,1.0,0.0,H,17.0,6.0,6.0,1.0,11.0,4.0,7.0,7.0,1.0,1.0,0.0,0.0
Leverkusen,M'gladbach,D1,2017,10/03/18,H,2,0,1.0,0.0,H,17.0,9.0,7.0,2.0,3.0,5.0,12.0,15.0,0.0,3.0,0.0,0.0
Dortmund,Ein Frankfurt,D1,2017,11/03/18,H,3,2,1.0,0.0,H,13.0,10.0,4.0,3.0,5.0,8.0,17.0,10.0,3.0,3.0,0.0,0.0
Stuttgart,RB Leipzig,D1,2017,11/03/18,D,0,0,0.0,0.0,D,12.0,8.0,2.0,3.0,3.0,5.0,16.0,12.0,0.0,2.0,0.0,0.0
Werder Bremen,FC Koln,D1,2017,12/03/18,H,3,1,1.0,0.0,H,13.0,8.0,6.0,2.0,7.0,3.0,14.0,12.0,0.0,3.0,0.0,0.0
Freiburg,Stuttgart,D1,2017,16/03/18,A,1,2,0.0,1.0,A,7.0,10.0,2.0,5.0,1.0,3.0,10.0,9.0,2.0,1.0,0.0,0.0
Augsburg,Werder Bremen,D1,2017,17/03/18,A,1,3,0.0,2.0,A,15.0,20.0,6.0,12.0,8.0,7.0,13.0,15.0,2.0,1.0,0.0,0.0
Ein Frankfurt,Mainz,D1,2017,17/03/18,H,3,0,3.0,0.0,H,15.0,13.0,6.0,1.0,4.0,6.0,9.0,9.0,0.0,1.0,0.0,0.0
Hamburg,Hertha,D1,2017,17/03/18,A,1,2,1.0,0.0,H,9.0,16.0,3.0,9.0,1.0,6.0,12.0,14.0,1.0,3.0,0.0,0.0
M'gladbach,Hoffenheim,D1,2017,17/03/18,D,3,3,1.0,1.0,D,23.0,13.0,7.0,6.0,9.0,3.0,11.0,15.0,0.0,1.0,0.0,0.0
Wolfsburg,Schalke 04,D1,2017,17/03/18,A,0,1,0.0,0.0,D,17.0,10.0,3.0,2.0,5.0,2.0,12.0,18.0,0.0,1.0,0.0,0.0
Dortmund,Hannover,D1,2017,18/03/18,H,1,0,1.0,0.0,H,25.0,8.0,9.0,4.0,12.0,2.0,14.0,10.0,2.0,1.0,0.0,0.0
FC Koln,Leverkusen,D1,2017,18/03/18,H,2,0,1.0,0.0,H,7.0,10.0,3.0,3.0,2.0,2.0,15.0,7.0,3.0,1.0,0.0,1.0
RB Leipzig,Bayern Munich,D1,2017,18/03/18,H,2,1,1.0,1.0,D,16.0,9.0,6.0,2.0,3.0,6.0,16.0,14.0,3.0,4.0,0.0,0.0
Bayern Munich,Dortmund,D1,2017,31/03/18,H,6,0,5.0,0.0,H,17.0,9.0,9.0,3.0,2.0,1.0,4.0,7.0,1.0,1.0,0.0,0.0
Hannover,RB Leipzig,D1,2017,31/03/18,A,2,3,0.0,1.0,A,13.0,15.0,3.0,5.0,6.0,3.0,16.0,16.0,3.0,4.0,0.0,0.0
Hertha,Wolfsburg,D1,2017,31/03/18,D,0,0,0.0,0.0,D,9.0,9.0,2.0,1.0,4.0,5.0,15.0,12.0,1.0,3.0,0.0,1.0
Hoffenheim,FC Koln,D1,2017,31/03/18,H,6,0,1.0,0.0,H,18.0,4.0,11.0,1.0,4.0,8.0,13.0,10.0,1.0,0.0,0.0,0.0
Leverkusen,Augsburg,D1,2017,31/03/18,D,0,0,0.0,0.0,D,18.0,7.0,2.0,2.0,5.0,1.0,4.0,10.0,0.0,2.0,0.0,0.0
Schalke 04,Freiburg,D1,2017,31/03/18,H,2,0,0.0,0.0,D,16.0,6.0,7.0,0.0,2.0,2.0,19.0,16.0,2.0,2.0,0.0,1.0
Stuttgart,Hamburg,D1,2017,31/03/18,D,1,1,1.0,1.0,D,11.0,8.0,4.0,6.0,3.0,7.0,15.0,12.0,1.0,1.0,0.0,0.0
Mainz,M'gladbach,D1,2017,01/04/18,D,0,0,0.0,0.0,D,14.0,11.0,5.0,2.0,7.0,6.0,14.0,8.0,0.0,1.0,0.0,0.0
Werder Bremen,Ein Frankfurt,D1,2017,01/04/18,H,2,1,1.0,0.0,H,11.0,11.0,6.0,6.0,6.0,3.0,16.0,9.0,2.0,0.0,0.0,0.0
Hannover,Werder Bremen,D1,2017,06/04/18,H,2,1,2.0,0.0,H,10.0,14.0,6.0,4.0,4.0,2.0,16.0,20.0,1.0,2.0,0.0,0.0
Augsburg,Bayern Munich,D1,2017,07/04/18,A,1,4,1.0,2.0,A,7.0,12.0,1.0,7.0,1.0,6.0,19.0,8.0,3.0,1.0,0.0,0.0
FC Koln,Mainz,D1,2017,07/04/18,D,1,1,1.0,0.0,H,15.0,12.0,8.0,4.0,8.0,3.0,13.0,19.0,4.0,5.0,0.0,1.0
Freiburg,Wolfsburg,D1,2017,07/04/18,A,0,2,0.0,1.0,A,13.0,11.0,1.0,2.0,9.0,3.0,16.0,14.0,0.0,1.0,0.0,0.0
Hamburg,Schalke 04,D1,2017,07/04/18,H,3,2,1.0,1.0,D,18.0,7.0,7.0,4.0,8.0,1.0,16.0,15.0,2.0,2.0,0.0,0.0
M'gladbach,Hertha,D1,2017,07/04/18,H,2,1,0.0,1.0,A,10.0,13.0,3.0,6.0,4.0,5.0,13.0,20.0,1.0,2.0,0.0,0.0
Dortmund,Stuttgart,D1,2017,08/04/18,H,3,0,1.0,0.0,H,18.0,12.0,12.0,6.0,5.0,7.0,12.0,15.0,1.0,4.0,0.0,0.0
Ein Frankfurt,Hoffenheim,D1,2017,08/04/18,D,1,1,0.0,0.0,D,15.0,10.0,5.0,3.0,8.0,3.0,13.0,8.0,0.0,2.0,0.0,0.0
RB Leipzig,Leverkusen,D1,2017,09/04/18,A,1,4,1.0,1.0,D,19.0,13.0,4.0,7.0,8.0,9.0,8.0,7.0,0.0,0.0,0.0,0.0
Wolfsburg,Augsburg,D1,2017,13/04/18,D,0,0,0.0,0.0,D,17.0,9.0,4.0,2.0,7.0,5.0,18.0,17.0,2.0,4.0,1.0,1.0
Bayern Munich,M'gladbach,D1,2017,14/04/18,H,5,1,2.0,1.0,H,20.0,4.0,11.0,1.0,6.0,0.0,9.0,9.0,2.0,1.0,0.0,0.0
Hertha,FC Koln,D1,2017,14/04/18,H,2,1,0.0,1.0,A,13.0,13.0,6.0,2.0,6.0,8.0,13.0,11.0,1.0,3.0,0.0,0.0
Hoffenheim,Hamburg,D1,2017,14/04/18,H,2,0,2.0,0.0,H,21.0,13.0,6.0,5.0,7.0,8.0,8.0,10.0,1.0,2.0,0.0,0.0
Leverkusen,Ein Frankfurt,D1,2017,14/04/18,H,4,1,1.0,1.0,D,11.0,7.0,6.0,1.0,2.0,2.0,15.0,8.0,3.0,4.0,0.0,0.0
Stuttgart,Hannover,D1,2017,14/04/18,D,1,1,0.0,0.0,D,12.0,9.0,5.0,3.0,10.0,4.0,12.0,11.0,1.0,2.0,0.0,0.0
Schalke 04,Dortmund,D1,2017,15/04/18,H,2,0,0.0,0.0,D,12.0,12.0,3.0,5.0,4.0,6.0,8.0,9.0,1.0,1.0,0.0,0.0
Werder Bremen,RB Leipzig,D1,2017,15/04/18,D,1,1,1.0,0.0,H,16.0,10.0,6.0,4.0,5.0,2.0,17.0,13.0,2.0,1.0,0.0,0.0
Mainz,Freiburg,D1,2017,16/04/18,H,2,0,1.0,0.0,H,14.0,11.0,3.0,0.0,4.0,4.0,16.0,10.0,1.0,2.0,0.0,0.0
M'gladbach,Wolfsburg,D1,2017,20/04/18,H,3,0,3.0,0.0,H,16.0,7.0,6.0,2.0,8.0,5.0,18.0,16.0,0.0,2.0,0.0,0.0
Dortmund,Leverkusen,D1,2017,21/04/18,H,4,0,1.0,0.0,H,17.0,10.0,9.0,2.0,7.0,6.0,11.0,14.0,0.0,0.0,0.0,0.0
Ein Frankfurt,Hertha,D1,2017,21/04/18,A,0,3,0.0,0.0,D,13.0,4.0,3.0,3.0,5.0,0.0,9.0,16.0,1.0,1.0,1.0,0.0
Hamburg,Freiburg,D1,2017,21/04/18,H,1,0,0.0,0.0,D,11.0,11.0,5.0,4.0,10.0,4.0,12.0,15.0,3.0,3.0,0.0,1.0
Hannover,Bayern Munich,D1,2017,21/04/18,A,0,3,0.0,0.0,D,6.0,14.0,2.0,8.0,2.0,7.0,11.0,19.0,1.0,0.0,0.0,0.0
RB Leipzig,Hoffenheim,D1,2017,21/04/18,A,2,5,0.0,3.0,A,14.0,12.0,8.0,7.0,8.0,4.0,7.0,20.0,0.0,2.0,1.0,0.0
Stuttgart,Werder Bremen,D1,2017,21/04/18,H,2,0,1.0,0.0,H,11.0,9.0,5.0,3.0,3.0,5.0,8.0,18.0,1.0,2.0,0.0,0.0
Augsburg,Mainz,D1,2017,22/04/18,H,2,0,1.0,0.0,H,15.0,7.0,6.0,3.0,4.0,5.0,16.0,18.0,4.0,1.0,0.0,0.0
FC Koln,Schalke 04,D1,2017,22/04/18,D,2,2,1.0,2.0,A,11.0,21.0,3.0,7.0,5.0,7.0,9.0,22.0,0.0,0.0,0.0,0.0
Hoffenheim,Hannover,D1,2017,27/04/18,H,3,1,1.0,1.0,D,16.0,13.0,6.0,4.0,7.0,4.0,21.0,11.0,3.0,1.0,0.0,0.0
Bayern Munich,Ein Frankfurt,D1,2017,28/04/18,H,4,1,1.0,0.0,H,12.0,12.0,6.0,3.0,1.0,2.0,6.0,9.0,0.0,0.0,0.0,0.0
Freiburg,FC Koln,D1,2017,28/04/18,H,3,2,1.0,0.0,H,12.0,13.0,6.0,3.0,2.0,5.0,16.0,13.0,2.0,4.0,0.0,0.0
Hertha,Augsburg,D1,2017,28/04/18,D,2,2,0.0,1.0,A,8.0,12.0,5.0,3.0,6.0,3.0,9.0,14.0,0.0,2.0,0.0,1.0
Leverkusen,Stuttgart,D1,2017,28/04/18,A,0,1,0.0,0.0,D,24.0,4.0,7.0,1.0,6.0,2.0,13.0,12.0,2.0,0.0,0.0,0.0
Schalke 04,M'gladbach,D1,2017,28/04/18,D,1,1,1.0,1.0,D,10.0,10.0,4.0,4.0,1.0,1.0,11.0,11.0,2.0,4.0,1.0,0.0
Wolfsburg,Hamburg,D1,2017,28/04/18,A,1,3,0.0,2.0,A,10.0,14.0,1.0,5.0,2.0,6.0,14.0,17.0,3.0,2.0,0.0,0.0
Mainz,RB Leipzig,D1,2017,29/04/18,H,3,0,1.0,0.0,H,16.0,6.0,9.0,1.0,7.0,8.0,24.0,9.0,2.0,4.0,0.0,1.0
Werder Bremen,Dortmund,D1,2017,29/04/18,D,1,1,1.0,1.0,D,19.0,17.0,6.0,6.0,7.0,5.0,8.0,9.0,1.0,2.0,0.0,0.0
Augsburg,Schalke 04,D1,2017,05/05/18,A,1,2,1.0,2.0,A,12.0,15.0,5.0,7.0,4.0,4.0,13.0,9.0,2.0,3.0,0.0,0.0
Dortmund,Mainz,D1,2017,05/05/18,A,1,2,1.0,2.0,A,12.0,7.0,4.0,5.0,4.0,2.0,16.0,17.0,3.0,3.0,0.0,0.0
Ein Frankfurt,Hamburg,D1,2017,05/05/18,H,3,0,1.0,0.0,H,14.0,14.0,10.0,4.0,3.0,7.0,14.0,5.0,2.0,0.0,0.0,0.0
FC Koln,Bayern Munich,D1,2017,05/05/18,A,1,3,1.0,0.0,H,10.0,16.0,3.0,9.0,4.0,7.0,11.0,8.0,1.0,0.0,0.0,0.0
Hannover,Hertha,D1,2017,05/05/18,H,3,1,3.0,0.0,H,11.0,16.0,5.0,2.0,4.0,6.0,11.0,15.0,2.0,4.0,0.0,0.0
M'gladbach,Freiburg,D1,2017,05/05/18,H,3,1,1.0,0.0,H,18.0,18.0,5.0,6.0,7.0,3.0,6.0,8.0,0.0,3.0,0.0,0.0
RB Leipzig,Wolfsburg,D1,2017,05/05/18,H,4,1,2.0,0.0,H,13.0,10.0,7.0,5.0,2.0,5.0,11.0,10.0,0.0,1.0,0.0,0.0
Stuttgart,Hoffenheim,D1,2017,05/05/18,H,2,0,1.0,0.0,H,5.0,21.0,2.0,7.0,1.0,9.0,15.0,10.0,6.0,1.0,1.0,0.0
Werder Bremen,Leverkusen,D1,2017,05/05/18,D,0,0,0.0,0.0,D,3.0,9.0,0.0,1.0,3.0,1.0,14.0,18.0,3.0,5.0,0.0,0.0
Bayern Munich,Stuttgart,D1,2017,12/05/18,A,1,4,1.0,2.0,A,18.0,7.0,8.0,7.0,10.0,0.0,10.0,8.0,1.0,0.0,0.0,0.0
Freiburg,Augsburg,D1,2017,12/05/18,H,2,0,0.0,0.0,D,12.0,5.0,3.0,2.0,5.0,4.0,13.0,17.0,1.0,2.0,0.0,0.0
Hamburg,M'gladbach,D1,2017,12/05/18,H,2,1,1.0,1.0,D,17.0,8.0,8.0,3.0,8.0,3.0,10.0,7.0,3.0,1.0,1.0,0.0
Hertha,RB Leipzig,D1,2017,12/05/18,A,2,6,1.0,3.0,A,8.0,17.0,4.0,10.0,3.0,6.0,12.0,11.0,1.0,1.0,0.0,0.0
Hoffenheim,Dortmund,D1,2017,12/05/18,H,3,1,1.0,0.0,H,12.0,10.0,8.0,4.0,2.0,3.0,4.0,7.0,0.0,0.0,0.0,0.0
Leverkusen,Hannover,D1,2017,12/05/18,H,3,2,2.0,0.0,H,27.0,11.0,8.0,4.0,5.0,2.0,9.0,11.0,2.0,2.0,0.0,0.0
Mainz,Werder Bremen,D1,2017,12/05/18,A,1,2,1.0,1.0,D,13.0,14.0,1.0,3.0,3.0,7.0,10.0,6.0,0.0,1.0,0.0,0.0
Schalke 04,Ein Frankfurt,D1,2017,12/05/18,H,1,0,1.0,0.0,H,11.0,6.0,5.0,2.0,4.0,3.0,10.0,12.0,0.0,2.0,0.0,0.0
Wolfsburg,FC Koln,D1,2017,12/05/18,H,4,1,1.0,1.0,D,16.0,6.0,8.0,1.0,5.0,10.0,12.0,17.0,2.0,3.0,0.0,0.0
Bayern Munich,Hoffenheim,D1,2018,24/08/2018,H,3,1,1.0,0.0,H,16.0,8.0,5.0,5.0,7.0,2.0,2.0,21.0,1.0,4.0,0.0,0.0
Fortuna Dusseldorf,Augsburg,D1,2018,25/08/2018,A,1,2,1.0,0.0,H,9.0,14.0,5.0,7.0,7.0,5.0,11.0,10.0,1.0,0.0,0.0,0.0
Freiburg,Ein Frankfurt,D1,2018,25/08/2018,A,0,2,0.0,1.0,A,22.0,10.0,6.0,2.0,6.0,4.0,7.0,12.0,1.0,2.0,0.0,0.0
Hertha,Nurnberg,D1,2018,25/08/2018,H,1,0,1.0,0.0,H,10.0,12.0,3.0,3.0,8.0,4.0,13.0,10.0,2.0,2.0,0.0,0.0
M'gladbach,Leverkusen,D1,2018,25/08/2018,H,2,0,0.0,0.0,D,17.0,13.0,7.0,3.0,9.0,5.0,10.0,10.0,1.0,2.0,0.0,0.0
Werder Bremen,Hannover,D1,2018,25/08/2018,D,1,1,0.0,0.0,D,15.0,13.0,3.0,4.0,4.0,3.0,5.0,6.0,0.0,0.0,0.0,0.0
Wolfsburg,Schalke 04,D1,2018,25/08/2018,H,2,1,1.0,0.0,H,11.0,9.0,7.0,4.0,7.0,2.0,16.0,11.0,5.0,3.0,0.0,1.0
Dortmund,RB Leipzig,D1,2018,26/08/2018,H,4,1,3.0,1.0,H,10.0,10.0,5.0,7.0,7.0,9.0,8.0,11.0,2.0,2.0,0.0,0.0
Mainz,Stuttgart,D1,2018,26/08/2018,H,1,0,0.0,0.0,D,8.0,12.0,3.0,3.0,6.0,3.0,15.0,6.0,1.0,2.0,0.0,0.0
Hannover,Dortmund,D1,2018,31/08/2018,D,0,0,0.0,0.0,D,7.0,8.0,0.0,3.0,4.0,1.0,11.0,5.0,0.0,0.0,0.0,0.0
Augsburg,M'gladbach,D1,2018,01/09/2018,D,1,1,1.0,0.0,H,18.0,7.0,7.0,2.0,9.0,4.0,12.0,12.0,1.0,2.0,0.0,0.0
Ein Frankfurt,Werder Bremen,D1,2018,01/09/2018,A,1,2,0.0,1.0,A,5.0,11.0,1.0,6.0,8.0,3.0,6.0,11.0,1.0,2.0,1.0,0.0
Hoffenheim,Freiburg,D1,2018,01/09/2018,H,3,1,0.0,1.0,A,20.0,9.0,7.0,4.0,6.0,4.0,13.0,14.0,1.0,2.0,0.0,0.0
Leverkusen,Wolfsburg,D1,2018,01/09/2018,A,1,3,1.0,1.0,D,16.0,12.0,3.0,5.0,5.0,3.0,13.0,13.0,3.0,3.0,0.0,0.0
Nurnberg,Mainz,D1,2018,01/09/2018,D,1,1,0.0,1.0,A,19.0,6.0,4.0,1.0,5.0,1.0,10.0,11.0,2.0,2.0,0.0,0.0
Stuttgart,Bayern Munich,D1,2018,01/09/2018,A,0,3,0.0,1.0,A,4.0,20.0,0.0,6.0,0.0,12.0,3.0,5.0,0.0,0.0,0.0,0.0
RB Leipzig,Fortuna Dusseldorf,D1,2018,02/09/2018,D,1,1,0.0,0.0,D,23.0,14.0,7.0,8.0,3.0,3.0,11.0,15.0,1.0,4.0,0.0,0.0
Schalke 04,Hertha,D1,2018,02/09/2018,A,0,2,0.0,1.0,A,16.0,5.0,4.0,3.0,9.0,0.0,16.0,15.0,1.0,1.0,1.0,0.0
Dortmund,Ein Frankfurt,D1,2018,14/09/2018,H,3,1,1.0,0.0,H,10.0,5.0,6.0,2.0,7.0,1.0,11.0,11.0,0.0,1.0,0.0,0.0
Bayern Munich,Leverkusen,D1,2018,15/09/2018,H,3,1,2.0,1.0,H,18.0,3.0,5.0,1.0,9.0,1.0,4.0,12.0,0.0,1.0,0.0,1.0
Fortuna Dusseldorf,Hoffenheim,D1,2018,15/09/2018,H,2,1,1.0,0.0,H,8.0,18.0,4.0,5.0,0.0,9.0,10.0,19.0,1.0,2.0,0.0,0.0
Mainz,Augsburg,D1,2018,15/09/2018,H,2,1,0.0,0.0,D,22.0,13.0,7.0,4.0,5.0,4.0,9.0,16.0,1.0,2.0,0.0,0.0
M'gladbach,Schalke 04,D1,2018,15/09/2018,H,2,1,1.0,0.0,H,15.0,15.0,4.0,6.0,6.0,6.0,5.0,12.0,0.0,4.0,0.0,0.0
RB Leipzig,Hannover,D1,2018,15/09/2018,H,3,2,2.0,1.0,H,15.0,16.0,6.0,8.0,4.0,12.0,12.0,12.0,4.0,4.0,0.0,0.0
Wolfsburg,Hertha,D1,2018,15/09/2018,D,2,2,0.0,0.0,D,15.0,9.0,6.0,5.0,7.0,2.0,10.0,13.0,1.0,2.0,0.0,0.0
Freiburg,Stuttgart,D1,2018,16/09/2018,D,3,3,1.0,1.0,D,12.0,11.0,5.0,6.0,5.0,8.0,13.0,11.0,3.0,4.0,1.0,0.0
Werder Bremen,Nurnberg,D1,2018,16/09/2018,D,1,1,1.0,0.0,H,14.0,11.0,2.0,2.0,4.0,7.0,17.0,5.0,2.0,0.0,0.0,0.0
Stuttgart,Fortuna Dusseldorf,D1,2018,21/09/2018,D,0,0,0.0,0.0,D,10.0,19.0,1.0,7.0,2.0,9.0,8.0,19.0,0.0,2.0,0.0,0.0
Augsburg,Werder Bremen,D1,2018,22/09/2018,A,2,3,1.0,2.0,A,21.0,12.0,7.0,7.0,7.0,4.0,10.0,11.0,2.0,2.0,0.0,0.0
Hertha,M'gladbach,D1,2018,22/09/2018,H,4,2,2.0,1.0,H,16.0,17.0,7.0,4.0,8.0,7.0,9.0,13.0,2.0,2.0,0.0,0.0
Hoffenheim,Dortmund,D1,2018,22/09/2018,D,1,1,1.0,0.0,H,17.0,8.0,5.0,2.0,4.0,4.0,12.0,10.0,2.0,1.0,0.0,1.0
Nurnberg,Hannover,D1,2018,22/09/2018,H,2,0,0.0,0.0,D,14.0,9.0,6.0,3.0,9.0,3.0,16.0,7.0,3.0,1.0,0.0,1.0
Schalke 04,Bayern Munich,D1,2018,22/09/2018,A,0,2,0.0,1.0,A,10.0,14.0,2.0,7.0,0.0,8.0,12.0,11.0,2.0,1.0,0.0,0.0
Wolfsburg,Freiburg,D1,2018,22/09/2018,A,1,3,0.0,2.0,A,17.0,12.0,9.0,8.0,7.0,7.0,12.0,17.0,0.0,3.0,0.0,0.0
Ein Frankfurt,RB Leipzig,D1,2018,23/09/2018,D,1,1,1.0,0.0,H,8.0,9.0,5.0,2.0,4.0,2.0,14.0,8.0,1.0,1.0,0.0,0.0
Leverkusen,Mainz,D1,2018,23/09/2018,H,1,0,0.0,0.0,D,18.0,12.0,5.0,5.0,7.0,4.0,12.0,13.0,2.0,2.0,0.0,0.0
Bayern Munich,Augsburg,D1,2018,25/09/2018,D,1,1,0.0,0.0,D,16.0,12.0,8.0,4.0,8.0,4.0,6.0,15.0,3.0,2.0,0.0,0.0
Freiburg,Schalke 04,D1,2018,25/09/2018,H,1,0,0.0,0.0,D,15.0,15.0,4.0,3.0,3.0,3.0,12.0,11.0,2.0,4.0,0.0,0.0
Hannover,Hoffenheim,D1,2018,25/09/2018,A,1,3,0.0,1.0,A,17.0,17.0,8.0,9.0,8.0,5.0,12.0,13.0,2.0,2.0,0.0,0.0
Werder Bremen,Hertha,D1,2018,25/09/2018,H,3,1,2.0,0.0,H,14.0,12.0,6.0,2.0,2.0,3.0,13.0,9.0,1.0,3.0,0.0,0.0
Dortmund,Nurnberg,D1,2018,26/09/2018,H,7,0,2.0,0.0,H,19.0,4.0,10.0,1.0,4.0,5.0,6.0,10.0,0.0,2.0,0.0,0.0
Fortuna Dusseldorf,Leverkusen,D1,2018,26/09/2018,A,1,2,0.0,0.0,D,16.0,6.0,4.0,3.0,7.0,5.0,6.0,12.0,2.0,2.0,0.0,0.0
Mainz,Wolfsburg,D1,2018,26/09/2018,D,0,0,0.0,0.0,D,11.0,12.0,2.0,4.0,5.0,11.0,13.0,15.0,1.0,2.0,0.0,0.0
M'gladbach,Ein Frankfurt,D1,2018,26/09/2018,H,3,1,0.0,0.0,D,21.0,12.0,9.0,2.0,9.0,6.0,7.0,11.0,0.0,0.0,0.0,0.0
RB Leipzig,Stuttgart,D1,2018,26/09/2018,H,2,0,1.0,0.0,H,18.0,9.0,8.0,0.0,4.0,2.0,11.0,8.0,2.0,3.0,0.0,0.0
Hertha,Bayern Munich,D1,2018,28/09/2018,H,2,0,2.0,0.0,H,6.0,25.0,4.0,5.0,1.0,14.0,14.0,10.0,3.0,1.0,0.0,0.0
Hoffenheim,RB Leipzig,D1,2018,29/09/2018,A,1,2,0.0,0.0,D,13.0,18.0,6.0,7.0,4.0,8.0,4.0,14.0,1.0,3.0,0.0,0.0
Leverkusen,Dortmund,D1,2018,29/09/2018,A,2,4,2.0,0.0,H,14.0,16.0,6.0,10.0,6.0,8.0,11.0,12.0,1.0,1.0,0.0,0.0
Nurnberg,Fortuna Dusseldorf,D1,2018,29/09/2018,H,3,0,1.0,0.0,H,10.0,13.0,6.0,4.0,4.0,4.0,10.0,9.0,0.0,2.0,0.0,0.0
Schalke 04,Mainz,D1,2018,29/09/2018,H,1,0,1.0,0.0,H,15.0,15.0,2.0,5.0,4.0,5.0,22.0,21.0,2.0,2.0,0.0,0.0
Stuttgart,Werder Bremen,D1,2018,29/09/2018,H,2,1,1.0,0.0,H,18.0,14.0,5.0,3.0,6.0,8.0,15.0,14.0,3.0,4.0,0.0,1.0
Wolfsburg,M'gladbach,D1,2018,29/09/2018,D,2,2,1.0,1.0,D,13.0,10.0,3.0,3.0,6.0,3.0,6.0,14.0,2.0,2.0,0.0,0.0
Augsburg,Freiburg,D1,2018,30/09/2018,H,4,1,2.0,0.0,H,21.0,13.0,10.0,6.0,5.0,3.0,12.0,8.0,0.0,1.0,0.0,0.0
Ein Frankfurt,Hannover,D1,2018,30/09/2018,H,4,1,2.0,0.0,H,15.0,4.0,7.0,1.0,3.0,4.0,16.0,11.0,1.0,2.0,0.0,0.0
Werder Bremen,Wolfsburg,D1,2018,05/10/2018,H,2,0,1.0,0.0,H,15.0,10.0,5.0,4.0,7.0,5.0,12.0,13.0,1.0,2.0,0.0,0.0
Bayern Munich,M'gladbach,D1,2018,06/10/2018,A,0,3,0.0,2.0,A,14.0,7.0,3.0,3.0,1.0,3.0,7.0,4.0,2.0,2.0,0.0,0.0
Dortmund,Augsburg,D1,2018,06/10/2018,H,4,3,0.0,1.0,A,20.0,12.0,8.0,6.0,9.0,6.0,5.0,29.0,1.0,7.0,0.0,0.0
Fortuna Dusseldorf,Schalke 04,D1,2018,06/10/2018,A,0,2,0.0,0.0,D,9.0,15.0,3.0,5.0,4.0,6.0,17.0,15.0,3.0,1.0,0.0,0.0
Hannover,Stuttgart,D1,2018,06/10/2018,H,3,1,2.0,0.0,H,15.0,11.0,6.0,5.0,5.0,7.0,16.0,11.0,1.0,2.0,0.0,0.0
Mainz,Hertha,D1,2018,06/10/2018,D,0,0,0.0,0.0,D,23.0,11.0,3.0,1.0,5.0,6.0,12.0,9.0,0.0,2.0,0.0,0.0
Freiburg,Leverkusen,D1,2018,07/10/2018,D,0,0,0.0,0.0,D,7.0,14.0,1.0,0.0,3.0,4.0,11.0,12.0,3.0,1.0,0.0,0.0
Hoffenheim,Ein Frankfurt,D1,2018,07/10/2018,A,1,2,0.0,1.0,A,20.0,6.0,4.0,4.0,6.0,0.0,15.0,16.0,2.0,4.0,0.0,1.0
RB Leipzig,Nurnberg,D1,2018,07/10/2018,H,6,0,4.0,0.0,H,18.0,3.0,8.0,0.0,6.0,1.0,11.0,12.0,0.0,1.0,0.0,1.0
Ein Frankfurt,Fortuna Dusseldorf,D1,2018,19/10/2018,H,7,1,3.0,0.0,H,21.0,10.0,13.0,5.0,5.0,1.0,13.0,12.0,0.0,2.0,0.0,0.0
Augsburg,RB Leipzig,D1,2018,20/10/2018,D,0,0,0.0,0.0,D,6.0,15.0,0.0,3.0,2.0,2.0,20.0,24.0,2.0,5.0,0.0,0.0
Leverkusen,Hannover,D1,2018,20/10/2018,D,2,2,1.0,1.0,D,19.0,9.0,7.0,7.0,9.0,5.0,14.0,18.0,1.0,5.0,0.0,1.0
Nurnberg,Hoffenheim,D1,2018,20/10/2018,A,1,3,1.0,0.0,H,7.0,20.0,2.0,12.0,1.0,7.0,8.0,9.0,4.0,2.0,0.0,0.0
Schalke 04,Werder Bremen,D1,2018,20/10/2018,A,0,2,0.0,1.0,A,14.0,8.0,4.0,3.0,3.0,1.0,13.0,9.0,1.0,4.0,0.0,0.0
Stuttgart,Dortmund,D1,2018,20/10/2018,A,0,4,0.0,3.0,A,13.0,12.0,5.0,4.0,10.0,2.0,7.0,5.0,0.0,0.0,0.0,0.0
Wolfsburg,Bayern Munich,D1,2018,20/10/2018,A,1,3,0.0,1.0,A,8.0,13.0,1.0,11.0,2.0,9.0,9.0,12.0,2.0,4.0,0.0,1.0
Hertha,Freiburg,D1,2018,21/10/2018,D,1,1,1.0,1.0,D,13.0,8.0,5.0,3.0,8.0,3.0,12.0,14.0,2.0,0.0,0.0,0.0
M'gladbach,Mainz,D1,2018,21/10/2018,H,4,0,1.0,0.0,H,16.0,13.0,8.0,4.0,4.0,6.0,4.0,10.0,0.0,2.0,0.0,0.0
Freiburg,M'gladbach,D1,2018,26/10/2018,H,3,1,1.0,1.0,D,13.0,11.0,7.0,2.0,3.0,10.0,9.0,12.0,1.0,1.0,0.0,0.0
Dortmund,Hertha,D1,2018,27/10/2018,D,2,2,1.0,1.0,D,19.0,10.0,5.0,4.0,8.0,2.0,7.0,15.0,2.0,3.0,0.0,0.0
Fortuna Dusseldorf,Wolfsburg,D1,2018,27/10/2018,A,0,3,0.0,1.0,A,8.0,18.0,1.0,6.0,4.0,9.0,12.0,11.0,3.0,6.0,0.0,0.0
Hannover,Augsburg,D1,2018,27/10/2018,A,1,2,0.0,1.0,A,17.0,9.0,4.0,4.0,5.0,4.0,15.0,16.0,2.0,3.0,0.0,0.0
Hoffenheim,Stuttgart,D1,2018,27/10/2018,H,4,0,0.0,0.0,D,22.0,6.0,10.0,0.0,6.0,3.0,11.0,9.0,1.0,1.0,0.0,1.0
Mainz,Bayern Munich,D1,2018,27/10/2018,A,1,2,0.0,1.0,A,6.0,21.0,1.0,5.0,2.0,7.0,13.0,6.0,3.0,1.0,0.0,0.0
Nurnberg,Ein Frankfurt,D1,2018,28/10/2018,D,1,1,0.0,0.0,D,10.0,10.0,3.0,2.0,8.0,6.0,11.0,13.0,2.0,3.0,0.0,0.0
RB Leipzig,Schalke 04,D1,2018,28/10/2018,D,0,0,0.0,0.0,D,15.0,6.0,2.0,0.0,7.0,4.0,11.0,13.0,3.0,2.0,0.0,0.0
Werder Bremen,Leverkusen,D1,2018,28/10/2018,A,2,6,0.0,3.0,A,14.0,17.0,6.0,10.0,6.0,6.0,9.0,8.0,2.0,2.0,0.0,0.0
Stuttgart,Ein Frankfurt,D1,2018,02/11/2018,A,0,3,0.0,2.0,A,10.0,15.0,0.0,7.0,1.0,3.0,4.0,10.0,1.0,2.0,0.0,0.0
Augsburg,Nurnberg,D1,2018,03/11/2018,D,2,2,1.0,0.0,H,17.0,13.0,4.0,5.0,6.0,6.0,16.0,11.0,3.0,3.0,0.0,0.0
Bayern Munich,Freiburg,D1,2018,03/11/2018,D,1,1,0.0,0.0,D,24.0,10.0,6.0,1.0,14.0,2.0,9.0,8.0,1.0,1.0,0.0,0.0
Hertha,RB Leipzig,D1,2018,03/11/2018,A,0,3,0.0,1.0,A,12.0,25.0,5.0,11.0,3.0,7.0,6.0,11.0,2.0,1.0,0.0,0.0
Leverkusen,Hoffenheim,D1,2018,03/11/2018,A,1,4,1.0,2.0,A,21.0,10.0,9.0,4.0,6.0,7.0,6.0,17.0,0.0,2.0,0.0,0.0
Schalke 04,Hannover,D1,2018,03/11/2018,H,3,1,0.0,0.0,D,16.0,20.0,6.0,6.0,7.0,7.0,10.0,10.0,2.0,3.0,0.0,0.0
Wolfsburg,Dortmund,D1,2018,03/11/2018,A,0,1,0.0,1.0,A,13.0,12.0,3.0,1.0,6.0,14.0,6.0,9.0,0.0,2.0,0.0,0.0
Mainz,Werder Bremen,D1,2018,04/11/2018,H,2,1,1.0,0.0,H,13.0,14.0,6.0,4.0,3.0,6.0,7.0,8.0,0.0,2.0,0.0,0.0
M'gladbach,Fortuna Dusseldorf,D1,2018,04/11/2018,H,3,0,0.0,0.0,D,21.0,13.0,7.0,6.0,10.0,4.0,15.0,8.0,1.0,2.0,0.0,0.0
Hannover,Wolfsburg,D1,2018,09/11/2018,H,2,1,1.0,0.0,H,10.0,19.0,4.0,9.0,3.0,5.0,14.0,8.0,4.0,2.0,0.0,0.0
Dortmund,Bayern Munich,D1,2018,10/11/2018,H,3,2,0.0,1.0,A,11.0,9.0,5.0,3.0,0.0,6.0,4.0,8.0,3.0,3.0,0.0,0.0
Fortuna Dusseldorf,Hertha,D1,2018,10/11/2018,H,4,1,0.0,0.0,D,20.0,11.0,9.0,5.0,2.0,6.0,15.0,15.0,1.0,3.0,0.0,1.0
Freiburg,Mainz,D1,2018,10/11/2018,A,1,3,0.0,2.0,A,15.0,12.0,4.0,9.0,3.0,4.0,19.0,10.0,1.0,2.0,0.0,0.0
Hoffenheim,Augsburg,D1,2018,10/11/2018,H,2,1,0.0,0.0,D,18.0,22.0,7.0,7.0,6.0,6.0,14.0,6.0,1.0,1.0,0.0,0.0
Nurnberg,Stuttgart,D1,2018,10/11/2018,A,0,2,0.0,0.0,D,10.0,13.0,3.0,4.0,3.0,9.0,14.0,10.0,1.0,0.0,0.0,0.0
Werder Bremen,M'gladbach,D1,2018,10/11/2018,A,1,3,0.0,1.0,A,20.0,16.0,5.0,6.0,9.0,5.0,7.0,2.0,0.0,0.0,0.0,0.0
Ein Frankfurt,Schalke 04,D1,2018,11/11/2018,H,3,0,0.0,0.0,D,14.0,5.0,4.0,1.0,10.0,4.0,7.0,13.0,0.0,2.0,0.0,0.0
RB Leipzig,Leverkusen,D1,2018,11/11/2018,H,3,0,1.0,0.0,H,14.0,7.0,7.0,2.0,4.0,3.0,12.0,12.0,0.0,1.0,0.0,0.0
Leverkusen,Stuttgart,D1,2018,23/11/2018,H,2,0,0.0,0.0,D,17.0,10.0,4.0,2.0,6.0,9.0,13.0,8.0,3.0,3.0,0.0,0.0
Augsburg,Ein Frankfurt,D1,2018,24/11/2018,A,1,3,0.0,1.0,A,25.0,15.0,10.0,7.0,8.0,5.0,3.0,12.0,1.0,2.0,0.0,0.0
Bayern Munich,Fortuna Dusseldorf,D1,2018,24/11/2018,D,3,3,2.0,1.0,H,17.0,9.0,5.0,5.0,9.0,2.0,4.0,7.0,0.0,1.0,0.0,0.0
Hertha,Hoffenheim,D1,2018,24/11/2018,D,3,3,1.0,2.0,A,23.0,13.0,8.0,6.0,8.0,5.0,9.0,13.0,1.0,2.0,0.0,0.0
Mainz,Dortmund,D1,2018,24/11/2018,A,1,2,0.0,0.0,D,15.0,11.0,7.0,7.0,6.0,5.0,9.0,11.0,2.0,1.0,0.0,0.0
Schalke 04,Nurnberg,D1,2018,24/11/2018,H,5,2,2.0,1.0,H,20.0,12.0,10.0,6.0,7.0,2.0,7.0,12.0,1.0,2.0,0.0,1.0
Wolfsburg,RB Leipzig,D1,2018,24/11/2018,H,1,0,0.0,0.0,D,5.0,10.0,3.0,4.0,2.0,9.0,10.0,13.0,1.0,2.0,0.0,0.0
Freiburg,Werder Bremen,D1,2018,25/11/2018,D,1,1,1.0,0.0,H,23.0,19.0,9.0,8.0,6.0,3.0,6.0,10.0,0.0,2.0,0.0,0.0
M'gladbach,Hannover,D1,2018,25/11/2018,H,4,1,2.0,1.0,H,20.0,5.0,6.0,3.0,5.0,5.0,8.0,10.0,1.0,1.0,0.0,0.0
Fortuna Dusseldorf,Mainz,D1,2018,30/11/2018,A,0,1,0.0,0.0,D,20.0,15.0,7.0,3.0,12.0,5.0,8.0,7.0,1.0,1.0,0.0,0.0
Dortmund,Freiburg,D1,2018,01/12/2018,H,2,0,1.0,0.0,H,11.0,5.0,4.0,1.0,2.0,3.0,6.0,11.0,1.0,1.0,0.0,0.0
Hannover,Hertha,D1,2018,01/12/2018,A,0,2,0.0,1.0,A,10.0,14.0,2.0,8.0,3.0,6.0,9.0,14.0,2.0,3.0,0.0,0.0
Hoffenheim,Schalke 04,D1,2018,01/12/2018,D,1,1,0.0,0.0,D,20.0,13.0,7.0,5.0,4.0,10.0,11.0,13.0,3.0,3.0,0.0,0.0
Stuttgart,Augsburg,D1,2018,01/12/2018,H,1,0,1.0,0.0,H,13.0,17.0,3.0,4.0,3.0,8.0,11.0,10.0,4.0,2.0,0.0,0.0
Werder Bremen,Bayern Munich,D1,2018,01/12/2018,A,1,2,1.0,1.0,D,9.0,16.0,3.0,5.0,3.0,10.0,13.0,8.0,3.0,2.0,1.0,0.0
Ein Frankfurt,Wolfsburg,D1,2018,02/12/2018,A,1,2,0.0,1.0,A,13.0,10.0,2.0,3.0,9.0,3.0,10.0,9.0,3.0,7.0,0.0,0.0
RB Leipzig,M'gladbach,D1,2018,02/12/2018,H,2,0,2.0,0.0,H,14.0,7.0,6.0,4.0,5.0,4.0,9.0,9.0,2.0,2.0,0.0,0.0
Nurnberg,Leverkusen,D1,2018,03/12/2018,D,1,1,0.0,1.0,A,11.0,20.0,4.0,6.0,3.0,6.0,14.0,10.0,3.0,2.0,0.0,0.0
Werder Bremen,Fortuna Dusseldorf,D1,2018,07/12/2018,H,3,1,1.0,1.0,D,22.0,12.0,9.0,3.0,6.0,4.0,13.0,18.0,3.0,4.0,0.0,0.0
Bayern Munich,Nurnberg,D1,2018,08/12/2018,H,3,0,2.0,0.0,H,20.0,4.0,8.0,1.0,11.0,1.0,9.0,6.0,1.0,0.0,0.0,0.0
Freiburg,RB Leipzig,D1,2018,08/12/2018,H,3,0,2.0,0.0,H,12.0,15.0,9.0,4.0,3.0,12.0,9.0,16.0,1.0,2.0,0.0,0.0
Hertha,Ein Frankfurt,D1,2018,08/12/2018,H,1,0,1.0,0.0,H,7.0,18.0,4.0,4.0,5.0,9.0,15.0,14.0,1.0,0.0,0.0,0.0
Leverkusen,Augsburg,D1,2018,08/12/2018,H,1,0,0.0,0.0,D,21.0,13.0,7.0,1.0,4.0,2.0,11.0,17.0,1.0,2.0,0.0,0.0
Schalke 04,Dortmund,D1,2018,08/12/2018,A,1,2,0.0,1.0,A,6.0,10.0,3.0,3.0,3.0,1.0,12.0,9.0,4.0,3.0,0.0,0.0
Wolfsburg,Hoffenheim,D1,2018,08/12/2018,D,2,2,2.0,1.0,H,10.0,19.0,3.0,6.0,6.0,4.0,9.0,9.0,1.0,2.0,0.0,0.0
Mainz,Hannover,D1,2018,09/12/2018,D,1,1,0.0,1.0,A,28.0,11.0,5.0,3.0,9.0,1.0,12.0,9.0,4.0,3.0,0.0,1.0
M'gladbach,Stuttgart,D1,2018,09/12/2018,H,3,0,0.0,0.0,D,23.0,7.0,7.0,2.0,7.0,4.0,7.0,12.0,2.0,4.0,0.0,1.0
Nurnberg,Wolfsburg,D1,2018,14/12/2018,A,0,2,0.0,0.0,D,11.0,10.0,0.0,4.0,6.0,3.0,13.0,13.0,2.0,1.0,0.0,0.0
Augsburg,Schalke 04,D1,2018,15/12/2018,D,1,1,1.0,0.0,H,17.0,15.0,9.0,5.0,6.0,7.0,17.0,8.0,2.0,1.0,0.0,0.0
Dortmund,Werder Bremen,D1,2018,15/12/2018,H,2,1,2.0,1.0,H,16.0,9.0,9.0,5.0,4.0,10.0,11.0,14.0,1.0,4.0,0.0,0.0
Fortuna Dusseldorf,Freiburg,D1,2018,15/12/2018,H,2,0,0.0,0.0,D,20.0,6.0,8.0,2.0,4.0,1.0,13.0,9.0,2.0,1.0,0.0,0.0
Hannover,Bayern Munich,D1,2018,15/12/2018,A,0,4,0.0,2.0,A,3.0,32.0,0.0,14.0,0.0,14.0,9.0,5.0,1.0,0.0,0.0,0.0
Hoffenheim,M'gladbach,D1,2018,15/12/2018,D,0,0,0.0,0.0,D,27.0,5.0,6.0,1.0,6.0,2.0,9.0,10.0,0.0,2.0,0.0,0.0
Stuttgart,Hertha,D1,2018,15/12/2018,H,2,1,0.0,1.0,A,9.0,15.0,4.0,3.0,5.0,5.0,11.0,13.0,1.0,3.0,0.0,0.0
Ein Frankfurt,Leverkusen,D1,2018,16/12/2018,H,2,1,1.0,0.0,H,17.0,12.0,7.0,6.0,10.0,7.0,9.0,8.0,6.0,2.0,0.0,0.0
RB Leipzig,Mainz,D1,2018,16/12/2018,H,4,1,2.0,1.0,H,17.0,11.0,7.0,5.0,6.0,2.0,9.0,13.0,3.0,3.0,0.0,0.0
Fortuna Dusseldorf,Dortmund,D1,2018,18/12/2018,H,2,1,1.0,0.0,H,8.0,11.0,3.0,3.0,2.0,2.0,8.0,13.0,1.0,2.0,0.0,0.0
Hertha,Augsburg,D1,2018,18/12/2018,D,2,2,2.0,2.0,D,17.0,8.0,7.0,2.0,3.0,2.0,17.0,13.0,1.0,0.0,0.0,0.0
M'gladbach,Nurnberg,D1,2018,18/12/2018,H,2,0,0.0,0.0,D,17.0,7.0,7.0,2.0,6.0,7.0,5.0,19.0,2.0,3.0,0.0,0.0
Wolfsburg,Stuttgart,D1,2018,18/12/2018,H,2,0,2.0,0.0,H,16.0,11.0,5.0,1.0,4.0,8.0,10.0,17.0,1.0,2.0,0.0,0.0
Bayern Munich,RB Leipzig,D1,2018,19/12/2018,H,1,0,0.0,0.0,D,10.0,8.0,4.0,2.0,5.0,5.0,9.0,20.0,2.0,2.0,1.0,1.0
Freiburg,Hannover,D1,2018,19/12/2018,D,1,1,1.0,1.0,D,14.0,18.0,7.0,3.0,5.0,2.0,13.0,14.0,0.0,2.0,0.0,0.0
Mainz,Ein Frankfurt,D1,2018,19/12/2018,D,2,2,2.0,2.0,D,17.0,12.0,6.0,4.0,3.0,2.0,13.0,15.0,3.0,3.0,0.0,0.0
Schalke 04,Leverkusen,D1,2018,19/12/2018,A,1,2,1.0,2.0,A,18.0,8.0,4.0,5.0,7.0,1.0,14.0,19.0,4.0,4.0,0.0,0.0
Werder Bremen,Hoffenheim,D1,2018,19/12/2018,D,1,1,0.0,1.0,A,26.0,14.0,5.0,4.0,6.0,3.0,7.0,13.0,0.0,1.0,0.0,0.0
Dortmund,M'gladbach,D1,2018,21/12/2018,H,2,1,1.0,1.0,D,12.0,3.0,4.0,2.0,4.0,2.0,5.0,12.0,0.0,1.0,0.0,0.0
Ein Frankfurt,Bayern Munich,D1,2018,22/12/2018,A,0,3,0.0,1.0,A,10.0,9.0,3.0,7.0,3.0,4.0,9.0,4.0,2.0,1.0,0.0,0.0
Hannover,Fortuna Dusseldorf,D1,2018,22/12/2018,A,0,1,0.0,0.0,D,17.0,13.0,3.0,6.0,4.0,6.0,14.0,19.0,2.0,3.0,0.0,0.0
Leverkusen,Hertha,D1,2018,22/12/2018,H,3,1,2.0,1.0,H,15.0,13.0,7.0,8.0,4.0,5.0,3.0,12.0,0.0,1.0,0.0,0.0
Nurnberg,Freiburg,D1,2018,22/12/2018,A,0,1,0.0,1.0,A,16.0,7.0,3.0,3.0,12.0,3.0,16.0,16.0,2.0,3.0,0.0,0.0
RB Leipzig,Werder Bremen,D1,2018,22/12/2018,H,3,2,2.0,0.0,H,11.0,15.0,5.0,6.0,4.0,4.0,15.0,9.0,2.0,0.0,0.0,0.0
Stuttgart,Schalke 04,D1,2018,22/12/2018,A,1,3,0.0,1.0,A,17.0,15.0,5.0,6.0,2.0,5.0,9.0,17.0,3.0,5.0,0.0,0.0
Augsburg,Wolfsburg,D1,2018,23/12/2018,A,2,3,0.0,2.0,A,10.0,16.0,4.0,5.0,3.0,4.0,12.0,11.0,2.0,3.0,0.0,0.0
Hoffenheim,Mainz,D1,2018,23/12/2018,D,1,1,1.0,1.0,D,28.0,12.0,7.0,5.0,9.0,2.0,11.0,10.0,1.0,0.0,0.0,0.0
Hoffenheim,Bayern Munich,D1,2018,18/01/2019,A,1,3,0.0,2.0,A,13.0,21.0,5.0,9.0,2.0,6.0,13.0,9.0,3.0,2.0,0.0,0.0
Augsburg,Fortuna Dusseldorf,D1,2018,19/01/2019,A,1,2,0.0,1.0,A,13.0,11.0,6.0,3.0,5.0,3.0,13.0,9.0,3.0,1.0,0.0,0.0
Ein Frankfurt,Freiburg,D1,2018,19/01/2019,H,3,1,3.0,0.0,H,9.0,21.0,4.0,7.0,5.0,5.0,13.0,8.0,2.0,1.0,0.0,0.0
Hannover,Werder Bremen,D1,2018,19/01/2019,A,0,1,0.0,1.0,A,10.0,23.0,1.0,13.0,7.0,8.0,17.0,19.0,3.0,1.0,0.0,0.0
Leverkusen,M'gladbach,D1,2018,19/01/2019,A,0,1,0.0,1.0,A,22.0,7.0,10.0,3.0,10.0,3.0,9.0,14.0,1.0,2.0,0.0,0.0
RB Leipzig,Dortmund,D1,2018,19/01/2019,A,0,1,0.0,1.0,A,12.0,8.0,5.0,4.0,6.0,7.0,12.0,9.0,3.0,2.0,0.0,0.0
Stuttgart,Mainz,D1,2018,19/01/2019,A,2,3,0.0,2.0,A,28.0,14.0,8.0,4.0,13.0,8.0,9.0,16.0,2.0,2.0,0.0,0.0
Nurnberg,Hertha,D1,2018,20/01/2019,A,1,3,1.0,1.0,D,14.0,16.0,3.0,8.0,4.0,4.0,13.0,9.0,2.0,1.0,0.0,0.0
Schalke 04,Wolfsburg,D1,2018,20/01/2019,H,2,1,1.0,1.0,D,20.0,12.0,5.0,5.0,4.0,6.0,11.0,5.0,1.0,0.0,0.0,0.0
Hertha,Schalke 04,D1,2018,25/01/2019,D,2,2,2.0,2.0,D,11.0,14.0,4.0,7.0,3.0,6.0,15.0,10.0,2.0,1.0,0.0,0.0
Dortmund,Hannover,D1,2018,26/01/2019,H,5,1,1.0,0.0,H,18.0,11.0,9.0,3.0,6.0,3.0,7.0,10.0,1.0,1.0,0.0,0.0
Freiburg,Hoffenheim,D1,2018,26/01/2019,A,2,4,1.0,1.0,D,20.0,16.0,8.0,11.0,6.0,1.0,17.0,14.0,0.0,2.0,0.0,0.0
Mainz,Nurnberg,D1,2018,26/01/2019,H,2,1,1.0,1.0,D,20.0,8.0,4.0,3.0,5.0,5.0,12.0,16.0,3.0,1.0,0.0,0.0
M'gladbach,Augsburg,D1,2018,26/01/2019,H,2,0,0.0,0.0,D,14.0,4.0,6.0,1.0,4.0,0.0,9.0,15.0,2.0,4.0,0.0,0.0
Werder Bremen,Ein Frankfurt,D1,2018,26/01/2019,D,2,2,1.0,1.0,D,18.0,8.0,9.0,4.0,8.0,3.0,11.0,10.0,4.0,2.0,0.0,0.0
Wolfsburg,Leverkusen,D1,2018,26/01/2019,A,0,3,0.0,1.0,A,10.0,23.0,4.0,14.0,5.0,6.0,10.0,14.0,5.0,3.0,0.0,0.0
Bayern Munich,Stuttgart,D1,2018,27/01/2019,H,4,1,1.0,1.0,D,19.0,7.0,6.0,2.0,8.0,1.0,9.0,9.0,1.0,1.0,0.0,0.0
Fortuna Dusseldorf,RB Leipzig,D1,2018,27/01/2019,A,0,4,0.0,3.0,A,10.0,12.0,0.0,9.0,8.0,2.0,11.0,11.0,1.0,0.0,0.0,0.0
Hannover,RB Leipzig,D1,2018,01/02/2019,A,0,3,0.0,1.0,A,5.0,19.0,1.0,8.0,0.0,7.0,14.0,17.0,2.0,2.0,0.0,0.0
Ein Frankfurt,Dortmund,D1,2018,02/02/2019,D,1,1,1.0,1.0,D,12.0,13.0,7.0,4.0,6.0,4.0,15.0,6.0,2.0,2.0,0.0,0.0
Hertha,Wolfsburg,D1,2018,02/02/2019,A,0,1,0.0,0.0,D,11.0,8.0,4.0,4.0,3.0,7.0,19.0,12.0,3.0,1.0,0.0,0.0
Hoffenheim,Fortuna Dusseldorf,D1,2018,02/02/2019,D,1,1,1.0,0.0,H,12.0,8.0,4.0,6.0,5.0,5.0,22.0,12.0,3.0,4.0,0.0,0.0
Leverkusen,Bayern Munich,D1,2018,02/02/2019,H,3,1,0.0,1.0,A,11.0,17.0,4.0,6.0,7.0,4.0,13.0,13.0,3.0,2.0,0.0,0.0
Nurnberg,Werder Bremen,D1,2018,02/02/2019,D,1,1,0.0,0.0,D,11.0,10.0,2.0,3.0,3.0,7.0,17.0,17.0,4.0,1.0,0.0,0.0
Schalke 04,M'gladbach,D1,2018,02/02/2019,A,0,2,0.0,0.0,D,9.0,16.0,1.0,9.0,1.0,6.0,9.0,8.0,1.0,2.0,1.0,0.0
Augsburg,Mainz,D1,2018,03/02/2019,H,3,0,2.0,0.0,H,19.0,6.0,8.0,0.0,7.0,3.0,18.0,10.0,0.0,1.0,0.0,0.0
Stuttgart,Freiburg,D1,2018,03/02/2019,D,2,2,0.0,1.0,A,17.0,16.0,4.0,4.0,7.0,8.0,8.0,9.0,5.0,0.0,1.0,0.0
Mainz,Leverkusen,D1,2018,08/02/2019,A,1,5,1.0,4.0,A,15.0,18.0,2.0,7.0,4.0,4.0,13.0,5.0,3.0,1.0,0.0,0.0
Bayern Munich,Schalke 04,D1,2018,09/02/2019,H,3,1,2.0,1.0,H,17.0,7.0,4.0,5.0,7.0,2.0,8.0,9.0,1.0,2.0,0.0,0.0
Dortmund,Hoffenheim,D1,2018,09/02/2019,D,3,3,2.0,0.0,H,16.0,14.0,7.0,6.0,7.0,8.0,7.0,14.0,0.0,3.0,0.0,0.0
Freiburg,Wolfsburg,D1,2018,09/02/2019,D,3,3,1.0,1.0,D,10.0,15.0,4.0,4.0,9.0,2.0,15.0,10.0,3.0,2.0,0.0,0.0
Hannover,Nurnberg,D1,2018,09/02/2019,H,2,0,1.0,0.0,H,18.0,9.0,8.0,1.0,4.0,4.0,16.0,16.0,2.0,2.0,0.0,1.0
M'gladbach,Hertha,D1,2018,09/02/2019,A,0,3,0.0,1.0,A,13.0,11.0,4.0,4.0,5.0,5.0,7.0,11.0,0.0,2.0,0.0,0.0
RB Leipzig,Ein Frankfurt,D1,2018,09/02/2019,D,0,0,0.0,0.0,D,14.0,6.0,1.0,2.0,7.0,4.0,9.0,10.0,4.0,2.0,0.0,0.0
Fortuna Dusseldorf,Stuttgart,D1,2018,10/02/2019,H,3,0,1.0,0.0,H,15.0,15.0,6.0,2.0,5.0,4.0,18.0,8.0,3.0,4.0,0.0,1.0
Werder Bremen,Augsburg,D1,2018,10/02/2019,H,4,0,3.0,0.0,H,11.0,13.0,5.0,3.0,3.0,2.0,5.0,12.0,0.0,1.0,0.0,0.0
Augsburg,Bayern Munich,D1,2018,15/02/2019,A,2,3,2.0,2.0,D,8.0,17.0,2.0,8.0,1.0,9.0,13.0,12.0,1.0,2.0,0.0,0.0
Hertha,Werder Bremen,D1,2018,16/02/2019,D,1,1,1.0,0.0,H,11.0,8.0,2.0,2.0,4.0,3.0,16.0,11.0,3.0,3.0,0.0,0.0
Hoffenheim,Hannover,D1,2018,16/02/2019,H,3,0,2.0,0.0,H,26.0,5.0,11.0,1.0,10.0,6.0,15.0,6.0,0.0,1.0,0.0,0.0
Schalke 04,Freiburg,D1,2018,16/02/2019,D,0,0,0.0,0.0,D,15.0,12.0,2.0,3.0,4.0,9.0,10.0,13.0,0.0,4.0,1.0,1.0
Stuttgart,RB Leipzig,D1,2018,16/02/2019,A,1,3,1.0,1.0,D,7.0,7.0,3.0,4.0,5.0,4.0,18.0,11.0,1.0,1.0,0.0,0.0
Wolfsburg,Mainz,D1,2018,16/02/2019,H,3,0,1.0,0.0,H,16.0,12.0,6.0,4.0,4.0,7.0,6.0,11.0,1.0,1.0,0.0,0.0
Ein Frankfurt,M'gladbach,D1,2018,17/02/2019,D,1,1,1.0,0.0,H,12.0,14.0,3.0,5.0,8.0,7.0,12.0,8.0,3.0,1.0,0.0,0.0
Leverkusen,Fortuna Dusseldorf,D1,2018,17/02/2019,H,2,0,1.0,0.0,H,13.0,3.0,7.0,0.0,5.0,4.0,6.0,11.0,1.0,3.0,0.0,0.0
Nurnberg,Dortmund,D1,2018,18/02/2019,D,0,0,0.0,0.0,D,7.0,17.0,2.0,6.0,3.0,11.0,8.0,9.0,1.0,1.0,0.0,0.0
Werder Bremen,Stuttgart,D1,2018,22/02/2019,D,1,1,1.0,1.0,D,15.0,8.0,4.0,3.0,4.0,2.0,7.0,9.0,1.0,3.0,0.0,0.0
Bayern Munich,Hertha,D1,2018,23/02/2019,H,1,0,0.0,0.0,D,12.0,9.0,4.0,2.0,11.0,3.0,12.0,6.0,2.0,0.0,0.0,1.0
Fortuna Dusseldorf,Nurnberg,D1,2018,23/02/2019,H,2,1,0.0,1.0,A,19.0,5.0,7.0,2.0,7.0,3.0,14.0,7.0,3.0,4.0,0.0,1.0
Freiburg,Augsburg,D1,2018,23/02/2019,H,5,1,3.0,0.0,H,19.0,14.0,11.0,4.0,8.0,1.0,13.0,16.0,0.0,3.0,0.0,1.0
Mainz,Schalke 04,D1,2018,23/02/2019,H,3,0,1.0,0.0,H,21.0,10.0,6.0,3.0,1.0,3.0,10.0,15.0,4.0,2.0,0.0,0.0
M'gladbach,Wolfsburg,D1,2018,23/02/2019,A,0,3,0.0,1.0,A,15.0,5.0,5.0,3.0,12.0,1.0,14.0,11.0,2.0,1.0,0.0,0.0
Dortmund,Leverkusen,D1,2018,24/02/2019,H,3,2,2.0,1.0,H,9.0,13.0,4.0,4.0,3.0,8.0,10.0,9.0,1.0,2.0,0.0,0.0
Hannover,Ein Frankfurt,D1,2018,24/02/2019,A,0,3,0.0,0.0,D,11.0,14.0,3.0,8.0,3.0,5.0,11.0,12.0,1.0,1.0,0.0,0.0
RB Leipzig,Hoffenheim,D1,2018,25/02/2019,D,1,1,0.0,1.0,A,15.0,7.0,4.0,4.0,6.0,4.0,16.0,21.0,0.0,1.0,0.0,0.0
Augsburg,Dortmund,D1,2018,01/03/2019,H,2,1,1.0,0.0,H,9.0,18.0,4.0,8.0,1.0,4.0,15.0,11.0,1.0,2.0,0.0,0.0
Ein Frankfurt,Hoffenheim,D1,2018,02/03/2019,H,3,2,1.0,1.0,D,18.0,20.0,10.0,7.0,4.0,3.0,8.0,16.0,0.0,3.0,0.0,1.0
Hertha,Mainz,D1,2018,02/03/2019,H,2,1,0.0,0.0,D,11.0,13.0,4.0,1.0,4.0,1.0,13.0,10.0,0.0,2.0,0.0,0.0
Leverkusen,Freiburg,D1,2018,02/03/2019,H,2,0,1.0,0.0,H,17.0,8.0,5.0,3.0,7.0,2.0,11.0,7.0,0.0,0.0,0.0,0.0
M'gladbach,Bayern Munich,D1,2018,02/03/2019,A,1,5,1.0,2.0,A,11.0,19.0,2.0,14.0,1.0,9.0,6.0,11.0,2.0,2.0,0.0,0.0
Nurnberg,RB Leipzig,D1,2018,02/03/2019,A,0,1,0.0,1.0,A,7.0,12.0,1.0,5.0,5.0,8.0,8.0,17.0,2.0,3.0,0.0,0.0
Schalke 04,Fortuna Dusseldorf,D1,2018,02/03/2019,A,0,4,0.0,1.0,A,7.0,13.0,2.0,5.0,1.0,1.0,16.0,16.0,4.0,2.0,0.0,0.0
Stuttgart,Hannover,D1,2018,03/03/2019,H,5,1,3.0,0.0,H,14.0,3.0,8.0,1.0,7.0,0.0,15.0,16.0,2.0,2.0,0.0,0.0
Wolfsburg,Werder Bremen,D1,2018,03/03/2019,D,1,1,0.0,0.0,D,13.0,12.0,5.0,3.0,6.0,4.0,8.0,22.0,0.0,2.0,0.0,0.0
Werder Bremen,Schalke 04,D1,2018,08/03/2019,H,4,2,1.0,1.0,D,20.0,14.0,7.0,8.0,4.0,5.0,17.0,10.0,2.0,1.0,0.0,0.0
Bayern Munich,Wolfsburg,D1,2018,09/03/2019,H,6,0,2.0,0.0,H,22.0,4.0,12.0,1.0,7.0,2.0,9.0,6.0,0.0,1.0,0.0,0.0
Dortmund,Stuttgart,D1,2018,09/03/2019,H,3,1,0.0,0.0,D,18.0,7.0,8.0,1.0,7.0,1.0,6.0,10.0,3.0,3.0,0.0,0.0
Freiburg,Hertha,D1,2018,09/03/2019,H,2,1,1.0,0.0,H,10.0,16.0,4.0,6.0,3.0,6.0,10.0,14.0,1.0,3.0,0.0,0.0
Mainz,M'gladbach,D1,2018,09/03/2019,A,0,1,0.0,0.0,D,15.0,11.0,2.0,4.0,2.0,6.0,12.0,4.0,2.0,0.0,0.0,0.0
RB Leipzig,Augsburg,D1,2018,09/03/2019,D,0,0,0.0,0.0,D,17.0,5.0,4.0,3.0,7.0,4.0,13.0,9.0,1.0,1.0,0.0,0.0
Hannover,Leverkusen,D1,2018,10/03/2019,A,2,3,0.0,2.0,A,11.0,15.0,5.0,5.0,6.0,6.0,14.0,15.0,3.0,1.0,0.0,0.0
Hoffenheim,Nurnberg,D1,2018,10/03/2019,H,2,1,1.0,0.0,H,18.0,11.0,6.0,5.0,8.0,3.0,10.0,7.0,3.0,2.0,0.0,0.0
Fortuna Dusseldorf,Ein Frankfurt,D1,2018,11/03/2019,A,0,3,0.0,0.0,D,7.0,15.0,3.0,6.0,1.0,5.0,9.0,14.0,1.0,2.0,0.0,0.0
M'gladbach,Freiburg,D1,2018,15/03/2019,D,1,1,1.0,1.0,D,13.0,10.0,2.0,2.0,10.0,6.0,10.0,13.0,0.0,3.0,0.0,0.0
Augsburg,Hannover,D1,2018,16/03/2019,H,3,1,0.0,1.0,A,22.0,13.0,10.0,4.0,2.0,3.0,11.0,10.0,1.0,4.0,0.0,0.0
Hertha,Dortmund,D1,2018,16/03/2019,A,2,3,2.0,1.0,H,7.0,25.0,4.0,8.0,4.0,10.0,10.0,5.0,3.0,3.0,2.0,0.0
Schalke 04,RB Leipzig,D1,2018,16/03/2019,A,0,1,0.0,1.0,A,14.0,15.0,3.0,4.0,0.0,6.0,12.0,16.0,1.0,1.0,0.0,0.0
Stuttgart,Hoffenheim,D1,2018,16/03/2019,D,1,1,0.0,1.0,A,13.0,21.0,2.0,8.0,4.0,9.0,10.0,15.0,4.0,2.0,0.0,0.0
Wolfsburg,Fortuna Dusseldorf,D1,2018,16/03/2019,H,5,2,1.0,1.0,D,19.0,18.0,10.0,6.0,7.0,5.0,15.0,9.0,1.0,1.0,0.0,0.0
Bayern Munich,Mainz,D1,2018,17/03/2019,H,6,0,3.0,0.0,H,22.0,7.0,11.0,1.0,13.0,2.0,7.0,5.0,1.0,0.0,0.0,0.0
Ein Frankfurt,Nurnberg,D1,2018,17/03/2019,H,1,0,1.0,0.0,H,24.0,9.0,4.0,3.0,8.0,3.0,4.0,13.0,0.0,2.0,0.0,0.0
Leverkusen,Werder Bremen,D1,2018,17/03/2019,A,1,3,0.0,2.0,A,15.0,10.0,2.0,5.0,10.0,3.0,8.0,11.0,3.0,2.0,0.0,0.0
Hoffenheim,Leverkusen,D1,2018,29/03/2019,H,4,1,1.0,1.0,D,13.0,18.0,5.0,6.0,4.0,7.0,8.0,6.0,2.0,2.0,0.0,0.0
Dortmund,Wolfsburg,D1,2018,30/03/2019,H,2,0,0.0,0.0,D,11.0,7.0,5.0,3.0,5.0,4.0,11.0,13.0,0.0,3.0,0.0,0.0
Fortuna Dusseldorf,M'gladbach,D1,2018,30/03/2019,H,3,1,3.0,0.0,H,8.0,13.0,4.0,6.0,1.0,2.0,14.0,13.0,2.0,3.0,0.0,0.0
Freiburg,Bayern Munich,D1,2018,30/03/2019,D,1,1,1.0,1.0,D,12.0,26.0,5.0,8.0,1.0,7.0,8.0,9.0,3.0,1.0,0.0,0.0
Nurnberg,Augsburg,D1,2018,30/03/2019,H,3,0,0.0,0.0,D,12.0,14.0,4.0,3.0,4.0,4.0,8.0,12.0,1.0,3.0,0.0,0.0
RB Leipzig,Hertha,D1,2018,30/03/2019,H,5,0,2.0,0.0,H,21.0,6.0,9.0,0.0,6.0,3.0,7.0,6.0,1.0,1.0,0.0,0.0
Werder Bremen,Mainz,D1,2018,30/03/2019,H,3,1,2.0,0.0,H,8.0,12.0,4.0,5.0,7.0,8.0,11.0,9.0,0.0,1.0,0.0,0.0
Ein Frankfurt,Stuttgart,D1,2018,31/03/2019,H,3,0,1.0,0.0,H,11.0,10.0,5.0,3.0,5.0,5.0,13.0,10.0,2.0,1.0,0.0,0.0
Hannover,Schalke 04,D1,2018,31/03/2019,A,0,1,0.0,1.0,A,15.0,6.0,3.0,3.0,8.0,2.0,16.0,17.0,1.0,1.0,0.0,0.0
Mainz,Freiburg,D1,2018,05/04/2019,H,5,0,3.0,0.0,H,9.0,17.0,5.0,5.0,2.0,7.0,17.0,7.0,3.0,1.0,0.0,0.0
Bayern Munich,Dortmund,D1,2018,06/04/2019,H,5,0,4.0,0.0,H,22.0,5.0,10.0,1.0,11.0,1.0,9.0,12.0,1.0,2.0,0.0,0.0
Hertha,Fortuna Dusseldorf,D1,2018,06/04/2019,A,1,2,1.0,1.0,D,13.0,13.0,3.0,7.0,2.0,6.0,18.0,11.0,2.0,1.0,0.0,0.0
Leverkusen,RB Leipzig,D1,2018,06/04/2019,A,2,4,2.0,1.0,H,11.0,8.0,4.0,4.0,6.0,2.0,10.0,12.0,2.0,1.0,0.0,0.0
Schalke 04,Ein Frankfurt,D1,2018,06/04/2019,A,1,2,1.0,1.0,D,6.0,16.0,4.0,5.0,3.0,6.0,16.0,8.0,5.0,1.0,1.0,0.0
Stuttgart,Nurnberg,D1,2018,06/04/2019,D,1,1,0.0,1.0,A,14.0,19.0,4.0,6.0,12.0,5.0,8.0,11.0,1.0,3.0,0.0,0.0
Wolfsburg,Hannover,D1,2018,06/04/2019,H,3,1,1.0,1.0,D,13.0,11.0,5.0,4.0,9.0,2.0,9.0,11.0,1.0,2.0,0.0,0.0
Augsburg,Hoffenheim,D1,2018,07/04/2019,A,0,4,0.0,1.0,A,8.0,18.0,0.0,9.0,4.0,3.0,9.0,10.0,1.0,1.0,0.0,0.0
M'gladbach,Werder Bremen,D1,2018,07/04/2019,D,1,1,0.0,0.0,D,15.0,12.0,3.0,6.0,7.0,1.0,7.0,6.0,2.0,2.0,0.0,0.0
Nurnberg,Schalke 04,D1,2018,12/04/2019,D,1,1,0.0,0.0,D,17.0,16.0,6.0,2.0,11.0,9.0,12.0,13.0,1.0,2.0,0.0,0.0
Dortmund,Mainz,D1,2018,13/04/2019,H,2,1,2.0,0.0,H,11.0,17.0,7.0,9.0,4.0,4.0,10.0,6.0,0.0,1.0,0.0,0.0
Hannover,M'gladbach,D1,2018,13/04/2019,A,0,1,0.0,0.0,D,12.0,18.0,5.0,9.0,3.0,12.0,10.0,8.0,0.0,0.0,0.0,0.0
RB Leipzig,Wolfsburg,D1,2018,13/04/2019,H,2,0,2.0,0.0,H,21.0,6.0,10.0,2.0,9.0,3.0,19.0,12.0,1.0,1.0,0.0,0.0
Stuttgart,Leverkusen,D1,2018,13/04/2019,A,0,1,0.0,0.0,D,13.0,18.0,5.0,5.0,7.0,6.0,13.0,11.0,1.0,0.0,1.0,0.0
Werder Bremen,Freiburg,D1,2018,13/04/2019,H,2,1,0.0,0.0,D,17.0,9.0,7.0,5.0,7.0,3.0,18.0,7.0,1.0,3.0,0.0,0.0
Ein Frankfurt,Augsburg,D1,2018,14/04/2019,A,1,3,1.0,2.0,A,17.0,18.0,4.0,6.0,8.0,2.0,17.0,9.0,3.0,1.0,1.0,0.0
Fortuna Dusseldorf,Bayern Munich,D1,2018,14/04/2019,A,1,4,0.0,2.0,A,7.0,21.0,2.0,10.0,2.0,6.0,11.0,8.0,1.0,0.0,0.0,0.0
Hoffenheim,Hertha,D1,2018,14/04/2019,H,2,0,1.0,0.0,H,30.0,5.0,7.0,2.0,9.0,3.0,8.0,16.0,1.0,0.0,0.0,0.0
Augsburg,Stuttgart,D1,2018,20/04/2019,H,6,0,3.0,0.0,H,24.0,14.0,13.0,4.0,9.0,4.0,13.0,6.0,0.0,0.0,0.0,0.0
Bayern Munich,Werder Bremen,D1,2018,20/04/2019,H,1,0,0.0,0.0,D,28.0,3.0,7.0,0.0,14.0,3.0,10.0,12.0,0.0,2.0,0.0,1.0
Leverkusen,Nurnberg,D1,2018,20/04/2019,H,2,0,0.0,0.0,D,20.0,5.0,9.0,1.0,11.0,1.0,11.0,7.0,0.0,0.0,0.0,0.0
Mainz,Fortuna Dusseldorf,D1,2018,20/04/2019,H,3,1,1.0,1.0,D,21.0,17.0,5.0,7.0,3.0,7.0,10.0,14.0,0.0,3.0,0.0,0.0
M'gladbach,RB Leipzig,D1,2018,20/04/2019,A,1,2,0.0,1.0,A,14.0,14.0,4.0,4.0,2.0,4.0,13.0,14.0,0.0,2.0,0.0,0.0
Schalke 04,Hoffenheim,D1,2018,20/04/2019,A,2,5,0.0,2.0,A,15.0,11.0,5.0,6.0,6.0,1.0,13.0,15.0,2.0,3.0,0.0,0.0
Freiburg,Dortmund,D1,2018,21/04/2019,A,0,4,0.0,1.0,A,9.0,10.0,2.0,6.0,5.0,3.0,10.0,6.0,2.0,0.0,0.0,0.0
Hertha,Hannover,D1,2018,21/04/2019,D,0,0,0.0,0.0,D,16.0,13.0,3.0,5.0,5.0,8.0,13.0,9.0,4.0,1.0,0.0,0.0
Wolfsburg,Ein Frankfurt,D1,2018,22/04/2019,D,1,1,0.0,0.0,D,21.0,12.0,8.0,3.0,13.0,6.0,10.0,8.0,2.0,3.0,0.0,0.0
Augsburg,Leverkusen,D1,2018,26/04/2019,A,1,4,1.0,1.0,D,8.0,13.0,2.0,7.0,3.0,3.0,11.0,8.0,1.0,0.0,0.0,0.0
Dortmund,Schalke 04,D1,2018,27/04/2019,A,2,4,1.0,2.0,A,8.0,8.0,2.0,4.0,2.0,4.0,9.0,18.0,0.0,6.0,2.0,0.0
Ein Frankfurt,Hertha,D1,2018,27/04/2019,D,0,0,0.0,0.0,D,10.0,10.0,4.0,3.0,2.0,4.0,13.0,15.0,0.0,5.0,0.0,1.0
Fortuna Dusseldorf,Werder Bremen,D1,2018,27/04/2019,H,4,1,2.0,1.0,H,13.0,18.0,6.0,9.0,4.0,9.0,10.0,13.0,1.0,3.0,0.0,0.0
Hannover,Mainz,D1,2018,27/04/2019,H,1,0,0.0,0.0,D,7.0,23.0,3.0,4.0,4.0,7.0,10.0,14.0,2.0,1.0,0.0,0.0
RB Leipzig,Freiburg,D1,2018,27/04/2019,H,2,1,1.0,0.0,H,15.0,14.0,4.0,8.0,5.0,4.0,15.0,15.0,3.0,5.0,0.0,0.0
Stuttgart,M'gladbach,D1,2018,27/04/2019,H,1,0,0.0,0.0,D,13.0,17.0,6.0,4.0,2.0,7.0,18.0,8.0,2.0,1.0,0.0,0.0
Hoffenheim,Wolfsburg,D1,2018,28/04/2019,A,1,4,1.0,1.0,D,19.0,22.0,7.0,10.0,9.0,3.0,13.0,9.0,2.0,2.0,0.0,0.0
Nurnberg,Bayern Munich,D1,2018,28/04/2019,D,1,1,0.0,0.0,D,9.0,18.0,4.0,6.0,5.0,5.0,11.0,8.0,1.0,2.0,0.0,0.0
Mainz,RB Leipzig,D1,2018,03/05/2019,D,3,3,1.0,2.0,A,14.0,15.0,6.0,5.0,6.0,4.0,14.0,12.0,1.0,1.0,0.0,0.0
Bayern Munich,Hannover,D1,2018,04/05/2019,H,3,1,2.0,0.0,H,27.0,2.0,14.0,1.0,11.0,0.0,9.0,5.0,0.0,3.0,0.0,1.0
Hertha,Stuttgart,D1,2018,04/05/2019,H,3,1,2.0,0.0,H,11.0,14.0,6.0,1.0,2.0,5.0,13.0,17.0,1.0,1.0,0.0,0.0
M'gladbach,Hoffenheim,D1,2018,04/05/2019,D,2,2,0.0,1.0,A,10.0,26.0,5.0,9.0,2.0,7.0,10.0,18.0,2.0,4.0,0.0,0.0
Werder Bremen,Dortmund,D1,2018,04/05/2019,D,2,2,0.0,2.0,A,14.0,21.0,4.0,8.0,4.0,8.0,17.0,7.0,2.0,1.0,0.0,0.0
Wolfsburg,Nurnberg,D1,2018,04/05/2019,H,2,0,1.0,0.0,H,10.0,12.0,4.0,3.0,4.0,5.0,8.0,12.0,0.0,0.0,0.0,0.0
Freiburg,Fortuna Dusseldorf,D1,2018,05/05/2019,D,1,1,1.0,1.0,D,9.0,16.0,3.0,3.0,5.0,4.0,12.0,11.0,2.0,3.0,1.0,0.0
Leverkusen,Ein Frankfurt,D1,2018,05/05/2019,H,6,1,6.0,1.0,H,17.0,4.0,11.0,2.0,1.0,4.0,3.0,11.0,0.0,3.0,0.0,0.0
Schalke 04,Augsburg,D1,2018,05/05/2019,D,0,0,0.0,0.0,D,14.0,7.0,3.0,3.0,7.0,4.0,4.0,7.0,1.0,0.0,0.0,0.0
Augsburg,Hertha,D1,2018,11/05/2019,A,3,4,1.0,0.0,H,5.0,24.0,3.0,8.0,1.0,9.0,11.0,4.0,0.0,1.0,0.0,0.0
Dortmund,Fortuna Dusseldorf,D1,2018,11/05/2019,H,3,2,1.0,0.0,H,15.0,8.0,5.0,3.0,2.0,4.0,11.0,12.0,1.0,0.0,0.0,1.0
Hannover,Freiburg,D1,2018,11/05/2019,H,3,0,1.0,0.0,H,18.0,5.0,6.0,1.0,5.0,3.0,15.0,12.0,0.0,2.0,0.0,0.0
Hoffenheim,Werder Bremen,D1,2018,11/05/2019,A,0,1,0.0,1.0,A,19.0,11.0,3.0,6.0,1.0,4.0,16.0,10.0,3.0,4.0,0.0,0.0
Leverkusen,Schalke 04,D1,2018,11/05/2019,D,1,1,1.0,0.0,H,18.0,8.0,5.0,3.0,4.0,4.0,10.0,10.0,2.0,1.0,0.0,0.0
Nurnberg,M'gladbach,D1,2018,11/05/2019,A,0,4,0.0,0.0,D,12.0,16.0,2.0,5.0,1.0,5.0,4.0,14.0,0.0,2.0,0.0,0.0
RB Leipzig,Bayern Munich,D1,2018,11/05/2019,D,0,0,0.0,0.0,D,10.0,11.0,3.0,5.0,1.0,6.0,11.0,9.0,0.0,2.0,0.0,0.0
Stuttgart,Wolfsburg,D1,2018,11/05/2019,H,3,0,1.0,0.0,H,11.0,8.0,4.0,2.0,4.0,3.0,14.0,10.0,1.0,2.0,0.0,0.0
Ein Frankfurt,Mainz,D1,2018,12/05/2019,A,0,2,0.0,0.0,D,13.0,15.0,4.0,4.0,9.0,6.0,10.0,20.0,1.0,1.0,0.0,0.0
Bayern Munich,Ein Frankfurt,D1,2018,18/05/2019,H,5,1,1.0,0.0,H,23.0,6.0,14.0,2.0,5.0,3.0,7.0,13.0,2.0,2.0,0.0,0.0
Fortuna Dusseldorf,Hannover,D1,2018,18/05/2019,H,2,1,0.0,0.0,D,15.0,14.0,7.0,3.0,2.0,7.0,13.0,9.0,2.0,1.0,0.0,0.0
Freiburg,Nurnberg,D1,2018,18/05/2019,H,5,1,2.0,0.0,H,18.0,14.0,8.0,5.0,4.0,2.0,15.0,9.0,2.0,1.0,0.0,0.0
Hertha,Leverkusen,D1,2018,18/05/2019,A,1,5,1.0,2.0,A,9.0,13.0,4.0,8.0,4.0,3.0,10.0,14.0,1.0,1.0,0.0,0.0
Mainz,Hoffenheim,D1,2018,18/05/2019,H,4,2,0.0,2.0,A,22.0,19.0,12.0,7.0,8.0,5.0,17.0,9.0,2.0,4.0,0.0,1.0
M'gladbach,Dortmund,D1,2018,18/05/2019,A,0,2,0.0,1.0,A,7.0,12.0,0.0,3.0,2.0,2.0,8.0,6.0,1.0,1.0,0.0,0.0
Schalke 04,Stuttgart,D1,2018,18/05/2019,D,0,0,0.0,0.0,D,12.0,16.0,3.0,8.0,7.0,5.0,10.0,8.0,0.0,1.0,0.0,0.0
Werder Bremen,RB Leipzig,D1,2018,18/05/2019,H,2,1,1.0,0.0,H,6.0,10.0,3.0,3.0,3.0,9.0,16.0,12.0,2.0,2.0,0.0,0.0
Wolfsburg,Augsburg,D1,2018,18/05/2019,H,8,1,3.0,0.0,H,18.0,12.0,10.0,4.0,6.0,5.0,5.0,11.0,0.0,2.0,0.0,0.0
Bayern Munich,Hertha,D1,2019,16/08/2019,D,2,2,1.0,2.0,A,17.0,6.0,7.0,3.0,12.0,0.0,6.0,17.0,3.0,3.0,0.0,0.0
Dortmund,Augsburg,D1,2019,17/08/2019,H,5,1,1.0,1.0,D,23.0,5.0,10.0,1.0,10.0,0.0,8.0,6.0,0.0,0.0,0.0,0.0
Freiburg,Mainz,D1,2019,17/08/2019,H,3,0,0.0,0.0,D,19.0,19.0,8.0,5.0,5.0,5.0,6.0,15.0,1.0,3.0,0.0,0.0
Leverkusen,Paderborn,D1,2019,17/08/2019,H,3,2,2.0,2.0,D,13.0,11.0,4.0,6.0,6.0,6.0,8.0,9.0,2.0,0.0,0.0,0.0
Werder Bremen,Fortuna Dusseldorf,D1,2019,17/08/2019,A,1,3,0.0,1.0,A,23.0,12.0,10.0,7.0,14.0,5.0,8.0,13.0,0.0,2.0,0.0,0.0
Wolfsburg,FC Koln,D1,2019,17/08/2019,H,2,1,1.0,0.0,H,14.0,11.0,5.0,2.0,2.0,6.0,14.0,18.0,1.0,3.0,0.0,0.0
M'gladbach,Schalke 04,D1,2019,17/08/2019,D,0,0,0.0,0.0,D,16.0,8.0,4.0,1.0,8.0,3.0,8.0,10.0,3.0,2.0,0.0,0.0
Ein Frankfurt,Hoffenheim,D1,2019,18/08/2019,H,1,0,1.0,0.0,H,17.0,10.0,8.0,1.0,10.0,5.0,16.0,9.0,3.0,1.0,0.0,0.0
Union Berlin,RB Leipzig,D1,2019,18/08/2019,A,0,4,0.0,3.0,A,13.0,14.0,2.0,8.0,3.0,6.0,14.0,5.0,1.0,0.0,0.0,0.0
FC Koln,Dortmund,D1,2019,23/08/2019,A,1,3,1.0,0.0,H,13.0,14.0,1.0,6.0,7.0,8.0,11.0,10.0,2.0,1.0,0.0,0.0
Augsburg,Union Berlin,D1,2019,24/08/2019,D,1,1,0.0,0.0,D,12.0,13.0,4.0,1.0,3.0,4.0,16.0,19.0,3.0,1.0,0.0,1.0
Fortuna Dusseldorf,Leverkusen,D1,2019,24/08/2019,A,1,3,0.0,3.0,A,11.0,11.0,6.0,7.0,1.0,5.0,14.0,10.0,3.0,2.0,0.0,0.0
Hoffenheim,Werder Bremen,D1,2019,24/08/2019,H,3,2,0.0,1.0,A,10.0,18.0,3.0,6.0,3.0,6.0,13.0,15.0,2.0,5.0,0.0,1.0
Mainz,M'gladbach,D1,2019,24/08/2019,A,1,3,1.0,1.0,D,21.0,15.0,4.0,6.0,3.0,5.0,12.0,14.0,2.0,2.0,0.0,0.0
Paderborn,Freiburg,D1,2019,24/08/2019,A,1,3,1.0,2.0,A,15.0,9.0,2.0,4.0,9.0,5.0,20.0,6.0,3.0,1.0,0.0,0.0
Schalke 04,Bayern Munich,D1,2019,24/08/2019,A,0,3,0.0,1.0,A,9.0,10.0,2.0,6.0,3.0,4.0,11.0,10.0,0.0,0.0,0.0,0.0
RB Leipzig,Ein Frankfurt,D1,2019,25/08/2019,H,2,1,1.0,0.0,H,13.0,11.0,5.0,5.0,4.0,1.0,10.0,13.0,2.0,3.0,0.0,0.0
Hertha,Wolfsburg,D1,2019,25/08/2019,A,0,3,0.0,1.0,A,8.0,9.0,2.0,4.0,2.0,5.0,15.0,11.0,1.0,0.0,0.0,0.0
M'gladbach,RB Leipzig,D1,2019,30/08/2019,A,1,3,0.0,1.0,A,11.0,14.0,3.0,6.0,9.0,5.0,17.0,19.0,3.0,2.0,0.0,0.0
Bayern Munich,Mainz,D1,2019,31/08/2019,H,6,1,2.0,1.0,H,19.0,7.0,10.0,4.0,10.0,1.0,16.0,12.0,3.0,3.0,0.0,0.0
Freiburg,FC Koln,D1,2019,31/08/2019,A,1,2,1.0,0.0,H,14.0,9.0,1.0,3.0,5.0,6.0,6.0,15.0,0.0,2.0,0.0,0.0
Leverkusen,Hoffenheim,D1,2019,31/08/2019,D,0,0,0.0,0.0,D,20.0,6.0,2.0,1.0,19.0,0.0,7.0,11.0,2.0,2.0,0.0,0.0
Schalke 04,Hertha,D1,2019,31/08/2019,H,3,0,1.0,0.0,H,9.0,9.0,2.0,3.0,5.0,3.0,13.0,9.0,1.0,1.0,0.0,0.0
Wolfsburg,Paderborn,D1,2019,31/08/2019,D,1,1,0.0,1.0,A,15.0,7.0,5.0,3.0,8.0,3.0,8.0,12.0,0.0,3.0,0.0,0.0
Union Berlin,Dortmund,D1,2019,31/08/2019,H,3,1,1.0,1.0,D,15.0,13.0,7.0,2.0,7.0,4.0,13.0,2.0,0.0,0.0,0.0,0.0
Werder Bremen,Augsburg,D1,2019,01/09/2019,H,3,2,2.0,1.0,H,15.0,12.0,5.0,6.0,4.0,2.0,9.0,11.0,1.0,4.0,0.0,1.0
Ein Frankfurt,Fortuna Dusseldorf,D1,2019,01/09/2019,H,2,1,0.0,1.0,A,15.0,14.0,8.0,4.0,4.0,1.0,13.0,15.0,2.0,4.0,0.0,0.0
Fortuna Dusseldorf,Wolfsburg,D1,2019,13/09/2019,D,1,1,1.0,1.0,D,12.0,15.0,3.0,6.0,3.0,8.0,7.0,14.0,0.0,2.0,0.0,0.0
Augsburg,Ein Frankfurt,D1,2019,14/09/2019,H,2,1,2.0,0.0,H,9.0,23.0,6.0,3.0,2.0,11.0,8.0,8.0,2.0,1.0,0.0,0.0
Dortmund,Leverkusen,D1,2019,14/09/2019,H,4,0,1.0,0.0,H,11.0,22.0,9.0,12.0,3.0,3.0,9.0,11.0,0.0,3.0,0.0,0.0
FC Koln,M'gladbach,D1,2019,14/09/2019,A,0,1,0.0,1.0,A,14.0,15.0,7.0,4.0,4.0,7.0,22.0,17.0,2.0,2.0,0.0,0.0
Mainz,Hertha,D1,2019,14/09/2019,H,2,1,1.0,0.0,H,14.0,16.0,5.0,8.0,6.0,3.0,16.0,11.0,2.0,2.0,0.0,0.0
Union Berlin,Werder Bremen,D1,2019,14/09/2019,A,1,2,1.0,1.0,D,12.0,16.0,5.0,7.0,7.0,4.0,23.0,10.0,3.0,4.0,1.0,1.0
RB Leipzig,Bayern Munich,D1,2019,14/09/2019,D,1,1,1.0,1.0,D,12.0,14.0,6.0,7.0,3.0,6.0,11.0,4.0,4.0,2.0,0.0,0.0
Hoffenheim,Freiburg,D1,2019,15/09/2019,A,0,3,0.0,2.0,A,22.0,16.0,5.0,8.0,12.0,4.0,10.0,6.0,0.0,2.0,0.0,0.0
Paderborn,Schalke 04,D1,2019,15/09/2019,A,1,5,1.0,1.0,D,9.0,18.0,1.0,11.0,3.0,5.0,17.0,12.0,2.0,1.0,0.0,0.0
Schalke 04,Mainz,D1,2019,20/09/2019,H,2,1,1.0,0.0,H,19.0,14.0,6.0,3.0,5.0,5.0,7.0,15.0,1.0,1.0,0.0,0.0
Bayern Munich,FC Koln,D1,2019,21/09/2019,H,4,0,1.0,0.0,H,24.0,16.0,5.0,2.0,12.0,4.0,15.0,20.0,4.0,0.0,0.0,1.0
Freiburg,Augsburg,D1,2019,21/09/2019,D,1,1,1.0,1.0,D,17.0,12.0,5.0,2.0,7.0,4.0,13.0,13.0,1.0,1.0,0.0,0.0
Hertha,Paderborn,D1,2019,21/09/2019,H,2,1,1.0,0.0,H,6.0,17.0,4.0,8.0,1.0,8.0,13.0,15.0,4.0,4.0,0.0,0.0
Leverkusen,Union Berlin,D1,2019,21/09/2019,H,2,0,2.0,0.0,H,20.0,4.0,7.0,0.0,8.0,1.0,10.0,10.0,0.0,1.0,0.0,1.0
Werder Bremen,RB Leipzig,D1,2019,21/09/2019,A,0,3,0.0,2.0,A,11.0,14.0,1.0,7.0,4.0,7.0,11.0,13.0,0.0,3.0,0.0,1.0
M'gladbach,Fortuna Dusseldorf,D1,2019,22/09/2019,H,2,1,0.0,1.0,A,23.0,18.0,11.0,4.0,10.0,4.0,14.0,11.0,2.0,3.0,0.0,0.0
Ein Frankfurt,Dortmund,D1,2019,22/09/2019,D,2,2,1.0,1.0,D,17.0,15.0,3.0,7.0,5.0,8.0,18.0,10.0,2.0,2.0,0.0,0.0
Wolfsburg,Hoffenheim,D1,2019,23/09/2019,D,1,1,1.0,1.0,D,12.0,11.0,4.0,5.0,4.0,6.0,11.0,18.0,2.0,4.0,0.0,0.0
Union Berlin,Ein Frankfurt,D1,2019,27/09/2019,A,1,2,0.0,0.0,D,12.0,14.0,5.0,6.0,4.0,5.0,11.0,12.0,1.0,1.0,0.0,0.0
Augsburg,Leverkusen,D1,2019,28/09/2019,A,0,3,0.0,1.0,A,8.0,11.0,1.0,5.0,1.0,3.0,16.0,9.0,4.0,0.0,0.0,0.0
Hoffenheim,M'gladbach,D1,2019,28/09/2019,A,0,3,0.0,1.0,A,17.0,11.0,4.0,5.0,2.0,5.0,10.0,11.0,2.0,2.0,0.0,0.0
Mainz,Wolfsburg,D1,2019,28/09/2019,A,0,1,0.0,1.0,A,15.0,4.0,5.0,3.0,10.0,1.0,9.0,15.0,2.0,3.0,0.0,0.0
Paderborn,Bayern Munich,D1,2019,28/09/2019,A,2,3,0.0,1.0,A,10.0,18.0,5.0,6.0,11.0,5.0,7.0,6.0,1.0,1.0,0.0,0.0
RB Leipzig,Schalke 04,D1,2019,28/09/2019,A,1,3,0.0,2.0,A,17.0,13.0,6.0,8.0,8.0,4.0,13.0,11.0,1.0,1.0,0.0,0.0
Dortmund,Werder Bremen,D1,2019,28/09/2019,D,2,2,2.0,1.0,H,19.0,11.0,7.0,5.0,9.0,2.0,8.0,10.0,1.0,0.0,0.0,0.0
Fortuna Dusseldorf,Freiburg,D1,2019,29/09/2019,A,1,2,1.0,1.0,D,17.0,9.0,7.0,3.0,5.0,1.0,9.0,9.0,2.0,2.0,0.0,0.0
FC Koln,Hertha,D1,2019,29/09/2019,A,0,4,0.0,1.0,A,8.0,10.0,3.0,6.0,8.0,4.0,11.0,13.0,1.0,0.0,1.0,0.0
Hertha,Fortuna Dusseldorf,D1,2019,04/10/2019,H,3,1,2.0,1.0,H,16.0,9.0,3.0,3.0,9.0,2.0,17.0,18.0,3.0,3.0,0.0,0.0
Bayern Munich,Hoffenheim,D1,2019,05/10/2019,A,1,2,0.0,0.0,D,20.0,8.0,4.0,5.0,9.0,3.0,8.0,12.0,2.0,0.0,0.0,0.0
Freiburg,Dortmund,D1,2019,05/10/2019,D,2,2,0.0,1.0,A,6.0,8.0,1.0,4.0,3.0,11.0,10.0,8.0,0.0,3.0,0.0,0.0
Leverkusen,RB Leipzig,D1,2019,05/10/2019,D,1,1,0.0,0.0,D,11.0,11.0,8.0,5.0,4.0,0.0,11.0,12.0,2.0,2.0,0.0,0.0
Paderborn,Mainz,D1,2019,05/10/2019,A,1,2,1.0,2.0,A,16.0,18.0,7.0,7.0,7.0,10.0,8.0,18.0,1.0,4.0,0.0,0.0
Schalke 04,FC Koln,D1,2019,05/10/2019,D,1,1,0.0,0.0,D,15.0,9.0,3.0,5.0,6.0,4.0,15.0,15.0,4.0,4.0,0.0,0.0
M'gladbach,Augsburg,D1,2019,06/10/2019,H,5,1,4.0,0.0,H,13.0,13.0,9.0,3.0,2.0,7.0,9.0,9.0,1.0,2.0,0.0,0.0
Wolfsburg,Union Berlin,D1,2019,06/10/2019,H,1,0,0.0,0.0,D,13.0,14.0,4.0,3.0,5.0,4.0,17.0,15.0,2.0,2.0,0.0,0.0
Ein Frankfurt,Werder Bremen,D1,2019,06/10/2019,D,2,2,0.0,1.0,A,24.0,11.0,7.0,5.0,10.0,1.0,12.0,8.0,2.0,1.0,0.0,0.0
Ein Frankfurt,Leverkusen,D1,2019,18/10/2019,H,3,0,2.0,0.0,H,10.0,19.0,5.0,10.0,4.0,1.0,11.0,12.0,1.0,1.0,0.0,0.0
Augsburg,Bayern Munich,D1,2019,19/10/2019,D,2,2,1.0,1.0,D,9.0,24.0,7.0,9.0,3.0,7.0,10.0,6.0,3.0,3.0,0.0,0.0
Fortuna Dusseldorf,Mainz,D1,2019,19/10/2019,H,1,0,0.0,0.0,D,20.0,7.0,4.0,1.0,8.0,1.0,10.0,17.0,2.0,4.0,0.0,1.0
RB Leipzig,Wolfsburg,D1,2019,19/10/2019,D,1,1,0.0,0.0,D,13.0,14.0,5.0,6.0,3.0,3.0,10.0,9.0,1.0,3.0,0.0,0.0
Union Berlin,Freiburg,D1,2019,19/10/2019,H,2,0,1.0,0.0,H,18.0,12.0,5.0,4.0,3.0,4.0,21.0,13.0,3.0,0.0,0.0,0.0
Werder Bremen,Hertha,D1,2019,19/10/2019,D,1,1,1.0,0.0,H,15.0,11.0,5.0,2.0,7.0,5.0,8.0,11.0,1.0,1.0,0.0,0.0
Dortmund,M'gladbach,D1,2019,19/10/2019,H,1,0,0.0,0.0,D,20.0,13.0,7.0,3.0,10.0,8.0,13.0,15.0,1.0,2.0,0.0,0.0
FC Koln,Paderborn,D1,2019,20/10/2019,H,3,0,1.0,0.0,H,16.0,9.0,6.0,1.0,6.0,9.0,6.0,7.0,0.0,0.0,0.0,0.0
Hoffenheim,Schalke 04,D1,2019,20/10/2019,H,2,0,0.0,0.0,D,9.0,11.0,3.0,1.0,3.0,8.0,12.0,14.0,2.0,2.0,0.0,0.0
Mainz,FC Koln,D1,2019,25/10/2019,H,3,1,1.0,1.0,D,18.0,16.0,6.0,8.0,5.0,10.0,20.0,9.0,2.0,2.0,0.0,0.0
Bayern Munich,Union Berlin,D1,2019,26/10/2019,H,2,1,1.0,0.0,H,21.0,6.0,10.0,4.0,8.0,2.0,9.0,15.0,0.0,1.0,0.0,0.0
Freiburg,RB Leipzig,D1,2019,26/10/2019,H,2,1,1.0,0.0,H,14.0,25.0,3.0,6.0,5.0,4.0,10.0,9.0,3.0,1.0,0.0,0.0
Hertha,Hoffenheim,D1,2019,26/10/2019,A,2,3,0.0,2.0,A,13.0,17.0,4.0,8.0,4.0,4.0,17.0,12.0,3.0,3.0,1.0,0.0
Paderborn,Fortuna Dusseldorf,D1,2019,26/10/2019,H,2,0,1.0,0.0,H,14.0,18.0,6.0,4.0,4.0,7.0,21.0,17.0,5.0,4.0,0.0,0.0
Schalke 04,Dortmund,D1,2019,26/10/2019,D,0,0,0.0,0.0,D,13.0,8.0,3.0,3.0,8.0,2.0,8.0,7.0,3.0,2.0,0.0,0.0
Leverkusen,Werder Bremen,D1,2019,26/10/2019,D,2,2,1.0,1.0,D,21.0,10.0,4.0,3.0,10.0,1.0,12.0,13.0,2.0,1.0,0.0,0.0
Wolfsburg,Augsburg,D1,2019,27/10/2019,D,0,0,0.0,0.0,D,14.0,10.0,3.0,5.0,5.0,3.0,12.0,13.0,0.0,0.0,0.0,0.0
M'gladbach,Ein Frankfurt,D1,2019,27/10/2019,H,4,2,2.0,0.0,H,12.0,15.0,7.0,3.0,5.0,6.0,12.0,11.0,1.0,1.0,0.0,0.0
Hoffenheim,Paderborn,D1,2019,01/11/2019,H,3,0,3.0,0.0,H,12.0,9.0,7.0,2.0,4.0,4.0,7.0,12.0,0.0,1.0,0.0,0.0
Dortmund,Wolfsburg,D1,2019,02/11/2019,H,3,0,0.0,0.0,D,17.0,12.0,8.0,3.0,7.0,2.0,12.0,18.0,1.0,3.0,0.0,0.0
Ein Frankfurt,Bayern Munich,D1,2019,02/11/2019,H,5,1,2.0,1.0,H,17.0,7.0,11.0,3.0,3.0,0.0,12.0,7.0,1.0,2.0,0.0,1.0
Leverkusen,M'gladbach,D1,2019,02/11/2019,A,1,2,1.0,2.0,A,23.0,11.0,6.0,6.0,13.0,0.0,13.0,8.0,2.0,1.0,1.0,0.0
RB Leipzig,Mainz,D1,2019,02/11/2019,H,8,0,5.0,0.0,H,19.0,10.0,12.0,2.0,3.0,4.0,10.0,7.0,0.0,1.0,0.0,0.0
Werder Bremen,Freiburg,D1,2019,02/11/2019,D,2,2,1.0,1.0,D,20.0,13.0,10.0,3.0,5.0,0.0,17.0,9.0,3.0,4.0,0.0,1.0
Union Berlin,Hertha,D1,2019,02/11/2019,H,1,0,0.0,0.0,D,16.0,8.0,6.0,3.0,1.0,4.0,14.0,9.0,1.0,1.0,0.0,0.0
Fortuna Dusseldorf,FC Koln,D1,2019,03/11/2019,H,2,0,1.0,0.0,H,9.0,8.0,3.0,1.0,3.0,4.0,10.0,20.0,1.0,3.0,0.0,0.0
Augsburg,Schalke 04,D1,2019,03/11/2019,A,2,3,1.0,1.0,D,12.0,11.0,4.0,3.0,1.0,6.0,12.0,10.0,3.0,5.0,0.0,0.0
FC Koln,Hoffenheim,D1,2019,08/11/2019,A,1,2,1.0,0.0,H,11.0,15.0,3.0,5.0,5.0,7.0,21.0,14.0,4.0,3.0,0.0,0.0
Hertha,RB Leipzig,D1,2019,09/11/2019,A,2,4,1.0,2.0,A,7.0,10.0,3.0,7.0,0.0,5.0,12.0,12.0,2.0,1.0,0.0,0.0
Mainz,Union Berlin,D1,2019,09/11/2019,A,2,3,0.0,2.0,A,18.0,14.0,5.0,4.0,3.0,2.0,15.0,15.0,1.0,4.0,0.0,0.0
Paderborn,Augsburg,D1,2019,09/11/2019,A,0,1,0.0,1.0,A,12.0,13.0,4.0,5.0,5.0,7.0,15.0,12.0,1.0,3.0,0.0,0.0
Schalke 04,Fortuna Dusseldorf,D1,2019,09/11/2019,D,3,3,1.0,0.0,H,12.0,9.0,5.0,5.0,2.0,4.0,9.0,15.0,2.0,4.0,0.0,0.0
Bayern Munich,Dortmund,D1,2019,09/11/2019,H,4,0,1.0,0.0,H,17.0,2.0,5.0,0.0,2.0,1.0,11.0,12.0,2.0,1.0,0.0,0.0
M'gladbach,Werder Bremen,D1,2019,10/11/2019,H,3,1,2.0,0.0,H,17.0,16.0,7.0,7.0,3.0,8.0,17.0,11.0,5.0,4.0,1.0,0.0
Wolfsburg,Leverkusen,D1,2019,10/11/2019,A,0,2,0.0,1.0,A,9.0,9.0,1.0,4.0,9.0,0.0,8.0,9.0,2.0,2.0,0.0,0.0
Freiburg,Ein Frankfurt,D1,2019,10/11/2019,H,1,0,0.0,0.0,D,13.0,17.0,7.0,6.0,8.0,10.0,7.0,13.0,1.0,3.0,1.0,2.0
Dortmund,Paderborn,D1,2019,22/11/2019,D,3,3,0.0,3.0,A,18.0,10.0,7.0,4.0,10.0,2.0,8.0,7.0,3.0,1.0,0.0,0.0
Ein Frankfurt,Wolfsburg,D1,2019,23/11/2019,A,0,2,0.0,1.0,A,17.0,9.0,9.0,6.0,12.0,1.0,13.0,22.0,3.0,5.0,0.0,1.0
Fortuna Dusseldorf,Bayern Munich,D1,2019,23/11/2019,A,0,4,0.0,3.0,A,12.0,18.0,1.0,5.0,8.0,6.0,8.0,6.0,1.0,1.0,0.0,0.0
Leverkusen,Freiburg,D1,2019,23/11/2019,D,1,1,1.0,1.0,D,27.0,7.0,9.0,2.0,13.0,3.0,9.0,14.0,0.0,3.0,0.0,0.0
Union Berlin,M'gladbach,D1,2019,23/11/2019,H,2,0,1.0,0.0,H,11.0,12.0,6.0,2.0,2.0,6.0,12.0,7.0,1.0,1.0,0.0,0.0
Werder Bremen,Schalke 04,D1,2019,23/11/2019,A,1,2,0.0,1.0,A,16.0,10.0,5.0,5.0,1.0,3.0,12.0,15.0,3.0,2.0,0.0,0.0
RB Leipzig,FC Koln,D1,2019,23/11/2019,H,4,1,3.0,1.0,H,20.0,6.0,8.0,1.0,13.0,3.0,9.0,15.0,0.0,3.0,0.0,0.0
Augsburg,Hertha,D1,2019,24/11/2019,H,4,0,2.0,0.0,H,14.0,5.0,5.0,1.0,3.0,3.0,8.0,18.0,0.0,2.0,0.0,1.0
Hoffenheim,Mainz,D1,2019,24/11/2019,A,1,5,0.0,1.0,A,22.0,11.0,8.0,5.0,14.0,3.0,10.0,13.0,1.0,3.0,0.0,1.0
Schalke 04,Union Berlin,D1,2019,29/11/2019,H,2,1,1.0,1.0,D,17.0,17.0,8.0,7.0,7.0,4.0,12.0,13.0,1.0,4.0,0.0,0.0
FC Koln,Augsburg,D1,2019,30/11/2019,D,1,1,0.0,1.0,A,13.0,11.0,6.0,4.0,4.0,8.0,15.0,17.0,8.0,3.0,1.0,1.0
Hertha,Dortmund,D1,2019,30/11/2019,A,1,2,1.0,2.0,A,13.0,7.0,3.0,5.0,2.0,2.0,13.0,8.0,3.0,2.0,0.0,1.0
Hoffenheim,Fortuna Dusseldorf,D1,2019,30/11/2019,D,1,1,1.0,0.0,H,12.0,11.0,6.0,3.0,2.0,5.0,11.0,16.0,2.0,4.0,0.0,0.0
Paderborn,RB Leipzig,D1,2019,30/11/2019,A,2,3,0.0,3.0,A,8.0,18.0,4.0,6.0,6.0,6.0,10.0,13.0,3.0,3.0,0.0,0.0
Bayern Munich,Leverkusen,D1,2019,30/11/2019,A,1,2,1.0,2.0,A,24.0,11.0,11.0,7.0,8.0,2.0,9.0,16.0,1.0,3.0,0.0,1.0
M'gladbach,Freiburg,D1,2019,01/12/2019,H,4,2,1.0,1.0,D,22.0,13.0,13.0,5.0,2.0,3.0,13.0,15.0,3.0,2.0,0.0,0.0
Wolfsburg,Werder Bremen,D1,2019,01/12/2019,A,2,3,1.0,2.0,A,19.0,10.0,6.0,3.0,9.0,3.0,14.0,14.0,1.0,4.0,0.0,0.0
Mainz,Ein Frankfurt,D1,2019,02/12/2019,H,2,1,0.0,1.0,A,18.0,14.0,8.0,4.0,8.0,6.0,13.0,10.0,1.0,2.0,0.0,1.0
Ein Frankfurt,Hertha,D1,2019,06/12/2019,D,2,2,0.0,1.0,A,25.0,9.0,6.0,3.0,16.0,1.0,11.0,15.0,3.0,4.0,0.0,0.0
Augsburg,Mainz,D1,2019,07/12/2019,H,2,1,1.0,1.0,D,18.0,12.0,5.0,3.0,8.0,2.0,13.0,14.0,2.0,2.0,0.0,0.0
Dortmund,Fortuna Dusseldorf,D1,2019,07/12/2019,H,5,0,1.0,0.0,H,23.0,2.0,10.0,0.0,6.0,0.0,8.0,10.0,0.0,3.0,0.0,0.0
Freiburg,Wolfsburg,D1,2019,07/12/2019,H,1,0,0.0,0.0,D,10.0,10.0,3.0,0.0,2.0,7.0,13.0,20.0,0.0,2.0,0.0,0.0
M'gladbach,Bayern Munich,D1,2019,07/12/2019,H,2,1,0.0,0.0,D,7.0,17.0,3.0,5.0,2.0,5.0,12.0,17.0,3.0,5.0,0.0,1.0
RB Leipzig,Hoffenheim,D1,2019,07/12/2019,H,3,1,1.0,0.0,H,25.0,11.0,14.0,1.0,8.0,6.0,14.0,5.0,3.0,1.0,0.0,0.0
Leverkusen,Schalke 04,D1,2019,07/12/2019,H,2,1,1.0,0.0,H,19.0,5.0,9.0,3.0,9.0,0.0,11.0,11.0,2.0,2.0,0.0,0.0
Union Berlin,FC Koln,D1,2019,08/12/2019,H,2,0,1.0,0.0,H,11.0,14.0,5.0,4.0,3.0,5.0,21.0,19.0,1.0,3.0,0.0,0.0
Werder Bremen,Paderborn,D1,2019,08/12/2019,A,0,1,0.0,0.0,D,12.0,18.0,3.0,5.0,13.0,6.0,10.0,13.0,1.0,4.0,0.0,0.0
Hoffenheim,Augsburg,D1,2019,13/12/2019,A,2,4,1.0,1.0,D,19.0,6.0,8.0,4.0,11.0,1.0,10.0,7.0,1.0,0.0,0.0,0.0
Bayern Munich,Werder Bremen,D1,2019,14/12/2019,H,6,1,2.0,1.0,H,29.0,11.0,14.0,2.0,8.0,2.0,13.0,12.0,2.0,2.0,0.0,0.0
FC Koln,Leverkusen,D1,2019,14/12/2019,H,2,0,0.0,0.0,D,13.0,6.0,5.0,2.0,3.0,4.0,12.0,9.0,2.0,3.0,0.0,2.0
Hertha,Freiburg,D1,2019,14/12/2019,H,1,0,0.0,0.0,D,14.0,15.0,4.0,2.0,4.0,7.0,9.0,5.0,2.0,0.0,0.0,0.0
Mainz,Dortmund,D1,2019,14/12/2019,A,0,4,0.0,1.0,A,9.0,18.0,0.0,7.0,3.0,5.0,8.0,10.0,1.0,0.0,0.0,0.0
Paderborn,Union Berlin,D1,2019,14/12/2019,D,1,1,1.0,1.0,D,14.0,15.0,3.0,2.0,2.0,3.0,19.0,16.0,2.0,4.0,0.0,0.0
Fortuna Dusseldorf,RB Leipzig,D1,2019,14/12/2019,A,0,3,0.0,1.0,A,4.0,21.0,1.0,7.0,3.0,9.0,11.0,7.0,2.0,1.0,0.0,0.0
Wolfsburg,M'gladbach,D1,2019,15/12/2019,H,2,1,1.0,1.0,D,17.0,6.0,7.0,5.0,5.0,2.0,20.0,15.0,3.0,3.0,0.0,0.0
Schalke 04,Ein Frankfurt,D1,2019,15/12/2019,H,1,0,0.0,0.0,D,11.0,17.0,5.0,3.0,7.0,6.0,15.0,12.0,1.0,4.0,1.0,0.0
Werder Bremen,Mainz,D1,2019,17/12/2019,A,0,5,0.0,4.0,A,15.0,19.0,5.0,8.0,8.0,5.0,13.0,13.0,2.0,2.0,0.0,0.0
Augsburg,Fortuna Dusseldorf,D1,2019,17/12/2019,H,3,0,1.0,0.0,H,12.0,6.0,7.0,2.0,4.0,2.0,10.0,15.0,3.0,4.0,0.0,0.0
Dortmund,RB Leipzig,D1,2019,17/12/2019,D,3,3,2.0,0.0,H,14.0,12.0,6.0,8.0,12.0,3.0,9.0,5.0,0.0,0.0,0.0,0.0
Union Berlin,Hoffenheim,D1,2019,17/12/2019,A,0,2,0.0,0.0,D,16.0,7.0,2.0,4.0,6.0,1.0,16.0,13.0,2.0,6.0,0.0,0.0
Leverkusen,Hertha,D1,2019,18/12/2019,A,0,1,0.0,0.0,D,17.0,10.0,7.0,5.0,5.0,4.0,12.0,16.0,2.0,3.0,0.0,0.0
Ein Frankfurt,FC Koln,D1,2019,18/12/2019,A,2,4,2.0,1.0,H,17.0,21.0,6.0,9.0,7.0,10.0,12.0,10.0,2.0,4.0,0.0,0.0
Freiburg,Bayern Munich,D1,2019,18/12/2019,A,1,3,0.0,1.0,A,15.0,22.0,5.0,10.0,6.0,8.0,5.0,8.0,0.0,3.0,0.0,0.0
M'gladbach,Paderborn,D1,2019,18/12/2019,H,2,0,0.0,0.0,D,17.0,12.0,6.0,2.0,8.0,4.0,6.0,14.0,2.0,3.0,0.0,0.0
Wolfsburg,Schalke 04,D1,2019,18/12/2019,D,1,1,0.0,0.0,D,29.0,8.0,11.0,2.0,12.0,5.0,13.0,11.0,1.0,1.0,0.0,0.0
Hoffenheim,Dortmund,D1,2019,20/12/2019,H,2,1,0.0,1.0,A,11.0,12.0,3.0,5.0,0.0,8.0,8.0,12.0,0.0,1.0,0.0,0.0
Bayern Munich,Wolfsburg,D1,2019,21/12/2019,H,2,0,0.0,0.0,D,18.0,10.0,8.0,3.0,12.0,6.0,7.0,7.0,2.0,2.0,0.0,0.0
FC Koln,Werder Bremen,D1,2019,21/12/2019,H,1,0,1.0,0.0,H,7.0,6.0,1.0,1.0,1.0,7.0,11.0,18.0,1.0,4.0,0.0,0.0
Mainz,Leverkusen,D1,2019,21/12/2019,A,0,1,0.0,0.0,D,17.0,14.0,2.0,4.0,6.0,6.0,8.0,8.0,0.0,2.0,0.0,1.0
RB Leipzig,Augsburg,D1,2019,21/12/2019,H,3,1,0.0,1.0,A,22.0,6.0,7.0,2.0,10.0,4.0,7.0,9.0,1.0,3.0,0.0,0.0
Schalke 04,Freiburg,D1,2019,21/12/2019,D,2,2,1.0,0.0,H,19.0,19.0,6.0,7.0,7.0,5.0,9.0,12.0,1.0,1.0,0.0,0.0
Hertha,M'gladbach,D1,2019,21/12/2019,D,0,0,0.0,0.0,D,8.0,11.0,0.0,5.0,1.0,7.0,11.0,11.0,2.0,2.0,0.0,0.0
Fortuna Dusseldorf,Union Berlin,D1,2019,22/12/2019,H,2,1,1.0,0.0,H,22.0,17.0,8.0,6.0,7.0,5.0,8.0,18.0,2.0,4.0,0.0,0.0
Paderborn,Ein Frankfurt,D1,2019,22/12/2019,H,2,1,2.0,0.0,H,19.0,20.0,5.0,5.0,3.0,8.0,11.0,11.0,3.0,2.0,0.0,0.0
Schalke 04,M'gladbach,D1,2019,17/01/2020,H,2,0,0.0,0.0,D,13.0,14.0,7.0,5.0,8.0,8.0,13.0,17.0,3.0,4.0,0.0,0.0
Augsburg,Dortmund,D1,2019,18/01/2020,A,3,5,1.0,0.0,H,13.0,17.0,5.0,8.0,2.0,6.0,4.0,5.0,0.0,1.0,0.0,0.0
FC Koln,Wolfsburg,D1,2019,18/01/2020,H,3,1,2.0,0.0,H,12.0,17.0,7.0,8.0,8.0,5.0,11.0,18.0,3.0,3.0,0.0,0.0
Fortuna Dusseldorf,Werder Bremen,D1,2019,18/01/2020,A,0,1,0.0,0.0,D,17.0,13.0,2.0,4.0,6.0,4.0,16.0,12.0,4.0,5.0,0.0,1.0
Hoffenheim,Ein Frankfurt,D1,2019,18/01/2020,A,1,2,0.0,1.0,A,12.0,13.0,5.0,3.0,8.0,6.0,10.0,13.0,2.0,2.0,0.0,0.0
Mainz,Freiburg,D1,2019,18/01/2020,A,1,2,0.0,2.0,A,24.0,13.0,8.0,5.0,7.0,5.0,15.0,10.0,4.0,2.0,0.0,0.0
RB Leipzig,Union Berlin,D1,2019,18/01/2020,H,3,1,0.0,1.0,A,19.0,15.0,8.0,5.0,4.0,4.0,6.0,18.0,1.0,3.0,0.0,0.0
Hertha,Bayern Munich,D1,2019,19/01/2020,A,0,4,0.0,0.0,D,6.0,20.0,1.0,10.0,0.0,4.0,7.0,14.0,3.0,1.0,0.0,0.0
Paderborn,Leverkusen,D1,2019,19/01/2020,A,1,4,0.0,3.0,A,13.0,12.0,7.0,7.0,6.0,4.0,8.0,12.0,4.0,1.0,0.0,0.0
Dortmund,FC Koln,D1,2019,24/01/2020,H,5,1,2.0,0.0,H,14.0,11.0,9.0,5.0,1.0,3.0,6.0,7.0,1.0,1.0,0.0,0.0
Ein Frankfurt,RB Leipzig,D1,2019,25/01/2020,H,2,0,0.0,0.0,D,7.0,22.0,5.0,4.0,4.0,6.0,8.0,10.0,1.0,2.0,0.0,0.0
Freiburg,Paderborn,D1,2019,25/01/2020,A,0,2,0.0,0.0,D,19.0,15.0,5.0,3.0,6.0,6.0,11.0,7.0,4.0,4.0,0.0,1.0
M'gladbach,Mainz,D1,2019,25/01/2020,H,3,1,1.0,1.0,D,15.0,12.0,5.0,9.0,6.0,3.0,7.0,14.0,2.0,3.0,0.0,0.0
Union Berlin,Augsburg,D1,2019,25/01/2020,H,2,0,0.0,0.0,D,12.0,25.0,3.0,7.0,4.0,5.0,18.0,9.0,4.0,1.0,0.0,0.0
Wolfsburg,Hertha,D1,2019,25/01/2020,A,1,2,0.0,0.0,D,20.0,9.0,7.0,4.0,9.0,4.0,8.0,8.0,0.0,1.0,0.0,0.0
Bayern Munich,Schalke 04,D1,2019,25/01/2020,H,5,0,2.0,0.0,H,24.0,7.0,14.0,1.0,9.0,2.0,3.0,4.0,0.0,0.0,0.0,0.0
Werder Bremen,Hoffenheim,D1,2019,26/01/2020,A,0,3,0.0,0.0,D,16.0,9.0,3.0,4.0,7.0,4.0,14.0,15.0,2.0,2.0,0.0,0.0
Leverkusen,Fortuna Dusseldorf,D1,2019,26/01/2020,H,3,0,1.0,0.0,H,25.0,12.0,11.0,3.0,8.0,5.0,11.0,10.0,0.0,3.0,0.0,0.0
Hertha,Schalke 04,D1,2019,31/01/2020,D,0,0,0.0,0.0,D,9.0,13.0,0.0,5.0,3.0,7.0,9.0,9.0,1.0,1.0,0.0,0.0
Augsburg,Werder Bremen,D1,2019,01/02/2020,H,2,1,0.0,1.0,A,14.0,7.0,4.0,1.0,5.0,3.0,8.0,17.0,2.0,5.0,0.0,0.0
Dortmund,Union Berlin,D1,2019,01/02/2020,H,5,0,2.0,0.0,H,13.0,5.0,7.0,0.0,5.0,3.0,7.0,8.0,0.0,1.0,0.0,0.0
Fortuna Dusseldorf,Ein Frankfurt,D1,2019,01/02/2020,D,1,1,0.0,0.0,D,8.0,6.0,1.0,4.0,4.0,4.0,6.0,12.0,2.0,1.0,0.0,0.0
Hoffenheim,Leverkusen,D1,2019,01/02/2020,H,2,1,1.0,1.0,D,14.0,22.0,6.0,11.0,4.0,10.0,8.0,10.0,3.0,3.0,0.0,1.0
Mainz,Bayern Munich,D1,2019,01/02/2020,A,1,3,1.0,3.0,A,8.0,13.0,3.0,5.0,6.0,4.0,12.0,9.0,3.0,1.0,0.0,0.0
RB Leipzig,M'gladbach,D1,2019,01/02/2020,D,2,2,0.0,2.0,A,18.0,7.0,8.0,4.0,4.0,4.0,12.0,13.0,1.0,6.0,0.0,1.0
FC Koln,Freiburg,D1,2019,02/02/2020,H,4,0,1.0,0.0,H,24.0,9.0,9.0,2.0,10.0,6.0,13.0,9.0,3.0,1.0,0.0,0.0
Paderborn,Wolfsburg,D1,2019,02/02/2020,A,2,4,1.0,2.0,A,10.0,9.0,7.0,5.0,3.0,7.0,15.0,17.0,3.0,3.0,1.0,0.0
Ein Frankfurt,Augsburg,D1,2019,07/02/2020,H,5,0,1.0,0.0,H,13.0,8.0,9.0,5.0,1.0,4.0,7.0,5.0,1.0,0.0,0.0,0.0
Freiburg,Hoffenheim,D1,2019,08/02/2020,H,1,0,1.0,0.0,H,12.0,21.0,6.0,6.0,5.0,10.0,10.0,13.0,3.0,3.0,0.0,0.0
Hertha,Mainz,D1,2019,08/02/2020,A,1,3,0.0,1.0,A,13.0,10.0,3.0,3.0,10.0,1.0,13.0,16.0,4.0,1.0,1.0,0.0
Schalke 04,Paderborn,D1,2019,08/02/2020,D,1,1,0.0,0.0,D,15.0,15.0,4.0,4.0,11.0,10.0,6.0,8.0,2.0,3.0,0.0,0.0
Werder Bremen,Union Berlin,D1,2019,08/02/2020,A,0,2,0.0,0.0,D,14.0,11.0,3.0,5.0,5.0,5.0,7.0,16.0,4.0,3.0,0.0,0.0
Wolfsburg,Fortuna Dusseldorf,D1,2019,08/02/2020,D,1,1,0.0,1.0,A,9.0,10.0,5.0,2.0,3.0,5.0,10.0,14.0,0.0,1.0,1.0,0.0
Leverkusen,Dortmund,D1,2019,08/02/2020,H,4,3,2.0,2.0,D,9.0,12.0,5.0,6.0,3.0,7.0,9.0,10.0,2.0,1.0,0.0,0.0
Bayern Munich,RB Leipzig,D1,2019,09/02/2020,D,0,0,0.0,0.0,D,10.0,8.0,3.0,1.0,11.0,3.0,8.0,12.0,2.0,2.0,0.0,0.0
Dortmund,Ein Frankfurt,D1,2019,14/02/2020,H,4,0,1.0,0.0,H,17.0,1.0,7.0,0.0,5.0,0.0,7.0,3.0,0.0,1.0,0.0,0.0
Augsburg,Freiburg,D1,2019,15/02/2020,D,1,1,1.0,0.0,H,10.0,20.0,3.0,5.0,0.0,3.0,19.0,5.0,4.0,1.0,0.0,0.0
Hoffenheim,Wolfsburg,D1,2019,15/02/2020,A,2,3,1.0,1.0,D,14.0,15.0,6.0,6.0,4.0,4.0,7.0,12.0,2.0,2.0,0.0,0.0
Paderborn,Hertha,D1,2019,15/02/2020,A,1,2,0.0,1.0,A,20.0,17.0,4.0,6.0,5.0,8.0,14.0,12.0,2.0,2.0,0.0,0.0
RB Leipzig,Werder Bremen,D1,2019,15/02/2020,H,3,0,2.0,0.0,H,10.0,8.0,3.0,1.0,8.0,1.0,10.0,12.0,1.0,1.0,0.0,0.0
Union Berlin,Leverkusen,D1,2019,15/02/2020,A,2,3,1.0,1.0,D,20.0,12.0,7.0,5.0,6.0,4.0,9.0,12.0,2.0,2.0,0.0,0.0
Fortuna Dusseldorf,M'gladbach,D1,2019,15/02/2020,A,1,4,1.0,1.0,D,9.0,17.0,4.0,6.0,2.0,5.0,10.0,10.0,2.0,2.0,0.0,0.0
FC Koln,Bayern Munich,D1,2019,16/02/2020,A,1,4,0.0,3.0,A,13.0,26.0,6.0,8.0,1.0,6.0,12.0,10.0,1.0,3.0,0.0,0.0
Mainz,Schalke 04,D1,2019,16/02/2020,D,0,0,0.0,0.0,D,15.0,8.0,5.0,3.0,3.0,6.0,7.0,11.0,2.0,2.0,0.0,0.0
Bayern Munich,Paderborn,D1,2019,21/02/2020,H,3,2,1.0,1.0,D,18.0,5.0,9.0,4.0,11.0,1.0,3.0,9.0,1.0,3.0,0.0,0.0
Freiburg,Fortuna Dusseldorf,D1,2019,22/02/2020,A,0,2,0.0,1.0,A,15.0,9.0,4.0,4.0,7.0,4.0,13.0,10.0,1.0,4.0,0.0,0.0
Hertha,FC Koln,D1,2019,22/02/2020,A,0,5,0.0,3.0,A,9.0,17.0,1.0,11.0,5.0,3.0,12.0,10.0,2.0,2.0,0.0,0.0
M'gladbach,Hoffenheim,D1,2019,22/02/2020,D,1,1,1.0,0.0,H,17.0,22.0,10.0,4.0,8.0,8.0,8.0,8.0,4.0,4.0,0.0,0.0
Werder Bremen,Dortmund,D1,2019,22/02/2020,A,0,2,0.0,0.0,D,8.0,12.0,2.0,6.0,2.0,6.0,13.0,8.0,0.0,0.0,0.0,0.0
Schalke 04,RB Leipzig,D1,2019,22/02/2020,A,0,5,0.0,1.0,A,3.0,22.0,2.0,8.0,2.0,5.0,10.0,7.0,2.0,3.0,0.0,0.0
Leverkusen,Augsburg,D1,2019,23/02/2020,H,2,0,1.0,0.0,H,9.0,8.0,4.0,3.0,2.0,3.0,8.0,12.0,2.0,4.0,0.0,0.0
Wolfsburg,Mainz,D1,2019,23/02/2020,H,4,0,2.0,0.0,H,16.0,13.0,6.0,3.0,4.0,14.0,10.0,12.0,0.0,2.0,0.0,0.0
Ein Frankfurt,Union Berlin,D1,2019,24/02/2020,A,1,2,0.0,0.0,D,21.0,11.0,3.0,7.0,14.0,6.0,10.0,15.0,3.0,4.0,0.0,0.0
Fortuna Dusseldorf,Hertha,D1,2019,28/02/2020,D,3,3,3.0,0.0,H,14.0,16.0,5.0,7.0,3.0,5.0,11.0,11.0,2.0,2.0,0.0,0.0
Augsburg,M'gladbach,D1,2019,29/02/2020,A,2,3,0.0,0.0,D,8.0,15.0,3.0,7.0,5.0,3.0,11.0,6.0,3.0,2.0,0.0,0.0
Dortmund,Freiburg,D1,2019,29/02/2020,H,1,0,1.0,0.0,H,16.0,13.0,2.0,4.0,6.0,4.0,5.0,9.0,1.0,0.0,0.0,0.0
Hoffenheim,Bayern Munich,D1,2019,29/02/2020,A,0,6,0.0,4.0,A,4.0,25.0,1.0,11.0,1.0,7.0,3.0,7.0,0.0,0.0,0.0,0.0
Mainz,Paderborn,D1,2019,29/02/2020,H,2,0,2.0,0.0,H,8.0,9.0,3.0,4.0,5.0,8.0,5.0,15.0,1.0,3.0,0.0,0.0
FC Koln,Schalke 04,D1,2019,29/02/2020,H,3,0,2.0,0.0,H,11.0,7.0,6.0,1.0,4.0,2.0,7.0,8.0,1.0,2.0,0.0,0.0
Union Berlin,Wolfsburg,D1,2019,01/03/2020,D,2,2,1.0,0.0,H,6.0,14.0,3.0,3.0,1.0,6.0,8.0,13.0,1.0,2.0,0.0,0.0
RB Leipzig,Leverkusen,D1,2019,01/03/2020,D,1,1,1.0,1.0,D,9.0,14.0,2.0,6.0,8.0,5.0,4.0,12.0,0.0,3.0,0.0,0.0
Paderborn,FC Koln,D1,2019,06/03/2020,A,1,2,0.0,2.0,A,16.0,15.0,2.0,3.0,5.0,9.0,8.0,12.0,3.0,4.0,0.0,0.0
Freiburg,Union Berlin,D1,2019,07/03/2020,H,3,1,1.0,0.0,H,9.0,14.0,4.0,4.0,7.0,2.0,5.0,20.0,2.0,3.0,0.0,1.0
Hertha,Werder Bremen,D1,2019,07/03/2020,D,2,2,1.0,2.0,A,19.0,7.0,5.0,3.0,3.0,1.0,16.0,5.0,3.0,3.0,0.0,0.0
Leverkusen,Ein Frankfurt,D1,2019,07/03/2020,H,4,0,2.0,0.0,H,14.0,9.0,5.0,3.0,1.0,3.0,10.0,12.0,1.0,0.0,0.0,0.0
Schalke 04,Hoffenheim,D1,2019,07/03/2020,D,1,1,1.0,0.0,H,14.0,4.0,4.0,1.0,4.0,5.0,8.0,12.0,0.0,1.0,0.0,0.0
Wolfsburg,RB Leipzig,D1,2019,07/03/2020,D,0,0,0.0,0.0,D,16.0,15.0,4.0,4.0,4.0,4.0,11.0,14.0,2.0,3.0,0.0,0.0
M'gladbach,Dortmund,D1,2019,07/03/2020,A,1,2,0.0,1.0,A,10.0,10.0,3.0,4.0,3.0,3.0,8.0,9.0,5.0,5.0,0.0,0.0
Bayern Munich,Augsburg,D1,2019,08/03/2020,H,2,0,0.0,0.0,D,17.0,8.0,6.0,2.0,9.0,4.0,4.0,7.0,1.0,0.0,0.0,0.0
Mainz,Fortuna Dusseldorf,D1,2019,08/03/2020,D,1,1,0.0,0.0,D,3.0,20.0,1.0,5.0,1.0,8.0,17.0,10.0,3.0,1.0,1.0,0.0
M'gladbach,FC Koln,D1,2019,11/03/2020,H,2,1,1.0,0.0,H,12.0,16.0,5.0,3.0,6.0,3.0,14.0,14.0,1.0,2.0,0.0,0.0
Augsburg,Wolfsburg,D1,2019,16/05/2020,A,1,2,0.0,1.0,A,8.0,17.0,3.0,5.0,3.0,1.0,8.0,11.0,1.0,3.0,0.0,0.0
Dortmund,Schalke 04,D1,2019,16/05/2020,H,4,0,2.0,0.0,H,11.0,10.0,4.0,3.0,4.0,2.0,9.0,8.0,2.0,2.0,0.0,0.0
Fortuna Dusseldorf,Paderborn,D1,2019,16/05/2020,D,0,0,0.0,0.0,D,10.0,7.0,1.0,1.0,2.0,0.0,15.0,16.0,2.0,2.0,0.0,0.0
Hoffenheim,Hertha,D1,2019,16/05/2020,A,0,3,0.0,0.0,D,21.0,12.0,5.0,5.0,7.0,5.0,9.0,16.0,2.0,3.0,0.0,0.0
RB Leipzig,Freiburg,D1,2019,16/05/2020,D,1,1,0.0,1.0,A,23.0,7.0,9.0,2.0,8.0,4.0,11.0,8.0,0.0,1.0,0.0,0.0
Ein Frankfurt,M'gladbach,D1,2019,16/05/2020,A,1,3,0.0,2.0,A,12.0,15.0,4.0,8.0,5.0,1.0,19.0,10.0,5.0,1.0,0.0,0.0
FC Koln,Mainz,D1,2019,17/05/2020,D,2,2,1.0,0.0,H,16.0,11.0,6.0,5.0,5.0,7.0,20.0,15.0,4.0,2.0,0.0,0.0
Union Berlin,Bayern Munich,D1,2019,17/05/2020,A,0,2,0.0,1.0,A,10.0,14.0,2.0,3.0,4.0,9.0,13.0,10.0,2.0,1.0,0.0,0.0
Werder Bremen,Leverkusen,D1,2019,18/05/2020,A,1,4,1.0,2.0,A,9.0,13.0,1.0,6.0,2.0,9.0,15.0,14.0,2.0,1.0,0.0,0.0
Hertha,Union Berlin,D1,2019,22/05/2020,H,4,0,0.0,0.0,D,14.0,7.0,8.0,0.0,4.0,6.0,12.0,12.0,2.0,1.0,0.0,0.0
Freiburg,Werder Bremen,D1,2019,23/05/2020,A,0,1,0.0,1.0,A,15.0,11.0,8.0,3.0,7.0,2.0,12.0,18.0,0.0,3.0,0.0,1.0
M'gladbach,Leverkusen,D1,2019,23/05/2020,A,1,3,0.0,1.0,A,16.0,13.0,6.0,7.0,6.0,3.0,16.0,16.0,1.0,1.0,0.0,0.0
Paderborn,Hoffenheim,D1,2019,23/05/2020,D,1,1,1.0,1.0,D,13.0,18.0,3.0,7.0,2.0,8.0,14.0,13.0,3.0,0.0,0.0,0.0
Wolfsburg,Dortmund,D1,2019,23/05/2020,A,0,2,0.0,1.0,A,8.0,6.0,1.0,2.0,2.0,2.0,11.0,10.0,4.0,2.0,1.0,0.0
Bayern Munich,Ein Frankfurt,D1,2019,23/05/2020,H,5,2,2.0,0.0,H,23.0,11.0,10.0,4.0,7.0,2.0,10.0,7.0,0.0,1.0,0.0,0.0
Schalke 04,Augsburg,D1,2019,24/05/2020,A,0,3,0.0,1.0,A,12.0,9.0,2.0,7.0,3.0,2.0,14.0,11.0,0.0,2.0,0.0,0.0
Mainz,RB Leipzig,D1,2019,24/05/2020,A,0,5,0.0,3.0,A,4.0,21.0,1.0,9.0,5.0,4.0,13.0,11.0,3.0,3.0,0.0,0.0
FC Koln,Fortuna Dusseldorf,D1,2019,24/05/2020,D,2,2,0.0,1.0,A,16.0,10.0,6.0,5.0,6.0,2.0,19.0,17.0,0.0,1.0,0.0,0.0
Dortmund,Bayern Munich,D1,2019,26/05/2020,A,0,1,0.0,1.0,A,13.0,13.0,5.0,6.0,4.0,3.0,9.0,15.0,2.0,2.0,0.0,0.0
Ein Frankfurt,Freiburg,D1,2019,26/05/2020,D,3,3,1.0,1.0,D,35.0,10.0,16.0,5.0,9.0,2.0,14.0,9.0,4.0,1.0,0.0,0.0
Leverkusen,Wolfsburg,D1,2019,26/05/2020,A,1,4,0.0,1.0,A,10.0,14.0,2.0,9.0,12.0,6.0,10.0,16.0,3.0,3.0,0.0,0.0
Werder Bremen,M'gladbach,D1,2019,26/05/2020,D,0,0,0.0,0.0,D,12.0,8.0,7.0,4.0,8.0,5.0,14.0,11.0,2.0,1.0,0.0,0.0
RB Leipzig,Hertha,D1,2019,27/05/2020,D,2,2,1.0,1.0,D,11.0,13.0,5.0,4.0,4.0,7.0,12.0,19.0,2.0,3.0,1.0,0.0
Augsburg,Paderborn,D1,2019,27/05/2020,D,0,0,0.0,0.0,D,12.0,15.0,3.0,3.0,6.0,6.0,7.0,14.0,1.0,1.0,0.0,0.0
Fortuna Dusseldorf,Schalke 04,D1,2019,27/05/2020,H,2,1,0.0,0.0,D,13.0,7.0,8.0,2.0,7.0,2.0,10.0,13.0,3.0,2.0,0.0,0.0
Hoffenheim,FC Koln,D1,2019,27/05/2020,H,3,1,1.0,0.0,H,8.0,15.0,6.0,5.0,0.0,10.0,12.0,8.0,6.0,1.0,1.0,1.0
Union Berlin,Mainz,D1,2019,27/05/2020,D,1,1,1.0,1.0,D,9.0,10.0,4.0,2.0,6.0,6.0,17.0,18.0,4.0,2.0,1.0,0.0
Freiburg,Leverkusen,D1,2019,29/05/2020,A,0,1,0.0,0.0,D,9.0,7.0,1.0,1.0,6.0,6.0,8.0,13.0,0.0,2.0,0.0,0.0
Hertha,Augsburg,D1,2019,30/05/2020,H,2,0,1.0,0.0,H,12.0,8.0,6.0,2.0,7.0,8.0,19.0,7.0,3.0,3.0,0.0,0.0
Mainz,Hoffenheim,D1,2019,30/05/2020,A,0,1,0.0,1.0,A,18.0,13.0,2.0,6.0,10.0,7.0,18.0,14.0,4.0,3.0,0.0,0.0
Schalke 04,Werder Bremen,D1,2019,30/05/2020,A,0,1,0.0,1.0,A,12.0,6.0,1.0,2.0,4.0,8.0,19.0,16.0,5.0,3.0,0.0,0.0
Wolfsburg,Ein Frankfurt,D1,2019,30/05/2020,A,1,2,0.0,1.0,A,19.0,6.0,4.0,3.0,4.0,3.0,18.0,16.0,4.0,6.0,0.0,1.0
Bayern Munich,Fortuna Dusseldorf,D1,2019,30/05/2020,H,5,0,3.0,0.0,H,23.0,7.0,8.0,2.0,7.0,2.0,9.0,10.0,0.0,2.0,0.0,0.0
M'gladbach,Union Berlin,D1,2019,31/05/2020,H,4,1,2.0,0.0,H,16.0,13.0,10.0,5.0,4.0,3.0,13.0,9.0,3.0,2.0,0.0,0.0
Paderborn,Dortmund,D1,2019,31/05/2020,A,1,6,0.0,0.0,D,10.0,16.0,1.0,11.0,2.0,8.0,4.0,6.0,2.0,3.0,0.0,0.0
FC Koln,RB Leipzig,D1,2019,01/06/2020,A,2,4,1.0,2.0,A,7.0,19.0,5.0,8.0,4.0,7.0,16.0,7.0,2.0,1.0,0.0,0.0
Werder Bremen,Ein Frankfurt,D1,2019,03/06/2020,A,0,3,0.0,0.0,D,11.0,12.0,3.0,4.0,5.0,6.0,14.0,21.0,2.0,1.0,0.0,0.0
Freiburg,M'gladbach,D1,2019,05/06/2020,H,1,0,0.0,0.0,D,16.0,18.0,6.0,4.0,3.0,10.0,14.0,14.0,4.0,3.0,0.0,1.0
Ein Frankfurt,Mainz,D1,2019,06/06/2020,A,0,2,0.0,1.0,A,10.0,17.0,0.0,5.0,7.0,5.0,17.0,15.0,3.0,3.0,0.0,0.0
Fortuna Dusseldorf,Hoffenheim,D1,2019,06/06/2020,D,2,2,1.0,1.0,D,23.0,8.0,4.0,5.0,7.0,1.0,12.0,15.0,4.0,4.0,0.0,1.0
Leverkusen,Bayern Munich,D1,2019,06/06/2020,A,2,4,1.0,3.0,A,10.0,16.0,6.0,10.0,6.0,4.0,14.0,4.0,3.0,3.0,0.0,0.0
RB Leipzig,Paderborn,D1,2019,06/06/2020,D,1,1,1.0,0.0,H,12.0,17.0,5.0,5.0,7.0,9.0,11.0,14.0,2.0,4.0,1.0,0.0
Dortmund,Hertha,D1,2019,06/06/2020,H,1,0,0.0,0.0,D,12.0,5.0,3.0,2.0,6.0,0.0,7.0,11.0,0.0,2.0,0.0,0.0
Werder Bremen,Wolfsburg,D1,2019,07/06/2020,A,0,1,0.0,0.0,D,14.0,18.0,4.0,3.0,5.0,4.0,17.0,13.0,3.0,3.0,0.0,0.0
Union Berlin,Schalke 04,D1,2019,07/06/2020,D,1,1,1.0,1.0,D,12.0,5.0,6.0,1.0,9.0,4.0,19.0,13.0,3.0,1.0,0.0,0.0
Augsburg,FC Koln,D1,2019,07/06/2020,D,1,1,0.0,0.0,D,18.0,9.0,5.0,2.0,9.0,2.0,13.0,21.0,1.0,3.0,0.0,0.0
Hoffenheim,RB Leipzig,D1,2019,12/06/2020,A,0,2,0.0,2.0,A,22.0,14.0,7.0,7.0,9.0,1.0,15.0,18.0,2.0,2.0,0.0,0.0
FC Koln,Union Berlin,D1,2019,13/06/2020,A,1,2,0.0,1.0,A,10.0,7.0,6.0,5.0,4.0,6.0,18.0,17.0,3.0,0.0,0.0,0.0
Fortuna Dusseldorf,Dortmund,D1,2019,13/06/2020,A,0,1,0.0,0.0,D,6.0,5.0,4.0,3.0,6.0,1.0,6.0,15.0,1.0,3.0,0.0,0.0
Hertha,Ein Frankfurt,D1,2019,13/06/2020,A,1,4,1.0,0.0,H,4.0,18.0,3.0,7.0,1.0,5.0,14.0,7.0,2.0,2.0,1.0,0.0
Paderborn,Werder Bremen,D1,2019,13/06/2020,A,1,5,0.0,3.0,A,20.0,11.0,8.0,8.0,11.0,2.0,17.0,18.0,6.0,3.0,0.0,0.0
Wolfsburg,Freiburg,D1,2019,13/06/2020,D,2,2,2.0,1.0,H,22.0,10.0,7.0,6.0,6.0,5.0,17.0,11.0,0.0,1.0,0.0,0.0
Bayern Munich,M'gladbach,D1,2019,13/06/2020,H,2,1,1.0,1.0,D,11.0,9.0,6.0,2.0,3.0,1.0,13.0,10.0,0.0,2.0,0.0,0.0
Mainz,Augsburg,D1,2019,14/06/2020,A,0,1,0.0,1.0,A,18.0,9.0,4.0,3.0,9.0,5.0,8.0,14.0,2.0,4.0,0.0,0.0
Schalke 04,Leverkusen,D1,2019,14/06/2020,D,1,1,0.0,0.0,D,7.0,15.0,4.0,5.0,1.0,9.0,14.0,7.0,4.0,1.0,0.0,0.0
M'gladbach,Wolfsburg,D1,2019,16/06/2020,H,3,0,2.0,0.0,H,11.0,12.0,3.0,2.0,5.0,3.0,15.0,17.0,1.0,4.0,0.0,0.0
Freiburg,Hertha,D1,2019,16/06/2020,H,2,1,0.0,0.0,D,17.0,12.0,6.0,5.0,5.0,5.0,6.0,16.0,0.0,2.0,0.0,0.0
Union Berlin,Paderborn,D1,2019,16/06/2020,H,1,0,1.0,0.0,H,14.0,10.0,6.0,2.0,1.0,5.0,17.0,16.0,0.0,0.0,0.0,0.0
Werder Bremen,Bayern Munich,D1,2019,16/06/2020,A,0,1,0.0,1.0,A,6.0,13.0,1.0,4.0,0.0,10.0,9.0,13.0,2.0,3.0,0.0,1.0
Ein Frankfurt,Schalke 04,D1,2019,17/06/2020,H,2,1,1.0,0.0,H,14.0,8.0,4.0,5.0,5.0,3.0,9.0,16.0,3.0,5.0,0.0,1.0
Augsburg,Hoffenheim,D1,2019,17/06/2020,A,1,3,0.0,0.0,D,12.0,17.0,5.0,5.0,6.0,4.0,10.0,14.0,2.0,1.0,0.0,0.0
Dortmund,Mainz,D1,2019,17/06/2020,A,0,2,0.0,1.0,A,15.0,10.0,5.0,6.0,7.0,1.0,14.0,13.0,6.0,3.0,0.0,0.0
Leverkusen,FC Koln,D1,2019,17/06/2020,H,3,1,2.0,0.0,H,13.0,7.0,6.0,1.0,7.0,3.0,12.0,16.0,2.0,2.0,0.0,0.0
RB Leipzig,Fortuna Dusseldorf,D1,2019,17/06/2020,D,2,2,0.0,0.0,D,14.0,12.0,5.0,2.0,5.0,2.0,7.0,7.0,1.0,0.0,0.0,0.0
Bayern Munich,Freiburg,D1,2019,20/06/2020,H,3,1,3.0,1.0,H,23.0,11.0,8.0,3.0,8.0,2.0,13.0,8.0,0.0,0.0,0.0,0.0
FC Koln,Ein Frankfurt,D1,2019,20/06/2020,D,1,1,1.0,0.0,H,4.0,9.0,2.0,2.0,5.0,9.0,8.0,15.0,1.0,2.0,0.0,0.0
Fortuna Dusseldorf,Augsburg,D1,2019,20/06/2020,D,1,1,1.0,1.0,D,8.0,11.0,4.0,3.0,5.0,3.0,14.0,12.0,1.0,0.0,0.0,0.0
Hertha,Leverkusen,D1,2019,20/06/2020,H,2,0,1.0,0.0,H,13.0,12.0,5.0,2.0,5.0,4.0,14.0,15.0,4.0,3.0,0.0,0.0
Hoffenheim,Union Berlin,D1,2019,20/06/2020,H,4,0,3.0,0.0,H,15.0,5.0,8.0,1.0,6.0,4.0,10.0,15.0,1.0,3.0,0.0,0.0
Mainz,Werder Bremen,D1,2019,20/06/2020,H,3,1,2.0,0.0,H,21.0,19.0,12.0,6.0,7.0,8.0,12.0,15.0,2.0,3.0,0.0,0.0
Paderborn,M'gladbach,D1,2019,20/06/2020,A,1,3,0.0,1.0,A,11.0,22.0,1.0,10.0,3.0,5.0,11.0,13.0,4.0,2.0,1.0,0.0
RB Leipzig,Dortmund,D1,2019,20/06/2020,A,0,2,0.0,1.0,A,16.0,11.0,5.0,7.0,4.0,1.0,13.0,7.0,3.0,3.0,0.0,0.0
Schalke 04,Wolfsburg,D1,2019,20/06/2020,A,1,4,0.0,1.0,A,10.0,10.0,3.0,5.0,2.0,4.0,12.0,16.0,4.0,3.0,0.0,0.0
Augsburg,RB Leipzig,D1,2019,27/06/2020,A,1,2,0.0,1.0,A,5.0,14.0,1.0,5.0,2.0,8.0,11.0,10.0,4.0,1.0,0.0,0.0
Dortmund,Hoffenheim,D1,2019,27/06/2020,A,0,4,0.0,2.0,A,7.0,15.0,4.0,7.0,2.0,5.0,7.0,5.0,1.0,0.0,0.0,0.0
Ein Frankfurt,Paderborn,D1,2019,27/06/2020,H,3,2,2.0,0.0,H,12.0,16.0,4.0,5.0,6.0,2.0,13.0,3.0,0.0,1.0,0.0,0.0
Freiburg,Schalke 04,D1,2019,27/06/2020,H,4,0,2.0,0.0,H,15.0,21.0,8.0,5.0,1.0,5.0,14.0,5.0,1.0,0.0,0.0,0.0
Leverkusen,Mainz,D1,2019,27/06/2020,H,1,0,1.0,0.0,H,13.0,6.0,2.0,1.0,11.0,4.0,10.0,10.0,1.0,1.0,0.0,0.0
M'gladbach,Hertha,D1,2019,27/06/2020,H,2,1,1.0,0.0,H,22.0,4.0,8.0,2.0,3.0,3.0,7.0,15.0,1.0,2.0,0.0,0.0
Union Berlin,Fortuna Dusseldorf,D1,2019,27/06/2020,H,3,0,1.0,0.0,H,11.0,25.0,7.0,4.0,6.0,10.0,15.0,6.0,0.0,1.0,0.0,0.0
Werder Bremen,FC Koln,D1,2019,27/06/2020,H,6,1,3.0,0.0,H,18.0,6.0,9.0,2.0,7.0,5.0,22.0,16.0,1.0,2.0,0.0,0.0
Wolfsburg,Bayern Munich,D1,2019,27/06/2020,A,0,4,0.0,2.0,A,11.0,17.0,4.0,11.0,3.0,6.0,13.0,9.0,3.0,0.0,1.0,0.0
Bayern Munich,Schalke 04,D1,2020,18/09/2020,H,8,0,3.0,0.0,H,22.0,5.0,12.0,1.0,9.0,2.0,11.0,12.0,1.0,2.0,0.0,0.0
Ein Frankfurt,Bielefeld,D1,2020,19/09/2020,D,1,1,0.0,0.0,D,18.0,14.0,6.0,4.0,14.0,3.0,14.0,13.0,2.0,2.0,0.0,0.0
FC Koln,Hoffenheim,D1,2020,19/09/2020,A,2,3,1.0,2.0,A,13.0,13.0,6.0,7.0,1.0,6.0,12.0,13.0,0.0,0.0,0.0,0.0
Stuttgart,Freiburg,D1,2020,19/09/2020,A,2,3,0.0,2.0,A,22.0,7.0,7.0,6.0,7.0,2.0,12.0,16.0,2.0,2.0,0.0,0.0
Union Berlin,Augsburg,D1,2020,19/09/2020,A,1,3,0.0,1.0,A,13.0,9.0,3.0,5.0,8.0,1.0,9.0,9.0,2.0,0.0,0.0,0.0
Werder Bremen,Hertha,D1,2020,19/09/2020,A,1,4,0.0,2.0,A,17.0,13.0,7.0,6.0,7.0,4.0,13.0,17.0,2.0,0.0,0.0,0.0
Dortmund,M'gladbach,D1,2020,19/09/2020,H,3,0,1.0,0.0,H,9.0,8.0,4.0,2.0,1.0,3.0,10.0,9.0,1.0,1.0,0.0,0.0
RB Leipzig,Mainz,D1,2020,20/09/2020,H,3,1,2.0,0.0,H,23.0,8.0,10.0,1.0,7.0,5.0,5.0,11.0,1.0,2.0,0.0,0.0
Wolfsburg,Leverkusen,D1,2020,20/09/2020,D,0,0,0.0,0.0,D,9.0,6.0,1.0,2.0,4.0,4.0,13.0,12.0,1.0,2.0,0.0,0.0
Hertha,Ein Frankfurt,D1,2020,25/09/2020,A,1,3,0.0,2.0,A,12.0,10.0,6.0,3.0,4.0,3.0,13.0,16.0,3.0,4.0,0.0,0.0
Augsburg,Dortmund,D1,2020,26/09/2020,H,2,0,1.0,0.0,H,6.0,16.0,4.0,7.0,3.0,11.0,7.0,8.0,3.0,4.0,0.0,0.0
Bielefeld,FC Koln,D1,2020,26/09/2020,H,1,0,0.0,0.0,D,7.0,12.0,3.0,2.0,4.0,7.0,12.0,15.0,3.0,3.0,0.0,0.0
Leverkusen,RB Leipzig,D1,2020,26/09/2020,D,1,1,1.0,1.0,D,11.0,7.0,4.0,2.0,4.0,1.0,16.0,10.0,1.0,3.0,0.0,0.0
Mainz,Stuttgart,D1,2020,26/09/2020,A,1,4,1.0,1.0,D,11.0,15.0,3.0,7.0,3.0,9.0,10.0,17.0,2.0,4.0,1.0,1.0
M'gladbach,Union Berlin,D1,2020,26/09/2020,D,1,1,0.0,0.0,D,14.0,15.0,5.0,2.0,7.0,5.0,11.0,15.0,1.0,2.0,0.0,0.0
Schalke 04,Werder Bremen,D1,2020,26/09/2020,A,1,3,0.0,2.0,A,17.0,17.0,4.0,8.0,8.0,3.0,20.0,14.0,7.0,2.0,1.0,0.0
Hoffenheim,Bayern Munich,D1,2020,27/09/2020,H,4,1,2.0,1.0,H,17.0,14.0,8.0,2.0,3.0,5.0,15.0,11.0,3.0,2.0,0.0,0.0
Freiburg,Wolfsburg,D1,2020,27/09/2020,D,1,1,1.0,1.0,D,21.0,8.0,7.0,2.0,9.0,1.0,10.0,13.0,0.0,3.0,0.0,0.0
Union Berlin,Mainz,D1,2020,02/10/2020,H,4,0,1.0,0.0,H,13.0,5.0,7.0,0.0,4.0,2.0,13.0,11.0,1.0,4.0,0.0,0.0
Dortmund,Freiburg,D1,2020,03/10/2020,H,4,0,1.0,0.0,H,16.0,6.0,7.0,2.0,3.0,2.0,8.0,12.0,1.0,1.0,0.0,0.0
Ein Frankfurt,Hoffenheim,D1,2020,03/10/2020,H,2,1,0.0,1.0,A,16.0,11.0,6.0,4.0,5.0,7.0,12.0,8.0,2.0,3.0,0.0,0.0
FC Koln,M'gladbach,D1,2020,03/10/2020,A,1,3,0.0,2.0,A,8.0,17.0,3.0,11.0,4.0,10.0,16.0,12.0,3.0,3.0,0.0,0.0
Stuttgart,Leverkusen,D1,2020,03/10/2020,D,1,1,0.0,1.0,A,11.0,15.0,2.0,7.0,7.0,12.0,8.0,17.0,3.0,2.0,0.0,0.0
Werder Bremen,Bielefeld,D1,2020,03/10/2020,H,1,0,1.0,0.0,H,7.0,10.0,2.0,5.0,2.0,1.0,12.0,16.0,2.0,2.0,0.0,0.0
RB Leipzig,Schalke 04,D1,2020,03/10/2020,H,4,0,3.0,0.0,H,21.0,4.0,7.0,1.0,8.0,1.0,13.0,10.0,1.0,3.0,0.0,0.0
Wolfsburg,Augsburg,D1,2020,04/10/2020,D,0,0,0.0,0.0,D,17.0,9.0,6.0,1.0,12.0,2.0,7.0,13.0,0.0,1.0,0.0,0.0
Bayern Munich,Hertha,D1,2020,04/10/2020,H,4,3,1.0,0.0,H,22.0,9.0,9.0,5.0,6.0,1.0,13.0,19.0,3.0,3.0,0.0,0.0
Augsburg,RB Leipzig,D1,2020,17/10/2020,A,0,2,0.0,1.0,A,6.0,15.0,2.0,6.0,5.0,8.0,9.0,13.0,0.0,1.0,0.0,0.0
Freiburg,Werder Bremen,D1,2020,17/10/2020,D,1,1,1.0,1.0,D,19.0,14.0,4.0,4.0,4.0,4.0,10.0,14.0,3.0,3.0,0.0,0.0
Hertha,Stuttgart,D1,2020,17/10/2020,A,0,2,0.0,1.0,A,16.0,7.0,4.0,2.0,6.0,4.0,14.0,10.0,2.0,2.0,0.0,0.0
Hoffenheim,Dortmund,D1,2020,17/10/2020,A,0,1,0.0,0.0,D,8.0,15.0,3.0,5.0,4.0,6.0,13.0,11.0,1.0,1.0,0.0,0.0
Mainz,Leverkusen,D1,2020,17/10/2020,A,0,1,0.0,1.0,A,5.0,9.0,0.0,4.0,6.0,2.0,12.0,6.0,3.0,1.0,0.0,0.0
Bielefeld,Bayern Munich,D1,2020,17/10/2020,A,1,4,0.0,3.0,A,11.0,16.0,5.0,10.0,6.0,10.0,6.0,6.0,1.0,0.0,0.0,1.0
M'gladbach,Wolfsburg,D1,2020,17/10/2020,D,1,1,0.0,0.0,D,13.0,14.0,2.0,5.0,5.0,4.0,14.0,13.0,2.0,2.0,0.0,0.0
FC Koln,Ein Frankfurt,D1,2020,18/10/2020,D,1,1,0.0,1.0,A,9.0,16.0,5.0,4.0,2.0,8.0,19.0,18.0,3.0,2.0,0.0,0.0
Schalke 04,Union Berlin,D1,2020,18/10/2020,D,1,1,0.0,0.0,D,8.0,13.0,4.0,7.0,5.0,7.0,7.0,13.0,3.0,1.0,0.0,0.0
Stuttgart,FC Koln,D1,2020,23/10/2020,D,1,1,1.0,1.0,D,9.0,14.0,4.0,4.0,3.0,5.0,11.0,13.0,2.0,5.0,0.0,0.0
Bayern Munich,Ein Frankfurt,D1,2020,24/10/2020,H,5,0,2.0,0.0,H,20.0,9.0,10.0,2.0,10.0,2.0,11.0,12.0,3.0,0.0,0.0,0.0
Mainz,M'gladbach,D1,2020,24/10/2020,A,2,3,2.0,1.0,H,15.0,21.0,7.0,12.0,3.0,7.0,18.0,11.0,5.0,3.0,0.0,0.0
RB Leipzig,Hertha,D1,2020,24/10/2020,H,2,1,1.0,1.0,D,29.0,11.0,8.0,3.0,7.0,3.0,10.0,20.0,1.0,4.0,0.0,1.0
Union Berlin,Freiburg,D1,2020,24/10/2020,D,1,1,1.0,1.0,D,22.0,8.0,7.0,4.0,4.0,2.0,9.0,14.0,1.0,4.0,0.0,0.0
Dortmund,Schalke 04,D1,2020,24/10/2020,H,3,0,0.0,0.0,D,17.0,3.0,7.0,0.0,7.0,2.0,5.0,15.0,0.0,1.0,0.0,0.0
Wolfsburg,Bielefeld,D1,2020,25/10/2020,H,2,1,2.0,0.0,H,14.0,8.0,4.0,1.0,4.0,3.0,12.0,10.0,2.0,1.0,0.0,0.0
Werder Bremen,Hoffenheim,D1,2020,25/10/2020,D,1,1,1.0,1.0,D,5.0,15.0,2.0,6.0,1.0,4.0,10.0,20.0,2.0,2.0,0.0,0.0
Leverkusen,Augsburg,D1,2020,26/10/2020,H,3,1,1.0,0.0,H,15.0,7.0,7.0,3.0,3.0,3.0,14.0,8.0,1.0,2.0,0.0,0.0
Schalke 04,Stuttgart,D1,2020,30/10/2020,D,1,1,1.0,0.0,H,9.0,19.0,2.0,5.0,3.0,4.0,11.0,14.0,2.0,2.0,0.0,0.0
Augsburg,Mainz,D1,2020,31/10/2020,H,3,1,1.0,0.0,H,14.0,8.0,7.0,4.0,4.0,1.0,12.0,10.0,5.0,1.0,0.0,0.0
Bielefeld,Dortmund,D1,2020,31/10/2020,A,0,2,0.0,0.0,D,5.0,21.0,2.0,10.0,0.0,12.0,12.0,13.0,1.0,1.0,0.0,0.0
Ein Frankfurt,Werder Bremen,D1,2020,31/10/2020,D,1,1,0.0,0.0,D,14.0,9.0,5.0,4.0,5.0,3.0,12.0,14.0,1.0,3.0,0.0,0.0
FC Koln,Bayern Munich,D1,2020,31/10/2020,A,1,2,0.0,2.0,A,9.0,7.0,2.0,5.0,5.0,1.0,12.0,13.0,1.0,2.0,0.0,0.0
M'gladbach,RB Leipzig,D1,2020,31/10/2020,H,1,0,0.0,0.0,D,5.0,15.0,4.0,3.0,2.0,4.0,13.0,17.0,2.0,4.0,0.0,0.0
Freiburg,Leverkusen,D1,2020,01/11/2020,A,2,4,1.0,2.0,A,8.0,18.0,5.0,7.0,4.0,6.0,10.0,11.0,2.0,2.0,0.0,0.0
Hertha,Wolfsburg,D1,2020,01/11/2020,D,1,1,1.0,1.0,D,18.0,11.0,5.0,4.0,8.0,6.0,8.0,15.0,3.0,1.0,0.0,0.0
Hoffenheim,Union Berlin,D1,2020,02/11/2020,A,1,3,0.0,0.0,D,10.0,9.0,5.0,6.0,3.0,6.0,19.0,13.0,1.0,2.0,1.0,0.0
Werder Bremen,FC Koln,D1,2020,06/11/2020,D,1,1,0.0,0.0,D,18.0,8.0,4.0,1.0,1.0,3.0,20.0,20.0,2.0,2.0,0.0,0.0
Augsburg,Hertha,D1,2020,07/11/2020,A,0,3,0.0,1.0,A,10.0,12.0,2.0,6.0,2.0,6.0,12.0,10.0,3.0,0.0,0.0,0.0
Mainz,Schalke 04,D1,2020,07/11/2020,D,2,2,2.0,1.0,H,14.0,22.0,7.0,3.0,4.0,9.0,19.0,13.0,1.0,1.0,0.0,0.0
RB Leipzig,Freiburg,D1,2020,07/11/2020,H,3,0,1.0,0.0,H,15.0,8.0,7.0,3.0,3.0,4.0,14.0,14.0,2.0,3.0,0.0,0.0
Stuttgart,Ein Frankfurt,D1,2020,07/11/2020,D,2,2,2.0,0.0,H,16.0,15.0,5.0,8.0,10.0,8.0,14.0,16.0,2.0,4.0,0.0,0.0
Union Berlin,Bielefeld,D1,2020,07/11/2020,H,5,0,3.0,0.0,H,9.0,5.0,8.0,1.0,5.0,1.0,17.0,9.0,0.0,1.0,0.0,0.0
Dortmund,Bayern Munich,D1,2020,07/11/2020,A,2,3,1.0,1.0,D,15.0,16.0,5.0,8.0,4.0,3.0,15.0,7.0,2.0,2.0,0.0,0.0
Wolfsburg,Hoffenheim,D1,2020,08/11/2020,H,2,1,2.0,0.0,H,14.0,17.0,8.0,5.0,3.0,7.0,15.0,14.0,1.0,3.0,0.0,0.0
Leverkusen,M'gladbach,D1,2020,08/11/2020,H,4,3,2.0,2.0,D,15.0,15.0,5.0,6.0,6.0,2.0,15.0,12.0,4.0,2.0,0.0,0.0
Bayern Munich,Werder Bremen,D1,2020,21/11/2020,D,1,1,0.0,1.0,A,15.0,9.0,3.0,4.0,7.0,3.0,10.0,10.0,1.0,3.0,0.0,0.0
Bielefeld,Leverkusen,D1,2020,21/11/2020,A,1,2,0.0,1.0,A,1.0,10.0,1.0,4.0,0.0,10.0,6.0,10.0,0.0,1.0,0.0,0.0
Hoffenheim,Stuttgart,D1,2020,21/11/2020,D,3,3,1.0,2.0,A,13.0,20.0,8.0,9.0,3.0,4.0,15.0,18.0,3.0,2.0,0.0,0.0
M'gladbach,Augsburg,D1,2020,21/11/2020,D,1,1,1.0,0.0,H,15.0,10.0,6.0,5.0,2.0,1.0,7.0,12.0,1.0,4.0,0.0,1.0
Schalke 04,Wolfsburg,D1,2020,21/11/2020,A,0,2,0.0,2.0,A,13.0,19.0,6.0,8.0,6.0,4.0,12.0,11.0,0.0,1.0,0.0,0.0
Ein Frankfurt,RB Leipzig,D1,2020,21/11/2020,D,1,1,1.0,0.0,H,8.0,10.0,3.0,3.0,5.0,6.0,18.0,12.0,3.0,2.0,0.0,0.0
Hertha,Dortmund,D1,2020,21/11/2020,A,2,5,1.0,0.0,H,9.0,15.0,3.0,8.0,4.0,3.0,12.0,17.0,1.0,1.0,0.0,0.0
Freiburg,Mainz,D1,2020,22/11/2020,A,1,3,0.0,3.0,A,19.0,22.0,6.0,8.0,9.0,4.0,6.0,12.0,0.0,1.0,0.0,0.0
FC Koln,Union Berlin,D1,2020,22/11/2020,A,1,2,1.0,1.0,D,10.0,10.0,4.0,3.0,5.0,4.0,12.0,15.0,1.0,2.0,0.0,0.0
Wolfsburg,Werder Bremen,D1,2020,27/11/2020,H,5,3,3.0,2.0,H,12.0,5.0,6.0,4.0,0.0,5.0,12.0,12.0,2.0,3.0,0.0,1.0
Augsburg,Freiburg,D1,2020,28/11/2020,D,1,1,0.0,0.0,D,10.0,10.0,2.0,5.0,4.0,1.0,15.0,8.0,3.0,1.0,0.0,0.0
Dortmund,FC Koln,D1,2020,28/11/2020,A,1,2,0.0,1.0,A,14.0,7.0,4.0,5.0,6.0,2.0,11.0,10.0,1.0,2.0,0.0,0.0
RB Leipzig,Bielefeld,D1,2020,28/11/2020,H,2,1,1.0,0.0,H,15.0,13.0,7.0,3.0,6.0,7.0,13.0,15.0,2.0,2.0,0.0,0.0
Stuttgart,Bayern Munich,D1,2020,28/11/2020,A,1,3,1.0,2.0,A,15.0,14.0,4.0,6.0,4.0,3.0,11.0,13.0,0.0,0.0,0.0,0.0
Union Berlin,Ein Frankfurt,D1,2020,28/11/2020,D,3,3,2.0,2.0,D,15.0,12.0,7.0,5.0,4.0,5.0,12.0,16.0,2.0,3.0,0.0,0.0
M'gladbach,Schalke 04,D1,2020,28/11/2020,H,4,1,2.0,1.0,H,19.0,13.0,9.0,2.0,5.0,4.0,8.0,14.0,2.0,3.0,0.0,0.0
Leverkusen,Hertha,D1,2020,29/11/2020,D,0,0,0.0,0.0,D,14.0,5.0,2.0,3.0,6.0,1.0,16.0,19.0,2.0,1.0,0.0,0.0
Mainz,Hoffenheim,D1,2020,29/11/2020,D,1,1,1.0,0.0,H,10.0,9.0,4.0,5.0,11.0,5.0,16.0,10.0,0.0,0.0,0.0,1.0
Hertha,Union Berlin,D1,2020,04/12/2020,H,3,1,0.0,1.0,A,10.0,4.0,7.0,1.0,9.0,2.0,15.0,9.0,1.0,3.0,0.0,1.0
Bielefeld,Mainz,D1,2020,05/12/2020,H,2,1,2.0,0.0,H,11.0,15.0,5.0,5.0,2.0,3.0,16.0,18.0,3.0,2.0,0.0,0.0
Ein Frankfurt,Dortmund,D1,2020,05/12/2020,D,1,1,1.0,0.0,H,9.0,16.0,1.0,5.0,6.0,5.0,14.0,6.0,6.0,1.0,0.0,0.0
FC Koln,Wolfsburg,D1,2020,05/12/2020,D,2,2,2.0,1.0,H,6.0,16.0,3.0,6.0,3.0,8.0,12.0,11.0,0.0,1.0,0.0,0.0
Freiburg,M'gladbach,D1,2020,05/12/2020,D,2,2,1.0,1.0,D,22.0,11.0,7.0,4.0,5.0,5.0,12.0,19.0,1.0,2.0,0.0,0.0
Bayern Munich,RB Leipzig,D1,2020,05/12/2020,D,3,3,2.0,2.0,D,10.0,8.0,6.0,4.0,10.0,2.0,5.0,8.0,0.0,1.0,0.0,0.0
Werder Bremen,Stuttgart,D1,2020,06/12/2020,A,1,2,0.0,1.0,A,14.0,11.0,4.0,7.0,2.0,4.0,10.0,15.0,4.0,4.0,0.0,0.0
Schalke 04,Leverkusen,D1,2020,06/12/2020,A,0,3,0.0,1.0,A,13.0,24.0,4.0,9.0,2.0,8.0,17.0,11.0,2.0,3.0,0.0,0.0
Hoffenheim,Augsburg,D1,2020,07/12/2020,H,3,1,1.0,1.0,D,10.0,13.0,7.0,3.0,4.0,3.0,15.0,9.0,0.0,1.0,0.0,0.0
Wolfsburg,Ein Frankfurt,D1,2020,11/12/2020,H,2,1,0.0,0.0,D,16.0,7.0,8.0,4.0,8.0,1.0,10.0,12.0,5.0,2.0,0.0,0.0
Dortmund,Stuttgart,D1,2020,12/12/2020,A,1,5,1.0,1.0,D,12.0,18.0,4.0,10.0,8.0,2.0,11.0,13.0,2.0,3.0,0.0,0.0
Freiburg,Bielefeld,D1,2020,12/12/2020,H,2,0,0.0,0.0,D,16.0,5.0,7.0,1.0,5.0,4.0,16.0,13.0,3.0,0.0,0.0,0.0
Mainz,FC Koln,D1,2020,12/12/2020,A,0,1,0.0,0.0,D,15.0,9.0,4.0,6.0,5.0,3.0,15.0,11.0,4.0,4.0,0.0,1.0
M'gladbach,Hertha,D1,2020,12/12/2020,D,1,1,0.0,0.0,D,17.0,9.0,4.0,3.0,13.0,2.0,9.0,18.0,3.0,2.0,0.0,0.0
RB Leipzig,Werder Bremen,D1,2020,12/12/2020,H,2,0,2.0,0.0,H,15.0,7.0,7.0,2.0,1.0,6.0,17.0,12.0,3.0,1.0,0.0,0.0
Union Berlin,Bayern Munich,D1,2020,12/12/2020,D,1,1,1.0,0.0,H,13.0,15.0,6.0,5.0,4.0,7.0,17.0,8.0,3.0,2.0,0.0,0.0
Augsburg,Schalke 04,D1,2020,13/12/2020,D,2,2,1.0,0.0,H,8.0,15.0,4.0,4.0,2.0,3.0,17.0,13.0,3.0,4.0,1.0,0.0
Leverkusen,Hoffenheim,D1,2020,13/12/2020,H,4,1,2.0,0.0,H,13.0,11.0,8.0,4.0,6.0,5.0,12.0,13.0,3.0,6.0,0.0,2.0
Ein Frankfurt,M'gladbach,D1,2020,15/12/2020,D,3,3,3.0,1.0,H,11.0,8.0,4.0,4.0,4.0,5.0,18.0,15.0,6.0,4.0,1.0,0.0
Hertha,Mainz,D1,2020,15/12/2020,D,0,0,0.0,0.0,D,9.0,5.0,0.0,0.0,5.0,4.0,17.0,11.0,3.0,1.0,0.0,0.0
Stuttgart,Union Berlin,D1,2020,15/12/2020,D,2,2,0.0,1.0,A,13.0,15.0,6.0,6.0,2.0,3.0,15.0,14.0,3.0,3.0,0.0,0.0
Werder Bremen,Dortmund,D1,2020,15/12/2020,A,1,2,1.0,1.0,D,7.0,15.0,3.0,9.0,4.0,4.0,10.0,13.0,3.0,2.0,0.0,0.0
Schalke 04,Freiburg,D1,2020,16/12/2020,A,0,2,0.0,0.0,D,10.0,11.0,2.0,5.0,2.0,3.0,15.0,9.0,2.0,1.0,0.0,0.0
Bayern Munich,Wolfsburg,D1,2020,16/12/2020,H,2,1,1.0,1.0,D,13.0,17.0,2.0,7.0,7.0,7.0,14.0,16.0,3.0,1.0,0.0,0.0
Bielefeld,Augsburg,D1,2020,16/12/2020,A,0,1,0.0,0.0,D,12.0,8.0,2.0,2.0,1.0,3.0,14.0,15.0,1.0,2.0,0.0,0.0
FC Koln,Leverkusen,D1,2020,16/12/2020,A,0,4,0.0,2.0,A,7.0,14.0,1.0,7.0,2.0,6.0,12.0,12.0,1.0,1.0,0.0,0.0
Hoffenheim,RB Leipzig,D1,2020,16/12/2020,A,0,1,0.0,0.0,D,7.0,4.0,3.0,3.0,5.0,5.0,16.0,14.0,2.0,0.0,0.0,0.0
Union Berlin,Dortmund,D1,2020,18/12/2020,H,2,1,0.0,0.0,D,12.0,16.0,5.0,4.0,8.0,6.0,9.0,7.0,1.0,1.0,0.0,0.0
Augsburg,Ein Frankfurt,D1,2020,19/12/2020,A,0,2,0.0,0.0,D,15.0,15.0,4.0,6.0,2.0,4.0,9.0,10.0,1.0,4.0,0.0,0.0
Mainz,Werder Bremen,D1,2020,19/12/2020,A,0,1,0.0,0.0,D,9.0,13.0,1.0,7.0,2.0,5.0,15.0,11.0,2.0,2.0,0.0,0.0
M'gladbach,Hoffenheim,D1,2020,19/12/2020,A,1,2,1.0,0.0,H,15.0,14.0,5.0,5.0,3.0,3.0,13.0,22.0,1.0,3.0,1.0,0.0
RB Leipzig,FC Koln,D1,2020,19/12/2020,D,0,0,0.0,0.0,D,14.0,4.0,6.0,1.0,8.0,2.0,11.0,8.0,1.0,0.0,0.0,0.0
Schalke 04,Bielefeld,D1,2020,19/12/2020,A,0,1,0.0,0.0,D,11.0,8.0,5.0,3.0,1.0,6.0,17.0,19.0,6.0,5.0,0.0,0.0
Leverkusen,Bayern Munich,D1,2020,19/12/2020,A,1,2,1.0,1.0,D,8.0,14.0,3.0,3.0,5.0,7.0,13.0,6.0,1.0,1.0,0.0,0.0
Freiburg,Hertha,D1,2020,20/12/2020,H,4,1,1.0,0.0,H,17.0,10.0,9.0,3.0,7.0,3.0,9.0,16.0,0.0,0.0,0.0,0.0
Wolfsburg,Stuttgart,D1,2020,20/12/2020,H,1,0,0.0,0.0,D,13.0,9.0,4.0,1.0,4.0,6.0,15.0,7.0,2.0,3.0,0.0,0.0
Bielefeld,M'gladbach,D1,2020,02/01/2021,A,0,1,0.0,0.0,D,7.0,22.0,0.0,7.0,3.0,14.0,8.0,7.0,2.0,1.0,0.0,0.0
Ein Frankfurt,Leverkusen,D1,2020,02/01/2021,H,2,1,1.0,1.0,D,10.0,10.0,4.0,2.0,2.0,7.0,9.0,6.0,0.0,0.0,0.0,0.0
FC Koln,Augsburg,D1,2020,02/01/2021,A,0,1,0.0,0.0,D,12.0,11.0,2.0,4.0,8.0,3.0,20.0,12.0,2.0,3.0,0.0,0.0
Hoffenheim,Freiburg,D1,2020,02/01/2021,A,1,3,0.0,3.0,A,13.0,7.0,6.0,4.0,8.0,3.0,14.0,22.0,2.0,2.0,0.0,0.0
Werder Bremen,Union Berlin,D1,2020,02/01/2021,A,0,2,0.0,2.0,A,10.0,9.0,2.0,2.0,6.0,5.0,15.0,14.0,2.0,4.0,0.0,0.0
Hertha,Schalke 04,D1,2020,02/01/2021,H,3,0,1.0,0.0,H,20.0,10.0,10.0,4.0,9.0,5.0,11.0,18.0,2.0,2.0,0.0,0.0
Stuttgart,RB Leipzig,D1,2020,02/01/2021,A,0,1,0.0,0.0,D,10.0,22.0,1.0,9.0,3.0,6.0,10.0,10.0,2.0,1.0,0.0,0.0
Dortmund,Wolfsburg,D1,2020,03/01/2021,H,2,0,0.0,0.0,D,14.0,22.0,7.0,5.0,10.0,5.0,9.0,12.0,3.0,1.0,0.0,0.0
Bayern Munich,Mainz,D1,2020,03/01/2021,H,5,2,0.0,2.0,A,19.0,12.0,12.0,7.0,10.0,2.0,11.0,9.0,2.0,1.0,0.0,0.0
M'gladbach,Bayern Munich,D1,2020,08/01/2021,H,3,2,2.0,2.0,D,8.0,15.0,4.0,4.0,3.0,8.0,9.0,11.0,1.0,1.0,0.0,0.0
Freiburg,FC Koln,D1,2020,09/01/2021,H,5,0,2.0,0.0,H,12.0,5.0,6.0,2.0,1.0,3.0,14.0,10.0,0.0,0.0,0.0,0.0
Leverkusen,Werder Bremen,D1,2020,09/01/2021,D,1,1,0.0,0.0,D,12.0,3.0,3.0,1.0,3.0,1.0,22.0,13.0,2.0,2.0,0.0,0.0
Mainz,Ein Frankfurt,D1,2020,09/01/2021,A,0,2,0.0,1.0,A,8.0,15.0,0.0,7.0,3.0,7.0,17.0,15.0,2.0,1.0,0.0,0.0
Schalke 04,Hoffenheim,D1,2020,09/01/2021,H,4,0,1.0,0.0,H,12.0,18.0,5.0,5.0,5.0,4.0,14.0,13.0,2.0,4.0,0.0,0.0
Union Berlin,Wolfsburg,D1,2020,09/01/2021,D,2,2,1.0,1.0,D,13.0,11.0,6.0,5.0,5.0,3.0,16.0,13.0,3.0,1.0,0.0,1.0
RB Leipzig,Dortmund,D1,2020,09/01/2021,A,1,3,0.0,0.0,D,12.0,15.0,4.0,7.0,3.0,3.0,8.0,12.0,0.0,2.0,0.0,0.0
Augsburg,Stuttgart,D1,2020,10/01/2021,A,1,4,0.0,2.0,A,14.0,27.0,4.0,11.0,4.0,11.0,7.0,12.0,3.0,2.0,1.0,0.0
Bielefeld,Hertha,D1,2020,10/01/2021,H,1,0,0.0,0.0,D,12.0,10.0,2.0,6.0,8.0,3.0,8.0,18.0,1.0,1.0,0.0,0.0
Union Berlin,Leverkusen,D1,2020,15/01/2021,H,1,0,0.0,0.0,D,10.0,12.0,2.0,4.0,2.0,3.0,9.0,10.0,1.0,2.0,0.0,0.0
Dortmund,Mainz,D1,2020,16/01/2021,D,1,1,0.0,0.0,D,17.0,8.0,7.0,3.0,1.0,2.0,10.0,19.0,1.0,2.0,0.0,0.0
FC Koln,Hertha,D1,2020,16/01/2021,D,0,0,0.0,0.0,D,8.0,14.0,2.0,3.0,5.0,4.0,13.0,19.0,2.0,3.0,0.0,0.0
Hoffenheim,Bielefeld,D1,2020,16/01/2021,D,0,0,0.0,0.0,D,11.0,8.0,5.0,2.0,5.0,3.0,9.0,21.0,1.0,1.0,0.0,0.0
Werder Bremen,Augsburg,D1,2020,16/01/2021,H,2,0,0.0,0.0,D,10.0,6.0,5.0,2.0,4.0,4.0,10.0,18.0,0.0,1.0,0.0,0.0
Wolfsburg,RB Leipzig,D1,2020,16/01/2021,D,2,2,2.0,1.0,H,8.0,13.0,2.0,9.0,6.0,6.0,16.0,9.0,4.0,3.0,0.0,0.0
Stuttgart,M'gladbach,D1,2020,16/01/2021,D,2,2,0.0,1.0,A,19.0,8.0,7.0,5.0,5.0,2.0,11.0,20.0,2.0,3.0,0.0,0.0
Bayern Munich,Freiburg,D1,2020,17/01/2021,H,2,1,1.0,0.0,H,25.0,8.0,9.0,3.0,14.0,3.0,4.0,14.0,1.0,2.0,0.0,0.0
Ein Frankfurt,Schalke 04,D1,2020,17/01/2021,H,3,1,1.0,1.0,D,20.0,5.0,11.0,1.0,8.0,2.0,8.0,10.0,0.0,1.0,0.0,0.0
M'gladbach,Werder Bremen,D1,2020,19/01/2021,H,1,0,0.0,0.0,D,11.0,11.0,6.0,2.0,7.0,5.0,15.0,11.0,2.0,2.0,0.0,0.0
Hertha,Hoffenheim,D1,2020,19/01/2021,A,0,3,0.0,1.0,A,13.0,11.0,2.0,6.0,3.0,2.0,16.0,16.0,1.0,1.0,0.0,0.0
Leverkusen,Dortmund,D1,2020,19/01/2021,H,2,1,1.0,0.0,H,23.0,15.0,13.0,3.0,6.0,5.0,13.0,8.0,2.0,2.0,0.0,0.0
Mainz,Wolfsburg,D1,2020,19/01/2021,A,0,2,0.0,0.0,D,8.0,8.0,0.0,2.0,2.0,5.0,17.0,15.0,1.0,2.0,0.0,0.0
Schalke 04,FC Koln,D1,2020,20/01/2021,A,1,2,0.0,1.0,A,15.0,12.0,8.0,4.0,5.0,8.0,7.0,11.0,2.0,1.0,0.0,0.0
Augsburg,Bayern Munich,D1,2020,20/01/2021,A,0,1,0.0,1.0,A,9.0,17.0,0.0,4.0,5.0,7.0,15.0,11.0,2.0,0.0,0.0,0.0
Bielefeld,Stuttgart,D1,2020,20/01/2021,H,3,0,1.0,0.0,H,9.0,11.0,3.0,3.0,2.0,6.0,9.0,9.0,1.0,0.0,0.0,0.0
Freiburg,Ein Frankfurt,D1,2020,20/01/2021,D,2,2,1.0,1.0,D,11.0,17.0,4.0,4.0,4.0,5.0,10.0,15.0,3.0,3.0,0.0,0.0
RB Leipzig,Union Berlin,D1,2020,20/01/2021,H,1,0,0.0,0.0,D,15.0,4.0,5.0,1.0,5.0,1.0,6.0,11.0,1.0,1.0,0.0,0.0
M'gladbach,Dortmund,D1,2020,22/01/2021,H,4,2,2.0,2.0,D,10.0,16.0,7.0,7.0,3.0,7.0,9.0,9.0,1.0,0.0,0.0,0.0
Augsburg,Union Berlin,D1,2020,23/01/2021,H,2,1,1.0,1.0,D,8.0,9.0,4.0,5.0,2.0,3.0,13.0,21.0,3.0,1.0,0.0,0.0
Bielefeld,Ein Frankfurt,D1,2020,23/01/2021,A,1,5,1.0,3.0,A,8.0,15.0,4.0,8.0,0.0,8.0,14.0,22.0,2.0,2.0,0.0,0.0
Freiburg,Stuttgart,D1,2020,23/01/2021,H,2,1,2.0,1.0,H,9.0,27.0,4.0,11.0,3.0,5.0,20.0,12.0,2.0,0.0,0.0,0.0
Leverkusen,Wolfsburg,D1,2020,23/01/2021,A,0,1,0.0,1.0,A,10.0,8.0,4.0,4.0,6.0,2.0,13.0,7.0,1.0,1.0,0.0,0.0
Mainz,RB Leipzig,D1,2020,23/01/2021,H,3,2,2.0,2.0,D,10.0,12.0,4.0,5.0,3.0,9.0,13.0,16.0,2.0,4.0,0.0,0.0
Hertha,Werder Bremen,D1,2020,23/01/2021,A,1,4,1.0,2.0,A,18.0,7.0,10.0,5.0,7.0,1.0,16.0,12.0,2.0,3.0,0.0,0.0
Schalke 04,Bayern Munich,D1,2020,24/01/2021,A,0,4,0.0,1.0,A,14.0,32.0,4.0,14.0,3.0,7.0,5.0,9.0,1.0,1.0,0.0,0.0
Hoffenheim,FC Koln,D1,2020,24/01/2021,H,3,0,2.0,0.0,H,13.0,13.0,4.0,4.0,6.0,9.0,8.0,13.0,2.0,3.0,0.0,0.0
Stuttgart,Mainz,D1,2020,29/01/2021,H,2,0,0.0,0.0,D,9.0,10.0,3.0,2.0,2.0,4.0,9.0,20.0,1.0,4.0,0.0,0.0
Bayern Munich,Hoffenheim,D1,2020,30/01/2021,H,4,1,2.0,1.0,H,15.0,15.0,9.0,5.0,10.0,4.0,10.0,8.0,1.0,0.0,0.0,0.0
Dortmund,Augsburg,D1,2020,30/01/2021,H,3,1,1.0,1.0,D,14.0,5.0,5.0,1.0,10.0,1.0,12.0,11.0,0.0,1.0,0.0,0.0
Ein Frankfurt,Hertha,D1,2020,30/01/2021,H,3,1,0.0,0.0,D,17.0,11.0,8.0,4.0,4.0,7.0,17.0,14.0,1.0,4.0,0.0,0.0
Union Berlin,M'gladbach,D1,2020,30/01/2021,D,1,1,1.0,0.0,H,13.0,12.0,3.0,4.0,2.0,9.0,12.0,13.0,1.0,3.0,0.0,0.0
Werder Bremen,Schalke 04,D1,2020,30/01/2021,D,1,1,0.0,1.0,A,15.0,6.0,6.0,1.0,6.0,1.0,11.0,20.0,0.0,4.0,0.0,0.0
RB Leipzig,Leverkusen,D1,2020,30/01/2021,H,1,0,0.0,0.0,D,16.0,8.0,2.0,4.0,6.0,6.0,11.0,15.0,2.0,2.0,0.0,0.0
FC Koln,Bielefeld,D1,2020,31/01/2021,H,3,1,2.0,0.0,H,14.0,9.0,7.0,3.0,3.0,5.0,15.0,17.0,2.0,1.0,0.0,0.0
Wolfsburg,Freiburg,D1,2020,31/01/2021,H,3,0,2.0,0.0,H,12.0,9.0,6.0,2.0,5.0,10.0,13.0,10.0,0.0,0.0,0.0,0.0
Hertha,Bayern Munich,D1,2020,05/02/2021,A,0,1,0.0,1.0,A,11.0,17.0,7.0,7.0,3.0,11.0,12.0,15.0,2.0,1.0,0.0,0.0
Augsburg,Wolfsburg,D1,2020,06/02/2021,A,0,2,0.0,1.0,A,9.0,17.0,1.0,9.0,7.0,4.0,10.0,15.0,2.0,0.0,0.0,0.0
Freiburg,Dortmund,D1,2020,06/02/2021,H,2,1,0.0,0.0,D,6.0,16.0,3.0,5.0,1.0,1.0,12.0,12.0,1.0,2.0,0.0,0.0
Leverkusen,Stuttgart,D1,2020,06/02/2021,H,5,2,2.0,0.0,H,25.0,14.0,11.0,7.0,4.0,4.0,12.0,9.0,0.0,0.0,0.0,0.0
Mainz,Union Berlin,D1,2020,06/02/2021,H,1,0,1.0,0.0,H,9.0,10.0,5.0,3.0,3.0,1.0,12.0,11.0,2.0,5.0,0.0,1.0
Schalke 04,RB Leipzig,D1,2020,06/02/2021,A,0,3,0.0,1.0,A,3.0,24.0,1.0,10.0,1.0,7.0,14.0,16.0,2.0,1.0,0.0,0.0
M'gladbach,FC Koln,D1,2020,06/02/2021,A,1,2,1.0,1.0,D,10.0,7.0,2.0,3.0,4.0,1.0,17.0,11.0,4.0,2.0,0.0,0.0
Hoffenheim,Ein Frankfurt,D1,2020,07/02/2021,A,1,3,0.0,1.0,A,8.0,9.0,2.0,5.0,4.0,7.0,15.0,12.0,0.0,3.0,0.0,0.0
RB Leipzig,Augsburg,D1,2020,12/02/2021,H,2,1,2.0,0.0,H,16.0,4.0,6.0,2.0,3.0,4.0,23.0,15.0,3.0,5.0,0.0,0.0
Dortmund,Hoffenheim,D1,2020,13/02/2021,D,2,2,1.0,1.0,D,6.0,12.0,3.0,6.0,1.0,7.0,21.0,16.0,3.0,7.0,0.0,0.0
Leverkusen,Mainz,D1,2020,13/02/2021,D,2,2,1.0,0.0,H,11.0,19.0,5.0,6.0,2.0,2.0,13.0,17.0,5.0,1.0,0.0,0.0
Stuttgart,Hertha,D1,2020,13/02/2021,D,1,1,1.0,0.0,H,11.0,11.0,3.0,3.0,1.0,5.0,21.0,17.0,2.0,2.0,0.0,0.0
Werder Bremen,Freiburg,D1,2020,13/02/2021,D,0,0,0.0,0.0,D,12.0,8.0,4.0,2.0,4.0,1.0,4.0,20.0,0.0,2.0,0.0,0.0
Union Berlin,Schalke 04,D1,2020,13/02/2021,D,0,0,0.0,0.0,D,19.0,6.0,3.0,1.0,1.0,6.0,14.0,15.0,3.0,2.0,0.0,0.0
Ein Frankfurt,FC Koln,D1,2020,14/02/2021,H,2,0,0.0,0.0,D,17.0,6.0,7.0,1.0,7.0,2.0,14.0,4.0,3.0,1.0,0.0,0.0
Wolfsburg,M'gladbach,D1,2020,14/02/2021,D,0,0,0.0,0.0,D,18.0,12.0,6.0,4.0,9.0,6.0,10.0,11.0,1.0,3.0,0.0,0.0
Bayern Munich,Bielefeld,D1,2020,15/02/2021,D,3,3,0.0,2.0,A,19.0,7.0,11.0,3.0,5.0,2.0,7.0,13.0,1.0,1.0,0.0,0.0
Bielefeld,Wolfsburg,D1,2020,19/02/2021,A,0,3,0.0,1.0,A,7.0,11.0,2.0,6.0,3.0,8.0,10.0,14.0,0.0,2.0,0.0,0.0
Ein Frankfurt,Bayern Munich,D1,2020,20/02/2021,H,2,1,2.0,0.0,H,12.0,22.0,6.0,6.0,6.0,10.0,12.0,7.0,2.0,1.0,0.0,0.0
FC Koln,Stuttgart,D1,2020,20/02/2021,A,0,1,0.0,0.0,D,9.0,9.0,0.0,3.0,0.0,6.0,15.0,10.0,2.0,1.0,0.0,0.0
Freiburg,Union Berlin,D1,2020,20/02/2021,A,0,1,0.0,0.0,D,9.0,15.0,1.0,4.0,2.0,4.0,15.0,14.0,2.0,2.0,0.0,0.0
M'gladbach,Mainz,D1,2020,20/02/2021,A,1,2,1.0,1.0,D,12.0,8.0,3.0,6.0,4.0,4.0,10.0,16.0,1.0,1.0,0.0,0.0
Schalke 04,Dortmund,D1,2020,20/02/2021,A,0,4,0.0,2.0,A,13.0,9.0,2.0,6.0,4.0,2.0,9.0,13.0,2.0,2.0,0.0,0.0
Augsburg,Leverkusen,D1,2020,21/02/2021,D,1,1,1.0,0.0,H,6.0,10.0,3.0,3.0,1.0,4.0,16.0,13.0,2.0,4.0,0.0,0.0
Hertha,RB Leipzig,D1,2020,21/02/2021,A,0,3,0.0,1.0,A,8.0,14.0,4.0,7.0,3.0,4.0,10.0,8.0,1.0,1.0,0.0,0.0
Hoffenheim,Werder Bremen,D1,2020,21/02/2021,H,4,0,2.0,0.0,H,12.0,3.0,6.0,1.0,6.0,3.0,16.0,12.0,2.0,2.0,0.0,0.0
Werder Bremen,Ein Frankfurt,D1,2020,26/02/2021,H,2,1,0.0,1.0,A,9.0,13.0,5.0,4.0,2.0,8.0,9.0,15.0,4.0,3.0,0.0,0.0
Bayern Munich,FC Koln,D1,2020,27/02/2021,H,5,1,2.0,0.0,H,15.0,6.0,7.0,3.0,4.0,4.0,7.0,9.0,2.0,1.0,0.0,0.0
Dortmund,Bielefeld,D1,2020,27/02/2021,H,3,0,0.0,0.0,D,20.0,8.0,9.0,2.0,5.0,2.0,12.0,16.0,0.0,3.0,0.0,0.0
Stuttgart,Schalke 04,D1,2020,27/02/2021,H,5,1,3.0,1.0,H,19.0,11.0,10.0,5.0,11.0,9.0,15.0,18.0,2.0,3.0,0.0,0.0
Wolfsburg,Hertha,D1,2020,27/02/2021,H,2,0,1.0,0.0,H,11.0,7.0,2.0,2.0,3.0,5.0,15.0,14.0,5.0,0.0,1.0,0.0
RB Leipzig,M'gladbach,D1,2020,27/02/2021,H,3,2,0.0,2.0,A,21.0,5.0,11.0,2.0,3.0,4.0,20.0,15.0,2.0,2.0,0.0,0.0
Union Berlin,Hoffenheim,D1,2020,28/02/2021,D,1,1,1.0,1.0,D,4.0,15.0,1.0,4.0,3.0,4.0,13.0,12.0,0.0,2.0,0.0,0.0
Mainz,Augsburg,D1,2020,28/02/2021,A,0,1,0.0,1.0,A,10.0,8.0,5.0,3.0,5.0,3.0,9.0,7.0,1.0,2.0,0.0,0.0
Leverkusen,Freiburg,D1,2020,28/02/2021,A,1,2,0.0,0.0,D,21.0,6.0,5.0,3.0,8.0,3.0,12.0,11.0,2.0,3.0,0.0,0.0
Schalke 04,Mainz,D1,2020,05/03/2021,D,0,0,0.0,0.0,D,2.0,19.0,2.0,2.0,2.0,6.0,10.0,16.0,2.0,2.0,0.0,0.0
Ein Frankfurt,Stuttgart,D1,2020,06/03/2021,D,1,1,0.0,0.0,D,19.0,8.0,8.0,1.0,13.0,4.0,15.0,17.0,2.0,3.0,0.0,0.0
Freiburg,RB Leipzig,D1,2020,06/03/2021,A,0,3,0.0,1.0,A,5.0,13.0,1.0,8.0,1.0,2.0,10.0,13.0,1.0,1.0,0.0,0.0
Hertha,Augsburg,D1,2020,06/03/2021,H,2,1,0.0,1.0,A,17.0,7.0,7.0,4.0,6.0,1.0,15.0,13.0,2.0,3.0,0.0,0.0
Hoffenheim,Wolfsburg,D1,2020,06/03/2021,H,2,1,2.0,1.0,H,9.0,17.0,4.0,5.0,2.0,6.0,13.0,15.0,2.0,4.0,0.0,1.0
M'gladbach,Leverkusen,D1,2020,06/03/2021,A,0,1,0.0,0.0,D,7.0,13.0,3.0,5.0,7.0,8.0,6.0,10.0,0.0,2.0,0.0,0.0
Bayern Munich,Dortmund,D1,2020,06/03/2021,H,4,2,2.0,2.0,D,25.0,4.0,9.0,3.0,6.0,0.0,8.0,13.0,1.0,1.0,0.0,0.0
FC Koln,Werder Bremen,D1,2020,07/03/2021,D,1,1,0.0,0.0,D,16.0,11.0,4.0,5.0,9.0,3.0,13.0,10.0,2.0,0.0,0.0,0.0
Bielefeld,Union Berlin,D1,2020,07/03/2021,D,0,0,0.0,0.0,D,5.0,7.0,3.0,3.0,3.0,3.0,9.0,5.0,0.0,0.0,0.0,0.0
Bielefeld,Werder Bremen,D1,2020,10/03/2021,A,0,2,0.0,0.0,D,22.0,5.0,7.0,2.0,9.0,0.0,12.0,9.0,0.0,2.0,1.0,0.0
Augsburg,M'gladbach,D1,2020,12/03/2021,H,3,1,0.0,0.0,D,10.0,28.0,3.0,7.0,1.0,10.0,6.0,10.0,0.0,0.0,0.0,0.0
Mainz,Freiburg,D1,2020,13/03/2021,H,1,0,0.0,0.0,D,10.0,13.0,7.0,3.0,0.0,4.0,25.0,15.0,1.0,3.0,0.0,0.0
Union Berlin,FC Koln,D1,2020,13/03/2021,H,2,1,0.0,1.0,A,13.0,9.0,8.0,5.0,6.0,6.0,20.0,13.0,2.0,3.0,0.0,0.0
Werder Bremen,Bayern Munich,D1,2020,13/03/2021,A,1,3,0.0,2.0,A,9.0,22.0,4.0,6.0,3.0,8.0,5.0,9.0,1.0,0.0,0.0,0.0
Wolfsburg,Schalke 04,D1,2020,13/03/2021,H,5,0,1.0,0.0,H,16.0,7.0,7.0,2.0,3.0,8.0,12.0,8.0,0.0,1.0,0.0,0.0
Dortmund,Hertha,D1,2020,13/03/2021,H,2,0,0.0,0.0,D,14.0,4.0,4.0,0.0,7.0,0.0,6.0,11.0,1.0,1.0,0.0,1.0
Leverkusen,Bielefeld,D1,2020,14/03/2021,A,1,2,0.0,1.0,A,20.0,10.0,8.0,5.0,9.0,5.0,16.0,9.0,2.0,1.0,0.0,0.0
RB Leipzig,Ein Frankfurt,D1,2020,14/03/2021,D,1,1,0.0,0.0,D,14.0,5.0,8.0,2.0,4.0,3.0,14.0,21.0,2.0,3.0,0.0,0.0
Stuttgart,Hoffenheim,D1,2020,14/03/2021,H,2,0,1.0,0.0,H,7.0,16.0,4.0,5.0,4.0,4.0,14.0,9.0,0.0,2.0,0.0,0.0
Bielefeld,RB Leipzig,D1,2020,19/03/2021,A,0,1,0.0,0.0,D,5.0,20.0,0.0,8.0,1.0,7.0,10.0,12.0,2.0,1.0,0.0,0.0
Bayern Munich,Stuttgart,D1,2020,20/03/2021,H,4,0,4.0,0.0,H,15.0,12.0,7.0,4.0,1.0,3.0,10.0,12.0,1.0,2.0,1.0,0.0
Ein Frankfurt,Union Berlin,D1,2020,20/03/2021,H,5,2,4.0,2.0,H,9.0,24.0,5.0,8.0,2.0,4.0,9.0,10.0,1.0,2.0,0.0,0.0
FC Koln,Dortmund,D1,2020,20/03/2021,D,2,2,1.0,1.0,D,10.0,13.0,2.0,4.0,5.0,2.0,4.0,12.0,1.0,1.0,0.0,0.0
Werder Bremen,Wolfsburg,D1,2020,20/03/2021,A,1,2,1.0,2.0,A,11.0,16.0,4.0,5.0,3.0,9.0,15.0,15.0,3.0,1.0,0.0,0.0
Schalke 04,M'gladbach,D1,2020,20/03/2021,A,0,3,0.0,1.0,A,4.0,21.0,1.0,7.0,2.0,7.0,8.0,8.0,1.0,2.0,0.0,0.0
Hoffenheim,Mainz,D1,2020,21/03/2021,A,1,2,1.0,2.0,A,8.0,16.0,2.0,7.0,2.0,9.0,14.0,12.0,0.0,0.0,0.0,0.0
Hertha,Leverkusen,D1,2020,21/03/2021,H,3,0,3.0,0.0,H,13.0,9.0,10.0,1.0,4.0,8.0,10.0,20.0,0.0,2.0,0.0,0.0
Freiburg,Augsburg,D1,2020,21/03/2021,H,2,0,0.0,0.0,D,10.0,19.0,3.0,8.0,3.0,5.0,21.0,13.0,7.0,2.0,0.0,0.0
Augsburg,Hoffenheim,D1,2020,03/04/2021,H,2,1,2.0,0.0,H,7.0,16.0,2.0,6.0,2.0,10.0,7.0,11.0,1.0,1.0,0.0,0.0
Dortmund,Ein Frankfurt,D1,2020,03/04/2021,A,1,2,1.0,1.0,D,20.0,15.0,7.0,3.0,10.0,2.0,9.0,12.0,0.0,3.0,0.0,0.0
Leverkusen,Schalke 04,D1,2020,03/04/2021,H,2,1,1.0,0.0,H,6.0,4.0,2.0,2.0,5.0,4.0,13.0,9.0,1.0,0.0,0.0,0.0
Mainz,Bielefeld,D1,2020,03/04/2021,D,1,1,0.0,0.0,D,12.0,9.0,5.0,2.0,2.0,3.0,27.0,10.0,4.0,1.0,0.0,0.0
Wolfsburg,FC Koln,D1,2020,03/04/2021,H,1,0,0.0,0.0,D,13.0,10.0,6.0,1.0,5.0,4.0,18.0,11.0,2.0,1.0,0.0,0.0
RB Leipzig,Bayern Munich,D1,2020,03/04/2021,A,0,1,0.0,1.0,A,13.0,9.0,3.0,5.0,8.0,4.0,13.0,9.0,3.0,2.0,0.0,0.0
M'gladbach,Freiburg,D1,2020,03/04/2021,H,2,1,0.0,1.0,A,19.0,7.0,5.0,4.0,0.0,3.0,11.0,14.0,1.0,3.0,0.0,0.0
Stuttgart,Werder Bremen,D1,2020,04/04/2021,H,1,0,0.0,0.0,D,14.0,9.0,3.0,2.0,6.0,0.0,8.0,8.0,1.0,2.0,0.0,0.0
Union Berlin,Hertha,D1,2020,04/04/2021,D,1,1,1.0,1.0,D,11.0,4.0,3.0,1.0,2.0,3.0,13.0,12.0,2.0,4.0,0.0,0.0
Bielefeld,Freiburg,D1,2020,09/04/2021,H,1,0,0.0,0.0,D,14.0,10.0,4.0,2.0,4.0,2.0,8.0,10.0,3.0,2.0,0.0,0.0
Bayern Munich,Union Berlin,D1,2020,10/04/2021,D,1,1,0.0,0.0,D,14.0,6.0,2.0,2.0,8.0,1.0,10.0,12.0,2.0,0.0,0.0,0.0
Ein Frankfurt,Wolfsburg,D1,2020,10/04/2021,H,4,3,2.0,1.0,H,9.0,20.0,5.0,7.0,3.0,7.0,11.0,13.0,3.0,2.0,0.0,0.0
Hertha,M'gladbach,D1,2020,10/04/2021,D,2,2,1.0,2.0,A,24.0,7.0,8.0,4.0,11.0,3.0,12.0,17.0,2.0,1.0,0.0,1.0
Werder Bremen,RB Leipzig,D1,2020,10/04/2021,A,1,4,0.0,3.0,A,11.0,8.0,2.0,4.0,2.0,2.0,13.0,10.0,0.0,0.0,0.0,0.0
Stuttgart,Dortmund,D1,2020,10/04/2021,A,2,3,1.0,0.0,H,13.0,18.0,3.0,7.0,3.0,8.0,13.0,11.0,4.0,2.0,0.0,0.0
Schalke 04,Augsburg,D1,2020,11/04/2021,H,1,0,1.0,0.0,H,7.0,13.0,2.0,4.0,4.0,6.0,10.0,14.0,0.0,2.0,0.0,0.0
FC Koln,Mainz,D1,2020,11/04/2021,A,2,3,1.0,1.0,D,22.0,9.0,4.0,6.0,2.0,5.0,14.0,14.0,2.0,1.0,0.0,0.0
Hoffenheim,Leverkusen,D1,2020,12/04/2021,D,0,0,0.0,0.0,D,2.0,7.0,0.0,5.0,1.0,1.0,14.0,12.0,1.0,1.0,0.0,0.0
RB Leipzig,Hoffenheim,D1,2020,16/04/2021,D,0,0,0.0,0.0,D,14.0,6.0,2.0,0.0,4.0,1.0,14.0,13.0,0.0,2.0,0.0,0.0
Augsburg,Bielefeld,D1,2020,17/04/2021,D,0,0,0.0,0.0,D,9.0,8.0,3.0,1.0,7.0,3.0,10.0,9.0,4.0,1.0,0.0,0.0
Freiburg,Schalke 04,D1,2020,17/04/2021,H,4,0,2.0,0.0,H,13.0,4.0,8.0,2.0,3.0,4.0,15.0,12.0,2.0,1.0,0.0,0.0
M'gladbach,Ein Frankfurt,D1,2020,17/04/2021,H,4,0,1.0,0.0,H,19.0,16.0,4.0,5.0,7.0,8.0,11.0,10.0,2.0,4.0,0.0,0.0
Union Berlin,Stuttgart,D1,2020,17/04/2021,H,2,1,2.0,0.0,H,9.0,9.0,4.0,2.0,4.0,4.0,15.0,12.0,2.0,3.0,0.0,0.0
Wolfsburg,Bayern Munich,D1,2020,17/04/2021,A,2,3,1.0,3.0,A,7.0,14.0,3.0,9.0,6.0,5.0,16.0,8.0,2.0,1.0,0.0,0.0
Leverkusen,FC Koln,D1,2020,17/04/2021,H,3,0,1.0,0.0,H,8.0,14.0,5.0,2.0,2.0,3.0,12.0,12.0,1.0,1.0,0.0,0.0
Dortmund,Werder Bremen,D1,2020,18/04/2021,H,4,1,3.0,1.0,H,19.0,10.0,9.0,3.0,7.0,4.0,8.0,14.0,1.0,4.0,0.0,0.0
FC Koln,RB Leipzig,D1,2020,20/04/2021,H,2,1,0.0,0.0,D,5.0,23.0,3.0,6.0,0.0,8.0,9.0,16.0,2.0,3.0,0.0,0.0
Bayern Munich,Leverkusen,D1,2020,20/04/2021,H,2,0,2.0,0.0,H,26.0,6.0,9.0,3.0,7.0,3.0,6.0,14.0,0.0,0.0,0.0,0.0
Bielefeld,Schalke 04,D1,2020,20/04/2021,H,1,0,0.0,0.0,D,10.0,3.0,5.0,0.0,4.0,2.0,14.0,12.0,3.0,5.0,0.0,1.0
Ein Frankfurt,Augsburg,D1,2020,20/04/2021,H,2,0,1.0,0.0,H,12.0,14.0,4.0,4.0,7.0,5.0,18.0,8.0,3.0,1.0,0.0,0.0
Dortmund,Union Berlin,D1,2020,21/04/2021,H,2,0,1.0,0.0,H,21.0,6.0,11.0,2.0,4.0,3.0,12.0,10.0,2.0,1.0,0.0,0.0
Hoffenheim,M'gladbach,D1,2020,21/04/2021,H,3,2,0.0,2.0,A,19.0,5.0,6.0,3.0,5.0,4.0,9.0,5.0,3.0,0.0,0.0,0.0
Stuttgart,Wolfsburg,D1,2020,21/04/2021,A,1,3,0.0,2.0,A,11.0,13.0,4.0,4.0,4.0,1.0,12.0,11.0,3.0,0.0,0.0,0.0
Werder Bremen,Mainz,D1,2020,21/04/2021,A,0,1,0.0,1.0,A,18.0,13.0,4.0,5.0,10.0,4.0,7.0,13.0,1.0,2.0,0.0,0.0
Augsburg,FC Koln,D1,2020,23/04/2021,A,2,3,0.0,3.0,A,13.0,14.0,5.0,6.0,6.0,3.0,17.0,13.0,2.0,3.0,0.0,0.0
Freiburg,Hoffenheim,D1,2020,24/04/2021,D,1,1,0.0,1.0,A,15.0,16.0,7.0,4.0,6.0,5.0,10.0,12.0,1.0,2.0,0.0,0.0
Mainz,Bayern Munich,D1,2020,24/04/2021,H,2,1,2.0,0.0,H,8.0,17.0,4.0,4.0,2.0,3.0,12.0,15.0,3.0,4.0,0.0,0.0
Union Berlin,Werder Bremen,D1,2020,24/04/2021,H,3,1,0.0,0.0,D,17.0,9.0,6.0,5.0,11.0,2.0,10.0,8.0,0.0,0.0,0.0,0.0
Wolfsburg,Dortmund,D1,2020,24/04/2021,A,0,2,0.0,1.0,A,21.0,8.0,2.0,4.0,10.0,2.0,10.0,12.0,1.0,3.0,0.0,1.0
Leverkusen,Ein Frankfurt,D1,2020,24/04/2021,H,3,1,0.0,0.0,D,18.0,12.0,10.0,4.0,5.0,6.0,9.0,8.0,1.0,1.0,0.0,0.0
RB Leipzig,Stuttgart,D1,2020,25/04/2021,H,2,0,0.0,0.0,D,24.0,2.0,11.0,0.0,10.0,1.0,19.0,8.0,2.0,0.0,0.0,1.0
M'gladbach,Bielefeld,D1,2020,25/04/2021,H,5,0,3.0,0.0,H,20.0,10.0,12.0,5.0,4.0,1.0,11.0,8.0,1.0,1.0,0.0,0.0
Mainz,Hertha,D1,2020,03/05/2021,D,1,1,1.0,1.0,D,16.0,7.0,9.0,5.0,6.0,4.0,18.0,13.0,2.0,3.0,0.0,0.0
Hertha,Freiburg,D1,2020,06/05/2021,H,3,0,2.0,0.0,H,13.0,15.0,6.0,4.0,4.0,6.0,10.0,13.0,4.0,3.0,0.0,0.0
Stuttgart,Augsburg,D1,2020,07/05/2021,H,2,1,1.0,0.0,H,14.0,20.0,6.0,9.0,2.0,12.0,14.0,12.0,0.0,0.0,0.0,0.0
Dortmund,RB Leipzig,D1,2020,08/05/2021,H,3,2,1.0,0.0,H,15.0,14.0,4.0,7.0,7.0,7.0,8.0,13.0,1.0,1.0,0.0,0.0
Hoffenheim,Schalke 04,D1,2020,08/05/2021,H,4,2,0.0,2.0,A,20.0,6.0,12.0,3.0,9.0,3.0,11.0,12.0,1.0,2.0,0.0,0.0
Werder Bremen,Leverkusen,D1,2020,08/05/2021,D,0,0,0.0,0.0,D,13.0,14.0,2.0,4.0,4.0,6.0,9.0,14.0,3.0,2.0,1.0,0.0
Wolfsburg,Union Berlin,D1,2020,08/05/2021,H,3,0,1.0,0.0,H,17.0,9.0,8.0,1.0,4.0,3.0,9.0,9.0,1.0,0.0,0.0,0.0
Bayern Munich,M'gladbach,D1,2020,08/05/2021,H,6,0,4.0,0.0,H,22.0,14.0,7.0,2.0,5.0,3.0,3.0,9.0,0.0,2.0,1.0,0.0
FC Koln,Freiburg,D1,2020,09/05/2021,A,1,4,0.0,2.0,A,18.0,11.0,2.0,6.0,3.0,2.0,15.0,16.0,2.0,2.0,0.0,0.0
Ein Frankfurt,Mainz,D1,2020,09/05/2021,D,1,1,0.0,1.0,A,14.0,6.0,4.0,3.0,8.0,2.0,10.0,14.0,2.0,0.0,0.0,0.0
Hertha,Bielefeld,D1,2020,09/05/2021,D,0,0,0.0,0.0,D,11.0,12.0,4.0,5.0,4.0,3.0,13.0,9.0,3.0,4.0,0.0,0.0
Schalke 04,Hertha,D1,2020,12/05/2021,A,1,2,1.0,1.0,D,12.0,18.0,1.0,6.0,1.0,7.0,9.0,11.0,3.0,5.0,0.0,1.0
Augsburg,Werder Bremen,D1,2020,15/05/2021,H,2,0,0.0,0.0,D,15.0,16.0,7.0,5.0,5.0,5.0,12.0,17.0,3.0,3.0,1.0,1.0
Bielefeld,Hoffenheim,D1,2020,15/05/2021,D,1,1,1.0,1.0,D,17.0,7.0,6.0,3.0,10.0,4.0,5.0,8.0,1.0,2.0,0.0,0.0
Freiburg,Bayern Munich,D1,2020,15/05/2021,D,2,2,1.0,1.0,D,13.0,16.0,4.0,6.0,4.0,8.0,10.0,13.0,1.0,2.0,0.0,0.0
Hertha,FC Koln,D1,2020,15/05/2021,D,0,0,0.0,0.0,D,1.0,11.0,1.0,3.0,1.0,5.0,11.0,12.0,2.0,2.0,0.0,0.0
Leverkusen,Union Berlin,D1,2020,15/05/2021,D,1,1,1.0,0.0,H,9.0,15.0,4.0,6.0,4.0,5.0,9.0,16.0,2.0,2.0,0.0,0.0
M'gladbach,Stuttgart,D1,2020,15/05/2021,A,1,2,1.0,0.0,H,9.0,11.0,4.0,7.0,2.0,1.0,14.0,14.0,2.0,4.0,0.0,0.0
Schalke 04,Ein Frankfurt,D1,2020,15/05/2021,H,4,3,1.0,1.0,D,11.0,24.0,6.0,9.0,1.0,13.0,9.0,11.0,0.0,2.0,0.0,0.0
Mainz,Dortmund,D1,2020,16/05/2021,A,1,3,0.0,2.0,A,9.0,13.0,5.0,4.0,4.0,2.0,9.0,11.0,0.0,0.0,0.0,0.0
RB Leipzig,Wolfsburg,D1,2020,16/05/2021,D,2,2,0.0,2.0,A,14.0,12.0,4.0,4.0,11.0,3.0,13.0,15.0,3.0,3.0,0.0,0.0
Bayern Munich,Augsburg,D1,2020,22/05/2021,H,5,2,4.0,0.0,H,24.0,9.0,13.0,5.0,10.0,2.0,6.0,9.0,1.0,1.0,0.0,0.0
Dortmund,Leverkusen,D1,2020,22/05/2021,H,3,1,1.0,0.0,H,10.0,16.0,4.0,7.0,3.0,6.0,6.0,8.0,0.0,0.0,0.0,0.0
Ein Frankfurt,Freiburg,D1,2020,22/05/2021,H,3,1,0.0,0.0,D,18.0,11.0,11.0,6.0,8.0,1.0,7.0,10.0,1.0,0.0,0.0,0.0
FC Koln,Schalke 04,D1,2020,22/05/2021,H,1,0,0.0,0.0,D,20.0,7.0,10.0,1.0,8.0,4.0,14.0,12.0,1.0,2.0,0.0,0.0
Hoffenheim,Hertha,D1,2020,22/05/2021,H,2,1,0.0,1.0,A,21.0,9.0,5.0,5.0,4.0,3.0,8.0,5.0,0.0,0.0,0.0,0.0
Stuttgart,Bielefeld,D1,2020,22/05/2021,A,0,2,0.0,0.0,D,11.0,11.0,0.0,3.0,3.0,6.0,12.0,11.0,1.0,0.0,0.0,0.0
Union Berlin,RB Leipzig,D1,2020,22/05/2021,H,2,1,0.0,0.0,D,11.0,17.0,5.0,7.0,7.0,3.0,15.0,10.0,2.0,1.0,0.0,0.0
Werder Bremen,M'gladbach,D1,2020,22/05/2021,A,2,4,0.0,1.0,A,16.0,15.0,8.0,8.0,3.0,5.0,19.0,12.0,1.0,2.0,0.0,0.0
Wolfsburg,Mainz,D1,2020,22/05/2021,A,2,3,0.0,1.0,A,16.0,14.0,5.0,8.0,7.0,7.0,12.0,19.0,3.0,3.0,0.0,0.0
M'gladbach,Bayern Munich,D1,2021,13/08/2021,D,1,1,1.0,1.0,D,11.0,20.0,5.0,10.0,3.0,8.0,7.0,4.0,2.0,0.0,0.0,0.0
Augsburg,Hoffenheim,D1,2021,14/08/2021,A,0,4,0.0,1.0,A,7.0,15.0,0.0,8.0,6.0,5.0,8.0,9.0,1.0,2.0,0.0,0.0
Bielefeld,Freiburg,D1,2021,14/08/2021,D,0,0,0.0,0.0,D,10.0,14.0,4.0,6.0,4.0,9.0,13.0,10.0,3.0,4.0,0.0,0.0
Stuttgart,Greuther Furth,D1,2021,14/08/2021,H,5,1,2.0,0.0,H,30.0,8.0,15.0,4.0,9.0,2.0,11.0,8.0,0.0,1.0,0.0,0.0
Union Berlin,Leverkusen,D1,2021,14/08/2021,D,1,1,1.0,1.0,D,8.0,16.0,5.0,4.0,1.0,6.0,13.0,5.0,0.0,1.0,0.0,0.0
Wolfsburg,Bochum,D1,2021,14/08/2021,H,1,0,1.0,0.0,H,21.0,7.0,9.0,1.0,5.0,2.0,9.0,7.0,0.0,2.0,0.0,1.0
Dortmund,Ein Frankfurt,D1,2021,14/08/2021,H,5,2,3.0,1.0,H,12.0,12.0,7.0,3.0,7.0,3.0,5.0,14.0,0.0,0.0,0.0,0.0
Mainz,RB Leipzig,D1,2021,15/08/2021,H,1,0,1.0,0.0,H,7.0,15.0,2.0,2.0,5.0,11.0,10.0,8.0,1.0,2.0,0.0,0.0
FC Koln,Hertha,D1,2021,15/08/2021,H,3,1,1.0,1.0,D,15.0,11.0,5.0,5.0,4.0,5.0,18.0,14.0,4.0,2.0,0.0,0.0
RB Leipzig,Stuttgart,D1,2021,20/08/2021,H,4,0,1.0,0.0,H,26.0,11.0,11.0,5.0,6.0,2.0,10.0,11.0,0.0,3.0,0.0,0.0
Bochum,Mainz,D1,2021,21/08/2021,H,2,0,1.0,0.0,H,9.0,16.0,5.0,3.0,2.0,7.0,15.0,19.0,4.0,3.0,0.0,0.0
Ein Frankfurt,Augsburg,D1,2021,21/08/2021,D,0,0,0.0,0.0,D,20.0,4.0,5.0,0.0,6.0,1.0,8.0,10.0,3.0,3.0,0.0,0.0
Freiburg,Dortmund,D1,2021,21/08/2021,H,2,1,1.0,0.0,H,8.0,19.0,4.0,2.0,0.0,10.0,14.0,14.0,1.0,4.0,0.0,0.0
Greuther Furth,Bielefeld,D1,2021,21/08/2021,D,1,1,0.0,1.0,A,20.0,9.0,5.0,2.0,5.0,0.0,12.0,15.0,4.0,2.0,0.0,1.0
Hertha,Wolfsburg,D1,2021,21/08/2021,A,1,2,0.0,0.0,D,12.0,12.0,4.0,3.0,4.0,4.0,12.0,21.0,1.0,2.0,0.0,0.0
Leverkusen,M'gladbach,D1,2021,21/08/2021,H,4,0,2.0,0.0,H,13.0,11.0,6.0,6.0,7.0,3.0,9.0,11.0,4.0,2.0,0.0,0.0
Hoffenheim,Union Berlin,D1,2021,22/08/2021,D,2,2,2.0,1.0,H,7.0,11.0,3.0,8.0,6.0,5.0,8.0,11.0,1.0,3.0,0.0,1.0
Bayern Munich,FC Koln,D1,2021,22/08/2021,H,3,2,0.0,0.0,D,18.0,10.0,6.0,3.0,3.0,4.0,14.0,10.0,1.0,1.0,0.0,0.0
Dortmund,Hoffenheim,D1,2021,27/08/2021,H,3,2,0.0,0.0,D,23.0,9.0,13.0,5.0,4.0,7.0,9.0,12.0,2.0,3.0,0.0,0.0
Augsburg,Leverkusen,D1,2021,28/08/2021,A,1,4,1.0,2.0,A,13.0,13.0,4.0,5.0,4.0,4.0,12.0,10.0,0.0,1.0,0.0,0.0
Bielefeld,Ein Frankfurt,D1,2021,28/08/2021,D,1,1,0.0,1.0,A,14.0,12.0,5.0,3.0,4.0,4.0,13.0,17.0,0.0,3.0,0.0,0.0
FC Koln,Bochum,D1,2021,28/08/2021,H,2,1,0.0,0.0,D,21.0,10.0,5.0,1.0,5.0,5.0,11.0,21.0,2.0,1.0,0.0,0.0
Mainz,Greuther Furth,D1,2021,28/08/2021,H,3,0,2.0,0.0,H,17.0,8.0,9.0,1.0,7.0,4.0,21.0,14.0,2.0,2.0,0.0,0.0
Stuttgart,Freiburg,D1,2021,28/08/2021,A,2,3,2.0,3.0,A,17.0,14.0,7.0,7.0,8.0,5.0,10.0,14.0,2.0,1.0,0.0,0.0
Bayern Munich,Hertha,D1,2021,28/08/2021,H,5,0,2.0,0.0,H,17.0,8.0,6.0,3.0,8.0,3.0,4.0,5.0,0.0,0.0,0.0,0.0
Union Berlin,M'gladbach,D1,2021,29/08/2021,H,2,1,2.0,0.0,H,12.0,18.0,4.0,5.0,4.0,8.0,15.0,6.0,2.0,0.0,0.0,0.0
Wolfsburg,RB Leipzig,D1,2021,29/08/2021,H,1,0,0.0,0.0,D,8.0,12.0,2.0,2.0,7.0,7.0,13.0,18.0,4.0,2.0,0.0,0.0
Freiburg,FC Koln,D1,2021,11/09/2021,D,1,1,0.0,1.0,A,10.0,15.0,3.0,5.0,4.0,2.0,14.0,12.0,1.0,3.0,0.0,1.0
Greuther Furth,Wolfsburg,D1,2021,11/09/2021,A,0,2,0.0,1.0,A,7.0,10.0,3.0,4.0,3.0,5.0,17.0,15.0,2.0,3.0,0.0,0.0
Hoffenheim,Mainz,D1,2021,11/09/2021,A,0,2,0.0,1.0,A,12.0,11.0,0.0,4.0,4.0,5.0,15.0,16.0,2.0,1.0,0.0,0.0
Leverkusen,Dortmund,D1,2021,11/09/2021,A,3,4,2.0,1.0,H,11.0,15.0,5.0,7.0,4.0,3.0,10.0,11.0,4.0,3.0,0.0,0.0
Union Berlin,Augsburg,D1,2021,11/09/2021,D,0,0,0.0,0.0,D,15.0,13.0,6.0,6.0,6.0,4.0,10.0,12.0,1.0,2.0,0.0,0.0
RB Leipzig,Bayern Munich,D1,2021,11/09/2021,A,1,4,0.0,1.0,A,10.0,18.0,4.0,6.0,2.0,6.0,9.0,13.0,0.0,0.0,0.0,0.0
Ein Frankfurt,Stuttgart,D1,2021,12/09/2021,D,1,1,0.0,0.0,D,18.0,9.0,5.0,3.0,6.0,6.0,13.0,12.0,1.0,4.0,0.0,1.0
Bochum,Hertha,D1,2021,12/09/2021,A,1,3,0.0,2.0,A,19.0,5.0,5.0,4.0,7.0,2.0,9.0,17.0,0.0,3.0,0.0,0.0
M'gladbach,Bielefeld,D1,2021,12/09/2021,H,3,1,1.0,1.0,D,17.0,18.0,4.0,7.0,3.0,4.0,10.0,18.0,1.0,1.0,0.0,0.0
Hertha,Greuther Furth,D1,2021,17/09/2021,H,2,1,0.0,0.0,D,15.0,10.0,3.0,3.0,9.0,4.0,12.0,13.0,1.0,2.0,0.0,0.0
Augsburg,M'gladbach,D1,2021,18/09/2021,H,1,0,0.0,0.0,D,8.0,11.0,1.0,1.0,2.0,6.0,13.0,9.0,1.0,2.0,0.0,0.0
Bayern Munich,Bochum,D1,2021,18/09/2021,H,7,0,4.0,0.0,H,22.0,5.0,15.0,1.0,2.0,2.0,5.0,9.0,1.0,1.0,0.0,0.0
Bielefeld,Hoffenheim,D1,2021,18/09/2021,D,0,0,0.0,0.0,D,9.0,16.0,2.0,3.0,5.0,6.0,16.0,3.0,2.0,1.0,0.0,0.0
Mainz,Freiburg,D1,2021,18/09/2021,D,0,0,0.0,0.0,D,10.0,7.0,3.0,2.0,4.0,4.0,18.0,16.0,2.0,1.0,0.0,0.0
FC Koln,RB Leipzig,D1,2021,18/09/2021,D,1,1,0.0,0.0,D,14.0,18.0,6.0,9.0,4.0,10.0,12.0,6.0,3.0,1.0,0.0,0.0
Stuttgart,Leverkusen,D1,2021,19/09/2021,A,1,3,1.0,2.0,A,18.0,7.0,8.0,4.0,2.0,6.0,11.0,11.0,2.0,3.0,0.0,1.0
Dortmund,Union Berlin,D1,2021,19/09/2021,H,4,2,2.0,0.0,H,13.0,9.0,4.0,6.0,3.0,6.0,10.0,12.0,2.0,3.0,0.0,0.0
Wolfsburg,Ein Frankfurt,D1,2021,19/09/2021,D,1,1,0.0,1.0,A,15.0,6.0,6.0,2.0,7.0,4.0,14.0,18.0,2.0,6.0,0.0,0.0
Greuther Furth,Bayern Munich,D1,2021,24/09/2021,A,1,3,0.0,2.0,A,11.0,12.0,6.0,4.0,6.0,3.0,18.0,13.0,4.0,1.0,0.0,1.0
Ein Frankfurt,FC Koln,D1,2021,25/09/2021,D,1,1,1.0,1.0,D,10.0,15.0,3.0,2.0,7.0,6.0,11.0,19.0,2.0,3.0,0.0,0.0
Hoffenheim,Wolfsburg,D1,2021,25/09/2021,H,3,1,1.0,1.0,D,11.0,13.0,3.0,2.0,5.0,2.0,13.0,9.0,2.0,2.0,0.0,0.0
Leverkusen,Mainz,D1,2021,25/09/2021,H,1,0,0.0,0.0,D,16.0,14.0,9.0,5.0,6.0,3.0,11.0,12.0,4.0,3.0,0.0,0.0
RB Leipzig,Hertha,D1,2021,25/09/2021,H,6,0,3.0,0.0,H,18.0,5.0,11.0,3.0,2.0,1.0,8.0,19.0,1.0,3.0,0.0,0.0
Union Berlin,Bielefeld,D1,2021,25/09/2021,H,1,0,0.0,0.0,D,17.0,9.0,4.0,2.0,5.0,4.0,9.0,5.0,1.0,0.0,0.0,0.0
M'gladbach,Dortmund,D1,2021,25/09/2021,H,1,0,1.0,0.0,H,14.0,8.0,3.0,0.0,5.0,1.0,17.0,15.0,4.0,4.0,0.0,1.0
Bochum,Stuttgart,D1,2021,26/09/2021,D,0,0,0.0,0.0,D,14.0,8.0,4.0,3.0,7.0,2.0,15.0,12.0,2.0,5.0,0.0,0.0
Freiburg,Augsburg,D1,2021,26/09/2021,H,3,0,3.0,0.0,H,19.0,8.0,9.0,2.0,6.0,3.0,11.0,13.0,0.0,1.0,0.0,0.0
FC Koln,Greuther Furth,D1,2021,01/10/2021,H,3,1,0.0,1.0,A,18.0,7.0,8.0,3.0,8.0,1.0,16.0,18.0,1.0,1.0,0.0,0.0
Dortmund,Augsburg,D1,2021,02/10/2021,H,2,1,1.0,1.0,D,17.0,5.0,3.0,3.0,7.0,3.0,9.0,16.0,1.0,3.0,0.0,0.0
Hertha,Freiburg,D1,2021,02/10/2021,A,1,2,0.0,1.0,A,12.0,9.0,3.0,4.0,4.0,9.0,17.0,15.0,3.0,0.0,0.0,0.0
Stuttgart,Hoffenheim,D1,2021,02/10/2021,H,3,1,1.0,0.0,H,12.0,13.0,6.0,4.0,9.0,4.0,14.0,12.0,0.0,1.0,0.0,0.0
Wolfsburg,M'gladbach,D1,2021,02/10/2021,A,1,3,1.0,2.0,A,10.0,19.0,5.0,11.0,4.0,6.0,17.0,10.0,7.0,3.0,1.0,0.0
RB Leipzig,Bochum,D1,2021,02/10/2021,H,3,0,0.0,0.0,D,15.0,9.0,9.0,2.0,2.0,3.0,10.0,16.0,1.0,1.0,0.0,0.0
Mainz,Union Berlin,D1,2021,03/10/2021,A,1,2,1.0,0.0,H,11.0,15.0,4.0,3.0,2.0,5.0,15.0,6.0,2.0,4.0,1.0,0.0
Bayern Munich,Ein Frankfurt,D1,2021,03/10/2021,A,1,2,1.0,1.0,D,21.0,5.0,11.0,3.0,10.0,1.0,6.0,8.0,2.0,1.0,0.0,0.0
Bielefeld,Leverkusen,D1,2021,03/10/2021,A,0,4,0.0,2.0,A,10.0,19.0,3.0,7.0,2.0,4.0,13.0,7.0,4.0,1.0,0.0,0.0
Hoffenheim,FC Koln,D1,2021,15/10/2021,H,5,0,1.0,0.0,H,14.0,10.0,8.0,0.0,3.0,3.0,13.0,7.0,1.0,1.0,0.0,0.0
Dortmund,Mainz,D1,2021,16/10/2021,H,3,1,1.0,0.0,H,11.0,5.0,5.0,2.0,6.0,2.0,7.0,12.0,2.0,4.0,0.0,0.0
Ein Frankfurt,Hertha,D1,2021,16/10/2021,A,1,2,0.0,1.0,A,13.0,12.0,5.0,6.0,7.0,4.0,17.0,16.0,1.0,2.0,0.0,0.0
Freiburg,RB Leipzig,D1,2021,16/10/2021,D,1,1,0.0,1.0,A,15.0,13.0,2.0,4.0,8.0,5.0,10.0,17.0,0.0,4.0,0.0,0.0
Greuther Furth,Bochum,D1,2021,16/10/2021,A,0,1,0.0,0.0,D,12.0,9.0,3.0,2.0,4.0,3.0,16.0,16.0,2.0,4.0,0.0,0.0
Union Berlin,Wolfsburg,D1,2021,16/10/2021,H,2,0,0.0,0.0,D,6.0,13.0,3.0,4.0,3.0,3.0,7.0,16.0,3.0,1.0,0.0,0.0
M'gladbach,Stuttgart,D1,2021,16/10/2021,D,1,1,1.0,1.0,D,31.0,5.0,8.0,2.0,9.0,1.0,14.0,21.0,3.0,3.0,0.0,0.0
Leverkusen,Bayern Munich,D1,2021,17/10/2021,A,1,5,0.0,5.0,A,7.0,27.0,4.0,11.0,4.0,7.0,9.0,9.0,0.0,0.0,0.0,0.0
Augsburg,Bielefeld,D1,2021,17/10/2021,D,1,1,1.0,0.0,H,14.0,10.0,6.0,3.0,9.0,5.0,8.0,15.0,3.0,1.0,0.0,0.0
Mainz,Augsburg,D1,2021,22/10/2021,H,4,1,3.0,0.0,H,19.0,6.0,8.0,2.0,6.0,2.0,9.0,11.0,1.0,3.0,0.0,0.0
Bayern Munich,Hoffenheim,D1,2021,23/10/2021,H,4,0,2.0,0.0,H,15.0,9.0,7.0,2.0,4.0,2.0,4.0,18.0,0.0,4.0,0.0,0.0
Bielefeld,Dortmund,D1,2021,23/10/2021,A,1,3,0.0,2.0,A,13.0,14.0,6.0,7.0,7.0,2.0,13.0,9.0,1.0,0.0,0.0,0.0
RB Leipzig,Greuther Furth,D1,2021,23/10/2021,H,4,1,0.0,1.0,A,13.0,8.0,5.0,4.0,3.0,4.0,15.0,12.0,2.0,0.0,0.0,0.0
Wolfsburg,Freiburg,D1,2021,23/10/2021,A,0,2,0.0,1.0,A,17.0,11.0,4.0,4.0,7.0,1.0,17.0,15.0,3.0,0.0,0.0,0.0
Hertha,M'gladbach,D1,2021,23/10/2021,H,1,0,1.0,0.0,H,10.0,10.0,4.0,1.0,2.0,6.0,11.0,21.0,2.0,2.0,0.0,0.0
FC Koln,Leverkusen,D1,2021,24/10/2021,D,2,2,0.0,2.0,A,17.0,9.0,5.0,6.0,6.0,6.0,10.0,15.0,1.0,3.0,0.0,0.0
Stuttgart,Union Berlin,D1,2021,24/10/2021,D,1,1,0.0,1.0,A,8.0,11.0,2.0,3.0,1.0,2.0,16.0,13.0,3.0,1.0,1.0,0.0
Bochum,Ein Frankfurt,D1,2021,24/10/2021,H,2,0,1.0,0.0,H,19.0,14.0,7.0,6.0,4.0,7.0,9.0,11.0,0.0,2.0,0.0,0.0
Hoffenheim,Hertha,D1,2021,29/10/2021,H,2,0,2.0,0.0,H,14.0,5.0,3.0,2.0,9.0,4.0,15.0,9.0,2.0,1.0,0.0,1.0
Bielefeld,Mainz,D1,2021,30/10/2021,A,1,2,1.0,1.0,D,15.0,16.0,7.0,6.0,6.0,6.0,16.0,9.0,2.0,3.0,0.0,0.0
Dortmund,FC Koln,D1,2021,30/10/2021,H,2,0,1.0,0.0,H,7.0,19.0,4.0,6.0,4.0,3.0,10.0,11.0,2.0,3.0,0.0,0.0
Freiburg,Greuther Furth,D1,2021,30/10/2021,H,3,1,2.0,0.0,H,12.0,8.0,5.0,4.0,5.0,2.0,10.0,13.0,0.0,2.0,0.0,0.0
Leverkusen,Wolfsburg,D1,2021,30/10/2021,A,0,2,0.0,0.0,D,12.0,13.0,1.0,8.0,10.0,2.0,11.0,15.0,3.0,2.0,0.0,1.0
Union Berlin,Bayern Munich,D1,2021,30/10/2021,A,2,5,1.0,3.0,A,9.0,14.0,6.0,6.0,6.0,1.0,9.0,7.0,1.0,1.0,0.0,0.0
Ein Frankfurt,RB Leipzig,D1,2021,30/10/2021,D,1,1,0.0,1.0,A,12.0,15.0,3.0,7.0,5.0,5.0,11.0,9.0,1.0,1.0,0.0,0.0
Augsburg,Stuttgart,D1,2021,31/10/2021,H,4,1,1.0,1.0,D,20.0,12.0,12.0,3.0,7.0,5.0,15.0,12.0,3.0,4.0,0.0,0.0
M'gladbach,Bochum,D1,2021,31/10/2021,H,2,1,2.0,0.0,H,14.0,11.0,5.0,4.0,9.0,1.0,7.0,15.0,1.0,1.0,0.0,0.0
Mainz,M'gladbach,D1,2021,05/11/2021,D,1,1,0.0,1.0,A,19.0,11.0,8.0,5.0,9.0,1.0,15.0,8.0,3.0,3.0,0.0,0.0
Bayern Munich,Freiburg,D1,2021,06/11/2021,H,2,1,1.0,0.0,H,29.0,14.0,11.0,4.0,6.0,4.0,5.0,13.0,0.0,0.0,0.0,0.0
Bochum,Hoffenheim,D1,2021,06/11/2021,H,2,0,0.0,0.0,D,14.0,9.0,4.0,1.0,2.0,4.0,7.0,20.0,1.0,5.0,0.0,0.0
Stuttgart,Bielefeld,D1,2021,06/11/2021,A,0,1,0.0,1.0,A,9.0,15.0,4.0,2.0,8.0,4.0,11.0,11.0,0.0,3.0,0.0,0.0
Wolfsburg,Augsburg,D1,2021,06/11/2021,H,1,0,1.0,0.0,H,9.0,13.0,4.0,3.0,0.0,8.0,14.0,13.0,2.0,3.0,0.0,0.0
RB Leipzig,Dortmund,D1,2021,06/11/2021,H,2,1,1.0,0.0,H,15.0,9.0,7.0,3.0,5.0,6.0,12.0,18.0,3.0,5.0,0.0,0.0
Hertha,Leverkusen,D1,2021,07/11/2021,D,1,1,1.0,0.0,H,15.0,8.0,5.0,3.0,5.0,6.0,13.0,13.0,1.0,3.0,0.0,0.0
FC Koln,Union Berlin,D1,2021,07/11/2021,D,2,2,1.0,2.0,A,16.0,9.0,5.0,3.0,5.0,2.0,8.0,19.0,2.0,2.0,0.0,0.0
Greuther Furth,Ein Frankfurt,D1,2021,07/11/2021,A,1,2,0.0,0.0,D,20.0,14.0,2.0,4.0,6.0,3.0,12.0,17.0,4.0,1.0,0.0,0.0
Augsburg,Bayern Munich,D1,2021,19/11/2021,H,2,1,2.0,1.0,H,6.0,18.0,3.0,4.0,1.0,10.0,18.0,9.0,2.0,1.0,0.0,0.0
Bielefeld,Wolfsburg,D1,2021,20/11/2021,D,2,2,1.0,0.0,H,10.0,13.0,3.0,5.0,6.0,5.0,15.0,9.0,4.0,1.0,0.0,0.0
Dortmund,Stuttgart,D1,2021,20/11/2021,H,2,1,0.0,0.0,D,20.0,12.0,4.0,4.0,2.0,3.0,11.0,14.0,0.0,2.0,0.0,0.0
Hoffenheim,RB Leipzig,D1,2021,20/11/2021,H,2,0,1.0,0.0,H,24.0,4.0,8.0,0.0,7.0,2.0,17.0,18.0,2.0,2.0,0.0,0.0
Leverkusen,Bochum,D1,2021,20/11/2021,H,1,0,1.0,0.0,H,11.0,19.0,5.0,7.0,7.0,7.0,10.0,13.0,3.0,2.0,0.0,0.0
M'gladbach,Greuther Furth,D1,2021,20/11/2021,H,4,0,3.0,0.0,H,19.0,4.0,11.0,2.0,7.0,7.0,11.0,13.0,1.0,3.0,0.0,0.0
Union Berlin,Hertha,D1,2021,20/11/2021,H,2,0,2.0,0.0,H,16.0,6.0,5.0,3.0,7.0,6.0,17.0,13.0,1.0,1.0,0.0,0.0
Freiburg,Ein Frankfurt,D1,2021,21/11/2021,A,0,2,0.0,2.0,A,20.0,13.0,6.0,7.0,10.0,4.0,10.0,16.0,0.0,4.0,0.0,0.0
Mainz,FC Koln,D1,2021,21/11/2021,D,1,1,1.0,0.0,H,11.0,12.0,2.0,6.0,5.0,7.0,18.0,7.0,2.0,1.0,0.0,0.0
Stuttgart,Mainz,D1,2021,26/11/2021,H,2,1,1.0,1.0,D,8.0,18.0,3.0,5.0,5.0,6.0,7.0,17.0,2.0,2.0,0.0,0.0
Bochum,Freiburg,D1,2021,27/11/2021,H,2,1,0.0,0.0,D,13.0,22.0,5.0,11.0,4.0,7.0,12.0,13.0,2.0,1.0,0.0,0.0
FC Koln,M'gladbach,D1,2021,27/11/2021,H,4,1,0.0,0.0,D,15.0,15.0,9.0,5.0,4.0,4.0,15.0,11.0,1.0,3.0,0.0,0.0
Greuther Furth,Hoffenheim,D1,2021,27/11/2021,A,3,6,1.0,2.0,A,14.0,20.0,7.0,11.0,4.0,10.0,17.0,17.0,1.0,0.0,0.0,0.0
Hertha,Augsburg,D1,2021,27/11/2021,D,1,1,1.0,0.0,H,10.0,20.0,4.0,7.0,5.0,6.0,11.0,14.0,2.0,3.0,0.0,0.0
Wolfsburg,Dortmund,D1,2021,27/11/2021,A,1,3,1.0,1.0,D,15.0,16.0,7.0,8.0,7.0,7.0,9.0,11.0,4.0,1.0,0.0,0.0
Bayern Munich,Bielefeld,D1,2021,27/11/2021,H,1,0,0.0,0.0,D,23.0,8.0,9.0,0.0,13.0,4.0,8.0,13.0,1.0,1.0,0.0,0.0
Ein Frankfurt,Union Berlin,D1,2021,28/11/2021,H,2,1,1.0,0.0,H,17.0,7.0,4.0,4.0,7.0,2.0,4.0,7.0,0.0,4.0,0.0,0.0
RB Leipzig,Leverkusen,D1,2021,28/11/2021,A,1,3,0.0,2.0,A,14.0,11.0,3.0,4.0,7.0,2.0,10.0,9.0,1.0,3.0,0.0,0.0
Union Berlin,RB Leipzig,D1,2021,03/12/2021,H,2,1,1.0,1.0,D,14.0,11.0,5.0,2.0,5.0,7.0,12.0,8.0,1.0,1.0,0.0,0.0
Augsburg,Bochum,D1,2021,04/12/2021,A,2,3,0.0,3.0,A,16.0,12.0,7.0,6.0,13.0,6.0,9.0,6.0,0.0,2.0,0.0,0.0
Bielefeld,FC Koln,D1,2021,04/12/2021,D,1,1,0.0,1.0,A,18.0,9.0,5.0,3.0,7.0,1.0,14.0,10.0,1.0,1.0,0.0,0.0
Hoffenheim,Ein Frankfurt,D1,2021,04/12/2021,H,3,2,2.0,1.0,H,8.0,17.0,4.0,2.0,4.0,6.0,9.0,12.0,2.0,2.0,0.0,0.0
Leverkusen,Greuther Furth,D1,2021,04/12/2021,H,7,1,3.0,1.0,H,13.0,8.0,8.0,3.0,4.0,3.0,13.0,8.0,0.0,1.0,0.0,0.0
Mainz,Wolfsburg,D1,2021,04/12/2021,H,3,0,2.0,0.0,H,12.0,16.0,5.0,0.0,6.0,5.0,18.0,10.0,1.0,1.0,0.0,0.0
Dortmund,Bayern Munich,D1,2021,04/12/2021,A,2,3,1.0,2.0,A,11.0,16.0,4.0,6.0,4.0,6.0,10.0,10.0,2.0,2.0,0.0,0.0
Stuttgart,Hertha,D1,2021,05/12/2021,D,2,2,2.0,1.0,H,10.0,15.0,3.0,8.0,7.0,5.0,9.0,16.0,0.0,1.0,0.0,0.0
M'gladbach,Freiburg,D1,2021,05/12/2021,A,0,6,0.0,6.0,A,19.0,15.0,3.0,8.0,3.0,3.0,12.0,15.0,2.0,1.0,0.0,0.0
FC Koln,Augsburg,D1,2021,10/12/2021,A,0,2,0.0,0.0,D,14.0,12.0,4.0,4.0,9.0,4.0,12.0,15.0,2.0,4.0,0.0,0.0
Bayern Munich,Mainz,D1,2021,11/12/2021,H,2,1,0.0,1.0,A,21.0,9.0,7.0,4.0,7.0,2.0,9.0,10.0,3.0,3.0,0.0,0.0
Bochum,Dortmund,D1,2021,11/12/2021,D,1,1,1.0,0.0,H,4.0,23.0,3.0,8.0,0.0,15.0,8.0,18.0,0.0,3.0,0.0,0.0
Freiburg,Hoffenheim,D1,2021,11/12/2021,A,1,2,1.0,1.0,D,14.0,14.0,6.0,8.0,6.0,7.0,13.0,9.0,4.0,3.0,0.0,0.0
Hertha,Bielefeld,D1,2021,11/12/2021,H,2,0,0.0,0.0,D,18.0,9.0,9.0,1.0,6.0,4.0,10.0,15.0,1.0,1.0,0.0,0.0
RB Leipzig,M'gladbach,D1,2021,11/12/2021,H,4,1,2.0,0.0,H,19.0,12.0,10.0,4.0,6.0,0.0,20.0,15.0,3.0,2.0,0.0,0.0
Wolfsburg,Stuttgart,D1,2021,11/12/2021,A,0,2,0.0,1.0,A,19.0,12.0,3.0,3.0,5.0,3.0,17.0,9.0,2.0,2.0,0.0,0.0
Greuther Furth,Union Berlin,D1,2021,12/12/2021,H,1,0,0.0,0.0,D,5.0,14.0,3.0,4.0,3.0,7.0,12.0,6.0,3.0,0.0,0.0,0.0
Ein Frankfurt,Leverkusen,D1,2021,12/12/2021,H,5,2,2.0,2.0,D,15.0,11.0,7.0,4.0,7.0,4.0,11.0,11.0,0.0,3.0,0.0,0.0
Stuttgart,Bayern Munich,D1,2021,14/12/2021,A,0,5,0.0,1.0,A,13.0,25.0,1.0,12.0,1.0,3.0,7.0,7.0,1.0,1.0,0.0,0.0
Bielefeld,Bochum,D1,2021,14/12/2021,H,2,0,0.0,0.0,D,13.0,5.0,4.0,3.0,6.0,2.0,13.0,9.0,2.0,2.0,0.0,0.0
Mainz,Hertha,D1,2021,14/12/2021,H,4,0,2.0,0.0,H,21.0,7.0,11.0,1.0,4.0,1.0,10.0,14.0,0.0,2.0,0.0,0.0
Wolfsburg,FC Koln,D1,2021,14/12/2021,A,2,3,1.0,1.0,D,19.0,19.0,5.0,6.0,9.0,5.0,18.0,9.0,3.0,2.0,0.0,0.0
M'gladbach,Ein Frankfurt,D1,2021,15/12/2021,A,2,3,1.0,1.0,D,19.0,12.0,8.0,5.0,7.0,1.0,8.0,19.0,2.0,5.0,0.0,1.0
Augsburg,RB Leipzig,D1,2021,15/12/2021,D,1,1,0.0,1.0,A,9.0,13.0,2.0,4.0,6.0,8.0,14.0,7.0,2.0,0.0,0.0,0.0
Dortmund,Greuther Furth,D1,2021,15/12/2021,H,3,0,1.0,0.0,H,12.0,7.0,5.0,1.0,5.0,8.0,10.0,10.0,2.0,2.0,0.0,0.0
Leverkusen,Hoffenheim,D1,2021,15/12/2021,D,2,2,1.0,0.0,H,17.0,14.0,9.0,6.0,6.0,3.0,12.0,4.0,5.0,3.0,1.0,0.0
Union Berlin,Freiburg,D1,2021,15/12/2021,D,0,0,0.0,0.0,D,18.0,8.0,5.0,2.0,4.0,3.0,10.0,12.0,1.0,1.0,0.0,0.0
Bayern Munich,Wolfsburg,D1,2021,17/12/2021,H,4,0,1.0,0.0,H,24.0,7.0,9.0,2.0,5.0,3.0,10.0,4.0,0.0,0.0,0.0,0.0
Bochum,Union Berlin,D1,2021,18/12/2021,A,0,1,0.0,1.0,A,13.0,9.0,3.0,3.0,1.0,5.0,13.0,9.0,2.0,0.0,0.0,0.0
Ein Frankfurt,Mainz,D1,2021,18/12/2021,H,1,0,1.0,0.0,H,13.0,11.0,4.0,5.0,8.0,6.0,11.0,9.0,0.0,1.0,0.0,0.0
Greuther Furth,Augsburg,D1,2021,18/12/2021,D,0,0,0.0,0.0,D,4.0,14.0,1.0,5.0,6.0,5.0,8.0,13.0,2.0,3.0,0.0,0.0
Hoffenheim,M'gladbach,D1,2021,18/12/2021,D,1,1,0.0,1.0,A,21.0,11.0,8.0,5.0,15.0,3.0,6.0,9.0,2.0,2.0,0.0,0.0
RB Leipzig,Bielefeld,D1,2021,18/12/2021,A,0,2,0.0,0.0,D,15.0,4.0,4.0,4.0,10.0,1.0,6.0,16.0,0.0,2.0,0.0,1.0
Hertha,Dortmund,D1,2021,18/12/2021,H,3,2,0.0,1.0,A,14.0,9.0,5.0,3.0,1.0,5.0,4.0,19.0,0.0,1.0,0.0,0.0
Freiburg,Leverkusen,D1,2021,19/12/2021,H,2,1,1.0,1.0,D,14.0,6.0,6.0,4.0,4.0,8.0,6.0,8.0,2.0,3.0,0.0,0.0
FC Koln,Stuttgart,D1,2021,19/12/2021,H,1,0,0.0,0.0,D,8.0,6.0,2.0,2.0,2.0,1.0,17.0,13.0,3.0,1.0,0.0,0.0
Bayern Munich,M'gladbach,D1,2021,07/01/2022,A,1,2,1.0,2.0,A,19.0,9.0,8.0,3.0,6.0,6.0,18.0,11.0,0.0,1.0,0.0,0.0
Freiburg,Bielefeld,D1,2021,08/01/2022,D,2,2,1.0,0.0,H,18.0,15.0,6.0,5.0,7.0,12.0,6.0,5.0,2.0,1.0,0.0,0.0
Greuther Furth,Stuttgart,D1,2021,08/01/2022,D,0,0,0.0,0.0,D,10.0,18.0,3.0,3.0,1.0,5.0,8.0,12.0,0.0,1.0,0.0,0.0
Hoffenheim,Augsburg,D1,2021,08/01/2022,H,3,1,2.0,1.0,H,12.0,9.0,5.0,4.0,2.0,4.0,17.0,8.0,1.0,0.0,0.0,0.0
Leverkusen,Union Berlin,D1,2021,08/01/2022,D,2,2,1.0,1.0,D,17.0,17.0,8.0,7.0,11.0,5.0,8.0,11.0,1.0,2.0,0.0,0.0
RB Leipzig,Mainz,D1,2021,08/01/2022,H,4,1,1.0,0.0,H,16.0,2.0,8.0,1.0,6.0,1.0,6.0,10.0,0.0,2.0,0.0,1.0
Ein Frankfurt,Dortmund,D1,2021,08/01/2022,A,2,3,2.0,0.0,H,12.0,21.0,5.0,8.0,4.0,11.0,14.0,6.0,3.0,2.0,0.0,0.0
Hertha,FC Koln,D1,2021,09/01/2022,A,1,3,0.0,2.0,A,10.0,14.0,5.0,8.0,10.0,4.0,9.0,16.0,3.0,1.0,0.0,0.0
Bochum,Wolfsburg,D1,2021,09/01/2022,H,1,0,0.0,0.0,D,12.0,12.0,3.0,4.0,4.0,2.0,15.0,18.0,1.0,2.0,0.0,0.0
Dortmund,Freiburg,D1,2021,14/01/2022,H,5,1,3.0,0.0,H,20.0,4.0,8.0,4.0,9.0,2.0,8.0,8.0,2.0,0.0,0.0,0.0
FC Koln,Bayern Munich,D1,2021,15/01/2022,A,0,4,0.0,2.0,A,11.0,19.0,3.0,9.0,5.0,12.0,6.0,10.0,1.0,0.0,0.0,0.0
Mainz,Bochum,D1,2021,15/01/2022,H,1,0,0.0,0.0,D,20.0,12.0,5.0,3.0,7.0,3.0,19.0,14.0,3.0,3.0,0.0,0.0
Stuttgart,RB Leipzig,D1,2021,15/01/2022,A,0,2,0.0,1.0,A,16.0,7.0,10.0,3.0,5.0,1.0,12.0,13.0,3.0,1.0,0.0,0.0
Union Berlin,Hoffenheim,D1,2021,15/01/2022,H,2,1,1.0,1.0,D,6.0,12.0,3.0,5.0,0.0,8.0,10.0,11.0,0.0,3.0,0.0,0.0
Wolfsburg,Hertha,D1,2021,15/01/2022,D,0,0,0.0,0.0,D,7.0,6.0,3.0,2.0,3.0,2.0,12.0,12.0,1.0,1.0,0.0,0.0
M'gladbach,Leverkusen,D1,2021,15/01/2022,A,1,2,0.0,0.0,D,16.0,29.0,6.0,13.0,5.0,7.0,8.0,18.0,2.0,3.0,0.0,0.0
Augsburg,Ein Frankfurt,D1,2021,16/01/2022,D,1,1,1.0,1.0,D,12.0,14.0,5.0,4.0,4.0,3.0,12.0,14.0,3.0,3.0,0.0,0.0
Bielefeld,Greuther Furth,D1,2021,16/01/2022,D,2,2,1.0,1.0,D,13.0,6.0,5.0,3.0,3.0,5.0,16.0,6.0,4.0,1.0,0.0,0.0
Ein Frankfurt,Bielefeld,D1,2021,21/01/2022,A,0,2,0.0,2.0,A,17.0,8.0,7.0,5.0,10.0,1.0,7.0,10.0,4.0,2.0,0.0,0.0
Freiburg,Stuttgart,D1,2021,22/01/2022,H,2,0,1.0,0.0,H,16.0,7.0,4.0,1.0,6.0,3.0,12.0,7.0,1.0,1.0,0.0,0.0
Greuther Furth,Mainz,D1,2021,22/01/2022,H,2,1,1.0,0.0,H,11.0,16.0,7.0,4.0,7.0,8.0,12.0,15.0,1.0,1.0,0.0,0.0
Hoffenheim,Dortmund,D1,2021,22/01/2022,A,2,3,1.0,1.0,D,14.0,3.0,2.0,2.0,7.0,3.0,14.0,7.0,2.0,2.0,0.0,0.0
Leverkusen,Augsburg,D1,2021,22/01/2022,H,5,1,2.0,0.0,H,22.0,14.0,12.0,5.0,9.0,5.0,8.0,7.0,1.0,2.0,0.0,0.0
M'gladbach,Union Berlin,D1,2021,22/01/2022,A,1,2,1.0,1.0,D,12.0,6.0,5.0,3.0,4.0,1.0,11.0,19.0,1.0,2.0,0.0,0.0
Bochum,FC Koln,D1,2021,22/01/2022,D,2,2,1.0,2.0,A,17.0,7.0,7.0,3.0,1.0,5.0,11.0,12.0,0.0,3.0,0.0,0.0
RB Leipzig,Wolfsburg,D1,2021,23/01/2022,H,2,0,0.0,0.0,D,12.0,9.0,4.0,3.0,4.0,3.0,17.0,16.0,5.0,1.0,0.0,0.0
Hertha,Bayern Munich,D1,2021,23/01/2022,A,1,4,0.0,2.0,A,5.0,29.0,2.0,20.0,4.0,9.0,9.0,9.0,1.0,0.0,0.0,0.0
Hertha,Bochum,D1,2021,04/02/2022,D,1,1,1.0,0.0,H,13.0,9.0,2.0,4.0,4.0,7.0,14.0,22.0,3.0,1.0,0.0,0.0
Augsburg,Union Berlin,D1,2021,05/02/2022,H,2,0,1.0,0.0,H,14.0,14.0,9.0,4.0,4.0,6.0,8.0,16.0,0.0,2.0,0.0,0.0
Bielefeld,M'gladbach,D1,2021,05/02/2022,D,1,1,1.0,1.0,D,10.0,22.0,5.0,4.0,5.0,11.0,15.0,10.0,3.0,3.0,0.0,0.0
FC Koln,Freiburg,D1,2021,05/02/2022,H,1,0,1.0,0.0,H,14.0,18.0,3.0,2.0,8.0,8.0,14.0,16.0,2.0,2.0,0.0,0.0
Mainz,Hoffenheim,D1,2021,05/02/2022,H,2,0,0.0,0.0,D,9.0,12.0,4.0,2.0,5.0,3.0,12.0,13.0,0.0,2.0,0.0,0.0
Stuttgart,Ein Frankfurt,D1,2021,05/02/2022,A,2,3,1.0,1.0,D,15.0,15.0,6.0,6.0,3.0,14.0,7.0,12.0,0.0,0.0,0.0,0.0
Bayern Munich,RB Leipzig,D1,2021,05/02/2022,H,3,2,2.0,1.0,H,25.0,13.0,8.0,7.0,2.0,0.0,11.0,12.0,1.0,3.0,0.0,0.0
Dortmund,Leverkusen,D1,2021,06/02/2022,A,2,5,1.0,3.0,A,14.0,10.0,6.0,7.0,7.0,6.0,8.0,10.0,1.0,1.0,0.0,0.0
Wolfsburg,Greuther Furth,D1,2021,06/02/2022,H,4,1,1.0,1.0,D,11.0,8.0,6.0,4.0,2.0,3.0,11.0,13.0,1.0,2.0,0.0,0.0
RB Leipzig,FC Koln,D1,2021,11/02/2022,H,3,1,1.0,0.0,H,6.0,9.0,4.0,2.0,5.0,6.0,6.0,11.0,1.0,2.0,0.0,0.0
Bochum,Bayern Munich,D1,2021,12/02/2022,H,4,2,4.0,1.0,H,12.0,22.0,7.0,4.0,4.0,9.0,13.0,7.0,2.0,1.0,0.0,0.0
Ein Frankfurt,Wolfsburg,D1,2021,12/02/2022,A,0,2,0.0,1.0,A,16.0,11.0,2.0,3.0,10.0,1.0,12.0,9.0,1.0,2.0,0.0,0.0
Freiburg,Mainz,D1,2021,12/02/2022,D,1,1,0.0,1.0,A,16.0,20.0,5.0,5.0,7.0,3.0,14.0,15.0,0.0,2.0,0.0,0.0
Greuther Furth,Hertha,D1,2021,12/02/2022,H,2,1,1.0,0.0,H,19.0,24.0,10.0,8.0,8.0,8.0,11.0,12.0,2.0,4.0,0.0,0.0
M'gladbach,Augsburg,D1,2021,12/02/2022,H,3,2,1.0,0.0,H,14.0,14.0,5.0,8.0,3.0,2.0,8.0,12.0,2.0,2.0,0.0,0.0
Leverkusen,Stuttgart,D1,2021,12/02/2022,H,4,2,1.0,0.0,H,20.0,8.0,6.0,5.0,10.0,0.0,10.0,6.0,3.0,2.0,0.0,0.0
Union Berlin,Dortmund,D1,2021,13/02/2022,A,0,3,0.0,2.0,A,12.0,10.0,2.0,6.0,2.0,5.0,20.0,9.0,4.0,1.0,0.0,0.0
Hoffenheim,Bielefeld,D1,2021,13/02/2022,H,2,0,1.0,0.0,H,25.0,8.0,9.0,4.0,13.0,3.0,12.0,12.0,2.0,0.0,0.0,0.0
Mainz,Leverkusen,D1,2021,18/02/2022,H,3,2,0.0,1.0,A,17.0,8.0,5.0,6.0,6.0,2.0,15.0,13.0,2.0,2.0,0.0,0.0
Augsburg,Freiburg,D1,2021,19/02/2022,A,1,2,1.0,2.0,A,18.0,15.0,4.0,5.0,11.0,4.0,11.0,8.0,1.0,1.0,0.0,0.0
Bielefeld,Union Berlin,D1,2021,19/02/2022,H,1,0,0.0,0.0,D,11.0,11.0,3.0,4.0,6.0,4.0,6.0,15.0,0.0,2.0,0.0,0.0
Stuttgart,Bochum,D1,2021,19/02/2022,D,1,1,0.0,0.0,D,15.0,13.0,7.0,5.0,6.0,0.0,7.0,17.0,0.0,4.0,0.0,0.0
Wolfsburg,Hoffenheim,D1,2021,19/02/2022,A,1,2,1.0,0.0,H,14.0,10.0,6.0,4.0,5.0,2.0,10.0,17.0,1.0,2.0,0.0,0.0
FC Koln,Ein Frankfurt,D1,2021,19/02/2022,H,1,0,0.0,0.0,D,13.0,10.0,8.0,2.0,5.0,6.0,9.0,16.0,1.0,2.0,0.0,0.0
Bayern Munich,Greuther Furth,D1,2021,20/02/2022,H,4,1,0.0,1.0,A,22.0,8.0,8.0,3.0,6.0,4.0,15.0,17.0,2.0,1.0,0.0,0.0
Dortmund,M'gladbach,D1,2021,20/02/2022,H,6,0,2.0,0.0,H,16.0,8.0,10.0,5.0,5.0,5.0,17.0,11.0,2.0,1.0,0.0,0.0
Hertha,RB Leipzig,D1,2021,20/02/2022,A,1,6,0.0,1.0,A,8.0,16.0,4.0,10.0,3.0,10.0,10.0,8.0,2.0,3.0,1.0,0.0
Hoffenheim,Stuttgart,D1,2021,25/02/2022,H,2,1,0.0,0.0,D,19.0,13.0,7.0,4.0,9.0,3.0,14.0,13.0,3.0,2.0,0.0,0.0
Freiburg,Hertha,D1,2021,26/02/2022,H,3,0,1.0,0.0,H,16.0,17.0,5.0,2.0,6.0,6.0,13.0,10.0,1.0,2.0,0.0,0.0
Greuther Furth,FC Koln,D1,2021,26/02/2022,D,1,1,0.0,0.0,D,13.0,17.0,5.0,5.0,7.0,11.0,15.0,13.0,1.0,2.0,0.0,0.0
Leverkusen,Bielefeld,D1,2021,26/02/2022,H,3,0,1.0,0.0,H,21.0,8.0,9.0,3.0,6.0,3.0,8.0,10.0,0.0,1.0,0.0,0.0
M'gladbach,Wolfsburg,D1,2021,26/02/2022,D,2,2,1.0,2.0,A,23.0,6.0,11.0,3.0,7.0,4.0,12.0,14.0,2.0,4.0,0.0,1.0
Union Berlin,Mainz,D1,2021,26/02/2022,H,3,1,1.0,0.0,H,7.0,14.0,3.0,1.0,2.0,6.0,13.0,18.0,4.0,4.0,0.0,1.0
Ein Frankfurt,Bayern Munich,D1,2021,26/02/2022,A,0,1,0.0,0.0,D,7.0,20.0,2.0,9.0,2.0,8.0,16.0,3.0,1.0,2.0,0.0,0.0
Bochum,RB Leipzig,D1,2021,27/02/2022,A,0,1,0.0,0.0,D,13.0,6.0,2.0,1.0,5.0,0.0,15.0,9.0,1.0,1.0,0.0,0.0
Augsburg,Dortmund,D1,2021,27/02/2022,D,1,1,0.0,1.0,A,8.0,11.0,3.0,7.0,5.0,5.0,15.0,8.0,2.0,1.0,0.0,0.0
Bielefeld,Augsburg,D1,2021,04/03/2022,A,0,1,0.0,0.0,D,6.0,7.0,1.0,1.0,6.0,1.0,12.0,10.0,3.0,5.0,0.0,0.0
Bayern Munich,Leverkusen,D1,2021,05/03/2022,D,1,1,1.0,1.0,D,20.0,9.0,6.0,2.0,7.0,2.0,10.0,14.0,1.0,2.0,0.0,0.0
Bochum,Greuther Furth,D1,2021,05/03/2022,H,2,1,1.0,0.0,H,15.0,9.0,9.0,2.0,3.0,6.0,16.0,14.0,2.0,4.0,0.0,0.0
Hertha,Ein Frankfurt,D1,2021,05/03/2022,A,1,4,0.0,1.0,A,10.0,12.0,4.0,6.0,3.0,8.0,10.0,16.0,2.0,2.0,0.0,0.0
RB Leipzig,Freiburg,D1,2021,05/03/2022,D,1,1,0.0,1.0,A,14.0,4.0,5.0,3.0,4.0,1.0,8.0,15.0,1.0,0.0,0.0,0.0
Wolfsburg,Union Berlin,D1,2021,05/03/2022,H,1,0,1.0,0.0,H,9.0,17.0,3.0,5.0,6.0,10.0,12.0,15.0,0.0,1.0,0.0,0.0
Stuttgart,M'gladbach,D1,2021,05/03/2022,H,3,2,1.0,2.0,A,18.0,9.0,7.0,3.0,5.0,2.0,7.0,10.0,1.0,2.0,0.0,0.0
FC Koln,Hoffenheim,D1,2021,06/03/2022,A,0,1,0.0,0.0,D,10.0,13.0,3.0,3.0,4.0,1.0,9.0,12.0,1.0,4.0,0.0,0.0
Freiburg,Wolfsburg,D1,2021,12/03/2022,H,3,2,2.0,0.0,H,16.0,11.0,8.0,5.0,7.0,5.0,11.0,9.0,2.0,0.0,0.0,0.0
Hoffenheim,Bayern Munich,D1,2021,12/03/2022,D,1,1,1.0,1.0,D,9.0,18.0,6.0,8.0,3.0,8.0,12.0,9.0,4.0,1.0,0.0,0.0
Union Berlin,Stuttgart,D1,2021,12/03/2022,D,1,1,1.0,0.0,H,11.0,11.0,3.0,3.0,3.0,3.0,25.0,12.0,3.0,2.0,0.0,0.0
M'gladbach,Hertha,D1,2021,12/03/2022,H,2,0,1.0,0.0,H,12.0,12.0,5.0,3.0,3.0,6.0,7.0,17.0,3.0,0.0,0.0,0.0
Leverkusen,FC Koln,D1,2021,13/03/2022,A,0,1,0.0,0.0,D,15.0,6.0,3.0,3.0,7.0,0.0,13.0,19.0,2.0,2.0,0.0,0.0
Dortmund,Bielefeld,D1,2021,13/03/2022,H,1,0,1.0,0.0,H,20.0,11.0,3.0,4.0,4.0,5.0,6.0,10.0,1.0,1.0,0.0,0.0
Ein Frankfurt,Bochum,D1,2021,13/03/2022,H,2,1,0.0,1.0,A,14.0,8.0,3.0,4.0,9.0,3.0,10.0,15.0,3.0,4.0,0.0,0.0
Greuther Furth,RB Leipzig,D1,2021,13/03/2022,A,1,6,1.0,4.0,A,7.0,12.0,1.0,7.0,0.0,2.0,9.0,8.0,2.0,0.0,0.0,0.0
Mainz,Dortmund,D1,2021,16/03/2022,A,0,1,0.0,0.0,D,10.0,11.0,1.0,4.0,5.0,5.0,18.0,10.0,3.0,4.0,0.0,0.0
Bochum,M'gladbach,D1,2021,18/03/2022,A,0,2,0.0,0.0,D,15.0,8.0,7.0,5.0,7.0,3.0,12.0,10.0,2.0,1.0,0.0,0.0
Greuther Furth,Freiburg,D1,2021,19/03/2022,D,0,0,0.0,0.0,D,8.0,13.0,1.0,3.0,1.0,11.0,15.0,9.0,1.0,0.0,0.0,0.0
Hertha,Hoffenheim,D1,2021,19/03/2022,H,3,0,1.0,0.0,H,13.0,8.0,6.0,0.0,1.0,6.0,10.0,13.0,2.0,1.0,0.0,0.0
Mainz,Bielefeld,D1,2021,19/03/2022,H,4,0,1.0,0.0,H,14.0,6.0,6.0,0.0,6.0,1.0,10.0,14.0,1.0,0.0,0.0,0.0
Stuttgart,Augsburg,D1,2021,19/03/2022,H,3,2,1.0,2.0,A,24.0,10.0,9.0,4.0,8.0,0.0,13.0,17.0,2.0,3.0,0.0,0.0
Bayern Munich,Union Berlin,D1,2021,19/03/2022,H,4,0,3.0,0.0,H,16.0,9.0,7.0,4.0,3.0,2.0,8.0,7.0,2.0,1.0,0.0,0.0
RB Leipzig,Ein Frankfurt,D1,2021,20/03/2022,D,0,0,0.0,0.0,D,14.0,5.0,7.0,0.0,3.0,2.0,6.0,21.0,1.0,5.0,0.0,0.0
Wolfsburg,Leverkusen,D1,2021,20/03/2022,A,0,2,0.0,0.0,D,18.0,17.0,4.0,7.0,7.0,7.0,6.0,13.0,2.0,3.0,0.0,0.0
FC Koln,Dortmund,D1,2021,20/03/2022,D,1,1,1.0,1.0,D,10.0,9.0,1.0,3.0,7.0,5.0,13.0,16.0,2.0,3.0,0.0,0.0
Union Berlin,FC Koln,D1,2021,01/04/2022,H,1,0,0.0,0.0,D,13.0,6.0,5.0,1.0,2.0,4.0,17.0,11.0,3.0,3.0,0.0,0.0
Bielefeld,Stuttgart,D1,2021,02/04/2022,D,1,1,0.0,1.0,A,10.0,14.0,4.0,4.0,6.0,2.0,13.0,12.0,1.0,5.0,0.0,0.0
Ein Frankfurt,Greuther Furth,D1,2021,02/04/2022,D,0,0,0.0,0.0,D,20.0,4.0,6.0,2.0,9.0,0.0,10.0,14.0,1.0,0.0,0.0,0.0
Freiburg,Bayern Munich,D1,2021,02/04/2022,A,1,4,0.0,0.0,D,8.0,21.0,3.0,11.0,1.0,6.0,13.0,6.0,1.0,1.0,0.0,0.0
Hoffenheim,Bochum,D1,2021,02/04/2022,A,1,2,0.0,1.0,A,14.0,20.0,7.0,6.0,5.0,6.0,9.0,11.0,3.0,2.0,0.0,0.0
Leverkusen,Hertha,D1,2021,02/04/2022,H,2,1,2.0,1.0,H,18.0,7.0,7.0,4.0,3.0,3.0,13.0,11.0,0.0,1.0,0.0,0.0
Dortmund,RB Leipzig,D1,2021,02/04/2022,A,1,4,0.0,2.0,A,10.0,11.0,2.0,5.0,7.0,5.0,7.0,10.0,3.0,1.0,0.0,0.0
Augsburg,Wolfsburg,D1,2021,03/04/2022,H,3,0,1.0,0.0,H,13.0,17.0,5.0,5.0,3.0,5.0,15.0,11.0,1.0,0.0,0.0,0.0
M'gladbach,Mainz,D1,2021,03/04/2022,D,1,1,1.0,0.0,H,17.0,22.0,8.0,10.0,3.0,7.0,13.0,20.0,2.0,1.0,0.0,0.0
Augsburg,Mainz,D1,2021,06/04/2022,H,2,1,1.0,0.0,H,14.0,17.0,4.0,3.0,5.0,7.0,16.0,18.0,3.0,2.0,0.0,0.0
Stuttgart,Dortmund,D1,2021,08/04/2022,A,0,2,0.0,1.0,A,13.0,10.0,2.0,4.0,4.0,5.0,8.0,6.0,2.0,1.0,0.0,0.0
Bayern Munich,Augsburg,D1,2021,09/04/2022,H,1,0,0.0,0.0,D,13.0,6.0,4.0,1.0,3.0,3.0,10.0,22.0,1.0,2.0,0.0,0.0
FC Koln,Mainz,D1,2021,09/04/2022,H,3,2,0.0,1.0,A,13.0,9.0,5.0,6.0,8.0,5.0,19.0,23.0,2.0,2.0,0.0,0.0
Greuther Furth,M'gladbach,D1,2021,09/04/2022,A,0,2,0.0,2.0,A,10.0,18.0,1.0,7.0,3.0,5.0,12.0,8.0,1.0,0.0,0.0,0.0
Wolfsburg,Bielefeld,D1,2021,09/04/2022,H,4,0,2.0,0.0,H,11.0,6.0,6.0,3.0,3.0,2.0,11.0,13.0,0.0,1.0,0.0,0.0
Hertha,Union Berlin,D1,2021,09/04/2022,A,1,4,0.0,1.0,A,12.0,17.0,3.0,13.0,2.0,8.0,11.0,11.0,4.0,0.0,0.0,0.0
Bochum,Leverkusen,D1,2021,10/04/2022,D,0,0,0.0,0.0,D,11.0,9.0,2.0,2.0,2.0,3.0,10.0,9.0,0.0,0.0,0.0,0.0
Ein Frankfurt,Freiburg,D1,2021,10/04/2022,A,1,2,0.0,1.0,A,17.0,12.0,5.0,4.0,2.0,4.0,13.0,9.0,1.0,2.0,0.0,0.0
RB Leipzig,Hoffenheim,D1,2021,10/04/2022,H,3,0,3.0,0.0,H,11.0,4.0,4.0,0.0,2.0,1.0,11.0,15.0,1.0,2.0,0.0,0.0
Augsburg,Hertha,D1,2021,16/04/2022,A,0,1,0.0,0.0,D,13.0,11.0,2.0,1.0,1.0,7.0,14.0,17.0,4.0,4.0,0.0,0.0
Dortmund,Wolfsburg,D1,2021,16/04/2022,H,6,1,5.0,0.0,H,12.0,9.0,8.0,4.0,4.0,6.0,14.0,9.0,0.0,2.0,0.0,0.0
Freiburg,Bochum,D1,2021,16/04/2022,H,3,0,2.0,0.0,H,14.0,10.0,8.0,2.0,3.0,4.0,8.0,10.0,0.0,0.0,0.0,1.0
Mainz,Stuttgart,D1,2021,16/04/2022,D,0,0,0.0,0.0,D,9.0,6.0,0.0,3.0,5.0,3.0,17.0,12.0,0.0,1.0,0.0,0.0
M'gladbach,FC Koln,D1,2021,16/04/2022,A,1,3,0.0,3.0,A,18.0,17.0,4.0,6.0,5.0,5.0,15.0,19.0,3.0,2.0,0.0,0.0
Bielefeld,Bayern Munich,D1,2021,17/04/2022,A,0,3,0.0,2.0,A,8.0,24.0,3.0,9.0,5.0,4.0,11.0,11.0,1.0,2.0,0.0,0.0
Hoffenheim,Greuther Furth,D1,2021,17/04/2022,D,0,0,0.0,0.0,D,16.0,7.0,3.0,1.0,10.0,1.0,19.0,15.0,3.0,3.0,0.0,0.0
Union Berlin,Ein Frankfurt,D1,2021,17/04/2022,H,2,0,2.0,0.0,H,14.0,10.0,4.0,3.0,4.0,3.0,10.0,8.0,2.0,1.0,0.0,0.0
Leverkusen,RB Leipzig,D1,2021,17/04/2022,A,0,1,0.0,0.0,D,12.0,4.0,4.0,1.0,7.0,1.0,18.0,7.0,2.0,1.0,0.0,0.0
Wolfsburg,Mainz,D1,2021,22/04/2022,H,5,0,5.0,0.0,H,15.0,5.0,7.0,3.0,2.0,3.0,10.0,10.0,0.0,2.0,0.0,1.0
Ein Frankfurt,Hoffenheim,D1,2021,23/04/2022,D,2,2,1.0,1.0,D,17.0,11.0,7.0,4.0,9.0,7.0,10.0,9.0,1.0,3.0,0.0,0.0
FC Koln,Bielefeld,D1,2021,23/04/2022,H,3,1,2.0,1.0,H,19.0,16.0,6.0,4.0,5.0,10.0,7.0,15.0,2.0,3.0,0.0,0.0
Freiburg,M'gladbach,D1,2021,23/04/2022,D,3,3,0.0,2.0,A,19.0,7.0,8.0,4.0,8.0,0.0,12.0,12.0,1.0,4.0,0.0,0.0
Greuther Furth,Leverkusen,D1,2021,23/04/2022,A,1,4,1.0,2.0,A,9.0,10.0,4.0,5.0,6.0,3.0,4.0,13.0,0.0,0.0,0.0,0.0
RB Leipzig,Union Berlin,D1,2021,23/04/2022,A,1,2,0.0,0.0,D,5.0,12.0,1.0,4.0,2.0,5.0,13.0,9.0,2.0,2.0,0.0,0.0
Bayern Munich,Dortmund,D1,2021,23/04/2022,H,3,1,2.0,0.0,H,13.0,7.0,6.0,3.0,3.0,1.0,9.0,11.0,0.0,1.0,0.0,0.0
Bochum,Augsburg,D1,2021,24/04/2022,A,0,2,0.0,2.0,A,18.0,12.0,3.0,4.0,10.0,4.0,10.0,17.0,1.0,3.0,0.0,0.0
Hertha,Stuttgart,D1,2021,24/04/2022,H,2,0,1.0,0.0,H,7.0,12.0,2.0,5.0,4.0,6.0,10.0,8.0,1.0,1.0,0.0,0.0
Union Berlin,Greuther Furth,D1,2021,29/04/2022,D,1,1,0.0,1.0,A,6.0,7.0,3.0,2.0,2.0,4.0,14.0,14.0,2.0,2.0,0.0,0.0
Augsburg,FC Koln,D1,2021,30/04/2022,A,1,4,0.0,2.0,A,14.0,18.0,5.0,8.0,5.0,7.0,14.0,14.0,2.0,4.0,0.0,0.0
Bielefeld,Hertha,D1,2021,30/04/2022,D,1,1,0.0,0.0,D,6.0,9.0,1.0,5.0,2.0,6.0,14.0,14.0,3.0,1.0,0.0,0.0
Dortmund,Bochum,D1,2021,30/04/2022,A,3,4,2.0,2.0,D,19.0,12.0,10.0,5.0,10.0,3.0,14.0,18.0,4.0,3.0,0.0,0.0
Mainz,Bayern Munich,D1,2021,30/04/2022,H,3,1,2.0,1.0,H,24.0,4.0,7.0,1.0,7.0,8.0,11.0,11.0,0.0,4.0,0.0,0.0
Stuttgart,Wolfsburg,D1,2021,30/04/2022,D,1,1,0.0,1.0,A,18.0,15.0,5.0,5.0,7.0,9.0,9.0,11.0,3.0,2.0,0.0,0.0
Hoffenheim,Freiburg,D1,2021,30/04/2022,A,3,4,1.0,1.0,D,17.0,9.0,7.0,5.0,4.0,5.0,12.0,6.0,1.0,0.0,0.0,0.0
Leverkusen,Ein Frankfurt,D1,2021,02/05/2022,H,2,0,1.0,0.0,H,11.0,9.0,3.0,4.0,4.0,4.0,5.0,8.0,0.0,0.0,0.0,0.0
M'gladbach,RB Leipzig,D1,2021,02/05/2022,H,3,1,2.0,1.0,H,9.0,10.0,6.0,7.0,3.0,8.0,11.0,20.0,4.0,2.0,1.0,0.0
Bochum,Bielefeld,D1,2021,06/05/2022,H,2,1,1.0,1.0,D,16.0,14.0,9.0,5.0,6.0,2.0,9.0,12.0,0.0,0.0,0.0,0.0
FC Koln,Wolfsburg,D1,2021,07/05/2022,A,0,1,0.0,1.0,A,17.0,5.0,9.0,3.0,9.0,2.0,12.0,12.0,0.0,2.0,0.0,0.0
Freiburg,Union Berlin,D1,2021,07/05/2022,A,1,4,0.0,3.0,A,18.0,13.0,4.0,5.0,4.0,6.0,12.0,14.0,1.0,2.0,0.0,0.0
Greuther Furth,Dortmund,D1,2021,07/05/2022,A,1,3,0.0,1.0,A,8.0,8.0,3.0,4.0,5.0,2.0,15.0,10.0,1.0,1.0,0.0,0.0
Hoffenheim,Leverkusen,D1,2021,07/05/2022,A,2,4,2.0,1.0,H,12.0,15.0,5.0,8.0,6.0,7.0,14.0,10.0,1.0,0.0,0.0,0.0
Hertha,Mainz,D1,2021,07/05/2022,A,1,2,1.0,1.0,D,10.0,13.0,1.0,6.0,3.0,8.0,19.0,18.0,3.0,1.0,0.0,0.0
Ein Frankfurt,M'gladbach,D1,2021,08/05/2022,D,1,1,0.0,1.0,A,18.0,11.0,4.0,7.0,9.0,1.0,6.0,7.0,1.0,0.0,0.0,0.0
Bayern Munich,Stuttgart,D1,2021,08/05/2022,D,2,2,2.0,1.0,H,25.0,15.0,8.0,5.0,7.0,4.0,10.0,8.0,2.0,3.0,1.0,0.0
RB Leipzig,Augsburg,D1,2021,08/05/2022,H,4,0,1.0,0.0,H,14.0,6.0,8.0,1.0,5.0,1.0,8.0,16.0,1.0,2.0,0.0,0.0
Augsburg,Greuther Furth,D1,2021,14/05/2022,H,2,1,1.0,1.0,D,8.0,6.0,3.0,3.0,3.0,5.0,21.0,20.0,2.0,3.0,0.0,0.0
Bielefeld,RB Leipzig,D1,2021,14/05/2022,D,1,1,0.0,0.0,D,8.0,18.0,4.0,9.0,2.0,6.0,11.0,8.0,1.0,1.0,0.0,0.0
Dortmund,Hertha,D1,2021,14/05/2022,H,2,1,0.0,1.0,A,9.0,4.0,3.0,1.0,3.0,1.0,11.0,16.0,0.0,2.0,0.0,0.0
Leverkusen,Freiburg,D1,2021,14/05/2022,H,2,1,0.0,0.0,D,11.0,13.0,5.0,2.0,6.0,9.0,6.0,12.0,2.0,3.0,0.0,0.0
Mainz,Ein Frankfurt,D1,2021,14/05/2022,D,2,2,1.0,2.0,A,13.0,13.0,4.0,4.0,5.0,3.0,7.0,11.0,2.0,0.0,0.0,0.0
M'gladbach,Hoffenheim,D1,2021,14/05/2022,H,5,1,3.0,1.0,H,19.0,10.0,9.0,2.0,6.0,2.0,8.0,12.0,1.0,2.0,0.0,0.0
Stuttgart,FC Koln,D1,2021,14/05/2022,H,2,1,1.0,0.0,H,24.0,16.0,12.0,3.0,8.0,10.0,15.0,10.0,1.0,4.0,0.0,0.0
Union Berlin,Bochum,D1,2021,14/05/2022,H,3,2,2.0,0.0,H,17.0,5.0,11.0,3.0,1.0,3.0,12.0,7.0,3.0,2.0,0.0,0.0
Wolfsburg,Bayern Munich,D1,2021,14/05/2022,D,2,2,1.0,2.0,A,10.0,25.0,2.0,10.0,2.0,12.0,5.0,10.0,1.0,2.0,0.0,0.0
Ein Frankfurt,Bayern Munich,D1,2022,05/08/2022,A,1,6,0.0,5.0,A,8.0,23.0,2.0,10.0,5.0,6.0,10.0,11.0,2.0,0.0,0.0,0.0
Augsburg,Freiburg,D1,2022,06/08/2022,A,0,4,0.0,0.0,D,10.0,19.0,2.0,7.0,5.0,8.0,13.0,13.0,0.0,0.0,0.0,0.0
Bochum,Mainz,D1,2022,06/08/2022,A,1,2,1.0,1.0,D,16.0,13.0,3.0,6.0,3.0,5.0,11.0,16.0,2.0,3.0,0.0,0.0
M'gladbach,Hoffenheim,D1,2022,06/08/2022,H,3,1,1.0,1.0,D,18.0,2.0,8.0,1.0,4.0,2.0,18.0,12.0,1.0,4.0,0.0,1.0
Union Berlin,Hertha,D1,2022,06/08/2022,H,3,1,1.0,0.0,H,18.0,9.0,8.0,3.0,5.0,4.0,23.0,17.0,2.0,3.0,0.0,0.0
Wolfsburg,Werder Bremen,D1,2022,06/08/2022,D,2,2,1.0,2.0,A,13.0,10.0,3.0,5.0,2.0,5.0,11.0,14.0,2.0,2.0,0.0,0.0
Dortmund,Leverkusen,D1,2022,06/08/2022,H,1,0,1.0,0.0,H,13.0,8.0,4.0,3.0,3.0,3.0,14.0,13.0,2.0,4.0,0.0,1.0
Stuttgart,RB Leipzig,D1,2022,07/08/2022,D,1,1,1.0,1.0,D,11.0,27.0,2.0,9.0,1.0,9.0,14.0,9.0,2.0,1.0,0.0,0.0
FC Koln,Schalke 04,D1,2022,07/08/2022,H,3,1,0.0,0.0,D,30.0,6.0,10.0,2.0,9.0,1.0,8.0,10.0,0.0,1.0,0.0,1.0
Freiburg,Dortmund,D1,2022,12/08/2022,A,1,3,1.0,0.0,H,16.0,16.0,7.0,7.0,9.0,2.0,16.0,10.0,1.0,3.0,0.0,0.0
Hertha,Ein Frankfurt,D1,2022,13/08/2022,D,1,1,1.0,0.0,H,11.0,11.0,5.0,1.0,4.0,5.0,11.0,11.0,3.0,1.0,0.0,0.0
Hoffenheim,Bochum,D1,2022,13/08/2022,H,3,2,2.0,2.0,D,24.0,11.0,13.0,5.0,8.0,2.0,13.0,10.0,1.0,1.0,0.0,0.0
Leverkusen,Augsburg,D1,2022,13/08/2022,A,1,2,1.0,1.0,D,23.0,6.0,10.0,4.0,7.0,3.0,7.0,16.0,1.0,6.0,0.0,0.0
RB Leipzig,FC Koln,D1,2022,13/08/2022,D,2,2,1.0,1.0,D,9.0,12.0,5.0,3.0,2.0,7.0,8.0,18.0,1.0,4.0,1.0,0.0
Werder Bremen,Stuttgart,D1,2022,13/08/2022,D,2,2,1.0,1.0,D,5.0,14.0,3.0,7.0,2.0,5.0,6.0,10.0,4.0,2.0,0.0,0.0
Schalke 04,M'gladbach,D1,2022,13/08/2022,D,2,2,1.0,0.0,H,14.0,14.0,5.0,9.0,2.0,7.0,12.0,8.0,4.0,2.0,0.0,0.0
Mainz,Union Berlin,D1,2022,14/08/2022,D,0,0,0.0,0.0,D,10.0,10.0,5.0,2.0,4.0,4.0,9.0,14.0,1.0,0.0,0.0,0.0
Bayern Munich,Wolfsburg,D1,2022,14/08/2022,H,2,0,2.0,0.0,H,24.0,7.0,8.0,1.0,8.0,4.0,7.0,10.0,2.0,1.0,0.0,0.0
M'gladbach,Hertha,D1,2022,19/08/2022,H,1,0,1.0,0.0,H,11.0,18.0,6.0,5.0,5.0,5.0,7.0,11.0,1.0,2.0,0.0,1.0
Augsburg,Mainz,D1,2022,20/08/2022,A,1,2,1.0,1.0,D,6.0,14.0,2.0,7.0,3.0,3.0,13.0,19.0,2.0,2.0,0.0,0.0
Dortmund,Werder Bremen,D1,2022,20/08/2022,A,2,3,1.0,0.0,H,5.0,14.0,3.0,7.0,3.0,5.0,13.0,9.0,4.0,1.0,0.0,0.0
Leverkusen,Hoffenheim,D1,2022,20/08/2022,A,0,3,0.0,2.0,A,14.0,10.0,3.0,5.0,3.0,1.0,15.0,18.0,1.0,4.0,0.0,0.0
Stuttgart,Freiburg,D1,2022,20/08/2022,A,0,1,0.0,1.0,A,18.0,9.0,5.0,3.0,3.0,1.0,8.0,12.0,4.0,2.0,0.0,0.0
Wolfsburg,Schalke 04,D1,2022,20/08/2022,D,0,0,0.0,0.0,D,16.0,9.0,6.0,2.0,12.0,4.0,13.0,10.0,1.0,3.0,0.0,0.0
Union Berlin,RB Leipzig,D1,2022,20/08/2022,H,2,1,2.0,0.0,H,9.0,16.0,4.0,2.0,1.0,13.0,14.0,8.0,2.0,1.0,0.0,0.0
Ein Frankfurt,FC Koln,D1,2022,21/08/2022,D,1,1,0.0,0.0,D,10.0,6.0,3.0,2.0,5.0,9.0,15.0,11.0,0.0,1.0,0.0,0.0
Bochum,Bayern Munich,D1,2022,21/08/2022,A,0,7,0.0,4.0,A,13.0,22.0,7.0,12.0,5.0,5.0,10.0,6.0,1.0,0.0,0.0,0.0
Freiburg,Bochum,D1,2022,26/08/2022,H,1,0,0.0,0.0,D,28.0,15.0,12.0,5.0,2.0,5.0,15.0,13.0,2.0,2.0,0.0,0.0
Hertha,Dortmund,D1,2022,27/08/2022,A,0,1,0.0,1.0,A,12.0,24.0,3.0,7.0,6.0,10.0,8.0,9.0,1.0,0.0,0.0,0.0
Hoffenheim,Augsburg,D1,2022,27/08/2022,H,1,0,1.0,0.0,H,24.0,12.0,6.0,1.0,4.0,6.0,14.0,9.0,1.0,1.0,0.0,0.0
Mainz,Leverkusen,D1,2022,27/08/2022,A,0,3,0.0,3.0,A,17.0,7.0,3.0,5.0,3.0,4.0,10.0,12.0,1.0,6.0,0.0,2.0
RB Leipzig,Wolfsburg,D1,2022,27/08/2022,H,2,0,1.0,0.0,H,16.0,9.0,7.0,4.0,8.0,4.0,20.0,15.0,3.0,3.0,0.0,0.0
Schalke 04,Union Berlin,D1,2022,27/08/2022,A,1,6,1.0,3.0,A,12.0,12.0,4.0,7.0,8.0,2.0,9.0,11.0,1.0,0.0,0.0,0.0
Bayern Munich,M'gladbach,D1,2022,27/08/2022,D,1,1,0.0,1.0,A,35.0,5.0,20.0,3.0,14.0,1.0,14.0,7.0,4.0,2.0,0.0,0.0
FC Koln,Stuttgart,D1,2022,28/08/2022,D,0,0,0.0,0.0,D,6.0,13.0,2.0,5.0,6.0,8.0,14.0,12.0,2.0,2.0,0.0,1.0
Werder Bremen,Ein Frankfurt,D1,2022,28/08/2022,A,3,4,2.0,3.0,A,10.0,12.0,4.0,7.0,5.0,7.0,17.0,17.0,1.0,3.0,0.0,0.0
Dortmund,Hoffenheim,D1,2022,02/09/2022,H,1,0,1.0,0.0,H,16.0,7.0,5.0,2.0,5.0,8.0,14.0,15.0,3.0,4.0,0.0,0.0
Bochum,Werder Bremen,D1,2022,03/09/2022,A,0,2,0.0,0.0,D,19.0,16.0,6.0,6.0,7.0,3.0,15.0,10.0,2.0,2.0,0.0,0.0
Leverkusen,Freiburg,D1,2022,03/09/2022,A,2,3,1.0,0.0,H,15.0,5.0,6.0,3.0,8.0,4.0,15.0,10.0,2.0,2.0,0.0,0.0
Stuttgart,Schalke 04,D1,2022,03/09/2022,D,1,1,1.0,1.0,D,13.0,13.0,3.0,4.0,5.0,7.0,11.0,10.0,4.0,2.0,1.0,0.0
Union Berlin,Bayern Munich,D1,2022,03/09/2022,D,1,1,1.0,1.0,D,10.0,21.0,3.0,6.0,5.0,7.0,19.0,7.0,1.0,2.0,0.0,0.0
Wolfsburg,FC Koln,D1,2022,03/09/2022,A,2,4,1.0,3.0,A,9.0,18.0,3.0,5.0,5.0,4.0,13.0,14.0,2.0,1.0,0.0,0.0
Ein Frankfurt,RB Leipzig,D1,2022,03/09/2022,H,4,0,2.0,0.0,H,14.0,5.0,9.0,0.0,4.0,3.0,14.0,10.0,1.0,1.0,0.0,0.0
Augsburg,Hertha,D1,2022,04/09/2022,A,0,2,0.0,0.0,D,8.0,16.0,2.0,6.0,5.0,1.0,12.0,15.0,2.0,1.0,0.0,0.0
M'gladbach,Mainz,D1,2022,04/09/2022,A,0,1,0.0,0.0,D,13.0,12.0,3.0,5.0,4.0,8.0,8.0,15.0,1.0,4.0,1.0,0.0
Werder Bremen,Augsburg,D1,2022,09/09/2022,A,0,1,0.0,0.0,D,11.0,14.0,6.0,5.0,3.0,7.0,12.0,12.0,4.0,5.0,0.0,0.0
Bayern Munich,Stuttgart,D1,2022,10/09/2022,D,2,2,1.0,0.0,H,18.0,8.0,7.0,3.0,3.0,0.0,11.0,9.0,2.0,5.0,0.0,0.0
Ein Frankfurt,Wolfsburg,D1,2022,10/09/2022,A,0,1,0.0,0.0,D,11.0,6.0,0.0,3.0,10.0,5.0,16.0,13.0,2.0,4.0,0.0,0.0
Hertha,Leverkusen,D1,2022,10/09/2022,D,2,2,0.0,0.0,D,17.0,11.0,6.0,5.0,3.0,5.0,15.0,16.0,3.0,1.0,0.0,0.0
Hoffenheim,Mainz,D1,2022,10/09/2022,H,4,1,0.0,0.0,D,21.0,10.0,9.0,2.0,7.0,5.0,9.0,13.0,3.0,2.0,0.0,1.0
RB Leipzig,Dortmund,D1,2022,10/09/2022,H,3,0,2.0,0.0,H,14.0,4.0,5.0,0.0,5.0,8.0,12.0,6.0,2.0,1.0,0.0,0.0
Schalke 04,Bochum,D1,2022,10/09/2022,H,3,1,1.0,0.0,H,20.0,9.0,8.0,2.0,3.0,8.0,12.0,16.0,2.0,3.0,0.0,0.0
FC Koln,Union Berlin,D1,2022,11/09/2022,A,0,1,0.0,1.0,A,7.0,12.0,2.0,3.0,7.0,8.0,15.0,12.0,4.0,1.0,1.0,0.0
Freiburg,M'gladbach,D1,2022,11/09/2022,D,0,0,0.0,0.0,D,13.0,14.0,8.0,5.0,7.0,6.0,13.0,6.0,1.0,1.0,0.0,0.0
Mainz,Hertha,D1,2022,16/09/2022,D,1,1,0.0,1.0,A,12.0,4.0,2.0,2.0,4.0,3.0,12.0,10.0,3.0,5.0,0.0,0.0
Augsburg,Bayern Munich,D1,2022,17/09/2022,H,1,0,0.0,0.0,D,9.0,21.0,4.0,7.0,2.0,8.0,16.0,9.0,3.0,1.0,0.0,0.0
Dortmund,Schalke 04,D1,2022,17/09/2022,H,1,0,0.0,0.0,D,19.0,3.0,7.0,0.0,11.0,2.0,12.0,14.0,3.0,2.0,0.0,0.0
Leverkusen,Werder Bremen,D1,2022,17/09/2022,D,1,1,0.0,0.0,D,19.0,19.0,7.0,7.0,9.0,6.0,5.0,14.0,2.0,3.0,0.0,0.0
Stuttgart,Ein Frankfurt,D1,2022,17/09/2022,A,1,3,0.0,1.0,A,15.0,13.0,2.0,8.0,7.0,4.0,9.0,11.0,2.0,0.0,0.0,0.0
M'gladbach,RB Leipzig,D1,2022,17/09/2022,H,3,0,2.0,0.0,H,21.0,13.0,10.0,6.0,8.0,3.0,14.0,14.0,2.0,2.0,0.0,0.0
Union Berlin,Wolfsburg,D1,2022,18/09/2022,H,2,0,0.0,0.0,D,16.0,5.0,4.0,0.0,4.0,1.0,18.0,6.0,0.0,0.0,0.0,0.0
Bochum,FC Koln,D1,2022,18/09/2022,D,1,1,1.0,0.0,H,7.0,18.0,0.0,3.0,4.0,8.0,12.0,8.0,0.0,1.0,0.0,0.0
Hoffenheim,Freiburg,D1,2022,18/09/2022,D,0,0,0.0,0.0,D,10.0,14.0,3.0,4.0,5.0,3.0,15.0,9.0,1.0,2.0,0.0,0.0
Bayern Munich,Leverkusen,D1,2022,30/09/2022,H,4,0,3.0,0.0,H,20.0,10.0,10.0,5.0,6.0,2.0,10.0,6.0,0.0,0.0,0.0,0.0
Ein Frankfurt,Union Berlin,D1,2022,01/10/2022,H,2,0,2.0,0.0,H,14.0,14.0,4.0,5.0,4.0,7.0,4.0,11.0,3.0,4.0,1.0,0.0
FC Koln,Dortmund,D1,2022,01/10/2022,H,3,2,0.0,1.0,A,20.0,21.0,16.0,13.0,7.0,11.0,14.0,10.0,4.0,3.0,0.0,0.0
Freiburg,Mainz,D1,2022,01/10/2022,H,2,1,2.0,0.0,H,13.0,17.0,6.0,7.0,5.0,5.0,9.0,15.0,2.0,4.0,0.0,0.0
RB Leipzig,Bochum,D1,2022,01/10/2022,H,4,0,2.0,0.0,H,17.0,2.0,9.0,1.0,7.0,2.0,8.0,8.0,0.0,2.0,0.0,0.0
Wolfsburg,Stuttgart,D1,2022,01/10/2022,H,3,2,2.0,2.0,D,20.0,15.0,7.0,7.0,8.0,5.0,16.0,14.0,3.0,5.0,0.0,0.0
Werder Bremen,M'gladbach,D1,2022,01/10/2022,H,5,1,4.0,0.0,H,14.0,13.0,9.0,9.0,4.0,5.0,8.0,8.0,0.0,1.0,0.0,0.0
Hertha,Hoffenheim,D1,2022,02/10/2022,D,1,1,1.0,1.0,D,13.0,16.0,5.0,4.0,2.0,6.0,5.0,15.0,2.0,1.0,0.0,0.0
Schalke 04,Augsburg,D1,2022,02/10/2022,A,2,3,1.0,2.0,A,16.0,11.0,5.0,5.0,8.0,4.0,11.0,10.0,2.0,6.0,0.0,1.0
Hoffenheim,Werder Bremen,D1,2022,07/10/2022,A,1,2,1.0,1.0,D,16.0,8.0,6.0,3.0,3.0,3.0,12.0,18.0,3.0,3.0,0.0,0.0
Augsburg,Wolfsburg,D1,2022,08/10/2022,D,1,1,0.0,1.0,A,18.0,12.0,5.0,7.0,11.0,5.0,19.0,11.0,5.0,3.0,0.0,0.0
Bochum,Ein Frankfurt,D1,2022,08/10/2022,H,3,0,0.0,0.0,D,11.0,11.0,6.0,2.0,9.0,4.0,12.0,10.0,2.0,1.0,0.0,0.0
Leverkusen,Schalke 04,D1,2022,08/10/2022,H,4,0,2.0,0.0,H,13.0,2.0,7.0,1.0,3.0,3.0,9.0,17.0,1.0,1.0,0.0,0.0
Mainz,RB Leipzig,D1,2022,08/10/2022,D,1,1,1.0,0.0,H,9.0,12.0,3.0,3.0,4.0,2.0,12.0,12.0,1.0,1.0,0.0,0.0
Dortmund,Bayern Munich,D1,2022,08/10/2022,D,2,2,0.0,1.0,A,13.0,9.0,6.0,3.0,7.0,4.0,8.0,11.0,3.0,6.0,0.0,1.0
M'gladbach,FC Koln,D1,2022,09/10/2022,H,5,2,2.0,1.0,H,13.0,5.0,6.0,3.0,7.0,4.0,8.0,14.0,2.0,3.0,0.0,1.0
Hertha,Freiburg,D1,2022,09/10/2022,D,2,2,1.0,1.0,D,11.0,10.0,3.0,4.0,4.0,2.0,14.0,13.0,2.0,1.0,0.0,0.0
Stuttgart,Union Berlin,D1,2022,09/10/2022,A,0,1,0.0,0.0,D,9.0,7.0,3.0,4.0,2.0,5.0,12.0,10.0,3.0,3.0,1.0,0.0
Schalke 04,Hoffenheim,D1,2022,14/10/2022,A,0,3,0.0,2.0,A,14.0,18.0,2.0,7.0,4.0,5.0,12.0,8.0,2.0,2.0,0.0,0.0
Ein Frankfurt,Leverkusen,D1,2022,15/10/2022,H,5,1,1.0,0.0,H,20.0,5.0,11.0,2.0,7.0,1.0,10.0,9.0,0.0,4.0,0.0,1.0
Stuttgart,Bochum,D1,2022,15/10/2022,H,4,1,2.0,1.0,H,16.0,14.0,7.0,4.0,3.0,3.0,6.0,17.0,0.0,3.0,0.0,0.0
Werder Bremen,Mainz,D1,2022,15/10/2022,A,0,2,0.0,1.0,A,14.0,11.0,4.0,5.0,3.0,3.0,3.0,11.0,1.0,2.0,0.0,0.0
Wolfsburg,M'gladbach,D1,2022,15/10/2022,D,2,2,1.0,1.0,D,16.0,10.0,4.0,5.0,7.0,6.0,13.0,11.0,3.0,3.0,0.0,0.0
RB Leipzig,Hertha,D1,2022,15/10/2022,H,3,2,3.0,0.0,H,14.0,16.0,5.0,5.0,8.0,4.0,17.0,9.0,2.0,3.0,0.0,0.0
FC Koln,Augsburg,D1,2022,16/10/2022,H,3,2,0.0,1.0,A,14.0,7.0,6.0,3.0,5.0,3.0,11.0,15.0,2.0,4.0,0.0,0.0
Union Berlin,Dortmund,D1,2022,16/10/2022,H,2,0,2.0,0.0,H,14.0,13.0,5.0,6.0,5.0,8.0,15.0,5.0,1.0,2.0,0.0,0.0
Bayern Munich,Freiburg,D1,2022,16/10/2022,H,5,0,2.0,0.0,H,18.0,6.0,8.0,0.0,5.0,5.0,8.0,9.0,0.0,2.0,0.0,0.0
Mainz,FC Koln,D1,2022,21/10/2022,H,5,0,3.0,0.0,H,15.0,6.0,7.0,2.0,5.0,4.0,13.0,14.0,1.0,5.0,0.0,1.0
Augsburg,RB Leipzig,D1,2022,22/10/2022,D,3,3,1.0,0.0,H,11.0,19.0,3.0,8.0,3.0,6.0,15.0,11.0,7.0,1.0,1.0,0.0
Dortmund,Stuttgart,D1,2022,22/10/2022,H,5,0,3.0,0.0,H,19.0,10.0,10.0,1.0,9.0,2.0,7.0,8.0,1.0,0.0,0.0,0.0
Freiburg,Werder Bremen,D1,2022,22/10/2022,H,2,0,0.0,0.0,D,25.0,10.0,7.0,2.0,6.0,2.0,14.0,12.0,2.0,2.0,0.0,1.0
Hoffenheim,Bayern Munich,D1,2022,22/10/2022,A,0,2,0.0,2.0,A,7.0,23.0,3.0,10.0,7.0,5.0,12.0,8.0,3.0,2.0,0.0,0.0
Leverkusen,Wolfsburg,D1,2022,22/10/2022,D,2,2,1.0,1.0,D,13.0,9.0,5.0,3.0,3.0,3.0,19.0,5.0,3.0,1.0,0.0,0.0
M'gladbach,Ein Frankfurt,D1,2022,22/10/2022,A,1,3,0.0,3.0,A,8.0,16.0,3.0,5.0,3.0,2.0,9.0,20.0,3.0,2.0,0.0,0.0
Bochum,Union Berlin,D1,2022,23/10/2022,H,2,1,1.0,0.0,H,8.0,6.0,5.0,3.0,3.0,7.0,14.0,10.0,1.0,3.0,0.0,0.0
Hertha,Schalke 04,D1,2022,23/10/2022,H,2,1,0.0,0.0,D,11.0,9.0,4.0,2.0,5.0,6.0,14.0,14.0,5.0,1.0,0.0,0.0
Werder Bremen,Hertha,D1,2022,28/10/2022,H,1,0,0.0,0.0,D,15.0,9.0,4.0,1.0,4.0,5.0,14.0,11.0,2.0,3.0,0.0,0.0
Bayern Munich,Mainz,D1,2022,29/10/2022,H,6,2,3.0,1.0,H,25.0,13.0,12.0,5.0,8.0,5.0,10.0,11.0,1.0,1.0,0.0,0.0
RB Leipzig,Leverkusen,D1,2022,29/10/2022,H,2,0,1.0,0.0,H,10.0,4.0,6.0,1.0,3.0,3.0,9.0,7.0,3.0,3.0,0.0,0.0
Stuttgart,Augsburg,D1,2022,29/10/2022,H,2,1,1.0,1.0,D,31.0,12.0,8.0,6.0,10.0,3.0,7.0,12.0,1.0,2.0,0.0,0.0
Wolfsburg,Bochum,D1,2022,29/10/2022,H,4,0,2.0,0.0,H,22.0,10.0,7.0,3.0,7.0,2.0,7.0,17.0,1.0,1.0,0.0,0.0
Ein Frankfurt,Dortmund,D1,2022,29/10/2022,A,1,2,1.0,1.0,D,20.0,8.0,8.0,2.0,4.0,3.0,15.0,11.0,5.0,5.0,0.0,0.0
Union Berlin,M'gladbach,D1,2022,30/10/2022,H,2,1,0.0,1.0,A,14.0,7.0,5.0,3.0,6.0,5.0,17.0,6.0,3.0,2.0,0.0,0.0
Schalke 04,Freiburg,D1,2022,30/10/2022,A,0,2,0.0,1.0,A,12.0,19.0,3.0,9.0,4.0,8.0,20.0,7.0,3.0,2.0,0.0,0.0
FC Koln,Hoffenheim,D1,2022,30/10/2022,D,1,1,1.0,1.0,D,11.0,9.0,3.0,4.0,5.0,4.0,11.0,10.0,1.0,2.0,0.0,1.0
M'gladbach,Stuttgart,D1,2022,04/11/2022,H,3,1,2.0,1.0,H,11.0,13.0,6.0,4.0,3.0,5.0,13.0,16.0,2.0,1.0,0.0,0.0
Augsburg,Ein Frankfurt,D1,2022,05/11/2022,A,1,2,1.0,1.0,D,9.0,12.0,5.0,7.0,3.0,6.0,17.0,15.0,0.0,1.0,0.0,0.0
Dortmund,Bochum,D1,2022,05/11/2022,H,3,0,3.0,0.0,H,6.0,7.0,3.0,1.0,2.0,5.0,7.0,14.0,1.0,1.0,0.0,0.0
Hertha,Bayern Munich,D1,2022,05/11/2022,A,2,3,2.0,3.0,A,7.0,14.0,5.0,4.0,2.0,7.0,13.0,9.0,0.0,0.0,0.0,0.0
Hoffenheim,RB Leipzig,D1,2022,05/11/2022,A,1,3,0.0,1.0,A,11.0,17.0,3.0,8.0,6.0,3.0,9.0,9.0,4.0,2.0,0.0,0.0
Mainz,Wolfsburg,D1,2022,05/11/2022,A,0,3,0.0,1.0,A,16.0,10.0,3.0,3.0,9.0,4.0,15.0,6.0,1.0,1.0,0.0,0.0
Werder Bremen,Schalke 04,D1,2022,05/11/2022,H,2,1,1.0,0.0,H,11.0,19.0,5.0,3.0,3.0,3.0,11.0,12.0,3.0,2.0,0.0,0.0
Leverkusen,Union Berlin,D1,2022,06/11/2022,H,5,0,0.0,0.0,D,11.0,6.0,8.0,1.0,1.0,5.0,11.0,17.0,1.0,4.0,0.0,0.0
Freiburg,FC Koln,D1,2022,06/11/2022,H,2,0,0.0,0.0,D,13.0,6.0,5.0,2.0,5.0,3.0,9.0,10.0,0.0,1.0,0.0,0.0
Wolfsburg,Dortmund,D1,2022,08/11/2022,H,2,0,1.0,0.0,H,15.0,20.0,8.0,6.0,6.0,9.0,10.0,12.0,4.0,2.0,0.0,0.0
Bayern Munich,Werder Bremen,D1,2022,08/11/2022,H,6,1,4.0,1.0,H,21.0,4.0,10.0,1.0,8.0,4.0,9.0,8.0,0.0,0.0,0.0,0.0
Bochum,M'gladbach,D1,2022,08/11/2022,H,2,1,2.0,0.0,H,13.0,8.0,4.0,2.0,6.0,3.0,11.0,14.0,1.0,3.0,0.0,0.0
Stuttgart,Hertha,D1,2022,08/11/2022,H,2,1,1.0,1.0,D,16.0,11.0,7.0,4.0,8.0,5.0,9.0,15.0,3.0,2.0,0.0,0.0
FC Koln,Leverkusen,D1,2022,09/11/2022,A,1,2,1.0,0.0,H,17.0,10.0,7.0,3.0,6.0,1.0,9.0,7.0,1.0,2.0,0.0,0.0
Ein Frankfurt,Hoffenheim,D1,2022,09/11/2022,H,4,2,3.0,1.0,H,15.0,12.0,8.0,3.0,4.0,5.0,9.0,22.0,0.0,3.0,0.0,0.0
RB Leipzig,Freiburg,D1,2022,09/11/2022,H,3,1,0.0,0.0,D,18.0,4.0,8.0,2.0,6.0,2.0,9.0,21.0,1.0,4.0,0.0,0.0
Schalke 04,Mainz,D1,2022,09/11/2022,H,1,0,1.0,0.0,H,13.0,11.0,4.0,1.0,1.0,6.0,16.0,17.0,3.0,1.0,0.0,0.0
Union Berlin,Augsburg,D1,2022,09/11/2022,D,2,2,2.0,2.0,D,18.0,7.0,6.0,2.0,6.0,3.0,7.0,10.0,1.0,4.0,0.0,0.0
M'gladbach,Dortmund,D1,2022,11/11/2022,H,4,2,3.0,2.0,H,11.0,20.0,6.0,10.0,2.0,9.0,12.0,12.0,1.0,2.0,0.0,0.0
Augsburg,Bochum,D1,2022,12/11/2022,A,0,1,0.0,0.0,D,19.0,11.0,5.0,4.0,6.0,2.0,12.0,9.0,1.0,1.0,0.0,0.0
Hertha,FC Koln,D1,2022,12/11/2022,H,2,0,1.0,0.0,H,17.0,10.0,8.0,2.0,10.0,5.0,15.0,10.0,3.0,1.0,0.0,0.0
Hoffenheim,Wolfsburg,D1,2022,12/11/2022,A,1,2,1.0,1.0,D,22.0,6.0,8.0,3.0,7.0,1.0,15.0,11.0,0.0,3.0,0.0,0.0
Leverkusen,Stuttgart,D1,2022,12/11/2022,H,2,0,1.0,0.0,H,11.0,7.0,3.0,1.0,4.0,2.0,11.0,10.0,2.0,3.0,0.0,0.0
Werder Bremen,RB Leipzig,D1,2022,12/11/2022,A,1,2,0.0,1.0,A,7.0,14.0,5.0,3.0,0.0,4.0,14.0,8.0,1.0,2.0,0.0,0.0
Schalke 04,Bayern Munich,D1,2022,12/11/2022,A,0,2,0.0,1.0,A,6.0,22.0,2.0,6.0,4.0,5.0,7.0,4.0,0.0,0.0,0.0,0.0
Mainz,Ein Frankfurt,D1,2022,13/11/2022,D,1,1,1.0,0.0,H,19.0,10.0,6.0,3.0,5.0,2.0,12.0,8.0,2.0,2.0,0.0,0.0
Freiburg,Union Berlin,D1,2022,13/11/2022,H,4,1,4.0,0.0,H,7.0,4.0,5.0,2.0,2.0,1.0,13.0,9.0,0.0,1.0,0.0,1.0
RB Leipzig,Bayern Munich,D1,2022,20/01/2023,D,1,1,0.0,1.0,A,10.0,7.0,3.0,2.0,3.0,2.0,17.0,12.0,2.0,3.0,0.0,0.0
Bochum,Hertha,D1,2022,21/01/2023,H,3,1,2.0,0.0,H,10.0,10.0,3.0,2.0,1.0,6.0,13.0,13.0,1.0,1.0,0.0,0.0
Ein Frankfurt,Schalke 04,D1,2022,21/01/2023,H,3,0,1.0,0.0,H,11.0,18.0,3.0,4.0,5.0,4.0,14.0,10.0,2.0,3.0,0.0,0.0
Stuttgart,Mainz,D1,2022,21/01/2023,D,1,1,1.0,1.0,D,16.0,12.0,4.0,2.0,3.0,5.0,15.0,17.0,1.0,3.0,0.0,0.0
Union Berlin,Hoffenheim,D1,2022,21/01/2023,H,3,1,0.0,1.0,A,23.0,10.0,5.0,5.0,9.0,4.0,11.0,13.0,2.0,1.0,0.0,0.0
Wolfsburg,Freiburg,D1,2022,21/01/2023,H,6,0,3.0,0.0,H,13.0,9.0,11.0,1.0,0.0,5.0,11.0,12.0,1.0,2.0,0.0,0.0
FC Koln,Werder Bremen,D1,2022,21/01/2023,H,7,1,5.0,1.0,H,15.0,4.0,7.0,2.0,2.0,2.0,10.0,14.0,0.0,0.0,0.0,0.0
Dortmund,Augsburg,D1,2022,22/01/2023,H,4,3,2.0,2.0,D,27.0,14.0,10.0,4.0,7.0,3.0,6.0,9.0,1.0,4.0,0.0,0.0
M'gladbach,Leverkusen,D1,2022,22/01/2023,A,2,3,0.0,2.0,A,15.0,13.0,8.0,5.0,2.0,3.0,12.0,14.0,3.0,2.0,0.0,0.0
Schalke 04,RB Leipzig,D1,2022,24/01/2023,A,1,6,0.0,4.0,A,9.0,21.0,1.0,14.0,1.0,6.0,16.0,13.0,1.0,1.0,0.0,0.0
Bayern Munich,FC Koln,D1,2022,24/01/2023,D,1,1,0.0,1.0,A,22.0,2.0,7.0,1.0,9.0,4.0,7.0,10.0,0.0,1.0,0.0,0.0
Hertha,Wolfsburg,D1,2022,24/01/2023,A,0,5,0.0,3.0,A,8.0,15.0,2.0,7.0,6.0,4.0,20.0,13.0,2.0,0.0,0.0,0.0
Hoffenheim,Stuttgart,D1,2022,24/01/2023,D,2,2,1.0,1.0,D,13.0,8.0,5.0,4.0,6.0,4.0,12.0,4.0,1.0,3.0,0.0,1.0
Mainz,Dortmund,D1,2022,25/01/2023,A,1,2,1.0,1.0,D,12.0,12.0,4.0,6.0,2.0,3.0,15.0,7.0,2.0,0.0,0.0,0.0
Augsburg,M'gladbach,D1,2022,25/01/2023,H,1,0,0.0,0.0,D,14.0,7.0,4.0,2.0,3.0,2.0,15.0,15.0,1.0,2.0,0.0,0.0
Freiburg,Ein Frankfurt,D1,2022,25/01/2023,D,1,1,0.0,1.0,A,12.0,4.0,5.0,2.0,4.0,3.0,15.0,15.0,3.0,3.0,0.0,0.0
Leverkusen,Bochum,D1,2022,25/01/2023,H,2,0,1.0,0.0,H,11.0,9.0,4.0,2.0,3.0,4.0,15.0,14.0,2.0,4.0,0.0,0.0
Werder Bremen,Union Berlin,D1,2022,25/01/2023,A,1,2,1.0,1.0,D,8.0,11.0,3.0,5.0,5.0,7.0,11.0,17.0,0.0,0.0,0.0,0.0
RB Leipzig,Stuttgart,D1,2022,27/01/2023,H,2,1,1.0,0.0,H,9.0,10.0,4.0,3.0,3.0,6.0,8.0,6.0,0.0,0.0,0.0,0.0
Freiburg,Augsburg,D1,2022,28/01/2023,H,3,1,2.0,1.0,H,15.0,16.0,9.0,4.0,3.0,7.0,14.0,9.0,3.0,3.0,0.0,0.0
Hertha,Union Berlin,D1,2022,28/01/2023,A,0,2,0.0,1.0,A,10.0,7.0,3.0,3.0,3.0,2.0,12.0,13.0,1.0,2.0,0.0,0.0
Hoffenheim,M'gladbach,D1,2022,28/01/2023,A,1,4,0.0,2.0,A,15.0,10.0,5.0,5.0,4.0,3.0,23.0,10.0,2.0,1.0,0.0,0.0
Mainz,Bochum,D1,2022,28/01/2023,H,5,2,3.0,0.0,H,14.0,14.0,7.0,4.0,3.0,2.0,17.0,11.0,0.0,1.0,0.0,0.0
Werder Bremen,Wolfsburg,D1,2022,28/01/2023,H,2,1,1.0,0.0,H,14.0,7.0,5.0,3.0,2.0,6.0,16.0,12.0,3.0,3.0,0.0,0.0
Bayern Munich,Ein Frankfurt,D1,2022,28/01/2023,D,1,1,1.0,0.0,H,14.0,7.0,6.0,1.0,7.0,6.0,6.0,4.0,3.0,1.0,0.0,0.0
Schalke 04,FC Koln,D1,2022,29/01/2023,D,0,0,0.0,0.0,D,15.0,7.0,2.0,0.0,7.0,7.0,13.0,16.0,3.0,4.0,0.0,0.0
Leverkusen,Dortmund,D1,2022,29/01/2023,A,0,2,0.0,1.0,A,20.0,6.0,7.0,2.0,8.0,4.0,13.0,20.0,2.0,4.0,0.0,0.0
Augsburg,Leverkusen,D1,2022,03/02/2023,H,1,0,0.0,0.0,D,10.0,12.0,5.0,4.0,2.0,1.0,14.0,8.0,3.0,2.0,0.0,0.0
Bochum,Hoffenheim,D1,2022,04/02/2023,H,5,2,3.0,0.0,H,17.0,10.0,11.0,4.0,6.0,6.0,13.0,15.0,2.0,3.0,0.0,0.0
Dortmund,Freiburg,D1,2022,04/02/2023,H,5,1,1.0,1.0,D,24.0,6.0,8.0,3.0,14.0,0.0,13.0,14.0,3.0,4.0,0.0,1.0
Ein Frankfurt,Hertha,D1,2022,04/02/2023,H,3,0,2.0,0.0,H,10.0,13.0,4.0,3.0,7.0,1.0,12.0,10.0,1.0,2.0,0.0,0.0
FC Koln,RB Leipzig,D1,2022,04/02/2023,D,0,0,0.0,0.0,D,9.0,7.0,0.0,2.0,5.0,1.0,10.0,15.0,3.0,4.0,0.0,0.0
Union Berlin,Mainz,D1,2022,04/02/2023,H,2,1,1.0,0.0,H,9.0,9.0,5.0,2.0,5.0,5.0,12.0,10.0,1.0,1.0,0.0,0.0
M'gladbach,Schalke 04,D1,2022,04/02/2023,D,0,0,0.0,0.0,D,17.0,18.0,4.0,5.0,9.0,5.0,9.0,15.0,2.0,3.0,0.0,0.0
Stuttgart,Werder Bremen,D1,2022,05/02/2023,A,0,2,0.0,0.0,D,16.0,9.0,5.0,4.0,8.0,4.0,8.0,17.0,2.0,5.0,0.0,0.0
Wolfsburg,Bayern Munich,D1,2022,05/02/2023,A,2,4,1.0,3.0,A,19.0,9.0,5.0,4.0,7.0,4.0,10.0,9.0,2.0,6.0,0.0,1.0
Schalke 04,Wolfsburg,D1,2022,10/02/2023,D,0,0,0.0,0.0,D,17.0,8.0,5.0,2.0,9.0,3.0,10.0,20.0,1.0,4.0,0.0,0.0
Bayern Munich,Bochum,D1,2022,11/02/2023,H,3,0,1.0,0.0,H,25.0,7.0,12.0,1.0,6.0,3.0,10.0,12.0,1.0,1.0,0.0,0.0
Freiburg,Stuttgart,D1,2022,11/02/2023,H,2,1,0.0,1.0,A,9.0,14.0,5.0,3.0,4.0,3.0,13.0,10.0,3.0,3.0,0.0,0.0
Hoffenheim,Leverkusen,D1,2022,11/02/2023,A,1,3,0.0,1.0,A,11.0,12.0,6.0,5.0,5.0,8.0,15.0,9.0,3.0,1.0,0.0,0.0
Mainz,Augsburg,D1,2022,11/02/2023,H,3,1,2.0,1.0,H,13.0,11.0,7.0,3.0,4.0,12.0,12.0,6.0,1.0,1.0,0.0,0.0
Werder Bremen,Dortmund,D1,2022,11/02/2023,A,0,2,0.0,0.0,D,8.0,17.0,3.0,9.0,3.0,7.0,7.0,7.0,1.0,0.0,0.0,0.0
RB Leipzig,Union Berlin,D1,2022,11/02/2023,A,1,2,1.0,0.0,H,9.0,6.0,1.0,5.0,3.0,4.0,15.0,13.0,4.0,4.0,0.0,0.0
Hertha,M'gladbach,D1,2022,12/02/2023,H,4,1,1.0,1.0,D,17.0,7.0,7.0,3.0,4.0,6.0,12.0,11.0,1.0,1.0,0.0,0.0
FC Koln,Ein Frankfurt,D1,2022,12/02/2023,H,3,0,0.0,0.0,D,9.0,7.0,4.0,1.0,3.0,9.0,15.0,11.0,3.0,2.0,0.0,0.0
Augsburg,Hoffenheim,D1,2022,17/02/2023,H,1,0,0.0,0.0,D,16.0,8.0,3.0,2.0,6.0,1.0,13.0,14.0,3.0,3.0,0.0,0.0
Bochum,Freiburg,D1,2022,18/02/2023,A,0,2,0.0,1.0,A,15.0,15.0,6.0,5.0,5.0,5.0,15.0,10.0,4.0,2.0,1.0,0.0
M'gladbach,Bayern Munich,D1,2022,18/02/2023,H,3,2,1.0,1.0,D,17.0,13.0,7.0,4.0,4.0,0.0,9.0,9.0,0.0,1.0,0.0,1.0
Stuttgart,FC Koln,D1,2022,18/02/2023,H,3,0,1.0,0.0,H,18.0,11.0,7.0,4.0,3.0,6.0,10.0,12.0,3.0,4.0,0.0,0.0
Wolfsburg,RB Leipzig,D1,2022,18/02/2023,A,0,3,0.0,1.0,A,7.0,17.0,2.0,5.0,2.0,5.0,16.0,15.0,1.0,1.0,0.0,0.0
Ein Frankfurt,Werder Bremen,D1,2022,18/02/2023,H,2,0,1.0,0.0,H,11.0,3.0,6.0,0.0,5.0,2.0,15.0,9.0,1.0,1.0,0.0,0.0
Union Berlin,Schalke 04,D1,2022,19/02/2023,D,0,0,0.0,0.0,D,9.0,6.0,4.0,2.0,6.0,4.0,13.0,19.0,2.0,1.0,0.0,0.0
Dortmund,Hertha,D1,2022,19/02/2023,H,4,1,2.0,0.0,H,12.0,15.0,5.0,8.0,3.0,4.0,8.0,15.0,1.0,2.0,0.0,0.0
Leverkusen,Mainz,D1,2022,19/02/2023,A,2,3,1.0,2.0,A,17.0,12.0,7.0,7.0,4.0,5.0,14.0,19.0,5.0,5.0,1.0,0.0
Mainz,M'gladbach,D1,2022,24/02/2023,H,4,0,1.0,0.0,H,14.0,8.0,8.0,2.0,3.0,3.0,17.0,6.0,2.0,3.0,0.0,0.0
FC Koln,Wolfsburg,D1,2022,25/02/2023,A,0,2,0.0,1.0,A,11.0,6.0,5.0,4.0,10.0,2.0,9.0,16.0,1.0,2.0,0.0,0.0
Hertha,Augsburg,D1,2022,25/02/2023,H,2,0,0.0,0.0,D,11.0,9.0,3.0,2.0,1.0,6.0,16.0,19.0,1.0,3.0,0.0,0.0
Hoffenheim,Dortmund,D1,2022,25/02/2023,A,0,1,0.0,1.0,A,13.0,23.0,4.0,11.0,12.0,11.0,11.0,7.0,3.0,1.0,0.0,0.0
RB Leipzig,Ein Frankfurt,D1,2022,25/02/2023,H,2,1,2.0,0.0,H,10.0,8.0,5.0,4.0,2.0,6.0,11.0,11.0,2.0,3.0,0.0,0.0
Werder Bremen,Bochum,D1,2022,25/02/2023,H,3,0,2.0,0.0,H,12.0,9.0,6.0,2.0,2.0,0.0,16.0,16.0,3.0,2.0,0.0,0.0
Schalke 04,Stuttgart,D1,2022,25/02/2023,H,2,1,2.0,0.0,H,11.0,17.0,6.0,5.0,6.0,9.0,12.0,13.0,2.0,2.0,0.0,0.0
Freiburg,Leverkusen,D1,2022,26/02/2023,D,1,1,1.0,0.0,H,9.0,16.0,4.0,4.0,1.0,3.0,14.0,13.0,2.0,1.0,0.0,0.0
Bayern Munich,Union Berlin,D1,2022,26/02/2023,H,3,0,3.0,0.0,H,19.0,4.0,10.0,1.0,10.0,4.0,8.0,9.0,1.0,1.0,0.0,0.0
Dortmund,RB Leipzig,D1,2022,03/03/2023,H,2,1,2.0,0.0,H,8.0,14.0,3.0,6.0,4.0,6.0,8.0,20.0,2.0,5.0,0.0,0.0
Augsburg,Werder Bremen,D1,2022,04/03/2023,H,2,1,1.0,1.0,D,9.0,17.0,5.0,8.0,3.0,7.0,10.0,9.0,2.0,2.0,0.0,0.0
Bochum,Schalke 04,D1,2022,04/03/2023,A,0,2,0.0,1.0,A,6.0,9.0,4.0,5.0,4.0,4.0,17.0,11.0,2.0,1.0,0.0,0.0
Mainz,Hoffenheim,D1,2022,04/03/2023,H,1,0,1.0,0.0,H,16.0,15.0,6.0,4.0,11.0,3.0,12.0,15.0,1.0,4.0,0.0,0.0
M'gladbach,Freiburg,D1,2022,04/03/2023,D,0,0,0.0,0.0,D,10.0,8.0,4.0,3.0,6.0,5.0,11.0,15.0,5.0,2.0,1.0,0.0
Union Berlin,FC Koln,D1,2022,04/03/2023,D,0,0,0.0,0.0,D,8.0,12.0,2.0,4.0,5.0,4.0,9.0,10.0,1.0,0.0,0.0,0.0
Stuttgart,Bayern Munich,D1,2022,04/03/2023,A,1,2,0.0,1.0,A,11.0,13.0,4.0,6.0,3.0,6.0,6.0,12.0,0.0,0.0,0.0,0.0
Leverkusen,Hertha,D1,2022,05/03/2023,H,4,1,2.0,0.0,H,18.0,7.0,9.0,2.0,9.0,2.0,11.0,14.0,1.0,2.0,0.0,0.0
Wolfsburg,Ein Frankfurt,D1,2022,05/03/2023,D,2,2,2.0,2.0,D,13.0,10.0,8.0,2.0,4.0,5.0,11.0,16.0,3.0,3.0,0.0,0.0
FC Koln,Bochum,D1,2022,10/03/2023,A,0,2,0.0,1.0,A,11.0,9.0,5.0,3.0,10.0,1.0,9.0,14.0,2.0,2.0,0.0,0.0
Bayern Munich,Augsburg,D1,2022,11/03/2023,H,5,3,4.0,1.0,H,24.0,13.0,9.0,6.0,8.0,5.0,8.0,10.0,2.0,1.0,0.0,0.0
Ein Frankfurt,Stuttgart,D1,2022,11/03/2023,D,1,1,0.0,0.0,D,10.0,9.0,1.0,5.0,3.0,2.0,16.0,11.0,4.0,1.0,0.0,0.0
Hertha,Mainz,D1,2022,11/03/2023,D,1,1,1.0,0.0,H,9.0,6.0,4.0,3.0,7.0,8.0,10.0,15.0,2.0,1.0,0.0,0.0
RB Leipzig,M'gladbach,D1,2022,11/03/2023,H,3,0,0.0,0.0,D,14.0,7.0,9.0,3.0,11.0,0.0,9.0,9.0,1.0,0.0,0.0,0.0
Schalke 04,Dortmund,D1,2022,11/03/2023,D,2,2,0.0,1.0,A,10.0,20.0,5.0,8.0,3.0,6.0,16.0,8.0,1.0,1.0,0.0,0.0
Freiburg,Hoffenheim,D1,2022,12/03/2023,H,2,1,1.0,0.0,H,9.0,12.0,3.0,1.0,2.0,2.0,11.0,25.0,2.0,5.0,0.0,1.0
Werder Bremen,Leverkusen,D1,2022,12/03/2023,A,2,3,1.0,1.0,D,12.0,13.0,6.0,5.0,2.0,3.0,12.0,12.0,2.0,1.0,0.0,0.0
Wolfsburg,Union Berlin,D1,2022,12/03/2023,D,1,1,0.0,0.0,D,15.0,11.0,6.0,2.0,3.0,5.0,11.0,14.0,1.0,4.0,0.0,0.0
M'gladbach,Werder Bremen,D1,2022,17/03/2023,D,2,2,0.0,0.0,D,21.0,6.0,9.0,3.0,6.0,5.0,9.0,12.0,1.0,1.0,0.0,0.0
Augsburg,Schalke 04,D1,2022,18/03/2023,D,1,1,0.0,0.0,D,9.0,13.0,3.0,5.0,9.0,6.0,11.0,14.0,4.0,4.0,1.0,0.0
Bochum,RB Leipzig,D1,2022,18/03/2023,H,1,0,0.0,0.0,D,8.0,21.0,2.0,8.0,2.0,7.0,10.0,8.0,2.0,3.0,0.0,0.0
Hoffenheim,Hertha,D1,2022,18/03/2023,H,3,1,2.0,0.0,H,15.0,11.0,7.0,5.0,8.0,9.0,10.0,11.0,0.0,3.0,1.0,0.0
Stuttgart,Wolfsburg,D1,2022,18/03/2023,A,0,1,0.0,0.0,D,12.0,9.0,2.0,3.0,3.0,8.0,10.0,8.0,1.0,0.0,0.0,0.0
Dortmund,FC Koln,D1,2022,18/03/2023,H,6,1,4.0,1.0,H,11.0,11.0,8.0,5.0,1.0,6.0,7.0,10.0,1.0,0.0,0.0,0.0
Union Berlin,Ein Frankfurt,D1,2022,19/03/2023,H,2,0,0.0,0.0,D,14.0,19.0,3.0,4.0,3.0,7.0,19.0,15.0,3.0,2.0,0.0,0.0
Leverkusen,Bayern Munich,D1,2022,19/03/2023,H,2,1,0.0,1.0,A,12.0,11.0,6.0,6.0,5.0,3.0,10.0,11.0,2.0,3.0,0.0,0.0
Mainz,Freiburg,D1,2022,19/03/2023,D,1,1,0.0,0.0,D,10.0,11.0,6.0,5.0,3.0,5.0,18.0,10.0,2.0,3.0,0.0,0.0
Ein Frankfurt,Bochum,D1,2022,31/03/2023,D,1,1,1.0,1.0,D,18.0,8.0,7.0,2.0,15.0,2.0,14.0,13.0,3.0,2.0,0.0,0.0
Freiburg,Hertha,D1,2022,01/04/2023,D,1,1,0.0,0.0,D,16.0,10.0,8.0,3.0,2.0,2.0,7.0,11.0,1.0,1.0,0.0,0.0
RB Leipzig,Mainz,D1,2022,01/04/2023,A,0,3,0.0,1.0,A,12.0,19.0,3.0,7.0,3.0,4.0,13.0,20.0,3.0,3.0,0.0,0.0
Schalke 04,Leverkusen,D1,2022,01/04/2023,A,0,3,0.0,0.0,D,12.0,18.0,3.0,10.0,7.0,5.0,20.0,13.0,2.0,1.0,0.0,0.0
Union Berlin,Stuttgart,D1,2022,01/04/2023,H,3,0,0.0,0.0,D,13.0,17.0,5.0,8.0,3.0,5.0,11.0,12.0,1.0,1.0,0.0,0.0
Wolfsburg,Augsburg,D1,2022,01/04/2023,D,2,2,0.0,2.0,A,23.0,5.0,5.0,2.0,4.0,7.0,9.0,15.0,3.0,2.0,0.0,0.0
Bayern Munich,Dortmund,D1,2022,01/04/2023,H,4,2,3.0,0.0,H,16.0,10.0,9.0,4.0,6.0,2.0,11.0,7.0,1.0,1.0,0.0,0.0
FC Koln,M'gladbach,D1,2022,02/04/2023,D,0,0,0.0,0.0,D,12.0,8.0,5.0,2.0,11.0,1.0,18.0,8.0,3.0,3.0,0.0,0.0
Werder Bremen,Hoffenheim,D1,2022,02/04/2023,A,1,2,0.0,0.0,D,12.0,8.0,5.0,2.0,1.0,6.0,11.0,16.0,3.0,4.0,0.0,0.0
Augsburg,FC Koln,D1,2022,08/04/2023,A,1,3,1.0,2.0,A,13.0,11.0,1.0,5.0,6.0,1.0,5.0,11.0,3.0,4.0,0.0,0.0
Dortmund,Union Berlin,D1,2022,08/04/2023,H,2,1,1.0,0.0,H,14.0,7.0,6.0,2.0,8.0,0.0,8.0,11.0,5.0,2.0,0.0,0.0
Freiburg,Bayern Munich,D1,2022,08/04/2023,A,0,1,0.0,0.0,D,10.0,23.0,2.0,8.0,2.0,6.0,10.0,14.0,2.0,2.0,0.0,0.0
Leverkusen,Ein Frankfurt,D1,2022,08/04/2023,H,3,1,2.0,0.0,H,13.0,9.0,8.0,3.0,2.0,5.0,9.0,13.0,1.0,5.0,0.0,0.0
Mainz,Werder Bremen,D1,2022,08/04/2023,D,2,2,0.0,0.0,D,16.0,9.0,10.0,4.0,1.0,2.0,11.0,22.0,1.0,5.0,0.0,0.0
Hertha,RB Leipzig,D1,2022,08/04/2023,A,0,1,0.0,1.0,A,11.0,18.0,1.0,6.0,4.0,4.0,12.0,13.0,4.0,3.0,0.0,0.0
M'gladbach,Wolfsburg,D1,2022,09/04/2023,H,2,0,1.0,0.0,H,13.0,9.0,6.0,2.0,5.0,8.0,12.0,11.0,0.0,1.0,0.0,0.0
Bochum,Stuttgart,D1,2022,09/04/2023,A,2,3,0.0,1.0,A,11.0,14.0,5.0,7.0,7.0,4.0,12.0,8.0,3.0,3.0,0.0,0.0
Hoffenheim,Schalke 04,D1,2022,09/04/2023,H,2,0,1.0,0.0,H,15.0,10.0,4.0,3.0,9.0,8.0,14.0,13.0,3.0,0.0,0.0,0.0
Schalke 04,Hertha,D1,2022,14/04/2023,H,5,2,2.0,1.0,H,14.0,11.0,7.0,5.0,7.0,8.0,12.0,19.0,2.0,3.0,0.0,0.0
Bayern Munich,Hoffenheim,D1,2022,15/04/2023,D,1,1,1.0,0.0,H,22.0,4.0,7.0,3.0,13.0,4.0,7.0,10.0,2.0,1.0,0.0,0.0
FC Koln,Mainz,D1,2022,15/04/2023,D,1,1,0.0,1.0,A,12.0,5.0,4.0,1.0,3.0,3.0,10.0,15.0,3.0,2.0,0.0,0.0
RB Leipzig,Augsburg,D1,2022,15/04/2023,H,3,2,3.0,1.0,H,13.0,14.0,6.0,3.0,3.0,5.0,8.0,11.0,2.0,3.0,0.0,0.0
Stuttgart,Dortmund,D1,2022,15/04/2023,D,3,3,0.0,2.0,A,12.0,15.0,5.0,6.0,5.0,7.0,7.0,14.0,5.0,3.0,1.0,0.0
Ein Frankfurt,M'gladbach,D1,2022,15/04/2023,D,1,1,0.0,1.0,A,16.0,4.0,5.0,2.0,10.0,2.0,16.0,5.0,1.0,2.0,0.0,0.0
Werder Bremen,Freiburg,D1,2022,16/04/2023,A,1,2,0.0,0.0,D,13.0,6.0,5.0,3.0,5.0,2.0,13.0,12.0,2.0,3.0,0.0,0.0
Union Berlin,Bochum,D1,2022,16/04/2023,D,1,1,1.0,0.0,H,10.0,14.0,2.0,8.0,5.0,7.0,10.0,7.0,2.0,1.0,1.0,0.0
Wolfsburg,Leverkusen,D1,2022,16/04/2023,D,0,0,0.0,0.0,D,11.0,13.0,3.0,4.0,2.0,6.0,10.0,17.0,0.0,5.0,0.0,0.0
Augsburg,Stuttgart,D1,2022,21/04/2023,D,1,1,1.0,0.0,H,4.0,6.0,1.0,3.0,1.0,3.0,17.0,12.0,5.0,3.0,0.0,0.0
Bochum,Wolfsburg,D1,2022,22/04/2023,A,1,5,0.0,3.0,A,23.0,15.0,6.0,7.0,10.0,3.0,11.0,8.0,3.0,3.0,0.0,0.0
Hertha,Werder Bremen,D1,2022,22/04/2023,A,2,4,0.0,2.0,A,13.0,11.0,5.0,4.0,8.0,4.0,11.0,12.0,2.0,2.0,0.0,0.0
Hoffenheim,FC Koln,D1,2022,22/04/2023,A,1,3,0.0,2.0,A,11.0,14.0,4.0,7.0,2.0,5.0,11.0,11.0,1.0,2.0,0.0,0.0
Mainz,Bayern Munich,D1,2022,22/04/2023,H,3,1,0.0,1.0,A,13.0,11.0,4.0,2.0,2.0,7.0,14.0,6.0,2.0,0.0,0.0,0.0
Dortmund,Ein Frankfurt,D1,2022,22/04/2023,H,4,0,3.0,0.0,H,14.0,9.0,7.0,2.0,5.0,2.0,10.0,13.0,2.0,3.0,0.0,0.0
Freiburg,Schalke 04,D1,2022,23/04/2023,H,4,0,2.0,0.0,H,25.0,10.0,12.0,4.0,6.0,5.0,9.0,10.0,1.0,2.0,0.0,0.0
Leverkusen,RB Leipzig,D1,2022,23/04/2023,H,2,0,1.0,0.0,H,8.0,26.0,6.0,8.0,0.0,9.0,10.0,9.0,3.0,5.0,0.0,1.0
M'gladbach,Union Berlin,D1,2022,23/04/2023,A,0,1,0.0,0.0,D,8.0,14.0,4.0,4.0,2.0,2.0,10.0,12.0,3.0,2.0,0.0,0.0
Bochum,Dortmund,D1,2022,28/04/2023,D,1,1,1.0,1.0,D,10.0,21.0,4.0,6.0,4.0,11.0,13.0,9.0,1.0,2.0,0.0,0.0
Ein Frankfurt,Augsburg,D1,2022,29/04/2023,D,1,1,1.0,0.0,H,7.0,9.0,1.0,3.0,5.0,7.0,6.0,11.0,2.0,2.0,0.0,0.0
FC Koln,Freiburg,D1,2022,29/04/2023,A,0,1,0.0,0.0,D,21.0,12.0,8.0,6.0,9.0,6.0,15.0,7.0,1.0,1.0,0.0,0.0
RB Leipzig,Hoffenheim,D1,2022,29/04/2023,H,1,0,1.0,0.0,H,16.0,5.0,2.0,2.0,7.0,1.0,9.0,14.0,0.0,2.0,0.0,0.0
Stuttgart,M'gladbach,D1,2022,29/04/2023,H,2,1,1.0,0.0,H,18.0,9.0,5.0,4.0,5.0,8.0,11.0,14.0,2.0,2.0,0.0,1.0
Union Berlin,Leverkusen,D1,2022,29/04/2023,D,0,0,0.0,0.0,D,7.0,8.0,1.0,2.0,6.0,4.0,9.0,8.0,1.0,1.0,0.0,0.0
Schalke 04,Werder Bremen,D1,2022,29/04/2023,H,2,1,0.0,1.0,A,21.0,11.0,10.0,1.0,11.0,3.0,9.0,17.0,4.0,3.0,0.0,0.0
Bayern Munich,Hertha,D1,2022,30/04/2023,H,2,0,0.0,0.0,D,25.0,2.0,9.0,1.0,18.0,1.0,5.0,8.0,2.0,0.0,0.0,0.0
Wolfsburg,Mainz,D1,2022,30/04/2023,H,3,0,3.0,0.0,H,10.0,10.0,4.0,2.0,3.0,5.0,6.0,10.0,1.0,3.0,0.0,0.0
Leverkusen,FC Koln,D1,2022,05/05/2023,A,1,2,1.0,2.0,A,14.0,7.0,4.0,5.0,9.0,2.0,8.0,13.0,1.0,6.0,0.0,0.0
Mainz,Schalke 04,D1,2022,05/05/2023,A,2,3,0.0,1.0,A,9.0,15.0,4.0,10.0,7.0,6.0,12.0,10.0,4.0,1.0,0.0,0.0
Augsburg,Union Berlin,D1,2022,06/05/2023,H,1,0,0.0,0.0,D,11.0,12.0,3.0,4.0,3.0,7.0,10.0,14.0,2.0,2.0,0.0,0.0
Freiburg,RB Leipzig,D1,2022,06/05/2023,A,0,1,0.0,0.0,D,5.0,13.0,2.0,6.0,3.0,3.0,9.0,11.0,2.0,4.0,0.0,0.0
Hertha,Stuttgart,D1,2022,06/05/2023,H,2,1,2.0,1.0,H,7.0,16.0,3.0,4.0,3.0,5.0,9.0,19.0,4.0,1.0,0.0,0.0
Hoffenheim,Ein Frankfurt,D1,2022,06/05/2023,H,3,1,3.0,0.0,H,8.0,19.0,5.0,6.0,1.0,11.0,17.0,14.0,2.0,4.0,1.0,0.0
M'gladbach,Bochum,D1,2022,06/05/2023,H,2,0,1.0,0.0,H,25.0,14.0,9.0,3.0,11.0,3.0,7.0,13.0,2.0,1.0,0.0,0.0
Werder Bremen,Bayern Munich,D1,2022,06/05/2023,A,1,2,0.0,0.0,D,12.0,12.0,2.0,4.0,1.0,11.0,14.0,11.0,2.0,1.0,0.0,0.0
Dortmund,Wolfsburg,D1,2022,07/05/2023,H,6,0,3.0,0.0,H,20.0,10.0,10.0,3.0,10.0,6.0,11.0,14.0,0.0,1.0,0.0,0.0
FC Koln,Hertha,D1,2022,12/05/2023,H,5,2,3.0,2.0,H,28.0,9.0,15.0,3.0,12.0,3.0,11.0,14.0,2.0,7.0,0.0,0.0
Bayern Munich,Schalke 04,D1,2022,13/05/2023,H,6,0,2.0,0.0,H,23.0,8.0,14.0,0.0,4.0,3.0,10.0,10.0,0.0,3.0,0.0,0.0
Bochum,Augsburg,D1,2022,13/05/2023,H,3,2,1.0,1.0,D,15.0,12.0,8.0,2.0,7.0,7.0,13.0,16.0,3.0,2.0,0.0,0.0
Ein Frankfurt,Mainz,D1,2022,13/05/2023,H,3,0,2.0,0.0,H,17.0,10.0,7.0,4.0,5.0,1.0,4.0,10.0,1.0,3.0,0.0,0.0
Union Berlin,Freiburg,D1,2022,13/05/2023,H,4,2,3.0,0.0,H,10.0,13.0,4.0,8.0,1.0,7.0,18.0,13.0,3.0,1.0,0.0,0.0
Wolfsburg,Hoffenheim,D1,2022,13/05/2023,H,2,1,1.0,0.0,H,8.0,10.0,3.0,2.0,3.0,7.0,17.0,12.0,2.0,2.0,0.0,0.0
Dortmund,M'gladbach,D1,2022,13/05/2023,H,5,2,4.0,0.0,H,33.0,13.0,13.0,8.0,10.0,4.0,10.0,12.0,0.0,2.0,0.0,0.0
Stuttgart,Leverkusen,D1,2022,14/05/2023,D,1,1,0.0,0.0,D,9.0,12.0,1.0,3.0,7.0,3.0,7.0,14.0,3.0,4.0,0.0,0.0
RB Leipzig,Werder Bremen,D1,2022,14/05/2023,H,2,1,0.0,0.0,D,20.0,6.0,7.0,2.0,3.0,2.0,12.0,20.0,2.0,5.0,0.0,0.0
Freiburg,Wolfsburg,D1,2022,19/05/2023,H,2,0,0.0,0.0,D,16.0,9.0,7.0,2.0,4.0,4.0,15.0,16.0,1.0,3.0,1.0,0.0
Hertha,Bochum,D1,2022,20/05/2023,D,1,1,0.0,0.0,D,14.0,17.0,4.0,6.0,9.0,5.0,7.0,10.0,1.0,1.0,0.0,0.0
Hoffenheim,Union Berlin,D1,2022,20/05/2023,H,4,2,2.0,1.0,H,10.0,20.0,5.0,4.0,1.0,5.0,15.0,15.0,4.0,5.0,0.0,0.0
Schalke 04,Ein Frankfurt,D1,2022,20/05/2023,D,2,2,1.0,1.0,D,11.0,6.0,4.0,3.0,8.0,3.0,11.0,16.0,3.0,4.0,0.0,0.0
Werder Bremen,FC Koln,D1,2022,20/05/2023,D,1,1,0.0,1.0,A,13.0,13.0,6.0,4.0,4.0,9.0,10.0,9.0,4.0,2.0,0.0,0.0
Bayern Munich,RB Leipzig,D1,2022,20/05/2023,A,1,3,1.0,0.0,H,17.0,16.0,4.0,8.0,7.0,2.0,8.0,11.0,1.0,1.0,0.0,0.0
Mainz,Stuttgart,D1,2022,21/05/2023,A,1,4,1.0,1.0,D,9.0,8.0,6.0,6.0,6.0,3.0,18.0,11.0,3.0,1.0,0.0,0.0
Augsburg,Dortmund,D1,2022,21/05/2023,A,0,3,0.0,0.0,D,4.0,28.0,1.0,10.0,3.0,8.0,12.0,9.0,3.0,3.0,1.0,0.0
Leverkusen,M'gladbach,D1,2022,21/05/2023,D,2,2,2.0,0.0,H,13.0,9.0,6.0,5.0,2.0,3.0,12.0,15.0,3.0,3.0,1.0,0.0
Bochum,Leverkusen,D1,2022,27/05/2023,H,3,0,2.0,0.0,H,10.0,11.0,5.0,2.0,2.0,5.0,12.0,12.0,5.0,5.0,0.0,1.0
Dortmund,Mainz,D1,2022,27/05/2023,D,2,2,0.0,2.0,A,30.0,10.0,12.0,4.0,6.0,3.0,5.0,14.0,1.0,1.0,0.0,0.0
Ein Frankfurt,Freiburg,D1,2022,27/05/2023,H,2,1,0.0,1.0,A,14.0,13.0,8.0,7.0,3.0,6.0,13.0,10.0,4.0,2.0,0.0,0.0
FC Koln,Bayern Munich,D1,2022,27/05/2023,A,1,2,0.0,1.0,A,9.0,11.0,3.0,3.0,7.0,3.0,11.0,8.0,3.0,0.0,0.0,0.0
M'gladbach,Augsburg,D1,2022,27/05/2023,H,2,0,2.0,0.0,H,17.0,9.0,7.0,3.0,4.0,4.0,5.0,19.0,0.0,1.0,0.0,1.0
RB Leipzig,Schalke 04,D1,2022,27/05/2023,H,4,2,2.0,1.0,H,19.0,16.0,12.0,4.0,4.0,5.0,13.0,11.0,2.0,2.0,0.0,0.0
Stuttgart,Hoffenheim,D1,2022,27/05/2023,D,1,1,0.0,0.0,D,19.0,8.0,4.0,2.0,9.0,2.0,12.0,10.0,0.0,0.0,0.0,0.0
Union Berlin,Werder Bremen,D1,2022,27/05/2023,H,1,0,0.0,0.0,D,16.0,7.0,4.0,4.0,15.0,1.0,9.0,10.0,1.0,3.0,0.0,0.0
Wolfsburg,Hertha,D1,2022,27/05/2023,A,1,2,1.0,0.0,H,19.0,9.0,9.0,5.0,7.0,3.0,9.0,18.0,1.0,5.0,0.0,0.0
Werder Bremen,Bayern Munich,D1,2023,18/08/2023,A,0,4,0.0,1.0,A,6.0,25.0,1.0,10.0,0.0,6.0,16.0,11.0,2.0,1.0,0.0,0.0
Augsburg,M'gladbach,D1,2023,19/08/2023,D,4,4,3.0,3.0,D,20.0,9.0,8.0,6.0,8.0,7.0,9.0,14.0,1.0,2.0,0.0,0.0
Hoffenheim,Freiburg,D1,2023,19/08/2023,A,1,2,0.0,2.0,A,24.0,17.0,5.0,8.0,4.0,2.0,9.0,9.0,0.0,1.0,0.0,0.0
Leverkusen,RB Leipzig,D1,2023,19/08/2023,H,3,2,2.0,1.0,H,11.0,13.0,7.0,6.0,4.0,5.0,13.0,10.0,1.0,2.0,0.0,0.0
Stuttgart,Bochum,D1,2023,19/08/2023,H,5,0,2.0,0.0,H,19.0,4.0,9.0,1.0,7.0,0.0,5.0,12.0,1.0,1.0,0.0,0.0
Wolfsburg,Heidenheim,D1,2023,19/08/2023,H,2,0,2.0,0.0,H,18.0,13.0,8.0,1.0,1.0,7.0,10.0,9.0,3.0,0.0,0.0,0.0
Dortmund,FC Koln,D1,2023,19/08/2023,H,1,0,0.0,0.0,D,12.0,11.0,2.0,4.0,6.0,3.0,13.0,11.0,1.0,0.0,0.0,0.0
Union Berlin,Mainz,D1,2023,20/08/2023,H,4,1,2.0,0.0,H,12.0,9.0,7.0,3.0,3.0,1.0,15.0,16.0,1.0,5.0,0.0,0.0
Ein Frankfurt,Darmstadt,D1,2023,20/08/2023,H,1,0,1.0,0.0,H,10.0,11.0,4.0,2.0,7.0,3.0,9.0,14.0,2.0,3.0,0.0,0.0
RB Leipzig,Stuttgart,D1,2023,25/08/2023,H,5,1,0.0,1.0,A,20.0,8.0,11.0,3.0,4.0,4.0,12.0,10.0,1.0,1.0,0.0,0.0
Bochum,Dortmund,D1,2023,26/08/2023,D,1,1,1.0,0.0,H,17.0,13.0,6.0,3.0,5.0,4.0,21.0,7.0,2.0,1.0,0.0,0.0
Darmstadt,Union Berlin,D1,2023,26/08/2023,A,1,4,1.0,3.0,A,18.0,12.0,6.0,6.0,3.0,5.0,15.0,12.0,2.0,2.0,0.0,1.0
FC Koln,Wolfsburg,D1,2023,26/08/2023,A,1,2,0.0,0.0,D,14.0,9.0,2.0,6.0,6.0,1.0,6.0,10.0,1.0,5.0,0.0,0.0
Freiburg,Werder Bremen,D1,2023,26/08/2023,H,1,0,0.0,0.0,D,23.0,16.0,6.0,2.0,5.0,5.0,9.0,8.0,2.0,2.0,0.0,0.0
Heidenheim,Hoffenheim,D1,2023,26/08/2023,A,2,3,1.0,0.0,H,19.0,16.0,9.0,6.0,10.0,6.0,13.0,9.0,1.0,5.0,0.0,0.0
M'gladbach,Leverkusen,D1,2023,26/08/2023,A,0,3,0.0,2.0,A,13.0,24.0,2.0,10.0,5.0,8.0,7.0,8.0,2.0,3.0,0.0,0.0
Mainz,Ein Frankfurt,D1,2023,27/08/2023,D,1,1,1.0,0.0,H,13.0,8.0,7.0,2.0,5.0,4.0,23.0,12.0,3.0,4.0,0.0,1.0
Bayern Munich,Augsburg,D1,2023,27/08/2023,H,3,1,2.0,0.0,H,19.0,11.0,6.0,2.0,10.0,4.0,13.0,8.0,1.0,2.0,0.0,0.0
Dortmund,Heidenheim,D1,2023,01/09/2023,D,2,2,2.0,0.0,H,20.0,15.0,9.0,6.0,3.0,6.0,9.0,22.0,3.0,3.0,0.0,0.0
Augsburg,Bochum,D1,2023,02/09/2023,D,2,2,1.0,1.0,D,11.0,22.0,3.0,9.0,3.0,5.0,15.0,13.0,2.0,2.0,0.0,0.0
Hoffenheim,Wolfsburg,D1,2023,02/09/2023,H,3,1,1.0,1.0,D,11.0,14.0,5.0,7.0,3.0,3.0,12.0,15.0,2.0,2.0,0.0,0.0
Leverkusen,Darmstadt,D1,2023,02/09/2023,H,5,1,1.0,1.0,D,24.0,5.0,13.0,1.0,4.0,2.0,8.0,11.0,3.0,2.0,0.0,0.0
Stuttgart,Freiburg,D1,2023,02/09/2023,H,5,0,3.0,0.0,H,13.0,11.0,6.0,5.0,2.0,4.0,9.0,10.0,1.0,1.0,0.0,0.0
Werder Bremen,Mainz,D1,2023,02/09/2023,H,4,0,1.0,0.0,H,12.0,12.0,6.0,3.0,1.0,7.0,18.0,14.0,2.0,2.0,0.0,0.0
M'gladbach,Bayern Munich,D1,2023,02/09/2023,A,1,2,1.0,0.0,H,8.0,25.0,3.0,9.0,1.0,15.0,5.0,20.0,0.0,2.0,0.0,0.0
Ein Frankfurt,FC Koln,D1,2023,03/09/2023,D,1,1,0.0,1.0,A,12.0,6.0,4.0,2.0,8.0,1.0,10.0,10.0,1.0,3.0,0.0,0.0
Union Berlin,RB Leipzig,D1,2023,03/09/2023,A,0,3,0.0,0.0,D,4.0,15.0,1.0,8.0,3.0,7.0,16.0,9.0,3.0,1.0,1.0,0.0
Bayern Munich,Leverkusen,D1,2023,15/09/2023,D,2,2,1.0,1.0,D,15.0,12.0,9.0,5.0,7.0,4.0,6.0,6.0,0.0,3.0,0.0,0.0
FC Koln,Hoffenheim,D1,2023,16/09/2023,A,1,3,0.0,2.0,A,17.0,17.0,7.0,5.0,13.0,4.0,15.0,14.0,4.0,4.0,1.0,0.0
Freiburg,Dortmund,D1,2023,16/09/2023,A,2,4,2.0,1.0,H,14.0,14.0,4.0,6.0,6.0,8.0,12.0,16.0,2.0,3.0,1.0,0.0
Mainz,Stuttgart,D1,2023,16/09/2023,A,1,3,0.0,0.0,D,15.0,16.0,3.0,6.0,6.0,4.0,12.0,9.0,1.0,2.0,0.0,0.0
RB Leipzig,Augsburg,D1,2023,16/09/2023,H,3,0,3.0,0.0,H,9.0,16.0,6.0,4.0,1.0,6.0,16.0,12.0,0.0,0.0,0.0,0.0
Wolfsburg,Union Berlin,D1,2023,16/09/2023,H,2,1,2.0,1.0,H,8.0,17.0,3.0,5.0,3.0,7.0,6.0,8.0,1.0,0.0,0.0,0.0
Bochum,Ein Frankfurt,D1,2023,16/09/2023,D,1,1,0.0,0.0,D,24.0,8.0,10.0,6.0,8.0,2.0,13.0,14.0,3.0,2.0,0.0,0.0
Heidenheim,Werder Bremen,D1,2023,17/09/2023,H,4,2,2.0,0.0,H,19.0,11.0,4.0,4.0,10.0,1.0,21.0,9.0,1.0,1.0,0.0,0.0
Darmstadt,M'gladbach,D1,2023,17/09/2023,D,3,3,3.0,0.0,H,15.0,21.0,8.0,10.0,6.0,6.0,12.0,8.0,1.0,1.0,1.0,0.0
Stuttgart,Darmstadt,D1,2023,22/09/2023,H,3,1,2.0,1.0,H,18.0,3.0,11.0,0.0,5.0,4.0,7.0,12.0,1.0,6.0,0.0,0.0
Augsburg,Mainz,D1,2023,23/09/2023,H,2,1,2.0,1.0,H,6.0,13.0,3.0,3.0,3.0,4.0,16.0,14.0,2.0,3.0,1.0,0.0
Bayern Munich,Bochum,D1,2023,23/09/2023,H,7,0,4.0,0.0,H,26.0,4.0,16.0,1.0,8.0,1.0,8.0,10.0,0.0,1.0,0.0,0.0
Dortmund,Wolfsburg,D1,2023,23/09/2023,H,1,0,0.0,0.0,D,18.0,8.0,4.0,2.0,5.0,3.0,9.0,14.0,0.0,1.0,0.0,0.0
M'gladbach,RB Leipzig,D1,2023,23/09/2023,A,0,1,0.0,0.0,D,13.0,8.0,1.0,4.0,11.0,6.0,14.0,7.0,1.0,1.0,0.0,0.0
Union Berlin,Hoffenheim,D1,2023,23/09/2023,A,0,2,0.0,2.0,A,22.0,11.0,6.0,4.0,11.0,6.0,11.0,13.0,1.0,3.0,0.0,0.0
Werder Bremen,FC Koln,D1,2023,23/09/2023,H,2,1,1.0,1.0,D,17.0,13.0,6.0,5.0,9.0,8.0,18.0,16.0,2.0,1.0,0.0,0.0
Leverkusen,Heidenheim,D1,2023,24/09/2023,H,4,1,1.0,0.0,H,20.0,1.0,10.0,1.0,7.0,2.0,9.0,10.0,1.0,1.0,0.0,0.0
Ein Frankfurt,Freiburg,D1,2023,24/09/2023,D,0,0,0.0,0.0,D,13.0,9.0,5.0,2.0,7.0,3.0,12.0,5.0,4.0,2.0,0.0,0.0
Hoffenheim,Dortmund,D1,2023,29/09/2023,A,1,3,1.0,2.0,A,15.0,6.0,5.0,5.0,4.0,3.0,14.0,16.0,3.0,4.0,0.0,1.0
Bochum,M'gladbach,D1,2023,30/09/2023,A,1,3,0.0,3.0,A,23.0,25.0,5.0,9.0,5.0,10.0,12.0,12.0,2.0,3.0,0.0,0.0
FC Koln,Stuttgart,D1,2023,30/09/2023,A,0,2,0.0,0.0,D,14.0,18.0,5.0,4.0,8.0,4.0,16.0,8.0,2.0,1.0,0.0,0.0
Heidenheim,Union Berlin,D1,2023,30/09/2023,H,1,0,0.0,0.0,D,9.0,19.0,4.0,8.0,5.0,7.0,11.0,14.0,1.0,2.0,0.0,0.0
Mainz,Leverkusen,D1,2023,30/09/2023,A,0,3,0.0,1.0,A,10.0,6.0,3.0,3.0,3.0,1.0,13.0,11.0,4.0,1.0,0.0,0.0
Wolfsburg,Ein Frankfurt,D1,2023,30/09/2023,H,2,0,1.0,0.0,H,19.0,7.0,7.0,3.0,7.0,4.0,11.0,18.0,1.0,6.0,0.0,1.0
RB Leipzig,Bayern Munich,D1,2023,30/09/2023,D,2,2,2.0,0.0,H,7.0,11.0,2.0,5.0,5.0,1.0,10.0,11.0,2.0,5.0,0.0,0.0
Darmstadt,Werder Bremen,D1,2023,01/10/2023,H,4,2,2.0,0.0,H,14.0,10.0,5.0,7.0,2.0,4.0,19.0,19.0,3.0,2.0,0.0,0.0
Freiburg,Augsburg,D1,2023,01/10/2023,H,2,0,1.0,0.0,H,7.0,13.0,3.0,4.0,2.0,3.0,13.0,17.0,2.0,2.0,0.0,0.0
M'gladbach,Mainz,D1,2023,06/10/2023,D,2,2,1.0,1.0,D,20.0,13.0,9.0,7.0,10.0,3.0,9.0,9.0,3.0,1.0,0.0,0.0
Augsburg,Darmstadt,D1,2023,07/10/2023,A,1,2,0.0,0.0,D,17.0,17.0,3.0,5.0,4.0,4.0,13.0,12.0,4.0,2.0,0.0,0.0
Dortmund,Union Berlin,D1,2023,07/10/2023,H,4,2,1.0,2.0,A,12.0,12.0,7.0,6.0,4.0,6.0,7.0,15.0,1.0,1.0,0.0,0.0
RB Leipzig,Bochum,D1,2023,07/10/2023,D,0,0,0.0,0.0,D,18.0,9.0,5.0,2.0,9.0,1.0,10.0,13.0,2.0,4.0,0.0,0.0
Stuttgart,Wolfsburg,D1,2023,07/10/2023,H,3,1,0.0,1.0,A,13.0,12.0,7.0,5.0,5.0,6.0,13.0,14.0,1.0,3.0,0.0,0.0
Werder Bremen,Hoffenheim,D1,2023,07/10/2023,A,2,3,1.0,2.0,A,13.0,11.0,3.0,4.0,4.0,4.0,15.0,6.0,5.0,4.0,0.0,0.0
Leverkusen,FC Koln,D1,2023,08/10/2023,H,3,0,2.0,0.0,H,21.0,7.0,10.0,3.0,11.0,4.0,9.0,7.0,3.0,0.0,0.0,0.0
Bayern Munich,Freiburg,D1,2023,08/10/2023,H,3,0,2.0,0.0,H,21.0,2.0,5.0,0.0,7.0,1.0,7.0,8.0,1.0,0.0,0.0,0.0
Ein Frankfurt,Heidenheim,D1,2023,08/10/2023,H,2,0,1.0,0.0,H,12.0,7.0,6.0,2.0,3.0,6.0,14.0,10.0,2.0,3.0,0.0,0.0
Dortmund,Werder Bremen,D1,2023,20/10/2023,H,1,0,0.0,0.0,D,22.0,6.0,5.0,1.0,10.0,4.0,5.0,10.0,1.0,5.0,0.0,0.0
Darmstadt,RB Leipzig,D1,2023,21/10/2023,A,1,3,1.0,2.0,A,16.0,10.0,3.0,7.0,6.0,0.0,16.0,12.0,6.0,3.0,0.0,0.0
Freiburg,Bochum,D1,2023,21/10/2023,H,2,1,2.0,1.0,H,15.0,13.0,5.0,5.0,5.0,2.0,11.0,16.0,3.0,4.0,0.0,0.0
Hoffenheim,Ein Frankfurt,D1,2023,21/10/2023,A,1,3,1.0,3.0,A,14.0,13.0,5.0,5.0,6.0,3.0,7.0,7.0,3.0,0.0,0.0,0.0
Union Berlin,Stuttgart,D1,2023,21/10/2023,A,0,3,0.0,1.0,A,10.0,10.0,2.0,5.0,4.0,2.0,12.0,12.0,2.0,1.0,0.0,0.0
Wolfsburg,Leverkusen,D1,2023,21/10/2023,A,1,2,1.0,1.0,D,18.0,13.0,7.0,6.0,4.0,3.0,15.0,14.0,3.0,5.0,0.0,0.0
Mainz,Bayern Munich,D1,2023,21/10/2023,A,1,3,1.0,2.0,A,14.0,12.0,3.0,5.0,2.0,7.0,12.0,10.0,3.0,2.0,0.0,0.0
FC Koln,M'gladbach,D1,2023,22/10/2023,H,3,1,1.0,0.0,H,21.0,5.0,8.0,2.0,8.0,3.0,13.0,10.0,0.0,2.0,0.0,1.0
Heidenheim,Augsburg,D1,2023,22/10/2023,A,2,5,2.0,3.0,A,16.0,9.0,5.0,6.0,6.0,5.0,11.0,11.0,3.0,2.0,0.0,0.0
Bochum,Mainz,D1,2023,27/10/2023,D,2,2,1.0,0.0,H,10.0,10.0,4.0,4.0,5.0,4.0,14.0,21.0,3.0,3.0,0.0,0.0
Augsburg,Wolfsburg,D1,2023,28/10/2023,H,3,2,1.0,2.0,A,9.0,13.0,5.0,6.0,5.0,5.0,19.0,14.0,6.0,4.0,1.0,0.0
Bayern Munich,Darmstadt,D1,2023,28/10/2023,H,8,0,0.0,0.0,D,28.0,10.0,16.0,4.0,7.0,1.0,15.0,13.0,1.0,2.0,1.0,2.0
M'gladbach,Heidenheim,D1,2023,28/10/2023,H,2,1,1.0,1.0,D,11.0,8.0,6.0,3.0,6.0,4.0,5.0,18.0,0.0,3.0,0.0,0.0
Stuttgart,Hoffenheim,D1,2023,28/10/2023,A,2,3,0.0,2.0,A,23.0,7.0,10.0,5.0,6.0,0.0,13.0,11.0,2.0,1.0,0.0,0.0
Werder Bremen,Union Berlin,D1,2023,28/10/2023,H,2,0,1.0,0.0,H,9.0,7.0,3.0,2.0,3.0,3.0,12.0,14.0,1.0,4.0,0.0,1.0
RB Leipzig,FC Koln,D1,2023,28/10/2023,H,6,0,4.0,0.0,H,24.0,6.0,13.0,1.0,11.0,1.0,8.0,13.0,2.0,4.0,0.0,1.0
Ein Frankfurt,Dortmund,D1,2023,29/10/2023,D,3,3,2.0,1.0,H,11.0,14.0,7.0,4.0,0.0,4.0,11.0,10.0,3.0,2.0,0.0,0.0
Leverkusen,Freiburg,D1,2023,29/10/2023,H,2,1,1.0,0.0,H,19.0,10.0,4.0,4.0,11.0,4.0,9.0,10.0,0.0,2.0,0.0,0.0
Darmstadt,Bochum,D1,2023,03/11/2023,A,1,2,1.0,1.0,D,15.0,9.0,4.0,4.0,11.0,2.0,7.0,16.0,2.0,5.0,1.0,0.0
FC Koln,Augsburg,D1,2023,04/11/2023,D,1,1,1.0,1.0,D,28.0,18.0,12.0,3.0,10.0,2.0,10.0,10.0,1.0,4.0,0.0,0.0
Freiburg,M'gladbach,D1,2023,04/11/2023,D,3,3,1.0,3.0,A,15.0,10.0,8.0,5.0,8.0,2.0,7.0,10.0,2.0,2.0,0.0,0.0
Hoffenheim,Leverkusen,D1,2023,04/11/2023,A,2,3,0.0,2.0,A,12.0,10.0,7.0,4.0,4.0,3.0,6.0,10.0,3.0,2.0,0.0,0.0
Mainz,RB Leipzig,D1,2023,04/11/2023,H,2,0,0.0,0.0,D,10.0,10.0,3.0,2.0,2.0,7.0,13.0,9.0,3.0,1.0,0.0,0.0
Union Berlin,Ein Frankfurt,D1,2023,04/11/2023,A,0,3,0.0,2.0,A,10.0,4.0,3.0,3.0,9.0,1.0,13.0,8.0,0.0,1.0,0.0,0.0
Dortmund,Bayern Munich,D1,2023,04/11/2023,A,0,4,0.0,2.0,A,15.0,14.0,1.0,8.0,3.0,2.0,14.0,6.0,3.0,2.0,0.0,0.0
Wolfsburg,Werder Bremen,D1,2023,05/11/2023,D,2,2,1.0,1.0,D,15.0,13.0,5.0,4.0,5.0,2.0,14.0,17.0,4.0,1.0,1.0,0.0
Heidenheim,Stuttgart,D1,2023,05/11/2023,H,2,0,0.0,0.0,D,19.0,14.0,2.0,2.0,9.0,6.0,7.0,13.0,2.0,2.0,0.0,0.0
M'gladbach,Wolfsburg,D1,2023,10/11/2023,H,4,0,2.0,0.0,H,16.0,12.0,8.0,4.0,8.0,5.0,7.0,12.0,1.0,3.0,0.0,0.0
Augsburg,Hoffenheim,D1,2023,11/11/2023,D,1,1,0.0,1.0,A,11.0,12.0,6.0,6.0,3.0,5.0,9.0,11.0,1.0,2.0,0.0,0.0
Bayern Munich,Heidenheim,D1,2023,11/11/2023,H,4,2,2.0,0.0,H,18.0,7.0,8.0,2.0,7.0,2.0,8.0,8.0,1.0,0.0,0.0,0.0
Darmstadt,Mainz,D1,2023,11/11/2023,D,0,0,0.0,0.0,D,9.0,9.0,3.0,0.0,0.0,5.0,20.0,15.0,3.0,3.0,0.0,0.0
Stuttgart,Dortmund,D1,2023,11/11/2023,H,2,1,1.0,1.0,D,22.0,5.0,10.0,1.0,6.0,1.0,13.0,16.0,2.0,3.0,0.0,0.0
Bochum,FC Koln,D1,2023,11/11/2023,D,1,1,1.0,0.0,H,25.0,10.0,9.0,6.0,3.0,3.0,14.0,19.0,4.0,1.0,0.0,0.0
Leverkusen,Union Berlin,D1,2023,12/11/2023,H,4,0,1.0,0.0,H,19.0,2.0,10.0,2.0,10.0,1.0,8.0,5.0,0.0,1.0,0.0,0.0
Werder Bremen,Ein Frankfurt,D1,2023,12/11/2023,D,2,2,1.0,0.0,H,14.0,14.0,5.0,3.0,3.0,7.0,3.0,10.0,1.0,3.0,0.0,0.0
RB Leipzig,Freiburg,D1,2023,12/11/2023,H,3,1,1.0,1.0,D,15.0,9.0,6.0,3.0,7.0,3.0,10.0,12.0,2.0,0.0,0.0,0.0
FC Koln,Bayern Munich,D1,2023,24/11/2023,A,0,1,0.0,1.0,A,6.0,19.0,2.0,5.0,3.0,12.0,6.0,4.0,0.0,1.0,0.0,0.0
Dortmund,M'gladbach,D1,2023,25/11/2023,H,4,2,3.0,2.0,H,20.0,10.0,13.0,3.0,5.0,4.0,11.0,11.0,1.0,2.0,0.0,0.0
Freiburg,Darmstadt,D1,2023,25/11/2023,D,1,1,1.0,1.0,D,16.0,7.0,3.0,1.0,11.0,2.0,15.0,15.0,2.0,0.0,0.0,0.0
Union Berlin,Augsburg,D1,2023,25/11/2023,D,1,1,0.0,1.0,A,16.0,11.0,6.0,2.0,3.0,4.0,10.0,15.0,2.0,2.0,0.0,0.0
Werder Bremen,Leverkusen,D1,2023,25/11/2023,A,0,3,0.0,2.0,A,2.0,13.0,1.0,4.0,1.0,6.0,15.0,4.0,3.0,1.0,0.0,0.0
Wolfsburg,RB Leipzig,D1,2023,25/11/2023,H,2,1,1.0,0.0,H,10.0,26.0,4.0,10.0,1.0,12.0,18.0,11.0,4.0,2.0,0.0,0.0
Ein Frankfurt,Stuttgart,D1,2023,25/11/2023,A,1,2,1.0,2.0,A,14.0,11.0,1.0,5.0,4.0,2.0,14.0,8.0,0.0,1.0,0.0,0.0
Heidenheim,Bochum,D1,2023,26/11/2023,D,0,0,0.0,0.0,D,9.0,9.0,3.0,2.0,6.0,5.0,14.0,7.0,4.0,3.0,0.0,0.0
Hoffenheim,Mainz,D1,2023,26/11/2023,D,1,1,0.0,1.0,A,15.0,15.0,6.0,6.0,4.0,5.0,9.0,14.0,4.0,4.0,0.0,0.0
Darmstadt,FC Koln,D1,2023,01/12/2023,A,0,1,0.0,0.0,D,11.0,11.0,1.0,6.0,1.0,6.0,12.0,12.0,1.0,3.0,0.0,0.0
Bochum,Wolfsburg,D1,2023,02/12/2023,H,3,1,2.0,1.0,H,19.0,15.0,9.0,6.0,6.0,6.0,14.0,13.0,6.0,2.0,0.0,0.0
M'gladbach,Hoffenheim,D1,2023,02/12/2023,H,2,1,0.0,0.0,D,9.0,17.0,3.0,5.0,6.0,3.0,12.0,14.0,2.0,2.0,0.0,0.0
RB Leipzig,Heidenheim,D1,2023,02/12/2023,H,2,1,2.0,1.0,H,23.0,7.0,8.0,1.0,5.0,3.0,13.0,16.0,2.0,2.0,0.0,0.0
Stuttgart,Werder Bremen,D1,2023,02/12/2023,H,2,0,1.0,0.0,H,17.0,11.0,6.0,3.0,6.0,7.0,7.0,9.0,1.0,0.0,0.0,0.0
Mainz,Freiburg,D1,2023,03/12/2023,A,0,1,0.0,0.0,D,19.0,13.0,6.0,5.0,14.0,3.0,16.0,11.0,1.0,1.0,0.0,0.0
Leverkusen,Dortmund,D1,2023,03/12/2023,D,1,1,0.0,1.0,A,22.0,6.0,6.0,2.0,16.0,1.0,12.0,12.0,3.0,2.0,0.0,0.0
Augsburg,Ein Frankfurt,D1,2023,03/12/2023,H,2,1,1.0,0.0,H,9.0,12.0,4.0,6.0,2.0,4.0,9.0,10.0,1.0,1.0,0.0,0.0
Hoffenheim,Bochum,D1,2023,08/12/2023,H,3,1,2.0,0.0,H,18.0,22.0,7.0,5.0,4.0,5.0,18.0,11.0,3.0,2.0,0.0,0.0
Ein Frankfurt,Bayern Munich,D1,2023,09/12/2023,H,5,1,3.0,1.0,H,14.0,17.0,6.0,6.0,1.0,9.0,8.0,7.0,1.0,2.0,0.0,0.0
Heidenheim,Darmstadt,D1,2023,09/12/2023,H,3,2,1.0,0.0,H,16.0,20.0,7.0,7.0,8.0,3.0,17.0,13.0,2.0,2.0,0.0,0.0
Union Berlin,M'gladbach,D1,2023,09/12/2023,H,3,1,1.0,0.0,H,16.0,13.0,6.0,4.0,6.0,7.0,9.0,8.0,1.0,3.0,0.0,0.0
Werder Bremen,Augsburg,D1,2023,09/12/2023,H,2,0,1.0,0.0,H,12.0,11.0,5.0,1.0,5.0,2.0,13.0,9.0,1.0,2.0,0.0,0.0
Wolfsburg,Freiburg,D1,2023,09/12/2023,A,0,1,0.0,0.0,D,10.0,4.0,3.0,1.0,5.0,3.0,11.0,16.0,1.0,4.0,0.0,0.0
Dortmund,RB Leipzig,D1,2023,09/12/2023,A,2,3,1.0,1.0,D,18.0,24.0,6.0,8.0,6.0,6.0,6.0,11.0,1.0,3.0,1.0,0.0
Stuttgart,Leverkusen,D1,2023,10/12/2023,D,1,1,1.0,0.0,H,22.0,20.0,12.0,6.0,8.0,8.0,8.0,7.0,1.0,1.0,0.0,0.0
FC Koln,Mainz,D1,2023,10/12/2023,D,0,0,0.0,0.0,D,7.0,13.0,3.0,5.0,1.0,7.0,10.0,10.0,2.0,4.0,0.0,0.0
M'gladbach,Werder Bremen,D1,2023,15/12/2023,D,2,2,1.0,1.0,D,15.0,10.0,4.0,5.0,4.0,3.0,10.0,12.0,4.0,2.0,0.0,0.0
Augsburg,Dortmund,D1,2023,16/12/2023,D,1,1,1.0,1.0,D,20.0,24.0,4.0,6.0,4.0,7.0,13.0,4.0,2.0,1.0,0.0,0.0
Bochum,Union Berlin,D1,2023,16/12/2023,H,3,0,1.0,0.0,H,21.0,10.0,7.0,2.0,6.0,4.0,12.0,13.0,2.0,2.0,0.0,0.0
Darmstadt,Wolfsburg,D1,2023,16/12/2023,A,0,1,0.0,0.0,D,14.0,11.0,4.0,3.0,7.0,7.0,16.0,10.0,2.0,0.0,0.0,1.0
Mainz,Heidenheim,D1,2023,16/12/2023,A,0,1,0.0,1.0,A,16.0,5.0,4.0,2.0,8.0,1.0,9.0,20.0,3.0,3.0,0.0,0.0
RB Leipzig,Hoffenheim,D1,2023,16/12/2023,H,3,1,1.0,1.0,D,23.0,10.0,11.0,4.0,9.0,2.0,11.0,9.0,3.0,2.0,0.0,0.0
Freiburg,FC Koln,D1,2023,17/12/2023,H,2,0,0.0,0.0,D,23.0,7.0,7.0,1.0,5.0,2.0,13.0,10.0,1.0,4.0,0.0,1.0
Leverkusen,Ein Frankfurt,D1,2023,17/12/2023,H,3,0,1.0,0.0,H,14.0,4.0,6.0,2.0,5.0,5.0,4.0,13.0,1.0,1.0,0.0,0.0
Bayern Munich,Stuttgart,D1,2023,17/12/2023,H,3,0,1.0,0.0,H,17.0,5.0,8.0,2.0,6.0,2.0,7.0,8.0,0.0,3.0,0.0,0.0
Werder Bremen,RB Leipzig,D1,2023,19/12/2023,D,1,1,0.0,0.0,D,11.0,18.0,3.0,9.0,1.0,4.0,15.0,9.0,4.0,2.0,0.0,0.0
Dortmund,Mainz,D1,2023,19/12/2023,D,1,1,1.0,1.0,D,21.0,11.0,8.0,6.0,6.0,1.0,11.0,14.0,0.0,4.0,0.0,0.0
Hoffenheim,Darmstadt,D1,2023,19/12/2023,D,3,3,2.0,1.0,H,13.0,14.0,4.0,3.0,8.0,3.0,9.0,15.0,2.0,4.0,0.0,0.0
Union Berlin,FC Koln,D1,2023,20/12/2023,H,2,0,0.0,0.0,D,12.0,15.0,8.0,7.0,4.0,5.0,10.0,7.0,0.0,0.0,0.0,0.0
Ein Frankfurt,M'gladbach,D1,2023,20/12/2023,H,2,1,0.0,1.0,A,15.0,7.0,7.0,2.0,8.0,2.0,11.0,14.0,1.0,6.0,0.0,1.0
Heidenheim,Freiburg,D1,2023,20/12/2023,H,3,2,0.0,1.0,A,14.0,10.0,3.0,4.0,7.0,4.0,20.0,12.0,3.0,4.0,0.0,0.0
Leverkusen,Bochum,D1,2023,20/12/2023,H,4,0,3.0,0.0,H,15.0,6.0,8.0,1.0,4.0,3.0,7.0,12.0,0.0,2.0,0.0,0.0
Stuttgart,Augsburg,D1,2023,20/12/2023,H,3,0,2.0,0.0,H,17.0,6.0,7.0,5.0,4.0,4.0,8.0,14.0,0.0,4.0,0.0,0.0
Wolfsburg,Bayern Munich,D1,2023,20/12/2023,A,1,2,1.0,2.0,A,5.0,20.0,4.0,7.0,0.0,6.0,14.0,12.0,4.0,2.0,0.0,0.0
Bayern Munich,Hoffenheim,D1,2023,12/01/2024,H,3,0,1.0,0.0,H,27.0,12.0,12.0,4.0,11.0,2.0,8.0,6.0,1.0,3.0,0.0,1.0
Augsburg,Leverkusen,D1,2023,13/01/2024,A,0,1,0.0,0.0,D,2.0,25.0,0.0,6.0,0.0,12.0,11.0,4.0,3.0,1.0,0.0,0.0
FC Koln,Heidenheim,D1,2023,13/01/2024,D,1,1,1.0,0.0,H,13.0,10.0,6.0,2.0,9.0,6.0,12.0,11.0,2.0,1.0,0.0,0.0
Freiburg,Union Berlin,D1,2023,13/01/2024,D,0,0,0.0,0.0,D,14.0,8.0,4.0,4.0,4.0,3.0,7.0,9.0,0.0,2.0,0.0,0.0
Mainz,Wolfsburg,D1,2023,13/01/2024,D,1,1,0.0,1.0,A,12.0,9.0,4.0,4.0,7.0,3.0,21.0,16.0,3.0,4.0,0.0,0.0
RB Leipzig,Ein Frankfurt,D1,2023,13/01/2024,A,0,1,0.0,1.0,A,26.0,5.0,7.0,1.0,15.0,4.0,7.0,16.0,0.0,2.0,0.0,0.0
Darmstadt,Dortmund,D1,2023,13/01/2024,A,0,3,0.0,1.0,A,10.0,17.0,2.0,8.0,3.0,4.0,10.0,13.0,1.0,3.0,0.0,0.0
Bochum,Werder Bremen,D1,2023,14/01/2024,D,1,1,0.0,0.0,D,13.0,15.0,4.0,4.0,3.0,4.0,14.0,14.0,6.0,5.0,0.0,0.0
M'gladbach,Stuttgart,D1,2023,14/01/2024,H,3,1,2.0,0.0,H,8.0,14.0,4.0,2.0,0.0,3.0,7.0,11.0,3.0,3.0,0.0,0.0
Bochum,Stuttgart,D1,2023,20/01/2024,H,1,0,0.0,0.0,D,6.0,17.0,1.0,4.0,1.0,7.0,16.0,16.0,5.0,3.0,0.0,0.0
Darmstadt,Ein Frankfurt,D1,2023,20/01/2024,D,2,2,0.0,1.0,A,13.0,7.0,3.0,4.0,4.0,1.0,11.0,7.0,1.0,1.0,0.0,0.0
FC Koln,Dortmund,D1,2023,20/01/2024,A,0,4,0.0,1.0,A,16.0,11.0,5.0,7.0,13.0,4.0,16.0,7.0,2.0,2.0,0.0,0.0
Freiburg,Hoffenheim,D1,2023,20/01/2024,H,3,2,1.0,0.0,H,16.0,16.0,8.0,4.0,2.0,2.0,18.0,10.0,3.0,3.0,1.0,0.0
Heidenheim,Wolfsburg,D1,2023,20/01/2024,D,1,1,1.0,1.0,D,12.0,12.0,3.0,3.0,4.0,2.0,11.0,10.0,0.0,1.0,0.0,0.0
RB Leipzig,Leverkusen,D1,2023,20/01/2024,A,2,3,1.0,0.0,H,11.0,18.0,6.0,5.0,1.0,9.0,11.0,11.0,2.0,3.0,0.0,0.0
Bayern Munich,Werder Bremen,D1,2023,21/01/2024,A,0,1,0.0,0.0,D,21.0,8.0,6.0,3.0,10.0,2.0,12.0,7.0,2.0,1.0,0.0,0.0
M'gladbach,Augsburg,D1,2023,21/01/2024,A,1,2,1.0,0.0,H,18.0,15.0,4.0,7.0,5.0,7.0,10.0,20.0,1.0,2.0,0.0,0.0
Bayern Munich,Union Berlin,D1,2023,24/01/2024,H,1,0,0.0,0.0,D,24.0,4.0,10.0,1.0,12.0,1.0,5.0,9.0,2.0,4.0,0.0,0.0
Ein Frankfurt,Mainz,D1,2023,26/01/2024,H,1,0,0.0,0.0,D,13.0,7.0,4.0,0.0,2.0,1.0,10.0,12.0,2.0,1.0,0.0,0.0
Augsburg,Bayern Munich,D1,2023,27/01/2024,A,2,3,0.0,2.0,A,14.0,13.0,7.0,4.0,4.0,5.0,12.0,11.0,2.0,6.0,0.0,0.0
Hoffenheim,Heidenheim,D1,2023,27/01/2024,D,1,1,1.0,1.0,D,20.0,15.0,8.0,3.0,9.0,5.0,11.0,13.0,4.0,0.0,0.0,0.0
Stuttgart,RB Leipzig,D1,2023,27/01/2024,H,5,2,2.0,1.0,H,19.0,4.0,11.0,2.0,9.0,3.0,9.0,11.0,1.0,4.0,0.0,0.0
Werder Bremen,Freiburg,D1,2023,27/01/2024,H,3,1,1.0,1.0,D,14.0,7.0,4.0,4.0,5.0,5.0,14.0,10.0,2.0,1.0,0.0,0.0
Wolfsburg,FC Koln,D1,2023,27/01/2024,D,1,1,1.0,1.0,D,12.0,6.0,5.0,2.0,6.0,3.0,17.0,12.0,5.0,3.0,0.0,0.0
Leverkusen,M'gladbach,D1,2023,27/01/2024,D,0,0,0.0,0.0,D,28.0,4.0,8.0,3.0,8.0,2.0,15.0,6.0,3.0,1.0,0.0,0.0
Union Berlin,Darmstadt,D1,2023,28/01/2024,H,1,0,0.0,0.0,D,19.0,15.0,6.0,1.0,4.0,3.0,13.0,9.0,3.0,2.0,0.0,0.0
Dortmund,Bochum,D1,2023,28/01/2024,H,3,1,1.0,1.0,D,15.0,10.0,6.0,4.0,8.0,4.0,10.0,16.0,1.0,3.0,0.0,0.0
Heidenheim,Dortmund,D1,2023,02/02/2024,D,0,0,0.0,0.0,D,11.0,13.0,0.0,5.0,4.0,6.0,7.0,7.0,0.0,2.0,0.0,0.0
Bayern Munich,M'gladbach,D1,2023,03/02/2024,H,3,1,1.0,1.0,D,21.0,11.0,6.0,4.0,6.0,5.0,11.0,9.0,0.0,1.0,0.0,0.0
Bochum,Augsburg,D1,2023,03/02/2024,D,1,1,1.0,0.0,H,9.0,12.0,4.0,6.0,3.0,5.0,17.0,14.0,3.0,1.0,0.0,0.0
Darmstadt,Leverkusen,D1,2023,03/02/2024,A,0,2,0.0,1.0,A,8.0,18.0,6.0,7.0,4.0,3.0,14.0,8.0,2.0,2.0,0.0,0.0
Freiburg,Stuttgart,D1,2023,03/02/2024,A,1,3,1.0,2.0,A,7.0,17.0,4.0,9.0,1.0,6.0,10.0,7.0,4.0,2.0,1.0,0.0
Mainz,Werder Bremen,D1,2023,03/02/2024,A,0,1,0.0,1.0,A,20.0,6.0,5.0,1.0,11.0,1.0,22.0,16.0,4.0,3.0,0.0,0.0
FC Koln,Ein Frankfurt,D1,2023,03/02/2024,H,2,0,0.0,0.0,D,14.0,11.0,4.0,4.0,7.0,7.0,8.0,13.0,1.0,4.0,0.0,2.0
Wolfsburg,Hoffenheim,D1,2023,04/02/2024,D,2,2,0.0,1.0,A,14.0,17.0,8.0,7.0,7.0,2.0,12.0,16.0,2.0,3.0,0.0,0.0
RB Leipzig,Union Berlin,D1,2023,04/02/2024,H,2,0,1.0,0.0,H,16.0,10.0,6.0,2.0,5.0,4.0,13.0,11.0,1.0,2.0,0.0,1.0
Mainz,Union Berlin,D1,2023,07/02/2024,D,1,1,1.0,1.0,D,16.0,15.0,7.0,4.0,8.0,3.0,14.0,15.0,2.0,4.0,0.0,0.0
Dortmund,Freiburg,D1,2023,09/02/2024,H,3,0,2.0,0.0,H,17.0,6.0,8.0,3.0,5.0,3.0,13.0,7.0,2.0,0.0,0.0,0.0
Augsburg,RB Leipzig,D1,2023,10/02/2024,D,2,2,1.0,1.0,D,11.0,9.0,4.0,6.0,1.0,3.0,15.0,10.0,5.0,1.0,0.0,0.0
Ein Frankfurt,Bochum,D1,2023,10/02/2024,D,1,1,1.0,1.0,D,8.0,14.0,2.0,5.0,8.0,3.0,6.0,12.0,2.0,2.0,0.0,0.0
M'gladbach,Darmstadt,D1,2023,10/02/2024,D,0,0,0.0,0.0,D,22.0,10.0,8.0,1.0,7.0,2.0,11.0,15.0,0.0,5.0,0.0,0.0
Union Berlin,Wolfsburg,D1,2023,10/02/2024,H,1,0,1.0,0.0,H,7.0,15.0,2.0,5.0,6.0,10.0,12.0,9.0,1.0,2.0,0.0,0.0
Werder Bremen,Heidenheim,D1,2023,10/02/2024,A,1,2,1.0,2.0,A,14.0,10.0,3.0,3.0,5.0,10.0,10.0,13.0,1.0,2.0,0.0,0.0
Leverkusen,Bayern Munich,D1,2023,10/02/2024,H,3,0,1.0,0.0,H,14.0,8.0,8.0,1.0,4.0,6.0,13.0,13.0,3.0,2.0,0.0,0.0
Stuttgart,Mainz,D1,2023,11/02/2024,H,3,1,2.0,0.0,H,10.0,16.0,7.0,6.0,4.0,5.0,7.0,9.0,1.0,1.0,0.0,0.0
Hoffenheim,FC Koln,D1,2023,11/02/2024,D,1,1,0.0,0.0,D,10.0,5.0,4.0,1.0,10.0,3.0,12.0,13.0,3.0,4.0,0.0,0.0
FC Koln,Werder Bremen,D1,2023,16/02/2024,A,0,1,0.0,0.0,D,10.0,13.0,2.0,4.0,5.0,3.0,16.0,11.0,4.0,4.0,0.0,0.0
Darmstadt,Stuttgart,D1,2023,17/02/2024,A,1,2,0.0,1.0,A,21.0,13.0,9.0,4.0,5.0,3.0,15.0,14.0,4.0,5.0,0.0,1.0
Heidenheim,Leverkusen,D1,2023,17/02/2024,A,1,2,0.0,1.0,A,6.0,17.0,3.0,4.0,4.0,5.0,15.0,5.0,2.0,1.0,0.0,0.0
Hoffenheim,Union Berlin,D1,2023,17/02/2024,A,0,1,0.0,0.0,D,16.0,10.0,4.0,3.0,6.0,2.0,10.0,7.0,3.0,4.0,1.0,1.0
Mainz,Augsburg,D1,2023,17/02/2024,H,1,0,1.0,0.0,H,19.0,10.0,4.0,4.0,7.0,7.0,8.0,16.0,3.0,2.0,0.0,1.0
Wolfsburg,Dortmund,D1,2023,17/02/2024,D,1,1,0.0,1.0,A,9.0,12.0,4.0,5.0,5.0,3.0,18.0,5.0,3.0,1.0,0.0,0.0
RB Leipzig,M'gladbach,D1,2023,17/02/2024,H,2,0,1.0,0.0,H,16.0,13.0,9.0,0.0,8.0,4.0,12.0,13.0,1.0,5.0,0.0,0.0
Freiburg,Ein Frankfurt,D1,2023,18/02/2024,D,3,3,2.0,2.0,D,13.0,10.0,8.0,6.0,6.0,1.0,8.0,10.0,0.0,0.0,0.0,0.0
Bochum,Bayern Munich,D1,2023,18/02/2024,H,3,2,2.0,1.0,H,14.0,26.0,5.0,10.0,4.0,9.0,12.0,10.0,2.0,4.0,0.0,1.0
Leverkusen,Mainz,D1,2023,23/02/2024,H,2,1,1.0,1.0,D,18.0,13.0,7.0,4.0,11.0,2.0,14.0,16.0,3.0,5.0,0.0,1.0
M'gladbach,Bochum,D1,2023,24/02/2024,H,5,2,2.0,0.0,H,22.0,15.0,6.0,5.0,5.0,6.0,13.0,13.0,2.0,4.0,0.0,0.0
Stuttgart,FC Koln,D1,2023,24/02/2024,D,1,1,0.0,0.0,D,13.0,12.0,5.0,6.0,9.0,4.0,11.0,13.0,1.0,0.0,0.0,0.0
Union Berlin,Heidenheim,D1,2023,24/02/2024,D,2,2,2.0,1.0,H,12.0,9.0,3.0,4.0,4.0,2.0,9.0,12.0,2.0,1.0,0.0,0.0
Werder Bremen,Darmstadt,D1,2023,24/02/2024,D,1,1,1.0,1.0,D,13.0,11.0,4.0,3.0,4.0,6.0,10.0,13.0,3.0,4.0,0.0,0.0
Bayern Munich,RB Leipzig,D1,2023,24/02/2024,H,2,1,0.0,0.0,D,16.0,11.0,4.0,5.0,6.0,4.0,11.0,10.0,3.0,3.0,0.0,0.0
Ein Frankfurt,Wolfsburg,D1,2023,25/02/2024,D,2,2,1.0,2.0,A,12.0,14.0,5.0,8.0,5.0,3.0,9.0,7.0,2.0,1.0,0.0,0.0
Dortmund,Hoffenheim,D1,2023,25/02/2024,A,2,3,2.0,1.0,H,19.0,7.0,7.0,5.0,10.0,3.0,7.0,10.0,2.0,3.0,0.0,0.0
Augsburg,Freiburg,D1,2023,25/02/2024,H,2,1,0.0,1.0,A,21.0,5.0,8.0,1.0,10.0,2.0,16.0,11.0,3.0,1.0,0.0,0.0
Freiburg,Bayern Munich,D1,2023,01/03/2024,D,2,2,1.0,1.0,D,17.0,21.0,5.0,9.0,3.0,6.0,11.0,7.0,1.0,2.0,0.0,0.0
Bochum,RB Leipzig,D1,2023,02/03/2024,A,1,4,1.0,1.0,D,15.0,10.0,4.0,4.0,2.0,5.0,13.0,10.0,3.0,2.0,1.0,0.0
Darmstadt,Augsburg,D1,2023,02/03/2024,A,0,6,0.0,5.0,A,10.0,21.0,5.0,6.0,3.0,6.0,4.0,12.0,2.0,0.0,0.0,0.0
Heidenheim,Ein Frankfurt,D1,2023,02/03/2024,A,1,2,0.0,1.0,A,16.0,11.0,3.0,6.0,7.0,3.0,6.0,10.0,1.0,4.0,0.0,0.0
Mainz,M'gladbach,D1,2023,02/03/2024,D,1,1,1.0,0.0,H,21.0,14.0,5.0,5.0,12.0,6.0,12.0,15.0,5.0,1.0,1.0,0.0
Union Berlin,Dortmund,D1,2023,02/03/2024,A,0,2,0.0,1.0,A,13.0,12.0,5.0,7.0,8.0,7.0,11.0,8.0,2.0,1.0,0.0,0.0
Wolfsburg,Stuttgart,D1,2023,02/03/2024,A,2,3,0.0,1.0,A,12.0,7.0,2.0,3.0,5.0,4.0,20.0,12.0,3.0,2.0,0.0,0.0
FC Koln,Leverkusen,D1,2023,03/03/2024,A,0,2,0.0,1.0,A,6.0,17.0,0.0,6.0,1.0,9.0,10.0,9.0,2.0,2.0,1.0,0.0
Hoffenheim,Werder Bremen,D1,2023,03/03/2024,H,2,1,2.0,0.0,H,14.0,18.0,7.0,8.0,3.0,3.0,11.0,10.0,5.0,1.0,1.0,0.0
Stuttgart,Union Berlin,D1,2023,08/03/2024,H,2,0,1.0,0.0,H,14.0,10.0,5.0,4.0,4.0,3.0,7.0,14.0,1.0,2.0,0.0,1.0
Augsburg,Heidenheim,D1,2023,09/03/2024,H,1,0,1.0,0.0,H,8.0,6.0,4.0,1.0,5.0,2.0,14.0,20.0,1.0,3.0,0.0,0.0
Bayern Munich,Mainz,D1,2023,09/03/2024,H,8,1,3.0,1.0,H,25.0,13.0,12.0,3.0,6.0,7.0,8.0,7.0,1.0,1.0,0.0,0.0
M'gladbach,FC Koln,D1,2023,09/03/2024,D,3,3,1.0,1.0,D,16.0,12.0,5.0,5.0,8.0,3.0,15.0,15.0,3.0,4.0,0.0,0.0
RB Leipzig,Darmstadt,D1,2023,09/03/2024,H,2,0,1.0,0.0,H,28.0,9.0,8.0,4.0,8.0,4.0,3.0,14.0,0.0,3.0,0.0,0.0
Werder Bremen,Dortmund,D1,2023,09/03/2024,A,1,2,0.0,2.0,A,15.0,13.0,5.0,6.0,10.0,4.0,6.0,8.0,1.0,2.0,0.0,1.0
Bochum,Freiburg,D1,2023,10/03/2024,A,1,2,0.0,1.0,A,18.0,9.0,6.0,5.0,12.0,5.0,11.0,11.0,3.0,7.0,0.0,0.0
Ein Frankfurt,Hoffenheim,D1,2023,10/03/2024,H,3,1,1.0,1.0,D,17.0,6.0,7.0,2.0,5.0,1.0,11.0,10.0,2.0,3.0,0.0,2.0
Leverkusen,Wolfsburg,D1,2023,10/03/2024,H,2,0,1.0,0.0,H,19.0,2.0,7.0,1.0,9.0,2.0,6.0,7.0,1.0,3.0,0.0,1.0
FC Koln,RB Leipzig,D1,2023,15/03/2024,A,1,5,1.0,1.0,D,9.0,23.0,2.0,7.0,3.0,6.0,11.0,12.0,2.0,2.0,0.0,0.0
Darmstadt,Bayern Munich,D1,2023,16/03/2024,A,2,5,1.0,2.0,A,7.0,26.0,3.0,6.0,2.0,9.0,9.0,6.0,1.0,0.0,0.0,0.0
Heidenheim,M'gladbach,D1,2023,16/03/2024,D,1,1,0.0,1.0,A,16.0,6.0,5.0,2.0,10.0,4.0,16.0,8.0,1.0,3.0,0.0,0.0
Mainz,Bochum,D1,2023,16/03/2024,H,2,0,1.0,0.0,H,13.0,11.0,4.0,4.0,7.0,6.0,15.0,15.0,4.0,3.0,0.0,0.0
Union Berlin,Werder Bremen,D1,2023,16/03/2024,H,2,1,0.0,0.0,D,11.0,10.0,5.0,2.0,4.0,3.0,16.0,16.0,3.0,5.0,0.0,0.0
Wolfsburg,Augsburg,D1,2023,16/03/2024,A,1,3,1.0,1.0,D,15.0,14.0,4.0,5.0,8.0,6.0,12.0,19.0,1.0,3.0,1.0,0.0
Hoffenheim,Stuttgart,D1,2023,16/03/2024,A,0,3,0.0,2.0,A,8.0,25.0,1.0,12.0,5.0,6.0,8.0,12.0,1.0,0.0,0.0,0.0
Freiburg,Leverkusen,D1,2023,17/03/2024,A,2,3,1.0,2.0,A,9.0,18.0,3.0,7.0,2.0,8.0,13.0,6.0,1.0,0.0,0.0,0.0
Dortmund,Ein Frankfurt,D1,2023,17/03/2024,H,3,1,1.0,1.0,D,16.0,8.0,6.0,6.0,8.0,3.0,5.0,9.0,1.0,2.0,0.0,0.0
Ein Frankfurt,Union Berlin,D1,2023,30/03/2024,D,0,0,0.0,0.0,D,18.0,10.0,4.0,2.0,6.0,2.0,8.0,14.0,3.0,1.0,0.0,0.0
Leverkusen,Hoffenheim,D1,2023,30/03/2024,H,2,1,0.0,1.0,A,36.0,6.0,12.0,2.0,9.0,2.0,9.0,8.0,0.0,1.0,0.0,0.0
M'gladbach,Freiburg,D1,2023,30/03/2024,A,0,3,0.0,1.0,A,18.0,13.0,4.0,8.0,14.0,1.0,11.0,7.0,1.0,0.0,0.0,0.0
RB Leipzig,Mainz,D1,2023,30/03/2024,D,0,0,0.0,0.0,D,23.0,8.0,10.0,2.0,12.0,2.0,10.0,15.0,2.0,5.0,0.0,0.0
Werder Bremen,Wolfsburg,D1,2023,30/03/2024,A,0,2,0.0,1.0,A,6.0,15.0,1.0,5.0,3.0,6.0,13.0,15.0,4.0,4.0,1.0,1.0
Bayern Munich,Dortmund,D1,2023,30/03/2024,A,0,2,0.0,1.0,A,16.0,11.0,3.0,5.0,7.0,4.0,7.0,7.0,0.0,0.0,0.0,0.0
Augsburg,FC Koln,D1,2023,31/03/2024,D,1,1,1.0,1.0,D,24.0,12.0,6.0,2.0,12.0,6.0,9.0,13.0,0.0,3.0,0.0,0.0
Stuttgart,Heidenheim,D1,2023,31/03/2024,D,3,3,1.0,0.0,H,20.0,6.0,6.0,3.0,6.0,7.0,5.0,9.0,1.0,0.0,0.0,1.0
Bochum,Darmstadt,D1,2023,31/03/2024,D,2,2,1.0,0.0,H,20.0,13.0,7.0,3.0,6.0,5.0,7.0,15.0,2.0,2.0,0.0,0.0
Ein Frankfurt,Werder Bremen,D1,2023,05/04/2024,D,1,1,0.0,0.0,D,19.0,10.0,5.0,7.0,9.0,0.0,10.0,14.0,3.0,2.0,1.0,1.0
FC Koln,Bochum,D1,2023,06/04/2024,H,2,1,0.0,0.0,D,17.0,8.0,6.0,2.0,9.0,4.0,16.0,13.0,3.0,3.0,0.0,0.0
Freiburg,RB Leipzig,D1,2023,06/04/2024,A,1,4,0.0,3.0,A,15.0,15.0,4.0,6.0,8.0,4.0,7.0,12.0,3.0,4.0,0.0,0.0
Heidenheim,Bayern Munich,D1,2023,06/04/2024,H,3,2,0.0,2.0,A,9.0,15.0,4.0,8.0,3.0,3.0,9.0,8.0,2.0,0.0,0.0,0.0
Mainz,Darmstadt,D1,2023,06/04/2024,H,4,0,1.0,0.0,H,18.0,14.0,9.0,2.0,5.0,1.0,16.0,9.0,2.0,3.0,0.0,0.0
Union Berlin,Leverkusen,D1,2023,06/04/2024,A,0,1,0.0,1.0,A,8.0,19.0,1.0,8.0,7.0,10.0,10.0,14.0,3.0,2.0,1.0,0.0
Dortmund,Stuttgart,D1,2023,06/04/2024,A,0,1,0.0,0.0,D,14.0,10.0,7.0,2.0,8.0,3.0,8.0,8.0,2.0,4.0,0.0,0.0
Hoffenheim,Augsburg,D1,2023,07/04/2024,H,3,1,2.0,0.0,H,17.0,14.0,6.0,7.0,11.0,6.0,8.0,14.0,3.0,1.0,0.0,0.0
Wolfsburg,M'gladbach,D1,2023,07/04/2024,A,1,3,1.0,0.0,H,13.0,10.0,4.0,6.0,4.0,4.0,9.0,12.0,2.0,2.0,0.0,0.0
Augsburg,Union Berlin,D1,2023,12/04/2024,H,2,0,0.0,0.0,D,12.0,17.0,4.0,4.0,5.0,4.0,15.0,14.0,1.0,1.0,0.0,0.0
Bayern Munich,FC Koln,D1,2023,13/04/2024,H,2,0,0.0,0.0,D,17.0,11.0,7.0,5.0,5.0,5.0,3.0,15.0,0.0,3.0,0.0,0.0
Bochum,Heidenheim,D1,2023,13/04/2024,D,1,1,0.0,0.0,D,24.0,10.0,5.0,3.0,6.0,2.0,12.0,22.0,4.0,1.0,0.0,0.0
Mainz,Hoffenheim,D1,2023,13/04/2024,H,4,1,0.0,1.0,A,23.0,5.0,8.0,1.0,9.0,3.0,12.0,14.0,0.0,2.0,0.0,0.0
M'gladbach,Dortmund,D1,2023,13/04/2024,A,1,2,1.0,2.0,A,16.0,12.0,5.0,4.0,2.0,4.0,13.0,11.0,1.0,4.0,0.0,1.0
RB Leipzig,Wolfsburg,D1,2023,13/04/2024,H,3,0,1.0,0.0,H,15.0,10.0,6.0,3.0,6.0,4.0,12.0,7.0,2.0,4.0,0.0,0.0
Stuttgart,Ein Frankfurt,D1,2023,13/04/2024,H,3,0,3.0,0.0,H,9.0,10.0,6.0,3.0,4.0,5.0,4.0,15.0,1.0,3.0,0.0,0.0
Darmstadt,Freiburg,D1,2023,14/04/2024,A,0,1,0.0,1.0,A,16.0,9.0,4.0,3.0,2.0,2.0,6.0,12.0,0.0,1.0,0.0,0.0
Leverkusen,Werder Bremen,D1,2023,14/04/2024,H,5,0,1.0,0.0,H,19.0,7.0,10.0,3.0,7.0,0.0,10.0,4.0,2.0,1.0,0.0,0.0
Ein Frankfurt,Augsburg,D1,2023,19/04/2024,H,3,1,0.0,1.0,A,12.0,6.0,7.0,1.0,6.0,5.0,2.0,19.0,3.0,3.0,0.0,0.0
FC Koln,Darmstadt,D1,2023,20/04/2024,A,0,2,0.0,0.0,D,18.0,12.0,4.0,6.0,4.0,3.0,10.0,13.0,0.0,1.0,0.0,0.0
Heidenheim,RB Leipzig,D1,2023,20/04/2024,A,1,2,0.0,1.0,A,9.0,11.0,5.0,4.0,2.0,6.0,14.0,7.0,3.0,1.0,0.0,0.0
Hoffenheim,M'gladbach,D1,2023,20/04/2024,H,4,3,1.0,1.0,D,27.0,13.0,9.0,7.0,6.0,5.0,6.0,11.0,1.0,3.0,0.0,0.0
Wolfsburg,Bochum,D1,2023,20/04/2024,H,1,0,1.0,0.0,H,10.0,9.0,5.0,1.0,5.0,8.0,11.0,16.0,4.0,3.0,0.0,0.0
Union Berlin,Bayern Munich,D1,2023,20/04/2024,A,1,5,0.0,2.0,A,15.0,18.0,4.0,9.0,5.0,3.0,5.0,4.0,0.0,0.0,0.0,0.0
Werder Bremen,Stuttgart,D1,2023,21/04/2024,H,2,1,1.0,0.0,H,9.0,14.0,2.0,5.0,1.0,7.0,11.0,10.0,3.0,3.0,0.0,0.0
Dortmund,Leverkusen,D1,2023,21/04/2024,D,1,1,0.0,0.0,D,9.0,13.0,2.0,5.0,2.0,6.0,14.0,11.0,4.0,3.0,0.0,0.0
Freiburg,Mainz,D1,2023,21/04/2024,D,1,1,1.0,1.0,D,7.0,17.0,3.0,4.0,2.0,4.0,17.0,15.0,3.0,4.0,0.0,0.0
Bochum,Hoffenheim,D1,2023,26/04/2024,H,3,2,2.0,0.0,H,35.0,12.0,13.0,4.0,10.0,4.0,13.0,10.0,1.0,1.0,0.0,0.0
Augsburg,Werder Bremen,D1,2023,27/04/2024,A,0,3,0.0,0.0,D,14.0,16.0,1.0,8.0,6.0,4.0,18.0,8.0,1.0,2.0,0.0,0.0
Bayern Munich,Ein Frankfurt,D1,2023,27/04/2024,H,2,1,1.0,1.0,D,19.0,10.0,9.0,3.0,4.0,2.0,11.0,7.0,0.0,3.0,0.0,0.0
Freiburg,Wolfsburg,D1,2023,27/04/2024,A,1,2,1.0,0.0,H,16.0,13.0,3.0,5.0,3.0,6.0,12.0,7.0,4.0,2.0,1.0,0.0
RB Leipzig,Dortmund,D1,2023,27/04/2024,H,4,1,2.0,1.0,H,21.0,12.0,7.0,5.0,5.0,8.0,11.0,7.0,1.0,2.0,0.0,0.0
Leverkusen,Stuttgart,D1,2023,27/04/2024,D,2,2,0.0,0.0,D,14.0,11.0,6.0,4.0,5.0,2.0,10.0,19.0,4.0,3.0,0.0,0.0
M'gladbach,Union Berlin,D1,2023,28/04/2024,D,0,0,0.0,0.0,D,13.0,14.0,4.0,7.0,3.0,4.0,3.0,13.0,2.0,2.0,0.0,0.0
Mainz,FC Koln,D1,2023,28/04/2024,D,1,1,1.0,0.0,H,16.0,16.0,4.0,6.0,6.0,6.0,17.0,13.0,4.0,4.0,1.0,0.0
Darmstadt,Heidenheim,D1,2023,28/04/2024,A,0,1,0.0,0.0,D,12.0,19.0,4.0,6.0,3.0,8.0,14.0,12.0,2.0,1.0,0.0,0.0
Hoffenheim,RB Leipzig,D1,2023,03/05/2024,D,1,1,0.0,1.0,A,18.0,8.0,8.0,5.0,4.0,4.0,6.0,8.0,1.0,3.0,0.0,1.0
Dortmund,Augsburg,D1,2023,04/05/2024,H,5,1,4.0,1.0,H,21.0,20.0,10.0,4.0,6.0,9.0,4.0,11.0,0.0,1.0,0.0,0.0
Stuttgart,Bayern Munich,D1,2023,04/05/2024,H,3,1,1.0,1.0,D,24.0,10.0,11.0,3.0,3.0,1.0,10.0,8.0,1.0,2.0,0.0,0.0
Werder Bremen,M'gladbach,D1,2023,04/05/2024,D,2,2,1.0,1.0,D,17.0,17.0,6.0,7.0,7.0,2.0,6.0,7.0,0.0,0.0,0.0,0.0
Wolfsburg,Darmstadt,D1,2023,04/05/2024,H,3,0,2.0,0.0,H,18.0,6.0,6.0,1.0,9.0,2.0,11.0,13.0,0.0,3.0,0.0,0.0
FC Koln,Freiburg,D1,2023,04/05/2024,D,0,0,0.0,0.0,D,20.0,4.0,7.0,0.0,7.0,1.0,10.0,9.0,1.0,1.0,0.0,0.0
Union Berlin,Bochum,D1,2023,05/05/2024,A,3,4,0.0,3.0,A,12.0,17.0,6.0,5.0,6.0,4.0,13.0,16.0,0.0,1.0,0.0,0.0
Ein Frankfurt,Leverkusen,D1,2023,05/05/2024,A,1,5,1.0,2.0,A,16.0,10.0,5.0,6.0,10.0,5.0,10.0,4.0,0.0,0.0,0.0,0.0
Heidenheim,Mainz,D1,2023,05/05/2024,D,1,1,0.0,1.0,A,16.0,10.0,6.0,4.0,6.0,3.0,8.0,8.0,2.0,3.0,0.0,0.0
Augsburg,Stuttgart,D1,2023,10/05/2024,A,0,1,0.0,0.0,D,9.0,19.0,1.0,7.0,5.0,5.0,15.0,9.0,4.0,2.0,0.0,0.0
FC Koln,Union Berlin,D1,2023,11/05/2024,H,3,2,1.0,2.0,A,18.0,14.0,5.0,6.0,6.0,8.0,15.0,16.0,3.0,2.0,0.0,0.0
Freiburg,Heidenheim,D1,2023,11/05/2024,D,1,1,1.0,1.0,D,19.0,9.0,3.0,3.0,2.0,4.0,9.0,11.0,1.0,1.0,0.0,0.0
M'gladbach,Ein Frankfurt,D1,2023,11/05/2024,D,1,1,1.0,1.0,D,6.0,16.0,3.0,1.0,2.0,8.0,9.0,10.0,1.0,0.0,0.0,0.0
RB Leipzig,Werder Bremen,D1,2023,11/05/2024,D,1,1,0.0,1.0,A,13.0,10.0,5.0,1.0,4.0,3.0,12.0,6.0,1.0,0.0,0.0,0.0
Mainz,Dortmund,D1,2023,11/05/2024,H,3,0,3.0,0.0,H,14.0,10.0,6.0,2.0,4.0,2.0,14.0,11.0,2.0,2.0,0.0,0.0
Darmstadt,Hoffenheim,D1,2023,12/05/2024,A,0,6,0.0,5.0,A,9.0,12.0,1.0,7.0,2.0,3.0,9.0,3.0,3.0,0.0,0.0,0.0
Bayern Munich,Wolfsburg,D1,2023,12/05/2024,H,2,0,2.0,0.0,H,5.0,5.0,3.0,2.0,4.0,0.0,7.0,8.0,0.0,2.0,0.0,0.0
Bochum,Leverkusen,D1,2023,12/05/2024,A,0,5,0.0,2.0,A,2.0,28.0,0.0,10.0,2.0,6.0,5.0,10.0,2.0,1.0,1.0,0.0
Dortmund,Darmstadt,D1,2023,18/05/2024,H,4,0,2.0,0.0,H,21.0,7.0,10.0,1.0,7.0,3.0,4.0,10.0,0.0,3.0,0.0,0.0
Ein Frankfurt,RB Leipzig,D1,2023,18/05/2024,D,2,2,0.0,1.0,A,19.0,9.0,6.0,5.0,8.0,3.0,10.0,11.0,2.0,2.0,0.0,0.0
Heidenheim,FC Koln,D1,2023,18/05/2024,H,4,1,3.0,0.0,H,13.0,19.0,7.0,9.0,5.0,12.0,9.0,20.0,1.0,3.0,0.0,0.0
Hoffenheim,Bayern Munich,D1,2023,18/05/2024,H,4,2,1.0,2.0,A,17.0,12.0,9.0,4.0,6.0,5.0,7.0,9.0,3.0,1.0,0.0,0.0
Leverkusen,Augsburg,D1,2023,18/05/2024,H,2,1,2.0,0.0,H,19.0,8.0,8.0,2.0,5.0,4.0,6.0,7.0,0.0,1.0,0.0,0.0
Stuttgart,M'gladbach,D1,2023,18/05/2024,H,4,0,2.0,0.0,H,21.0,13.0,11.0,5.0,8.0,4.0,4.0,9.0,1.0,2.0,0.0,0.0
Union Berlin,Freiburg,D1,2023,18/05/2024,H,2,1,0.0,0.0,D,14.0,11.0,5.0,5.0,3.0,7.0,14.0,9.0,7.0,4.0,0.0,0.0
Werder Bremen,Bochum,D1,2023,18/05/2024,H,4,1,1.0,0.0,H,25.0,26.0,12.0,8.0,8.0,8.0,12.0,12.0,1.0,1.0,0.0,0.0
Wolfsburg,Mainz,D1,2023,18/05/2024,A,1,3,1.0,1.0,D,12.0,12.0,4.0,6.0,1.0,3.0,13.0,15.0,2.0,3.0,0.0,0.0
M'gladbach,Leverkusen,D1,2024,23/08/2024,A,2,3,0.0,2.0,A,14.0,25.0,7.0,9.0,2.0,4.0,11.0,7.0,1.0,0.0,0.0,0.0
Augsburg,Werder Bremen,D1,2024,24/08/2024,D,2,2,2.0,1.0,H,10.0,12.0,3.0,6.0,4.0,2.0,11.0,10.0,3.0,1.0,0.0,0.0
Freiburg,Stuttgart,D1,2024,24/08/2024,H,3,1,1.0,1.0,D,15.0,9.0,4.0,2.0,6.0,3.0,7.0,10.0,2.0,1.0,0.0,0.0
Hoffenheim,Holstein Kiel,D1,2024,24/08/2024,H,3,2,2.0,0.0,H,20.0,15.0,8.0,6.0,8.0,6.0,8.0,14.0,2.0,3.0,0.0,1.0
Mainz,Union Berlin,D1,2024,24/08/2024,D,1,1,0.0,0.0,D,15.0,15.0,3.0,4.0,8.0,9.0,9.0,15.0,1.0,3.0,0.0,0.0
RB Leipzig,Bochum,D1,2024,24/08/2024,H,1,0,0.0,0.0,D,12.0,10.0,3.0,4.0,9.0,3.0,9.0,17.0,1.0,3.0,1.0,0.0
Dortmund,Ein Frankfurt,D1,2024,24/08/2024,H,2,0,0.0,0.0,D,17.0,7.0,5.0,2.0,7.0,7.0,6.0,3.0,0.0,1.0,0.0,0.0
Wolfsburg,Bayern Munich,D1,2024,25/08/2024,A,2,3,0.0,1.0,A,11.0,14.0,2.0,8.0,1.0,7.0,13.0,11.0,2.0,3.0,0.0,0.0
St Pauli,Heidenheim,D1,2024,25/08/2024,A,0,2,0.0,0.0,D,11.0,6.0,3.0,3.0,4.0,2.0,10.0,15.0,2.0,3.0,0.0,0.0
Union Berlin,St Pauli,D1,2024,30/08/2024,H,1,0,1.0,0.0,H,10.0,8.0,5.0,2.0,5.0,4.0,10.0,11.0,3.0,1.0,0.0,0.0
Bochum,M'gladbach,D1,2024,31/08/2024,A,0,2,0.0,0.0,D,16.0,15.0,4.0,6.0,3.0,4.0,9.0,10.0,1.0,0.0,0.0,0.0
Ein Frankfurt,Hoffenheim,D1,2024,31/08/2024,H,3,1,2.0,0.0,H,17.0,10.0,7.0,3.0,1.0,4.0,10.0,10.0,0.0,3.0,0.0,0.0
Holstein Kiel,Wolfsburg,D1,2024,31/08/2024,A,0,2,0.0,2.0,A,12.0,12.0,5.0,4.0,1.0,7.0,17.0,14.0,4.0,7.0,0.0,0.0
Stuttgart,Mainz,D1,2024,31/08/2024,D,3,3,2.0,1.0,H,28.0,9.0,13.0,7.0,11.0,2.0,6.0,12.0,4.0,2.0,0.0,0.0
Werder Bremen,Dortmund,D1,2024,31/08/2024,D,0,0,0.0,0.0,D,5.0,9.0,1.0,4.0,5.0,6.0,11.0,16.0,2.0,7.0,0.0,1.0
Leverkusen,RB Leipzig,D1,2024,31/08/2024,A,2,3,2.0,1.0,H,27.0,10.0,10.0,4.0,18.0,2.0,7.0,8.0,3.0,1.0,0.0,0.0
Heidenheim,Augsburg,D1,2024,01/09/2024,H,4,0,2.0,0.0,H,17.0,15.0,9.0,1.0,5.0,6.0,15.0,11.0,0.0,3.0,0.0,0.0
Bayern Munich,Freiburg,D1,2024,01/09/2024,H,2,0,1.0,0.0,H,11.0,8.0,4.0,4.0,2.0,4.0,13.0,12.0,1.0,0.0,0.0,0.0
Dortmund,Heidenheim,D1,2024,13/09/2024,H,4,2,3.0,1.0,H,13.0,11.0,7.0,4.0,8.0,1.0,13.0,18.0,2.0,2.0,0.0,0.0
Freiburg,Bochum,D1,2024,14/09/2024,H,2,1,0.0,1.0,A,27.0,13.0,9.0,2.0,5.0,6.0,5.0,16.0,0.0,3.0,0.0,0.0
Hoffenheim,Leverkusen,D1,2024,14/09/2024,A,1,4,1.0,2.0,A,14.0,20.0,5.0,8.0,4.0,12.0,9.0,10.0,2.0,2.0,0.0,0.0
M'gladbach,Stuttgart,D1,2024,14/09/2024,A,1,3,1.0,1.0,D,15.0,12.0,7.0,7.0,6.0,2.0,14.0,12.0,2.0,2.0,0.0,0.0
RB Leipzig,Union Berlin,D1,2024,14/09/2024,D,0,0,0.0,0.0,D,16.0,11.0,3.0,3.0,6.0,5.0,9.0,19.0,2.0,3.0,0.0,0.0
Wolfsburg,Ein Frankfurt,D1,2024,14/09/2024,A,1,2,0.0,1.0,A,17.0,15.0,4.0,7.0,5.0,4.0,7.0,18.0,1.0,2.0,0.0,0.0
Holstein Kiel,Bayern Munich,D1,2024,14/09/2024,A,1,6,0.0,4.0,A,5.0,23.0,1.0,13.0,2.0,10.0,12.0,11.0,0.0,1.0,0.0,0.0
Augsburg,St Pauli,D1,2024,15/09/2024,H,3,1,0.0,0.0,D,18.0,12.0,10.0,3.0,7.0,7.0,12.0,10.0,4.0,3.0,0.0,0.0
Mainz,Werder Bremen,D1,2024,15/09/2024,A,1,2,1.0,1.0,D,11.0,11.0,5.0,5.0,10.0,4.0,12.0,7.0,3.0,1.0,0.0,1.0
Augsburg,Mainz,D1,2024,20/09/2024,A,2,3,1.0,2.0,A,30.0,5.0,9.0,3.0,14.0,1.0,7.0,12.0,3.0,5.0,1.0,1.0
Bochum,Holstein Kiel,D1,2024,21/09/2024,D,2,2,2.0,1.0,H,14.0,13.0,3.0,4.0,2.0,5.0,20.0,9.0,4.0,1.0,0.0,0.0
Heidenheim,Freiburg,D1,2024,21/09/2024,A,0,3,0.0,0.0,D,7.0,14.0,2.0,5.0,3.0,9.0,6.0,7.0,1.0,1.0,0.0,0.0
Union Berlin,Hoffenheim,D1,2024,21/09/2024,H,2,1,2.0,0.0,H,12.0,6.0,2.0,3.0,5.0,5.0,17.0,18.0,3.0,3.0,0.0,0.0
Werder Bremen,Bayern Munich,D1,2024,21/09/2024,A,0,5,0.0,2.0,A,0.0,25.0,0.0,7.0,1.0,4.0,4.0,13.0,0.0,3.0,0.0,0.0
Ein Frankfurt,M'gladbach,D1,2024,21/09/2024,H,2,0,1.0,0.0,H,14.0,22.0,4.0,7.0,8.0,5.0,10.0,12.0,1.0,1.0,0.0,0.0
Leverkusen,Wolfsburg,D1,2024,22/09/2024,H,4,3,2.0,3.0,A,20.0,8.0,7.0,4.0,6.0,2.0,6.0,14.0,4.0,5.0,0.0,1.0
Stuttgart,Dortmund,D1,2024,22/09/2024,H,5,1,2.0,0.0,H,16.0,6.0,9.0,3.0,6.0,4.0,10.0,6.0,1.0,3.0,0.0,0.0
St Pauli,RB Leipzig,D1,2024,22/09/2024,D,0,0,0.0,0.0,D,15.0,10.0,4.0,5.0,3.0,1.0,6.0,9.0,2.0,1.0,0.0,0.0
Dortmund,Bochum,D1,2024,27/09/2024,H,4,2,1.0,2.0,A,23.0,10.0,8.0,6.0,11.0,0.0,12.0,9.0,2.0,0.0,0.0,0.0
Freiburg,St Pauli,D1,2024,28/09/2024,A,0,3,0.0,2.0,A,6.0,10.0,2.0,4.0,4.0,2.0,7.0,18.0,3.0,3.0,0.0,0.0
Mainz,Heidenheim,D1,2024,28/09/2024,A,0,2,0.0,1.0,A,7.0,14.0,2.0,7.0,7.0,6.0,10.0,10.0,4.0,4.0,1.0,1.0
M'gladbach,Union Berlin,D1,2024,28/09/2024,H,1,0,0.0,0.0,D,8.0,9.0,3.0,3.0,2.0,4.0,10.0,12.0,3.0,1.0,0.0,0.0
RB Leipzig,Augsburg,D1,2024,28/09/2024,H,4,0,2.0,0.0,H,14.0,7.0,7.0,1.0,8.0,5.0,9.0,13.0,1.0,2.0,0.0,0.0
Wolfsburg,Stuttgart,D1,2024,28/09/2024,D,2,2,1.0,1.0,D,5.0,17.0,2.0,5.0,1.0,3.0,20.0,10.0,5.0,2.0,0.0,1.0
Bayern Munich,Leverkusen,D1,2024,28/09/2024,D,1,1,1.0,1.0,D,18.0,3.0,3.0,3.0,6.0,1.0,11.0,15.0,1.0,3.0,0.0,0.0
Holstein Kiel,Ein Frankfurt,D1,2024,29/09/2024,A,2,4,1.0,1.0,D,10.0,18.0,5.0,10.0,4.0,9.0,12.0,13.0,1.0,3.0,0.0,0.0
Hoffenheim,Werder Bremen,D1,2024,29/09/2024,A,3,4,3.0,3.0,D,10.0,18.0,5.0,10.0,2.0,6.0,12.0,19.0,3.0,3.0,1.0,0.0
Augsburg,M'gladbach,D1,2024,04/10/2024,H,2,1,1.0,0.0,H,13.0,11.0,5.0,5.0,6.0,5.0,13.0,15.0,2.0,4.0,0.0,0.0
Bochum,Wolfsburg,D1,2024,05/10/2024,A,1,3,0.0,2.0,A,17.0,15.0,5.0,5.0,7.0,6.0,11.0,12.0,1.0,2.0,0.0,0.0
Leverkusen,Holstein Kiel,D1,2024,05/10/2024,D,2,2,2.0,1.0,H,24.0,8.0,7.0,4.0,12.0,3.0,5.0,9.0,2.0,2.0,0.0,0.0
Union Berlin,Dortmund,D1,2024,05/10/2024,H,2,1,2.0,0.0,H,13.0,9.0,5.0,5.0,3.0,3.0,15.0,17.0,4.0,4.0,0.0,0.0
Werder Bremen,Freiburg,D1,2024,05/10/2024,A,0,1,0.0,0.0,D,11.0,13.0,3.0,3.0,7.0,5.0,7.0,9.0,1.0,2.0,0.0,0.0
St Pauli,Mainz,D1,2024,05/10/2024,A,0,3,0.0,2.0,A,17.0,8.0,4.0,4.0,2.0,2.0,12.0,16.0,0.0,3.0,0.0,0.0
Heidenheim,RB Leipzig,D1,2024,06/10/2024,A,0,1,0.0,0.0,D,15.0,12.0,4.0,2.0,3.0,2.0,12.0,13.0,2.0,2.0,0.0,0.0
Ein Frankfurt,Bayern Munich,D1,2024,06/10/2024,D,3,3,2.0,2.0,D,5.0,22.0,4.0,13.0,0.0,11.0,10.0,6.0,1.0,1.0,0.0,0.0
Stuttgart,Hoffenheim,D1,2024,06/10/2024,D,1,1,0.0,1.0,A,18.0,7.0,7.0,5.0,10.0,5.0,10.0,7.0,1.0,4.0,0.0,0.0
Dortmund,St Pauli,D1,2024,18/10/2024,H,2,1,1.0,0.0,H,20.0,10.0,7.0,3.0,7.0,1.0,8.0,7.0,2.0,1.0,0.0,0.0
Freiburg,Augsburg,D1,2024,19/10/2024,H,3,1,3.0,0.0,H,15.0,9.0,6.0,3.0,5.0,4.0,11.0,7.0,1.0,1.0,0.0,0.0
Hoffenheim,Bochum,D1,2024,19/10/2024,H,3,1,1.0,0.0,H,12.0,13.0,7.0,4.0,4.0,2.0,10.0,12.0,1.0,1.0,0.0,0.0
Leverkusen,Ein Frankfurt,D1,2024,19/10/2024,H,2,1,1.0,1.0,D,27.0,9.0,9.0,2.0,8.0,3.0,9.0,5.0,2.0,1.0,0.0,0.0
Mainz,RB Leipzig,D1,2024,19/10/2024,A,0,2,0.0,2.0,A,16.0,11.0,2.0,5.0,5.0,3.0,12.0,15.0,1.0,3.0,0.0,0.0
M'gladbach,Heidenheim,D1,2024,19/10/2024,H,3,2,1.0,1.0,D,20.0,19.0,10.0,6.0,6.0,3.0,15.0,9.0,3.0,3.0,0.0,0.0
Bayern Munich,Stuttgart,D1,2024,19/10/2024,H,4,0,0.0,0.0,D,22.0,4.0,10.0,1.0,7.0,3.0,6.0,10.0,0.0,2.0,0.0,0.0
Holstein Kiel,Union Berlin,D1,2024,20/10/2024,A,0,2,0.0,1.0,A,12.0,14.0,5.0,4.0,7.0,3.0,8.0,11.0,2.0,1.0,0.0,0.0
Wolfsburg,Werder Bremen,D1,2024,20/10/2024,A,2,4,1.0,1.0,D,14.0,15.0,6.0,7.0,4.0,4.0,15.0,9.0,1.0,1.0,1.0,0.0
Mainz,M'gladbach,D1,2024,25/10/2024,D,1,1,0.0,0.0,D,23.0,9.0,6.0,5.0,2.0,4.0,16.0,16.0,3.0,2.0,0.0,0.0
Augsburg,Dortmund,D1,2024,26/10/2024,H,2,1,1.0,1.0,D,12.0,11.0,4.0,4.0,3.0,5.0,13.0,10.0,3.0,3.0,0.0,1.0
RB Leipzig,Freiburg,D1,2024,26/10/2024,H,3,1,0.0,1.0,A,12.0,15.0,9.0,5.0,3.0,3.0,9.0,7.0,3.0,2.0,0.0,0.0
St Pauli,Wolfsburg,D1,2024,26/10/2024,D,0,0,0.0,0.0,D,14.0,10.0,5.0,4.0,7.0,6.0,9.0,12.0,0.0,3.0,0.0,0.0
Stuttgart,Holstein Kiel,D1,2024,26/10/2024,H,2,1,1.0,0.0,H,16.0,9.0,6.0,3.0,9.0,5.0,6.0,17.0,3.0,6.0,1.0,1.0
Werder Bremen,Leverkusen,D1,2024,26/10/2024,D,2,2,0.0,1.0,A,13.0,15.0,8.0,6.0,3.0,5.0,9.0,11.0,1.0,1.0,0.0,0.0
Bochum,Bayern Munich,D1,2024,27/10/2024,A,0,5,0.0,2.0,A,6.0,17.0,2.0,9.0,2.0,5.0,15.0,6.0,1.0,1.0,0.0,0.0
Union Berlin,Ein Frankfurt,D1,2024,27/10/2024,D,1,1,0.0,1.0,A,13.0,17.0,4.0,5.0,4.0,5.0,13.0,7.0,5.0,3.0,0.0,1.0
Heidenheim,Hoffenheim,D1,2024,27/10/2024,D,0,0,0.0,0.0,D,17.0,12.0,3.0,4.0,7.0,3.0,12.0,16.0,1.0,2.0,0.0,0.0
Leverkusen,Stuttgart,D1,2024,01/11/2024,D,0,0,0.0,0.0,D,19.0,4.0,5.0,1.0,10.0,2.0,13.0,14.0,3.0,4.0,0.0,0.0
Bayern Munich,Union Berlin,D1,2024,02/11/2024,H,3,0,2.0,0.0,H,16.0,8.0,7.0,1.0,7.0,4.0,2.0,9.0,0.0,2.0,0.0,0.0
Ein Frankfurt,Bochum,D1,2024,02/11/2024,H,7,2,4.0,1.0,H,18.0,11.0,9.0,8.0,5.0,2.0,6.0,15.0,1.0,2.0,0.0,0.0
Hoffenheim,St Pauli,D1,2024,02/11/2024,A,0,2,0.0,1.0,A,12.0,7.0,6.0,3.0,7.0,2.0,10.0,10.0,0.0,2.0,0.0,0.0
Holstein Kiel,Heidenheim,D1,2024,02/11/2024,H,1,0,1.0,0.0,H,11.0,17.0,6.0,4.0,5.0,6.0,16.0,14.0,4.0,5.0,0.0,0.0
Wolfsburg,Augsburg,D1,2024,02/11/2024,D,1,1,0.0,1.0,A,18.0,3.0,6.0,1.0,8.0,1.0,7.0,14.0,1.0,3.0,0.0,0.0
Dortmund,RB Leipzig,D1,2024,02/11/2024,H,2,1,1.0,1.0,D,19.0,7.0,7.0,3.0,4.0,0.0,11.0,12.0,3.0,4.0,0.0,0.0
Freiburg,Mainz,D1,2024,03/11/2024,D,0,0,0.0,0.0,D,10.0,9.0,2.0,2.0,8.0,4.0,9.0,12.0,1.0,2.0,0.0,0.0
M'gladbach,Werder Bremen,D1,2024,03/11/2024,H,4,1,3.0,0.0,H,16.0,15.0,8.0,5.0,7.0,7.0,12.0,10.0,1.0,4.0,0.0,1.0
Union Berlin,Freiburg,D1,2024,08/11/2024,D,0,0,0.0,0.0,D,12.0,14.0,6.0,4.0,4.0,1.0,11.0,8.0,2.0,0.0,0.0,0.0
Bochum,Leverkusen,D1,2024,09/11/2024,D,1,1,0.0,1.0,A,15.0,11.0,3.0,3.0,6.0,4.0,10.0,9.0,0.0,1.0,0.0,0.0
Mainz,Dortmund,D1,2024,09/11/2024,H,3,1,2.0,1.0,H,13.0,2.0,9.0,1.0,8.0,0.0,17.0,5.0,3.0,1.0,0.0,1.0
St Pauli,Bayern Munich,D1,2024,09/11/2024,A,0,1,0.0,1.0,A,3.0,13.0,0.0,6.0,5.0,10.0,10.0,7.0,2.0,2.0,0.0,0.0
Werder Bremen,Holstein Kiel,D1,2024,09/11/2024,H,2,1,1.0,0.0,H,16.0,12.0,5.0,5.0,6.0,3.0,10.0,19.0,3.0,2.0,0.0,0.0
RB Leipzig,M'gladbach,D1,2024,09/11/2024,D,0,0,0.0,0.0,D,11.0,14.0,4.0,4.0,8.0,4.0,14.0,7.0,2.0,2.0,0.0,0.0
Augsburg,Hoffenheim,D1,2024,10/11/2024,D,0,0,0.0,0.0,D,16.0,11.0,4.0,2.0,10.0,6.0,16.0,7.0,2.0,3.0,0.0,0.0
Stuttgart,Ein Frankfurt,D1,2024,10/11/2024,A,2,3,0.0,1.0,A,22.0,8.0,11.0,5.0,8.0,3.0,10.0,15.0,2.0,3.0,0.0,0.0
Heidenheim,Wolfsburg,D1,2024,10/11/2024,A,1,3,0.0,2.0,A,19.0,13.0,4.0,6.0,5.0,5.0,9.0,23.0,1.0,6.0,0.0,0.0
Bayern Munich,Augsburg,D1,2024,22/11/2024,H,3,0,0.0,0.0,D,33.0,2.0,14.0,1.0,8.0,0.0,9.0,9.0,0.0,2.0,0.0,1.0
Dortmund,Freiburg,D1,2024,23/11/2024,H,4,0,2.0,0.0,H,19.0,7.0,7.0,3.0,7.0,0.0,11.0,4.0,1.0,2.0,0.0,2.0
Hoffenheim,RB Leipzig,D1,2024,23/11/2024,H,4,3,1.0,2.0,A,20.0,14.0,7.0,6.0,4.0,3.0,14.0,12.0,2.0,1.0,0.0,0.0
Leverkusen,Heidenheim,D1,2024,23/11/2024,H,5,2,2.0,2.0,D,20.0,6.0,10.0,3.0,6.0,0.0,8.0,11.0,0.0,0.0,0.0,0.0
Stuttgart,Bochum,D1,2024,23/11/2024,H,2,0,0.0,0.0,D,15.0,9.0,5.0,2.0,7.0,4.0,7.0,16.0,2.0,3.0,0.0,0.0
Wolfsburg,Union Berlin,D1,2024,23/11/2024,H,1,0,0.0,0.0,D,10.0,11.0,5.0,4.0,8.0,5.0,7.0,15.0,1.0,2.0,0.0,0.0
Ein Frankfurt,Werder Bremen,D1,2024,23/11/2024,H,1,0,1.0,0.0,H,15.0,8.0,5.0,1.0,5.0,6.0,15.0,9.0,2.0,2.0,0.0,0.0
Holstein Kiel,Mainz,D1,2024,24/11/2024,A,0,3,0.0,2.0,A,7.0,18.0,2.0,7.0,2.0,6.0,11.0,7.0,1.0,0.0,0.0,0.0
M'gladbach,St Pauli,D1,2024,24/11/2024,H,2,0,2.0,0.0,H,15.0,15.0,4.0,3.0,5.0,4.0,7.0,8.0,1.0,0.0,0.0,0.0
St Pauli,Holstein Kiel,D1,2024,29/11/2024,H,3,1,1.0,0.0,H,11.0,10.0,4.0,3.0,4.0,4.0,10.0,11.0,2.0,5.0,0.0,0.0
Augsburg,Bochum,D1,2024,30/11/2024,H,1,0,1.0,0.0,H,16.0,7.0,4.0,1.0,6.0,1.0,8.0,22.0,3.0,3.0,0.0,0.0
Freiburg,M'gladbach,D1,2024,30/11/2024,H,3,1,1.0,0.0,H,17.0,15.0,7.0,4.0,4.0,6.0,5.0,14.0,1.0,1.0,0.0,0.0
RB Leipzig,Wolfsburg,D1,2024,30/11/2024,A,1,5,0.0,3.0,A,9.0,13.0,4.0,8.0,7.0,3.0,11.0,6.0,2.0,1.0,0.0,0.0
Union Berlin,Leverkusen,D1,2024,30/11/2024,A,1,2,1.0,1.0,D,8.0,8.0,2.0,3.0,1.0,3.0,18.0,11.0,4.0,2.0,0.0,0.0
Werder Bremen,Stuttgart,D1,2024,30/11/2024,D,2,2,1.0,1.0,D,20.0,10.0,6.0,4.0,11.0,2.0,8.0,13.0,1.0,1.0,0.0,0.0
Dortmund,Bayern Munich,D1,2024,30/11/2024,D,1,1,1.0,0.0,H,7.0,14.0,2.0,5.0,2.0,3.0,11.0,7.0,2.0,2.0,0.0,0.0
Mainz,Hoffenheim,D1,2024,01/12/2024,H,2,0,2.0,0.0,H,18.0,10.0,8.0,2.0,8.0,3.0,13.0,12.0,1.0,3.0,0.0,0.0
Heidenheim,Ein Frankfurt,D1,2024,01/12/2024,A,0,4,0.0,1.0,A,8.0,14.0,1.0,8.0,6.0,5.0,7.0,9.0,0.0,2.0,0.0,0.0
Stuttgart,Union Berlin,D1,2024,06/12/2024,H,3,2,0.0,1.0,A,7.0,14.0,5.0,3.0,1.0,6.0,14.0,19.0,1.0,6.0,0.0,0.0
Bayern Munich,Heidenheim,D1,2024,07/12/2024,H,4,2,1.0,0.0,H,21.0,2.0,10.0,2.0,8.0,0.0,4.0,5.0,1.0,0.0,0.0,0.0
Bochum,Werder Bremen,D1,2024,07/12/2024,A,0,1,0.0,0.0,D,12.0,9.0,2.0,1.0,9.0,5.0,12.0,10.0,1.0,1.0,0.0,0.0
Ein Frankfurt,Augsburg,D1,2024,07/12/2024,D,2,2,0.0,0.0,D,16.0,8.0,4.0,3.0,4.0,0.0,17.0,9.0,2.0,2.0,0.0,0.0
Holstein Kiel,RB Leipzig,D1,2024,07/12/2024,A,0,2,0.0,1.0,A,17.0,9.0,5.0,5.0,6.0,1.0,11.0,13.0,4.0,3.0,0.0,0.0
Leverkusen,St Pauli,D1,2024,07/12/2024,H,2,1,2.0,0.0,H,6.0,12.0,2.0,4.0,7.0,4.0,8.0,10.0,1.0,3.0,0.0,0.0
M'gladbach,Dortmund,D1,2024,07/12/2024,D,1,1,0.0,0.0,D,9.0,16.0,3.0,3.0,7.0,4.0,16.0,11.0,3.0,2.0,1.0,0.0
Wolfsburg,Mainz,D1,2024,08/12/2024,H,4,3,1.0,2.0,A,10.0,12.0,5.0,5.0,3.0,5.0,10.0,15.0,3.0,4.0,0.0,0.0
Hoffenheim,Freiburg,D1,2024,08/12/2024,D,1,1,0.0,0.0,D,15.0,11.0,5.0,4.0,6.0,1.0,10.0,5.0,1.0,1.0,0.0,0.0
Freiburg,Wolfsburg,D1,2024,13/12/2024,H,3,2,1.0,0.0,H,18.0,20.0,9.0,5.0,5.0,6.0,11.0,3.0,4.0,1.0,0.0,0.0
Augsburg,Leverkusen,D1,2024,14/12/2024,A,0,2,0.0,2.0,A,8.0,14.0,4.0,3.0,4.0,9.0,12.0,5.0,3.0,0.0,0.0,0.0
Mainz,Bayern Munich,D1,2024,14/12/2024,H,2,1,1.0,0.0,H,8.0,13.0,4.0,1.0,3.0,2.0,21.0,12.0,3.0,2.0,0.0,0.0
M'gladbach,Holstein Kiel,D1,2024,14/12/2024,H,4,1,3.0,1.0,H,15.0,11.0,6.0,3.0,5.0,2.0,10.0,14.0,1.0,1.0,0.0,0.0
St Pauli,Werder Bremen,D1,2024,14/12/2024,A,0,2,0.0,1.0,A,15.0,8.0,4.0,4.0,4.0,5.0,10.0,9.0,2.0,3.0,0.0,0.0
Heidenheim,Stuttgart,D1,2024,15/12/2024,A,1,3,1.0,2.0,A,9.0,18.0,2.0,7.0,9.0,6.0,25.0,13.0,4.0,3.0,0.0,0.0
Dortmund,Hoffenheim,D1,2024,15/12/2024,D,1,1,0.0,0.0,D,6.0,12.0,2.0,1.0,3.0,9.0,9.0,10.0,5.0,2.0,0.0,0.0
RB Leipzig,Ein Frankfurt,D1,2024,15/12/2024,H,2,1,1.0,1.0,D,19.0,16.0,9.0,3.0,6.0,7.0,15.0,10.0,1.0,3.0,0.0,0.0
Bayern Munich,RB Leipzig,D1,2024,20/12/2024,H,5,1,3.0,1.0,H,22.0,4.0,9.0,1.0,8.0,1.0,9.0,10.0,5.0,2.0,0.0,0.0
Ein Frankfurt,Mainz,D1,2024,21/12/2024,A,1,3,0.0,2.0,A,34.0,9.0,9.0,3.0,17.0,2.0,10.0,10.0,1.0,1.0,0.0,1.0
Hoffenheim,M'gladbach,D1,2024,21/12/2024,A,1,2,0.0,1.0,A,18.0,5.0,8.0,3.0,8.0,4.0,14.0,6.0,0.0,0.0,0.0,0.0
Holstein Kiel,Augsburg,D1,2024,21/12/2024,H,5,1,4.0,1.0,H,8.0,17.0,6.0,4.0,3.0,8.0,11.0,13.0,0.0,4.0,0.0,0.0
Stuttgart,St Pauli,D1,2024,21/12/2024,A,0,1,0.0,1.0,A,25.0,11.0,5.0,5.0,9.0,1.0,10.0,11.0,2.0,2.0,0.0,0.0
Werder Bremen,Union Berlin,D1,2024,21/12/2024,H,4,1,3.0,1.0,H,11.0,16.0,6.0,4.0,4.0,9.0,9.0,12.0,2.0,2.0,0.0,0.0
Leverkusen,Freiburg,D1,2024,21/12/2024,H,5,1,1.0,0.0,H,20.0,8.0,12.0,2.0,4.0,2.0,8.0,9.0,1.0,2.0,0.0,0.0
Bochum,Heidenheim,D1,2024,22/12/2024,H,2,0,2.0,0.0,H,14.0,10.0,4.0,2.0,5.0,2.0,18.0,15.0,2.0,7.0,0.0,0.0
Wolfsburg,Dortmund,D1,2024,22/12/2024,A,1,3,0.0,3.0,A,14.0,12.0,5.0,4.0,10.0,4.0,8.0,8.0,3.0,2.0,0.0,1.0
Dortmund,Leverkusen,D1,2024,10/01/2025,A,2,3,1.0,3.0,A,12.0,7.0,5.0,5.0,6.0,1.0,8.0,6.0,1.0,2.0,0.0,0.0
Freiburg,Holstein Kiel,D1,2024,11/01/2025,H,3,2,2.0,0.0,H,14.0,14.0,5.0,7.0,7.0,1.0,9.0,12.0,2.0,3.0,0.0,0.0
Heidenheim,Union Berlin,D1,2024,11/01/2025,H,2,0,1.0,0.0,H,16.0,10.0,9.0,6.0,5.0,4.0,8.0,10.0,0.0,1.0,0.0,1.0
Hoffenheim,Wolfsburg,D1,2024,11/01/2025,A,0,1,0.0,1.0,A,15.0,12.0,2.0,3.0,4.0,8.0,15.0,14.0,1.0,2.0,0.0,0.0
Mainz,Bochum,D1,2024,11/01/2025,H,2,0,1.0,0.0,H,10.0,11.0,5.0,2.0,5.0,6.0,6.0,16.0,0.0,2.0,0.0,0.0
St Pauli,Ein Frankfurt,D1,2024,11/01/2025,A,0,1,0.0,1.0,A,18.0,14.0,4.0,6.0,3.0,3.0,8.0,7.0,0.0,3.0,0.0,0.0
M'gladbach,Bayern Munich,D1,2024,11/01/2025,A,0,1,0.0,0.0,D,5.0,23.0,0.0,10.0,4.0,10.0,10.0,7.0,3.0,1.0,0.0,0.0
RB Leipzig,Werder Bremen,D1,2024,12/01/2025,H,4,2,2.0,1.0,H,18.0,7.0,7.0,2.0,4.0,1.0,7.0,12.0,1.0,1.0,0.0,0.0
Augsburg,Stuttgart,D1,2024,12/01/2025,A,0,1,0.0,0.0,D,8.0,13.0,2.0,5.0,3.0,9.0,11.0,14.0,5.0,1.0,0.0,0.0
Holstein Kiel,Dortmund,D1,2024,14/01/2025,H,4,2,3.0,0.0,H,11.0,16.0,7.0,4.0,1.0,9.0,13.0,11.0,2.0,2.0,1.0,0.0
Ein Frankfurt,Freiburg,D1,2024,14/01/2025,H,4,1,1.0,1.0,D,23.0,7.0,8.0,5.0,8.0,1.0,8.0,11.0,1.0,1.0,0.0,0.0
Leverkusen,Mainz,D1,2024,14/01/2025,H,1,0,0.0,0.0,D,20.0,7.0,9.0,4.0,8.0,4.0,4.0,14.0,2.0,3.0,0.0,0.0
Wolfsburg,M'gladbach,D1,2024,14/01/2025,H,5,1,1.0,0.0,H,16.0,9.0,5.0,5.0,4.0,7.0,10.0,7.0,1.0,0.0,0.0,0.0
Bochum,St Pauli,D1,2024,15/01/2025,H,1,0,0.0,0.0,D,13.0,12.0,5.0,1.0,6.0,7.0,7.0,15.0,1.0,3.0,0.0,1.0
Bayern Munich,Hoffenheim,D1,2024,15/01/2025,H,5,0,3.0,0.0,H,25.0,5.0,10.0,2.0,13.0,1.0,8.0,10.0,1.0,1.0,0.0,0.0
Stuttgart,RB Leipzig,D1,2024,15/01/2025,H,2,1,0.0,1.0,A,14.0,6.0,6.0,3.0,5.0,0.0,10.0,19.0,2.0,7.0,0.0,2.0
Union Berlin,Augsburg,D1,2024,15/01/2025,A,0,2,0.0,2.0,A,13.0,11.0,2.0,5.0,7.0,4.0,15.0,9.0,1.0,2.0,0.0,0.0
Werder Bremen,Heidenheim,D1,2024,15/01/2025,D,3,3,1.0,1.0,D,12.0,14.0,5.0,5.0,4.0,2.0,10.0,15.0,5.0,3.0,0.0,0.0
Ein Frankfurt,Dortmund,D1,2024,17/01/2025,H,2,0,1.0,0.0,H,13.0,12.0,5.0,3.0,5.0,7.0,8.0,6.0,0.0,2.0,0.0,0.0
Bayern Munich,Wolfsburg,D1,2024,18/01/2025,H,3,2,2.0,1.0,H,25.0,7.0,10.0,3.0,6.0,2.0,10.0,9.0,2.0,3.0,0.0,0.0
Bochum,RB Leipzig,D1,2024,18/01/2025,D,3,3,0.0,3.0,A,14.0,11.0,3.0,3.0,6.0,3.0,14.0,7.0,4.0,0.0,0.0,0.0
Heidenheim,St Pauli,D1,2024,18/01/2025,A,0,2,0.0,1.0,A,8.0,7.0,1.0,4.0,4.0,4.0,11.0,17.0,1.0,2.0,0.0,0.0
Holstein Kiel,Hoffenheim,D1,2024,18/01/2025,A,1,3,0.0,2.0,A,12.0,11.0,3.0,6.0,4.0,3.0,13.0,14.0,2.0,1.0,0.0,0.0
Stuttgart,Freiburg,D1,2024,18/01/2025,H,4,0,3.0,0.0,H,12.0,4.0,7.0,0.0,4.0,1.0,8.0,12.0,5.0,3.0,0.0,0.0
Leverkusen,M'gladbach,D1,2024,18/01/2025,H,3,1,1.0,0.0,H,10.0,7.0,5.0,4.0,7.0,6.0,12.0,10.0,0.0,2.0,0.0,0.0
Union Berlin,Mainz,D1,2024,19/01/2025,H,2,1,2.0,1.0,H,12.0,9.0,4.0,1.0,2.0,2.0,12.0,10.0,2.0,2.0,0.0,0.0
Werder Bremen,Augsburg,D1,2024,19/01/2025,A,0,2,0.0,2.0,A,20.0,9.0,2.0,4.0,6.0,2.0,8.0,14.0,1.0,2.0,0.0,0.0
Wolfsburg,Holstein Kiel,D1,2024,24/01/2025,D,2,2,0.0,1.0,A,22.0,5.0,5.0,2.0,10.0,3.0,9.0,10.0,2.0,4.0,0.0,0.0
Augsburg,Heidenheim,D1,2024,25/01/2025,H,2,1,1.0,0.0,H,11.0,11.0,7.0,6.0,6.0,4.0,8.0,9.0,1.0,0.0,0.0,0.0
Dortmund,Werder Bremen,D1,2024,25/01/2025,D,2,2,1.0,0.0,H,8.0,13.0,4.0,4.0,5.0,5.0,11.0,15.0,1.0,4.0,1.0,0.0
Freiburg,Bayern Munich,D1,2024,25/01/2025,A,1,2,0.0,1.0,A,7.0,7.0,2.0,3.0,2.0,4.0,15.0,9.0,4.0,2.0,0.0,0.0
Mainz,Stuttgart,D1,2024,25/01/2025,H,2,0,1.0,0.0,H,11.0,10.0,4.0,5.0,9.0,2.0,12.0,8.0,4.0,3.0,0.0,0.0
RB Leipzig,Leverkusen,D1,2024,25/01/2025,D,2,2,1.0,2.0,A,8.0,13.0,4.0,7.0,7.0,3.0,12.0,6.0,0.0,0.0,0.0,0.0
M'gladbach,Bochum,D1,2024,25/01/2025,H,3,0,1.0,0.0,H,16.0,10.0,6.0,4.0,8.0,7.0,6.0,15.0,1.0,3.0,0.0,0.0
Hoffenheim,Ein Frankfurt,D1,2024,26/01/2025,D,2,2,0.0,1.0,A,24.0,12.0,8.0,7.0,9.0,3.0,16.0,8.0,3.0,0.0,0.0,0.0
St Pauli,Union Berlin,D1,2024,26/01/2025,H,3,0,1.0,0.0,H,16.0,14.0,5.0,2.0,5.0,7.0,6.0,15.0,0.0,3.0,0.0,0.0
Werder Bremen,Mainz,D1,2024,31/01/2025,H,1,0,1.0,0.0,H,12.0,13.0,5.0,2.0,3.0,8.0,14.0,13.0,8.0,4.0,3.0,0.0
Bayern Munich,Holstein Kiel,D1,2024,01/02/2025,H,4,3,2.0,0.0,H,29.0,10.0,12.0,6.0,12.0,1.0,7.0,10.0,1.0,1.0,0.0,0.0
Bochum,Freiburg,D1,2024,01/02/2025,A,0,1,0.0,1.0,A,22.0,13.0,4.0,5.0,9.0,7.0,15.0,10.0,3.0,2.0,0.0,0.0
Heidenheim,Dortmund,D1,2024,01/02/2025,A,1,2,0.0,1.0,A,11.0,16.0,5.0,5.0,4.0,5.0,11.0,9.0,0.0,0.0,0.0,0.0
St Pauli,Augsburg,D1,2024,01/02/2025,D,1,1,1.0,0.0,H,5.0,2.0,1.0,1.0,3.0,1.0,16.0,18.0,1.0,3.0,0.0,0.0
Stuttgart,M'gladbach,D1,2024,01/02/2025,A,1,2,0.0,1.0,A,10.0,12.0,3.0,6.0,2.0,0.0,11.0,11.0,2.0,2.0,0.0,0.0
Union Berlin,RB Leipzig,D1,2024,01/02/2025,D,0,0,0.0,0.0,D,21.0,6.0,6.0,2.0,4.0,5.0,5.0,12.0,3.0,2.0,0.0,0.0
Ein Frankfurt,Wolfsburg,D1,2024,02/02/2025,D,1,1,0.0,0.0,D,16.0,11.0,4.0,2.0,9.0,1.0,8.0,8.0,1.0,3.0,0.0,0.0
Leverkusen,Hoffenheim,D1,2024,02/02/2025,H,3,1,2.0,0.0,H,9.0,16.0,5.0,7.0,3.0,3.0,14.0,7.0,4.0,3.0,1.0,0.0
Bayern Munich,Werder Bremen,D1,2024,07/02/2025,H,3,0,0.0,0.0,D,21.0,2.0,12.0,0.0,5.0,2.0,9.0,8.0,1.0,3.0,0.0,0.0
Dortmund,Stuttgart,D1,2024,08/02/2025,A,1,2,0.0,0.0,D,16.0,4.0,5.0,2.0,9.0,4.0,13.0,14.0,5.0,2.0,1.0,0.0
Freiburg,Heidenheim,D1,2024,08/02/2025,H,1,0,1.0,0.0,H,9.0,11.0,3.0,5.0,6.0,3.0,11.0,8.0,3.0,1.0,0.0,0.0
Hoffenheim,Union Berlin,D1,2024,08/02/2025,A,0,4,0.0,1.0,A,16.0,22.0,4.0,7.0,8.0,4.0,9.0,16.0,2.0,1.0,0.0,0.0
Mainz,Augsburg,D1,2024,08/02/2025,D,0,0,0.0,0.0,D,9.0,9.0,5.0,2.0,1.0,3.0,12.0,9.0,3.0,3.0,0.0,0.0
Wolfsburg,Leverkusen,D1,2024,08/02/2025,D,0,0,0.0,0.0,D,13.0,15.0,8.0,1.0,3.0,9.0,7.0,8.0,2.0,3.0,0.0,0.0
M'gladbach,Ein Frankfurt,D1,2024,08/02/2025,D,1,1,1.0,1.0,D,8.0,15.0,3.0,7.0,6.0,1.0,10.0,9.0,3.0,3.0,0.0,0.0
Holstein Kiel,Bochum,D1,2024,09/02/2025,D,2,2,1.0,2.0,A,10.0,21.0,3.0,6.0,3.0,5.0,11.0,17.0,2.0,2.0,0.0,0.0
RB Leipzig,St Pauli,D1,2024,09/02/2025,H,2,0,2.0,0.0,H,11.0,7.0,6.0,4.0,5.0,4.0,12.0,8.0,2.0,2.0,1.0,0.0
Augsburg,RB Leipzig,D1,2024,14/02/2025,D,0,0,0.0,0.0,D,11.0,14.0,2.0,4.0,8.0,9.0,12.0,12.0,2.0,1.0,0.0,0.0
Bochum,Dortmund,D1,2024,15/02/2025,H,2,0,2.0,0.0,H,18.0,17.0,9.0,2.0,2.0,8.0,12.0,4.0,1.0,0.0,0.0,0.0
St Pauli,Freiburg,D1,2024,15/02/2025,A,0,1,0.0,0.0,D,5.0,6.0,1.0,4.0,2.0,6.0,10.0,10.0,1.0,0.0,0.0,0.0
Stuttgart,Wolfsburg,D1,2024,15/02/2025,A,1,2,0.0,0.0,D,10.0,7.0,4.0,3.0,7.0,5.0,10.0,15.0,3.0,4.0,0.0,0.0
Union Berlin,M'gladbach,D1,2024,15/02/2025,A,1,2,0.0,2.0,A,18.0,9.0,3.0,5.0,4.0,5.0,9.0,8.0,0.0,1.0,0.0,0.0
Leverkusen,Bayern Munich,D1,2024,15/02/2025,D,0,0,0.0,0.0,D,15.0,2.0,3.0,0.0,6.0,0.0,16.0,13.0,2.0,3.0,0.0,0.0
Werder Bremen,Hoffenheim,D1,2024,16/02/2025,A,1,3,1.0,2.0,A,14.0,16.0,1.0,7.0,6.0,4.0,14.0,12.0,2.0,3.0,0.0,0.0
Ein Frankfurt,Holstein Kiel,D1,2024,16/02/2025,H,3,1,2.0,0.0,H,20.0,10.0,9.0,4.0,4.0,6.0,16.0,10.0,2.0,0.0,0.0,0.0
Heidenheim,Mainz,D1,2024,16/02/2025,A,0,2,0.0,1.0,A,12.0,6.0,3.0,5.0,8.0,4.0,9.0,16.0,1.0,3.0,0.0,0.0
Freiburg,Werder Bremen,D1,2024,21/02/2025,H,5,0,2.0,0.0,H,13.0,9.0,8.0,3.0,3.0,7.0,14.0,8.0,3.0,0.0,0.0,0.0
Holstein Kiel,Leverkusen,D1,2024,22/02/2025,A,0,2,0.0,2.0,A,4.0,18.0,3.0,8.0,5.0,11.0,11.0,10.0,4.0,1.0,0.0,0.0
Mainz,St Pauli,D1,2024,22/02/2025,H,2,0,0.0,0.0,D,10.0,12.0,5.0,0.0,6.0,5.0,9.0,10.0,3.0,3.0,0.0,0.0
M'gladbach,Augsburg,D1,2024,22/02/2025,A,0,3,0.0,0.0,D,8.0,17.0,5.0,4.0,2.0,4.0,10.0,9.0,3.0,2.0,1.0,0.0
Wolfsburg,Bochum,D1,2024,22/02/2025,D,1,1,0.0,0.0,D,13.0,11.0,6.0,5.0,3.0,5.0,8.0,15.0,2.0,3.0,0.0,0.0
Dortmund,Union Berlin,D1,2024,22/02/2025,H,6,0,2.0,0.0,H,24.0,6.0,8.0,1.0,5.0,3.0,10.0,11.0,2.0,2.0,0.0,0.0
RB Leipzig,Heidenheim,D1,2024,23/02/2025,D,2,2,1.0,2.0,A,17.0,4.0,6.0,2.0,7.0,4.0,15.0,15.0,3.0,3.0,0.0,0.0
Bayern Munich,Ein Frankfurt,D1,2024,23/02/2025,H,4,0,1.0,0.0,H,19.0,7.0,12.0,2.0,4.0,1.0,8.0,7.0,1.0,1.0,0.0,0.0
Hoffenheim,Stuttgart,D1,2024,23/02/2025,D,1,1,0.0,1.0,A,9.0,14.0,2.0,7.0,4.0,8.0,8.0,10.0,0.0,0.0,0.0,0.0
Stuttgart,Bayern Munich,D1,2024,28/02/2025,A,1,3,1.0,1.0,D,12.0,17.0,3.0,8.0,4.0,6.0,12.0,13.0,5.0,3.0,0.0,0.0
Bochum,Hoffenheim,D1,2024,01/03/2025,A,0,1,0.0,0.0,D,12.0,10.0,3.0,2.0,8.0,5.0,16.0,17.0,0.0,1.0,0.0,0.0
Heidenheim,M'gladbach,D1,2024,01/03/2025,A,0,3,0.0,2.0,A,20.0,13.0,5.0,5.0,6.0,2.0,9.0,15.0,2.0,3.0,0.0,0.0
RB Leipzig,Mainz,D1,2024,01/03/2025,A,1,2,1.0,0.0,H,13.0,15.0,4.0,3.0,7.0,1.0,8.0,15.0,1.0,1.0,0.0,0.0
St Pauli,Dortmund,D1,2024,01/03/2025,A,0,2,0.0,0.0,D,7.0,14.0,1.0,3.0,7.0,1.0,11.0,13.0,1.0,2.0,0.0,0.0
Werder Bremen,Wolfsburg,D1,2024,01/03/2025,A,1,2,0.0,1.0,A,15.0,9.0,7.0,3.0,8.0,2.0,13.0,9.0,2.0,0.0,0.0,0.0
Ein Frankfurt,Leverkusen,D1,2024,01/03/2025,A,1,4,1.0,3.0,A,7.0,20.0,3.0,9.0,2.0,6.0,9.0,7.0,1.0,1.0,0.0,0.0
Union Berlin,Holstein Kiel,D1,2024,02/03/2025,A,0,1,0.0,1.0,A,14.0,10.0,3.0,3.0,11.0,3.0,16.0,12.0,4.0,0.0,0.0,0.0
Augsburg,Freiburg,D1,2024,02/03/2025,D,0,0,0.0,0.0,D,13.0,7.0,5.0,3.0,5.0,2.0,13.0,9.0,1.0,1.0,0.0,0.0
M'gladbach,Mainz,D1,2024,07/03/2025,A,1,3,0.0,1.0,A,12.0,16.0,4.0,8.0,4.0,3.0,6.0,6.0,0.0,1.0,0.0,0.0
Bayern Munich,Bochum,D1,2024,08/03/2025,A,2,3,2.0,1.0,H,14.0,8.0,5.0,5.0,9.0,3.0,7.0,14.0,0.0,6.0,1.0,0.0
Dortmund,Augsburg,D1,2024,08/03/2025,A,0,1,0.0,1.0,A,14.0,6.0,1.0,1.0,12.0,3.0,6.0,12.0,1.0,4.0,0.0,0.0
Holstein Kiel,Stuttgart,D1,2024,08/03/2025,D,2,2,1.0,1.0,D,17.0,5.0,5.0,2.0,3.0,1.0,8.0,9.0,1.0,2.0,1.0,0.0
Leverkusen,Werder Bremen,D1,2024,08/03/2025,A,0,2,0.0,1.0,A,18.0,11.0,4.0,7.0,10.0,3.0,12.0,10.0,4.0,4.0,0.0,0.0
Wolfsburg,St Pauli,D1,2024,08/03/2025,D,1,1,0.0,1.0,A,16.0,14.0,4.0,4.0,6.0,6.0,11.0,13.0,1.0,0.0,0.0,0.0
Freiburg,RB Leipzig,D1,2024,08/03/2025,D,0,0,0.0,0.0,D,10.0,18.0,2.0,3.0,2.0,6.0,6.0,11.0,0.0,3.0,0.0,0.0
Ein Frankfurt,Union Berlin,D1,2024,09/03/2025,A,1,2,1.0,0.0,H,14.0,11.0,3.0,3.0,1.0,5.0,10.0,8.0,3.0,0.0,0.0,0.0
Hoffenheim,Heidenheim,D1,2024,09/03/2025,D,1,1,1.0,0.0,H,16.0,23.0,3.0,5.0,6.0,4.0,9.0,11.0,2.0,3.0,0.0,0.0
St Pauli,Hoffenheim,D1,2024,14/03/2025,H,1,0,0.0,0.0,D,10.0,4.0,5.0,0.0,11.0,2.0,6.0,8.0,0.0,1.0,0.0,0.0
Augsburg,Wolfsburg,D1,2024,15/03/2025,H,1,0,0.0,0.0,D,9.0,13.0,2.0,2.0,1.0,4.0,7.0,9.0,1.0,2.0,0.0,0.0
Mainz,Freiburg,D1,2024,15/03/2025,D,2,2,1.0,0.0,H,9.0,24.0,4.0,8.0,1.0,4.0,7.0,7.0,1.0,2.0,1.0,0.0
Union Berlin,Bayern Munich,D1,2024,15/03/2025,D,1,1,0.0,0.0,D,7.0,18.0,3.0,4.0,2.0,14.0,13.0,8.0,1.0,2.0,0.0,0.0
Werder Bremen,M'gladbach,D1,2024,15/03/2025,A,2,4,2.0,2.0,D,23.0,13.0,2.0,7.0,4.0,1.0,10.0,7.0,1.0,2.0,0.0,1.0
RB Leipzig,Dortmund,D1,2024,15/03/2025,H,2,0,1.0,0.0,H,15.0,25.0,5.0,9.0,3.0,12.0,14.0,10.0,3.0,3.0,0.0,0.0
Bochum,Ein Frankfurt,D1,2024,16/03/2025,A,1,3,0.0,2.0,A,17.0,18.0,7.0,7.0,8.0,3.0,7.0,9.0,4.0,1.0,0.0,0.0
Heidenheim,Holstein Kiel,D1,2024,16/03/2025,H,3,1,1.0,0.0,H,14.0,16.0,5.0,4.0,3.0,5.0,15.0,13.0,1.0,3.0,0.0,0.0
Stuttgart,Leverkusen,D1,2024,16/03/2025,A,3,4,1.0,0.0,H,11.0,16.0,6.0,4.0,1.0,10.0,13.0,14.0,3.0,2.0,0.0,0.0
Leverkusen,Bochum,D1,2024,28/03/2025,H,3,1,1.0,1.0,D,14.0,8.0,5.0,3.0,3.0,2.0,6.0,12.0,0.0,1.0,0.0,0.0
Bayern Munich,St Pauli,D1,2024,29/03/2025,H,3,2,1.0,1.0,D,19.0,10.0,9.0,4.0,5.0,4.0,13.0,4.0,3.0,0.0,0.0,0.0
Hoffenheim,Augsburg,D1,2024,29/03/2025,D,1,1,0.0,0.0,D,13.0,11.0,4.0,4.0,2.0,2.0,14.0,12.0,1.0,2.0,0.0,0.0
Holstein Kiel,Werder Bremen,D1,2024,29/03/2025,A,0,3,0.0,1.0,A,11.0,14.0,0.0,7.0,3.0,4.0,13.0,8.0,4.0,1.0,0.0,0.0
M'gladbach,RB Leipzig,D1,2024,29/03/2025,H,1,0,0.0,0.0,D,16.0,19.0,3.0,3.0,5.0,8.0,5.0,9.0,2.0,2.0,0.0,0.0
Wolfsburg,Heidenheim,D1,2024,29/03/2025,A,0,1,0.0,1.0,A,11.0,11.0,2.0,4.0,4.0,5.0,8.0,10.0,2.0,4.0,0.0,0.0
Ein Frankfurt,Stuttgart,D1,2024,29/03/2025,H,1,0,0.0,0.0,D,19.0,8.0,6.0,2.0,6.0,10.0,9.0,6.0,1.0,3.0,0.0,1.0
Freiburg,Union Berlin,D1,2024,30/03/2025,A,1,2,1.0,1.0,D,9.0,10.0,3.0,6.0,3.0,3.0,8.0,11.0,3.0,4.0,0.0,0.0
Dortmund,Mainz,D1,2024,30/03/2025,H,3,1,2.0,0.0,H,18.0,12.0,7.0,3.0,6.0,4.0,10.0,8.0,2.0,0.0,0.0,0.0
Augsburg,Bayern Munich,D1,2024,04/04/2025,A,1,3,1.0,1.0,D,6.0,19.0,3.0,7.0,2.0,4.0,8.0,8.0,4.0,0.0,1.0,0.0
Bochum,Stuttgart,D1,2024,05/04/2025,A,0,4,0.0,2.0,A,11.0,14.0,2.0,6.0,2.0,4.0,17.0,13.0,1.0,1.0,0.0,0.0
Freiburg,Dortmund,D1,2024,05/04/2025,A,1,4,0.0,1.0,A,12.0,18.0,3.0,7.0,3.0,4.0,8.0,6.0,1.0,0.0,0.0,0.0
Heidenheim,Leverkusen,D1,2024,05/04/2025,A,0,1,0.0,0.0,D,10.0,6.0,2.0,2.0,4.0,0.0,14.0,10.0,1.0,0.0,0.0,0.0
Mainz,Holstein Kiel,D1,2024,05/04/2025,D,1,1,0.0,1.0,A,13.0,10.0,3.0,5.0,4.0,4.0,12.0,8.0,4.0,4.0,0.0,0.0
RB Leipzig,Hoffenheim,D1,2024,05/04/2025,H,3,1,2.0,1.0,H,16.0,9.0,5.0,5.0,8.0,2.0,10.0,12.0,0.0,3.0,0.0,1.0
Werder Bremen,Ein Frankfurt,D1,2024,05/04/2025,H,2,0,1.0,0.0,H,12.0,9.0,4.0,0.0,5.0,6.0,8.0,15.0,3.0,3.0,0.0,0.0
St Pauli,M'gladbach,D1,2024,06/04/2025,D,1,1,0.0,1.0,A,26.0,5.0,9.0,3.0,11.0,2.0,6.0,13.0,0.0,2.0,0.0,0.0
Union Berlin,Wolfsburg,D1,2024,06/04/2025,H,1,0,0.0,0.0,D,13.0,12.0,3.0,3.0,6.0,4.0,13.0,14.0,0.0,1.0,0.0,0.0
Wolfsburg,RB Leipzig,D1,2024,11/04/2025,A,2,3,0.0,2.0,A,17.0,16.0,6.0,5.0,8.0,5.0,14.0,13.0,2.0,3.0,0.0,0.0
Bochum,Augsburg,D1,2024,12/04/2025,A,1,2,0.0,1.0,A,25.0,12.0,9.0,5.0,7.0,6.0,14.0,9.0,2.0,1.0,0.0,1.0
Hoffenheim,Mainz,D1,2024,12/04/2025,H,2,0,2.0,0.0,H,8.0,14.0,5.0,1.0,4.0,7.0,18.0,11.0,4.0,2.0,0.0,1.0
Holstein Kiel,St Pauli,D1,2024,12/04/2025,A,1,2,1.0,1.0,D,6.0,14.0,2.0,6.0,3.0,3.0,15.0,11.0,3.0,4.0,0.0,0.0
Leverkusen,Union Berlin,D1,2024,12/04/2025,D,0,0,0.0,0.0,D,16.0,7.0,3.0,3.0,7.0,3.0,10.0,13.0,2.0,1.0,0.0,0.0
M'gladbach,Freiburg,D1,2024,12/04/2025,A,1,2,1.0,1.0,D,10.0,19.0,1.0,7.0,4.0,6.0,4.0,11.0,0.0,1.0,0.0,0.0
Bayern Munich,Dortmund,D1,2024,12/04/2025,D,2,2,0.0,0.0,D,28.0,11.0,11.0,3.0,6.0,5.0,8.0,5.0,0.0,0.0,0.0,0.0
Stuttgart,Werder Bremen,D1,2024,13/04/2025,A,1,2,1.0,1.0,D,12.0,14.0,4.0,5.0,3.0,4.0,12.0,13.0,3.0,2.0,1.0,0.0
Ein Frankfurt,Heidenheim,D1,2024,13/04/2025,H,3,0,2.0,0.0,H,19.0,14.0,8.0,3.0,5.0,3.0,6.0,7.0,1.0,1.0,0.0,0.0
Freiburg,Hoffenheim,D1,2024,19/04/2025,H,3,2,2.0,2.0,D,12.0,19.0,6.0,6.0,2.0,6.0,14.0,13.0,3.0,2.0,0.0,0.0
Heidenheim,Bayern Munich,D1,2024,19/04/2025,A,0,4,0.0,3.0,A,4.0,18.0,1.0,11.0,4.0,4.0,8.0,11.0,3.0,1.0,0.0,0.0
Mainz,Wolfsburg,D1,2024,19/04/2025,D,2,2,2.0,1.0,H,18.0,16.0,7.0,4.0,7.0,5.0,15.0,8.0,2.0,3.0,0.0,0.0
RB Leipzig,Holstein Kiel,D1,2024,19/04/2025,D,1,1,0.0,1.0,A,10.0,13.0,4.0,3.0,9.0,7.0,5.0,9.0,1.0,2.0,0.0,0.0
Werder Bremen,Bochum,D1,2024,19/04/2025,H,1,0,0.0,0.0,D,14.0,12.0,4.0,1.0,2.0,7.0,9.0,20.0,3.0,3.0,0.0,1.0
Union Berlin,Stuttgart,D1,2024,19/04/2025,D,4,4,4.0,4.0,D,12.0,13.0,5.0,6.0,3.0,5.0,8.0,9.0,0.0,2.0,0.0,0.0
Augsburg,Ein Frankfurt,D1,2024,20/04/2025,D,0,0,0.0,0.0,D,13.0,8.0,2.0,5.0,3.0,9.0,6.0,8.0,2.0,1.0,0.0,0.0
Dortmund,M'gladbach,D1,2024,20/04/2025,H,3,2,3.0,1.0,H,14.0,6.0,6.0,3.0,6.0,2.0,13.0,10.0,1.0,2.0,0.0,0.0
St Pauli,Leverkusen,D1,2024,20/04/2025,D,1,1,0.0,1.0,A,10.0,6.0,5.0,4.0,4.0,4.0,12.0,12.0,1.0,4.0,0.0,0.0
Stuttgart,Heidenheim,D1,2024,25/04/2025,A,0,1,0.0,0.0,D,19.0,6.0,3.0,2.0,6.0,5.0,14.0,16.0,0.0,4.0,0.0,0.0
Bayern Munich,Mainz,D1,2024,26/04/2025,H,3,0,2.0,0.0,H,14.0,8.0,6.0,3.0,4.0,4.0,13.0,17.0,2.0,2.0,0.0,0.0
Hoffenheim,Dortmund,D1,2024,26/04/2025,A,2,3,0.0,1.0,A,11.0,16.0,3.0,8.0,2.0,5.0,17.0,9.0,5.0,1.0,0.0,0.0
Holstein Kiel,M'gladbach,D1,2024,26/04/2025,H,4,3,2.0,0.0,H,22.0,16.0,11.0,7.0,7.0,8.0,13.0,11.0,2.0,1.0,0.0,0.0
Leverkusen,Augsburg,D1,2024,26/04/2025,H,2,0,2.0,0.0,H,14.0,11.0,5.0,2.0,3.0,7.0,10.0,10.0,0.0,1.0,0.0,0.0
Wolfsburg,Freiburg,D1,2024,26/04/2025,A,0,1,0.0,0.0,D,8.0,15.0,1.0,2.0,3.0,2.0,6.0,9.0,3.0,1.0,1.0,0.0
Ein Frankfurt,RB Leipzig,D1,2024,26/04/2025,H,4,0,1.0,0.0,H,9.0,7.0,6.0,3.0,8.0,4.0,10.0,13.0,1.0,2.0,0.0,1.0
Bochum,Union Berlin,D1,2024,27/04/2025,D,1,1,0.0,1.0,A,10.0,5.0,4.0,1.0,10.0,4.0,11.0,9.0,3.0,2.0,0.0,0.0
Werder Bremen,St Pauli,D1,2024,27/04/2025,D,0,0,0.0,0.0,D,11.0,10.0,2.0,4.0,1.0,3.0,9.0,16.0,2.0,3.0,0.0,1.0
Heidenheim,Bochum,D1,2024,02/05/2025,D,0,0,0.0,0.0,D,11.0,14.0,3.0,3.0,6.0,4.0,8.0,14.0,0.0,1.0,0.0,0.0
M'gladbach,Hoffenheim,D1,2024,03/05/2025,D,4,4,2.0,1.0,H,12.0,26.0,7.0,8.0,4.0,7.0,6.0,8.0,0.0,0.0,0.0,0.0
RB Leipzig,Bayern Munich,D1,2024,03/05/2025,D,3,3,2.0,0.0,H,8.0,20.0,6.0,6.0,2.0,7.0,9.0,6.0,3.0,1.0,0.0,0.0
St Pauli,Stuttgart,D1,2024,03/05/2025,A,0,1,0.0,0.0,D,6.0,21.0,1.0,8.0,4.0,4.0,17.0,12.0,6.0,3.0,2.0,0.0
Union Berlin,Werder Bremen,D1,2024,03/05/2025,D,2,2,1.0,2.0,A,17.0,13.0,7.0,6.0,5.0,5.0,9.0,8.0,2.0,3.0,0.0,0.0
Dortmund,Wolfsburg,D1,2024,03/05/2025,H,4,0,1.0,0.0,H,11.0,11.0,5.0,2.0,4.0,3.0,13.0,6.0,0.0,1.0,0.0,0.0
Augsburg,Holstein Kiel,D1,2024,04/05/2025,A,1,3,0.0,2.0,A,27.0,7.0,10.0,5.0,12.0,0.0,4.0,20.0,0.0,2.0,0.0,0.0
Freiburg,Leverkusen,D1,2024,04/05/2025,D,2,2,1.0,0.0,H,8.0,5.0,4.0,2.0,4.0,1.0,10.0,16.0,1.0,2.0,0.0,0.0
Mainz,Ein Frankfurt,D1,2024,04/05/2025,D,1,1,0.0,1.0,A,12.0,8.0,3.0,2.0,8.0,1.0,10.0,10.0,1.0,0.0,0.0,0.0
Wolfsburg,Hoffenheim,D1,2024,09/05/2025,D,2,2,1.0,1.0,D,14.0,17.0,5.0,7.0,5.0,6.0,11.0,10.0,0.0,2.0,0.0,0.0
Bochum,Mainz,D1,2024,10/05/2025,A,1,4,0.0,1.0,A,11.0,22.0,6.0,8.0,6.0,6.0,9.0,6.0,3.0,0.0,0.0,0.0
Holstein Kiel,Freiburg,D1,2024,10/05/2025,A,1,2,1.0,1.0,D,15.0,9.0,3.0,4.0,2.0,5.0,9.0,13.0,1.0,0.0,0.0,0.0
Union Berlin,Heidenheim,D1,2024,10/05/2025,A,0,3,0.0,1.0,A,10.0,8.0,1.0,4.0,1.0,2.0,14.0,7.0,2.0,0.0,0.0,0.0
Werder Bremen,RB Leipzig,D1,2024,10/05/2025,D,0,0,0.0,0.0,D,21.0,16.0,6.0,4.0,11.0,4.0,6.0,13.0,1.0,3.0,0.0,0.0
Bayern Munich,M'gladbach,D1,2024,10/05/2025,H,2,0,1.0,0.0,H,24.0,16.0,9.0,6.0,4.0,9.0,3.0,8.0,1.0,1.0,0.0,0.0
Leverkusen,Dortmund,D1,2024,11/05/2025,A,2,4,1.0,2.0,A,19.0,9.0,10.0,5.0,12.0,0.0,7.0,8.0,0.0,2.0,0.0,0.0
Ein Frankfurt,St Pauli,D1,2024,11/05/2025,D,2,2,1.0,2.0,A,13.0,5.0,5.0,2.0,3.0,1.0,11.0,12.0,2.0,2.0,0.0,0.0
Stuttgart,Augsburg,D1,2024,11/05/2025,H,4,0,1.0,0.0,H,29.0,7.0,11.0,0.0,11.0,2.0,9.0,7.0,1.0,1.0,0.0,1.0
Augsburg,Union Berlin,D1,2024,17/05/2025,A,1,2,1.0,0.0,H,19.0,6.0,4.0,4.0,4.0,0.0,6.0,5.0,0.0,0.0,0.0,0.0
Dortmund,Holstein Kiel,D1,2024,17/05/2025,H,3,0,1.0,0.0,H,19.0,4.0,6.0,2.0,7.0,1.0,12.0,6.0,3.0,1.0,0.0,1.0
Freiburg,Ein Frankfurt,D1,2024,17/05/2025,A,1,3,1.0,1.0,D,8.0,11.0,1.0,6.0,4.0,7.0,13.0,16.0,2.0,4.0,0.0,0.0
Heidenheim,Werder Bremen,D1,2024,17/05/2025,A,1,4,0.0,2.0,A,21.0,13.0,8.0,7.0,6.0,4.0,11.0,11.0,2.0,2.0,0.0,0.0
Hoffenheim,Bayern Munich,D1,2024,17/05/2025,A,0,4,0.0,1.0,A,6.0,14.0,2.0,5.0,1.0,4.0,9.0,7.0,0.0,0.0,0.0,0.0
Mainz,Leverkusen,D1,2024,17/05/2025,D,2,2,1.0,0.0,H,20.0,7.0,6.0,4.0,7.0,3.0,14.0,13.0,2.0,6.0,0.0,0.0
M'gladbach,Wolfsburg,D1,2024,17/05/2025,A,0,1,0.0,0.0,D,16.0,17.0,3.0,6.0,7.0,10.0,6.0,4.0,0.0,0.0,0.0,0.0
RB Leipzig,Stuttgart,D1,2024,17/05/2025,A,2,3,2.0,1.0,H,8.0,15.0,5.0,7.0,5.0,8.0,9.0,9.0,1.0,0.0,0.0,0.0
St Pauli,Bochum,D1,2024,17/05/2025,A,0,2,0.0,1.0,A,10.0,9.0,2.0,6.0,7.0,4.0,3.0,11.0,0.0,0.0,0.0,0.0
Bayern Munich,RB Leipzig,D1,2025,22/08/2025,H,6,0,3.0,0.0,H,19.0,12.0,10.0,1.0,5.0,5.0,13.0,13.0,4.0,1.0,0.0,0.0
Ein Frankfurt,Werder Bremen,D1,2025,23/08/2025,H,4,1,2.0,0.0,H,18.0,10.0,5.0,5.0,7.0,1.0,9.0,9.0,1.0,3.0,0.0,0.0
Freiburg,Augsburg,D1,2025,23/08/2025,A,1,3,0.0,3.0,A,16.0,14.0,4.0,5.0,5.0,5.0,14.0,18.0,4.0,5.0,0.0,0.0
Heidenheim,Wolfsburg,D1,2025,23/08/2025,A,1,3,1.0,1.0,D,7.0,15.0,2.0,5.0,2.0,5.0,12.0,12.0,2.0,3.0,0.0,0.0
Leverkusen,Hoffenheim,D1,2025,23/08/2025,A,1,2,1.0,1.0,D,7.0,10.0,2.0,5.0,6.0,4.0,9.0,17.0,0.0,4.0,0.0,0.0
Union Berlin,Stuttgart,D1,2025,23/08/2025,H,2,1,2.0,0.0,H,8.0,21.0,2.0,6.0,5.0,11.0,21.0,13.0,4.0,4.0,0.0,0.0
St Pauli,Dortmund,D1,2025,23/08/2025,D,3,3,0.0,1.0,A,11.0,8.0,7.0,7.0,5.0,2.0,13.0,12.0,2.0,3.0,0.0,1.0
Mainz,FC Koln,D1,2025,24/08/2025,A,0,1,0.0,0.0,D,19.0,12.0,2.0,2.0,8.0,3.0,7.0,9.0,0.0,2.0,1.0,0.0
M'gladbach,Hamburg,D1,2025,24/08/2025,D,0,0,0.0,0.0,D,17.0,7.0,4.0,2.0,7.0,6.0,10.0,10.0,2.0,1.0,0.0,0.0
Hamburg,St Pauli,D1,2025,29/08/2025,A,0,2,0.0,1.0,A,5.0,17.0,2.0,6.0,2.0,5.0,13.0,19.0,3.0,3.0,1.0,0.0
Hoffenheim,Ein Frankfurt,D1,2025,30/08/2025,A,1,3,0.0,2.0,A,17.0,9.0,5.0,6.0,4.0,5.0,14.0,10.0,2.0,3.0,0.0,0.0
RB Leipzig,Heidenheim,D1,2025,30/08/2025,H,2,0,0.0,0.0,D,19.0,5.0,5.0,3.0,4.0,3.0,7.0,13.0,2.0,5.0,0.0,0.0
Stuttgart,M'gladbach,D1,2025,30/08/2025,H,1,0,0.0,0.0,D,13.0,15.0,5.0,6.0,6.0,10.0,5.0,13.0,2.0,1.0,0.0,0.0
Werder Bremen,Leverkusen,D1,2025,30/08/2025,D,3,3,1.0,2.0,A,12.0,10.0,5.0,4.0,3.0,7.0,11.0,10.0,4.0,3.0,1.0,0.0
Augsburg,Bayern Munich,D1,2025,30/08/2025,A,2,3,0.0,2.0,A,10.0,20.0,3.0,10.0,7.0,5.0,14.0,11.0,3.0,4.0,0.0,0.0
Wolfsburg,Mainz,D1,2025,31/08/2025,D,1,1,1.0,0.0,H,11.0,17.0,3.0,3.0,3.0,10.0,15.0,14.0,3.0,5.0,1.0,0.0
Dortmund,Union Berlin,D1,2025,31/08/2025,H,3,0,1.0,0.0,H,11.0,12.0,6.0,3.0,4.0,6.0,14.0,7.0,0.0,0.0,0.0,0.0
FC Koln,Freiburg,D1,2025,31/08/2025,H,4,1,1.0,0.0,H,18.0,12.0,6.0,2.0,3.0,5.0,12.0,9.0,2.0,1.0,0.0,0.0
Leverkusen,Ein Frankfurt,D1,2025,12/09/2025,H,3,1,2.0,0.0,H,18.0,13.0,8.0,2.0,4.0,8.0,10.0,9.0,5.0,3.0,2.0,0.0
Freiburg,Stuttgart,D1,2025,13/09/2025,H,3,1,0.0,1.0,A,14.0,7.0,6.0,2.0,7.0,1.0,8.0,13.0,1.0,1.0,1.0,0.0
Heidenheim,Dortmund,D1,2025,13/09/2025,A,0,2,0.0,2.0,A,6.0,17.0,1.0,8.0,5.0,4.0,5.0,9.0,2.0,3.0,1.0,0.0
Mainz,RB Leipzig,D1,2025,13/09/2025,A,0,1,0.0,1.0,A,13.0,19.0,2.0,3.0,3.0,5.0,12.0,11.0,1.0,0.0,0.0,0.0
Union Berlin,Hoffenheim,D1,2025,13/09/2025,A,2,4,0.0,2.0,A,20.0,9.0,7.0,8.0,9.0,2.0,13.0,12.0,1.0,1.0,1.0,0.0
Wolfsburg,FC Koln,D1,2025,13/09/2025,D,3,3,1.0,1.0,D,14.0,14.0,6.0,8.0,7.0,4.0,15.0,11.0,2.0,3.0,0.0,0.0
Bayern Munich,Hamburg,D1,2025,13/09/2025,H,5,0,4.0,0.0,H,22.0,9.0,12.0,2.0,5.0,3.0,11.0,14.0,2.0,2.0,0.0,0.0
St Pauli,Augsburg,D1,2025,14/09/2025,H,2,1,1.0,1.0,D,13.0,10.0,7.0,5.0,3.0,1.0,10.0,12.0,1.0,4.0,0.0,0.0
M'gladbach,Werder Bremen,D1,2025,14/09/2025,A,0,4,0.0,2.0,A,19.0,12.0,3.0,7.0,9.0,4.0,12.0,9.0,1.0,0.0,0.0,0.0
Stuttgart,St Pauli,D1,2025,19/09/2025,H,2,0,1.0,0.0,H,17.0,9.0,8.0,2.0,8.0,4.0,13.0,15.0,0.0,2.0,0.0,0.0
Augsburg,Mainz,D1,2025,20/09/2025,A,1,4,0.0,2.0,A,18.0,12.0,5.0,4.0,6.0,6.0,13.0,10.0,1.0,2.0,0.0,1.0
Hamburg,Heidenheim,D1,2025,20/09/2025,H,2,1,1.0,0.0,H,22.0,20.0,9.0,8.0,1.0,12.0,15.0,10.0,5.0,1.0,0.0,0.0
Hoffenheim,Bayern Munich,D1,2025,20/09/2025,A,1,4,0.0,1.0,A,12.0,18.0,4.0,10.0,5.0,5.0,17.0,9.0,1.0,2.0,0.0,0.0
Werder Bremen,Freiburg,D1,2025,20/09/2025,A,0,3,0.0,1.0,A,12.0,10.0,5.0,5.0,2.0,0.0,13.0,7.0,5.0,2.0,0.0,0.0
RB Leipzig,FC Koln,D1,2025,20/09/2025,H,3,1,3.0,1.0,H,18.0,13.0,8.0,2.0,9.0,5.0,10.0,8.0,1.0,1.0,0.0,0.0
Ein Frankfurt,Union Berlin,D1,2025,21/09/2025,A,3,4,1.0,2.0,A,19.0,11.0,10.0,5.0,5.0,1.0,10.0,11.0,3.0,2.0,0.0,0.0
Leverkusen,M'gladbach,D1,2025,21/09/2025,D,1,1,0.0,0.0,D,13.0,13.0,9.0,7.0,3.0,4.0,12.0,15.0,5.0,5.0,0.0,0.0
Dortmund,Wolfsburg,D1,2025,21/09/2025,H,1,0,1.0,0.0,H,12.0,10.0,4.0,1.0,9.0,3.0,10.0,9.0,1.0,0.0,0.0,0.0
Bayern Munich,Werder Bremen,D1,2025,26/09/2025,H,4,0,2.0,0.0,H,26.0,9.0,13.0,3.0,7.0,6.0,9.0,4.0,2.0,0.0,0.0,0.0
Heidenheim,Augsburg,D1,2025,27/09/2025,H,2,1,0.0,0.0,D,11.0,8.0,5.0,2.0,3.0,2.0,16.0,20.0,1.0,6.0,0.0,0.0
Mainz,Dortmund,D1,2025,27/09/2025,A,0,2,0.0,2.0,A,8.0,10.0,2.0,4.0,7.0,5.0,12.0,14.0,2.0,1.0,1.0,0.0
St Pauli,Leverkusen,D1,2025,27/09/2025,A,1,2,1.0,1.0,D,13.0,5.0,6.0,4.0,13.0,1.0,13.0,11.0,3.0,5.0,0.0,0.0
Wolfsburg,RB Leipzig,D1,2025,27/09/2025,A,0,1,0.0,1.0,A,22.0,20.0,4.0,6.0,6.0,11.0,7.0,9.0,2.0,2.0,0.0,0.0
M'gladbach,Ein Frankfurt,D1,2025,27/09/2025,A,4,6,0.0,5.0,A,11.0,21.0,8.0,7.0,4.0,6.0,14.0,8.0,1.0,2.0,0.0,0.0
Freiburg,Hoffenheim,D1,2025,28/09/2025,D,1,1,1.0,1.0,D,6.0,15.0,1.0,4.0,6.0,8.0,9.0,15.0,3.0,1.0,0.0,0.0
FC Koln,Stuttgart,D1,2025,28/09/2025,A,1,2,1.0,1.0,D,14.0,15.0,6.0,5.0,8.0,8.0,12.0,12.0,2.0,2.0,0.0,0.0
Union Berlin,Hamburg,D1,2025,28/09/2025,D,0,0,0.0,0.0,D,11.0,16.0,2.0,6.0,5.0,3.0,18.0,17.0,2.0,2.0,0.0,1.0
Hoffenheim,FC Koln,D1,2025,03/10/2025,A,0,1,0.0,1.0,A,15.0,10.0,4.0,4.0,11.0,6.0,15.0,6.0,3.0,1.0,0.0,0.0
Augsburg,Wolfsburg,D1,2025,04/10/2025,H,3,1,1.0,0.0,H,10.0,14.0,5.0,4.0,10.0,5.0,9.0,7.0,2.0,1.0,0.0,0.0
Dortmund,RB Leipzig,D1,2025,04/10/2025,D,1,1,1.0,1.0,D,15.0,13.0,3.0,3.0,7.0,7.0,13.0,14.0,1.0,3.0,0.0,0.0
Leverkusen,Union Berlin,D1,2025,04/10/2025,H,2,0,1.0,0.0,H,20.0,10.0,3.0,3.0,4.0,4.0,11.0,13.0,1.0,3.0,0.0,0.0
Werder Bremen,St Pauli,D1,2025,04/10/2025,H,1,0,1.0,0.0,H,15.0,13.0,5.0,3.0,4.0,1.0,8.0,9.0,3.0,1.0,0.0,0.0
Ein Frankfurt,Bayern Munich,D1,2025,04/10/2025,A,0,3,0.0,2.0,A,6.0,12.0,1.0,3.0,4.0,3.0,11.0,11.0,1.0,2.0,0.0,0.0
Stuttgart,Heidenheim,D1,2025,05/10/2025,H,1,0,0.0,0.0,D,18.0,5.0,6.0,1.0,1.0,1.0,11.0,12.0,1.0,1.0,0.0,0.0
Hamburg,Mainz,D1,2025,05/10/2025,H,4,0,2.0,0.0,H,15.0,11.0,9.0,4.0,1.0,4.0,14.0,13.0,2.0,3.0,0.0,0.0
M'gladbach,Freiburg,D1,2025,05/10/2025,D,0,0,0.0,0.0,D,9.0,12.0,5.0,1.0,4.0,1.0,15.0,7.0,3.0,1.0,0.0,0.0
Union Berlin,M'gladbach,D1,2025,17/10/2025,H,3,1,2.0,1.0,H,16.0,8.0,5.0,2.0,6.0,6.0,21.0,15.0,5.0,3.0,0.0,0.0
FC Koln,Augsburg,D1,2025,18/10/2025,D,1,1,0.0,0.0,D,9.0,10.0,2.0,4.0,5.0,2.0,10.0,17.0,2.0,2.0,0.0,0.0
Heidenheim,Werder Bremen,D1,2025,18/10/2025,D,2,2,0.0,0.0,D,31.0,11.0,11.0,4.0,12.0,2.0,9.0,11.0,1.0,3.0,0.0,0.0
Mainz,Leverkusen,D1,2025,18/10/2025,A,3,4,1.0,3.0,A,12.0,20.0,4.0,8.0,2.0,3.0,20.0,12.0,4.0,4.0,0.0,0.0
RB Leipzig,Hamburg,D1,2025,18/10/2025,H,2,1,1.0,0.0,H,10.0,15.0,4.0,3.0,3.0,5.0,13.0,12.0,3.0,1.0,0.0,0.0
Wolfsburg,Stuttgart,D1,2025,18/10/2025,A,0,3,0.0,1.0,A,11.0,15.0,3.0,7.0,3.0,8.0,12.0,8.0,1.0,1.0,0.0,0.0
Bayern Munich,Dortmund,D1,2025,18/10/2025,H,2,1,1.0,0.0,H,15.0,8.0,7.0,1.0,4.0,3.0,12.0,17.0,1.0,3.0,0.0,0.0
Freiburg,Ein Frankfurt,D1,2025,19/10/2025,D,2,2,1.0,2.0,A,12.0,8.0,5.0,3.0,3.0,1.0,6.0,15.0,2.0,3.0,0.0,0.0
St Pauli,Hoffenheim,D1,2025,19/10/2025,A,0,3,0.0,0.0,D,10.0,14.0,2.0,5.0,9.0,7.0,10.0,17.0,1.0,3.0,0.0,0.0
Werder Bremen,Union Berlin,D1,2025,24/10/2025,H,1,0,0.0,0.0,D,16.0,12.0,3.0,2.0,5.0,6.0,6.0,13.0,4.0,0.0,0.0,0.0
Augsburg,RB Leipzig,D1,2025,25/10/2025,A,0,6,0.0,4.0,A,15.0,15.0,2.0,8.0,2.0,3.0,9.0,10.0,3.0,1.0,0.0,0.0
Ein Frankfurt,St Pauli,D1,2025,25/10/2025,H,2,0,1.0,0.0,H,10.0,9.0,6.0,1.0,1.0,3.0,11.0,6.0,0.0,1.0,0.0,0.0
Hamburg,Wolfsburg,D1,2025,25/10/2025,A,0,1,0.0,1.0,A,27.0,6.0,6.0,2.0,11.0,1.0,8.0,18.0,1.0,5.0,0.0,0.0
Hoffenheim,Heidenheim,D1,2025,25/10/2025,H,3,1,2.0,0.0,H,14.0,12.0,7.0,3.0,7.0,5.0,14.0,13.0,1.0,1.0,0.0,0.0
M'gladbach,Bayern Munich,D1,2025,25/10/2025,A,0,3,0.0,0.0,D,1.0,27.0,0.0,11.0,1.0,8.0,6.0,9.0,0.0,3.0,1.0,0.0
Dortmund,FC Koln,D1,2025,25/10/2025,H,1,0,0.0,0.0,D,27.0,5.0,9.0,0.0,17.0,2.0,10.0,8.0,2.0,2.0,0.0,0.0
Leverkusen,Freiburg,D1,2025,26/10/2025,H,2,0,1.0,0.0,H,19.0,10.0,4.0,3.0,2.0,3.0,9.0,8.0,1.0,2.0,0.0,1.0
Stuttgart,Mainz,D1,2025,26/10/2025,H,2,1,1.0,1.0,D,19.0,13.0,8.0,2.0,7.0,5.0,11.0,12.0,4.0,3.0,0.0,0.0
Augsburg,Dortmund,D1,2025,31/10/2025,A,0,1,0.0,1.0,A,9.0,5.0,1.0,1.0,4.0,3.0,14.0,16.0,4.0,1.0,0.0,0.0
Heidenheim,Ein Frankfurt,D1,2025,01/11/2025,D,1,1,1.0,0.0,H,9.0,16.0,4.0,3.0,2.0,8.0,7.0,11.0,0.0,2.0,0.0,0.0
Mainz,Werder Bremen,D1,2025,01/11/2025,D,1,1,1.0,0.0,H,10.0,5.0,5.0,3.0,2.0,0.0,19.0,11.0,1.0,3.0,0.0,0.0
RB Leipzig,Stuttgart,D1,2025,01/11/2025,H,3,1,1.0,0.0,H,16.0,14.0,9.0,4.0,5.0,5.0,8.0,10.0,1.0,2.0,0.0,0.0
St Pauli,M'gladbach,D1,2025,01/11/2025,A,0,4,0.0,2.0,A,16.0,15.0,4.0,11.0,8.0,1.0,11.0,8.0,4.0,0.0,0.0,0.0
Union Berlin,Freiburg,D1,2025,01/11/2025,D,0,0,0.0,0.0,D,11.0,13.0,2.0,4.0,5.0,5.0,20.0,13.0,6.0,1.0,0.0,0.0
Bayern Munich,Leverkusen,D1,2025,01/11/2025,H,3,0,3.0,0.0,H,18.0,7.0,4.0,1.0,10.0,4.0,11.0,3.0,1.0,1.0,0.0,0.0
FC Koln,Hamburg,D1,2025,02/11/2025,H,4,1,1.0,0.0,H,23.0,11.0,10.0,5.0,2.0,3.0,8.0,18.0,1.0,6.0,0.0,2.0
Wolfsburg,Hoffenheim,D1,2025,02/11/2025,A,2,3,1.0,1.0,D,12.0,10.0,6.0,4.0,2.0,2.0,10.0,17.0,0.0,2.0,0.0,0.0
Werder Bremen,Wolfsburg,D1,2025,07/11/2025,H,2,1,0.0,1.0,A,20.0,7.0,7.0,4.0,13.0,3.0,13.0,8.0,2.0,0.0,0.0,0.0
Hamburg,Dortmund,D1,2025,08/11/2025,D,1,1,0.0,0.0,D,9.0,17.0,3.0,1.0,2.0,6.0,14.0,8.0,1.0,1.0,0.0,0.0
Hoffenheim,RB Leipzig,D1,2025,08/11/2025,H,3,1,2.0,1.0,H,12.0,17.0,4.0,5.0,5.0,5.0,13.0,5.0,3.0,2.0,0.0,0.0
Leverkusen,Heidenheim,D1,2025,08/11/2025,H,6,0,5.0,0.0,H,25.0,1.0,10.0,0.0,11.0,1.0,5.0,7.0,0.0,1.0,0.0,0.0
Union Berlin,Bayern Munich,D1,2025,08/11/2025,D,2,2,1.0,1.0,D,12.0,12.0,4.0,4.0,6.0,5.0,8.0,8.0,2.0,4.0,0.0,0.0
M'gladbach,FC Koln,D1,2025,08/11/2025,H,3,1,1.0,0.0,H,9.0,19.0,4.0,5.0,2.0,6.0,11.0,13.0,2.0,3.0,0.0,0.0
Freiburg,St Pauli,D1,2025,09/11/2025,H,2,1,1.0,0.0,H,8.0,7.0,4.0,2.0,9.0,3.0,8.0,12.0,2.0,2.0,0.0,0.0
Stuttgart,Augsburg,D1,2025,09/11/2025,H,3,2,2.0,2.0,D,17.0,17.0,6.0,6.0,4.0,4.0,13.0,10.0,2.0,3.0,0.0,0.0
Ein Frankfurt,Mainz,D1,2025,09/11/2025,H,1,0,0.0,0.0,D,14.0,3.0,4.0,0.0,4.0,3.0,8.0,14.0,0.0,5.0,0.0,0.0
Mainz,Hoffenheim,D1,2025,21/11/2025,D,1,1,0.0,1.0,A,17.0,19.0,3.0,5.0,7.0,4.0,13.0,13.0,3.0,2.0,1.0,0.0
Augsburg,Hamburg,D1,2025,22/11/2025,H,1,0,0.0,0.0,D,13.0,15.0,6.0,6.0,4.0,3.0,13.0,10.0,2.0,3.0,1.0,0.0
Bayern Munich,Freiburg,D1,2025,22/11/2025,H,6,2,2.0,2.0,D,22.0,8.0,8.0,2.0,3.0,5.0,9.0,7.0,1.0,0.0,0.0,0.0
Dortmund,Stuttgart,D1,2025,22/11/2025,D,3,3,2.0,0.0,H,14.0,16.0,6.0,6.0,2.0,4.0,12.0,10.0,1.0,1.0,0.0,0.0
Heidenheim,M'gladbach,D1,2025,22/11/2025,A,0,3,0.0,1.0,A,7.0,16.0,2.0,4.0,4.0,5.0,13.0,12.0,2.0,0.0,0.0,0.0
Wolfsburg,Leverkusen,D1,2025,22/11/2025,A,1,3,0.0,3.0,A,21.0,7.0,10.0,3.0,9.0,1.0,12.0,7.0,2.0,1.0,0.0,0.0
FC Koln,Ein Frankfurt,D1,2025,22/11/2025,A,3,4,1.0,2.0,A,11.0,11.0,5.0,7.0,3.0,3.0,6.0,5.0,0.0,0.0,0.0,0.0
RB Leipzig,Werder Bremen,D1,2025,23/11/2025,H,2,0,0.0,0.0,D,22.0,15.0,13.0,6.0,13.0,7.0,5.0,7.0,1.0,2.0,0.0,0.0
St Pauli,Union Berlin,D1,2025,23/11/2025,A,0,1,0.0,1.0,A,12.0,8.0,3.0,3.0,8.0,2.0,10.0,8.0,1.0,1.0,0.0,0.0
M'gladbach,RB Leipzig,D1,2025,28/11/2025,D,0,0,0.0,0.0,D,8.0,20.0,1.0,4.0,5.0,6.0,9.0,9.0,0.0,3.0,0.0,0.0
Bayern Munich,St Pauli,D1,2025,29/11/2025,H,3,1,1.0,1.0,D,19.0,10.0,4.0,1.0,10.0,2.0,5.0,8.0,1.0,1.0,0.0,0.0
Hoffenheim,Augsburg,D1,2025,29/11/2025,H,3,0,3.0,0.0,H,17.0,14.0,3.0,4.0,7.0,2.0,17.0,9.0,1.0,0.0,0.0,0.0
Union Berlin,Heidenheim,D1,2025,29/11/2025,A,1,2,1.0,0.0,H,9.0,10.0,2.0,2.0,5.0,5.0,13.0,10.0,3.0,2.0,0.0,0.0
Werder Bremen,FC Koln,D1,2025,29/11/2025,D,1,1,1.0,0.0,H,17.0,10.0,4.0,2.0,4.0,0.0,11.0,11.0,2.0,4.0,1.0,0.0
Leverkusen,Dortmund,D1,2025,29/11/2025,A,1,2,0.0,1.0,A,14.0,7.0,4.0,4.0,10.0,3.0,7.0,9.0,3.0,4.0,0.0,0.0
Hamburg,Stuttgart,D1,2025,30/11/2025,H,2,1,1.0,0.0,H,9.0,14.0,2.0,3.0,4.0,6.0,16.0,12.0,2.0,4.0,1.0,0.0
Ein Frankfurt,Wolfsburg,D1,2025,30/11/2025,D,1,1,0.0,0.0,D,15.0,10.0,3.0,3.0,14.0,1.0,7.0,9.0,1.0,4.0,0.0,0.0
Freiburg,Mainz,D1,2025,30/11/2025,H,4,0,2.0,0.0,H,23.0,1.0,10.0,1.0,6.0,2.0,9.0,12.0,0.0,2.0,0.0,1.0
Mainz,M'gladbach,D1,2025,05/12/2025,A,0,1,0.0,0.0,D,8.0,14.0,2.0,5.0,8.0,6.0,12.0,4.0,2.0,1.0,0.0,0.0
Augsburg,Leverkusen,D1,2025,06/12/2025,H,2,0,2.0,0.0,H,13.0,20.0,6.0,2.0,5.0,7.0,12.0,6.0,4.0,3.0,0.0,0.0
FC Koln,St Pauli,D1,2025,06/12/2025,D,1,1,0.0,0.0,D,11.0,5.0,8.0,1.0,5.0,4.0,6.0,6.0,0.0,1.0,0.0,0.0
Heidenheim,Freiburg,D1,2025,06/12/2025,H,2,1,0.0,1.0,A,16.0,16.0,3.0,2.0,8.0,6.0,11.0,10.0,2.0,1.0,0.0,0.0
Stuttgart,Bayern Munich,D1,2025,06/12/2025,A,0,5,0.0,1.0,A,13.0,19.0,1.0,11.0,3.0,4.0,6.0,11.0,2.0,4.0,1.0,0.0
Wolfsburg,Union Berlin,D1,2025,06/12/2025,H,3,1,2.0,0.0,H,4.0,21.0,3.0,6.0,0.0,11.0,13.0,10.0,4.0,1.0,0.0,0.0
RB Leipzig,Ein Frankfurt,D1,2025,06/12/2025,H,6,0,2.0,0.0,H,16.0,8.0,7.0,2.0,4.0,0.0,9.0,17.0,1.0,2.0,0.0,0.0
Hamburg,Werder Bremen,D1,2025,07/12/2025,H,3,2,0.0,1.0,A,12.0,10.0,6.0,3.0,5.0,3.0,8.0,13.0,1.0,6.0,0.0,0.0
Dortmund,Hoffenheim,D1,2025,07/12/2025,H,2,0,1.0,0.0,H,8.0,11.0,4.0,3.0,7.0,5.0,7.0,9.0,0.0,2.0,0.0,0.0
Union Berlin,RB Leipzig,D1,2025,12/12/2025,H,3,1,0.0,0.0,D,12.0,9.0,6.0,3.0,4.0,6.0,7.0,8.0,2.0,2.0,0.0,0.0
Ein Frankfurt,Augsburg,D1,2025,13/12/2025,H,1,0,0.0,0.0,D,11.0,12.0,4.0,1.0,2.0,6.0,14.0,10.0,2.0,3.0,0.0,0.0
Hoffenheim,Hamburg,D1,2025,13/12/2025,H,4,1,2.0,0.0,H,10.0,14.0,6.0,5.0,3.0,3.0,16.0,10.0,1.0,3.0,0.0,0.0
M'gladbach,Wolfsburg,D1,2025,13/12/2025,A,1,3,1.0,3.0,A,14.0,11.0,4.0,6.0,6.0,3.0,6.0,8.0,0.0,1.0,0.0,0.0
St Pauli,Heidenheim,D1,2025,13/12/2025,H,2,1,1.0,0.0,H,8.0,20.0,5.0,7.0,4.0,11.0,6.0,15.0,2.0,3.0,1.0,0.0
Leverkusen,FC Koln,D1,2025,13/12/2025,H,2,0,0.0,0.0,D,17.0,6.0,6.0,4.0,8.0,3.0,8.0,6.0,2.0,1.0,0.0,0.0
Freiburg,Dortmund,D1,2025,14/12/2025,D,1,1,0.0,1.0,A,21.0,9.0,6.0,4.0,6.0,0.0,11.0,10.0,3.0,2.0,0.0,1.0
Bayern Munich,Mainz,D1,2025,14/12/2025,D,2,2,1.0,1.0,D,24.0,5.0,11.0,2.0,7.0,0.0,7.0,8.0,2.0,2.0,0.0,0.0
Werder Bremen,Stuttgart,D1,2025,14/12/2025,A,0,4,0.0,2.0,A,9.0,24.0,3.0,12.0,0.0,9.0,11.0,6.0,2.0,0.0,1.0,0.0
Dortmund,M'gladbach,D1,2025,19/12/2025,H,2,0,1.0,0.0,H,10.0,6.0,4.0,1.0,6.0,4.0,15.0,13.0,2.0,1.0,0.0,0.0
Augsburg,Werder Bremen,D1,2025,20/12/2025,D,0,0,0.0,0.0,D,14.0,9.0,6.0,0.0,6.0,11.0,10.0,20.0,3.0,4.0,0.0,0.0
FC Koln,Union Berlin,D1,2025,20/12/2025,A,0,1,0.0,0.0,D,13.0,11.0,2.0,3.0,3.0,6.0,9.0,18.0,2.0,5.0,1.0,0.0
Hamburg,Ein Frankfurt,D1,2025,20/12/2025,D,1,1,1.0,1.0,D,9.0,9.0,3.0,3.0,5.0,5.0,8.0,12.0,0.0,0.0,0.0,0.0
Stuttgart,Hoffenheim,D1,2025,20/12/2025,D,0,0,0.0,0.0,D,10.0,4.0,3.0,1.0,4.0,2.0,10.0,17.0,3.0,2.0,0.0,0.0
Wolfsburg,Freiburg,D1,2025,20/12/2025,A,3,4,1.0,1.0,D,13.0,15.0,6.0,8.0,2.0,6.0,16.0,8.0,1.0,1.0,0.0,0.0
RB Leipzig,Leverkusen,D1,2025,20/12/2025,A,1,3,1.0,2.0,A,19.0,15.0,7.0,8.0,2.0,8.0,10.0,12.0,1.0,2.0,0.0,0.0
Mainz,St Pauli,D1,2025,21/12/2025,D,0,0,0.0,0.0,D,13.0,5.0,1.0,1.0,9.0,5.0,5.0,9.0,1.0,1.0,0.0,0.0
Heidenheim,Bayern Munich,D1,2025,21/12/2025,A,0,4,0.0,2.0,A,8.0,23.0,1.0,11.0,0.0,6.0,8.0,6.0,0.0,0.0,0.0,0.0
Ein Frankfurt,Dortmund,D1,2025,09/01/2026,D,3,3,1.0,1.0,D,12.0,16.0,6.0,6.0,2.0,5.0,14.0,6.0,3.0,3.0,0.0,0.0
Freiburg,Hamburg,D1,2025,10/01/2026,H,2,1,0.0,0.0,D,20.0,10.0,7.0,5.0,0.0,3.0,13.0,11.0,3.0,5.0,0.0,1.0
Heidenheim,FC Koln,D1,2025,10/01/2026,D,2,2,2.0,1.0,H,14.0,21.0,6.0,9.0,5.0,4.0,9.0,7.0,2.0,1.0,0.0,0.0
Union Berlin,Mainz,D1,2025,10/01/2026,D,2,2,0.0,1.0,A,17.0,9.0,5.0,6.0,2.0,1.0,9.0,8.0,2.0,0.0,0.0,0.0
Leverkusen,Stuttgart,D1,2025,10/01/2026,A,1,4,0.0,4.0,A,16.0,10.0,4.0,7.0,5.0,3.0,13.0,11.0,4.0,2.0,0.0,0.0
M'gladbach,Augsburg,D1,2025,11/01/2026,H,4,0,3.0,0.0,H,12.0,17.0,7.0,2.0,2.0,2.0,16.0,9.0,0.0,1.0,0.0,0.0
Bayern Munich,Wolfsburg,D1,2025,11/01/2026,H,8,1,2.0,1.0,H,16.0,8.0,10.0,3.0,6.0,2.0,7.0,6.0,0.0,1.0,0.0,0.0
Stuttgart,Ein Frankfurt,D1,2025,13/01/2026,H,3,2,2.0,1.0,H,20.0,12.0,11.0,5.0,10.0,2.0,8.0,15.0,2.0,2.0,0.0,0.0
Dortmund,Werder Bremen,D1,2025,13/01/2026,H,3,0,1.0,0.0,H,18.0,6.0,8.0,3.0,3.0,3.0,14.0,8.0,2.0,0.0,0.0,0.0
Mainz,Heidenheim,D1,2025,13/01/2026,H,2,1,1.0,0.0,H,13.0,15.0,6.0,4.0,4.0,1.0,11.0,10.0,2.0,2.0,0.0,0.0
Wolfsburg,St Pauli,D1,2025,14/01/2026,H,2,1,1.0,1.0,D,13.0,9.0,5.0,4.0,7.0,4.0,10.0,9.0,1.0,2.0,0.0,0.0
FC Koln,Bayern Munich,D1,2025,14/01/2026,A,1,3,1.0,1.0,D,8.0,19.0,3.0,8.0,4.0,6.0,3.0,4.0,0.0,0.0,0.0,0.0
Hoffenheim,M'gladbach,D1,2025,14/01/2026,H,5,1,4.0,0.0,H,18.0,7.0,10.0,5.0,6.0,2.0,16.0,10.0,1.0,1.0,0.0,0.0
RB Leipzig,Freiburg,D1,2025,14/01/2026,H,2,0,0.0,0.0,D,21.0,3.0,7.0,1.0,7.0,2.0,12.0,16.0,0.0,4.0,0.0,0.0
Augsburg,Union Berlin,D1,2025,15/01/2026,D,1,1,1.0,0.0,H,9.0,16.0,5.0,3.0,3.0,3.0,9.0,18.0,1.0,0.0,0.0,1.0
Werder Bremen,Ein Frankfurt,D1,2025,16/01/2026,D,3,3,1.0,1.0,D,13.0,8.0,4.0,4.0,4.0,1.0,8.0,15.0,1.0,4.0,0.0,0.0
Dortmund,St Pauli,D1,2025,17/01/2026,H,3,2,1.0,0.0,H,10.0,9.0,6.0,5.0,5.0,5.0,9.0,11.0,3.0,1.0,0.0,0.0
FC Koln,Mainz,D1,2025,17/01/2026,H,2,1,0.0,1.0,A,20.0,11.0,6.0,7.0,9.0,5.0,6.0,10.0,4.0,4.0,0.0,0.0
Hamburg,M'gladbach,D1,2025,17/01/2026,D,0,0,0.0,0.0,D,25.0,6.0,12.0,0.0,2.0,5.0,16.0,18.0,1.0,2.0,0.0,0.0
Hoffenheim,Leverkusen,D1,2025,17/01/2026,H,1,0,1.0,0.0,H,19.0,8.0,8.0,2.0,3.0,5.0,17.0,7.0,2.0,1.0,0.0,0.0
Wolfsburg,Heidenheim,D1,2025,17/01/2026,D,1,1,0.0,1.0,A,13.0,13.0,4.0,3.0,9.0,6.0,10.0,12.0,4.0,3.0,0.0,0.0
RB Leipzig,Bayern Munich,D1,2025,17/01/2026,A,1,5,1.0,0.0,H,17.0,19.0,4.0,12.0,5.0,9.0,7.0,6.0,1.0,0.0,0.0,0.0
Stuttgart,Union Berlin,D1,2025,18/01/2026,D,1,1,0.0,0.0,D,13.0,20.0,4.0,3.0,3.0,8.0,6.0,11.0,1.0,1.0,0.0,0.0
Augsburg,Freiburg,D1,2025,18/01/2026,D,2,2,0.0,0.0,D,13.0,12.0,5.0,5.0,9.0,6.0,11.0,14.0,3.0,2.0,0.0,0.0
St Pauli,Hamburg,D1,2025,23/01/2026,D,0,0,0.0,0.0,D,8.0,5.0,3.0,2.0,5.0,4.0,15.0,13.0,1.0,1.0,0.0,0.0
Bayern Munich,Augsburg,D1,2025,24/01/2026,A,1,2,1.0,0.0,H,15.0,16.0,6.0,6.0,9.0,3.0,10.0,5.0,1.0,1.0,0.0,0.0
Ein Frankfurt,Hoffenheim,D1,2025,24/01/2026,A,1,3,1.0,0.0,H,9.0,10.0,3.0,5.0,6.0,6.0,8.0,16.0,0.0,4.0,0.0,0.0
Heidenheim,RB Leipzig,D1,2025,24/01/2026,A,0,3,0.0,0.0,D,7.0,11.0,2.0,8.0,4.0,0.0,10.0,9.0,1.0,0.0,0.0,0.0
Leverkusen,Werder Bremen,D1,2025,24/01/2026,H,1,0,1.0,0.0,H,13.0,17.0,4.0,3.0,5.0,5.0,6.0,9.0,2.0,3.0,0.0,0.0
Mainz,Wolfsburg,D1,2025,24/01/2026,H,3,1,0.0,1.0,A,20.0,7.0,9.0,2.0,15.0,1.0,8.0,11.0,3.0,2.0,0.0,0.0
Union Berlin,Dortmund,D1,2025,24/01/2026,A,0,3,0.0,1.0,A,10.0,15.0,3.0,5.0,7.0,2.0,10.0,16.0,0.0,1.0,0.0,0.0
M'gladbach,Stuttgart,D1,2025,25/01/2026,A,0,3,0.0,1.0,A,12.0,17.0,3.0,8.0,1.0,4.0,11.0,7.0,1.0,1.0,0.0,0.0
Freiburg,FC Koln,D1,2025,25/01/2026,H,2,1,2.0,1.0,H,13.0,19.0,5.0,4.0,5.0,5.0,5.0,9.0,1.0,2.0,0.0,0.0
St Pauli,RB Leipzig,D1,2025,27/01/2026,D,1,1,0.0,0.0,D,7.0,12.0,2.0,5.0,4.0,3.0,6.0,8.0,0.0,1.0,0.0,0.0
Werder Bremen,Hoffenheim,D1,2025,27/01/2026,A,0,2,0.0,1.0,A,26.0,12.0,3.0,3.0,6.0,7.0,7.0,10.0,2.0,2.0,0.0,1.0
FC Koln,Wolfsburg,D1,2025,30/01/2026,H,1,0,1.0,0.0,H,15.0,14.0,3.0,3.0,3.0,4.0,8.0,16.0,1.0,4.0,0.0,0.0
Augsburg,St Pauli,D1,2025,31/01/2026,H,2,1,1.0,1.0,D,12.0,17.0,6.0,5.0,5.0,5.0,15.0,13.0,3.0,1.0,0.0,0.0
Ein Frankfurt,Leverkusen,D1,2025,31/01/2026,A,1,3,0.0,2.0,A,11.0,11.0,4.0,4.0,8.0,3.0,11.0,10.0,3.0,1.0,1.0,0.0
Hoffenheim,Union Berlin,D1,2025,31/01/2026,H,3,1,2.0,0.0,H,9.0,16.0,4.0,3.0,3.0,10.0,11.0,18.0,2.0,2.0,0.0,0.0
RB Leipzig,Mainz,D1,2025,31/01/2026,A,1,2,1.0,1.0,D,15.0,11.0,4.0,4.0,5.0,4.0,4.0,13.0,0.0,4.0,0.0,0.0
Werder Bremen,M'gladbach,D1,2025,31/01/2026,D,1,1,0.0,0.0,D,18.0,7.0,6.0,2.0,7.0,3.0,10.0,14.0,0.0,1.0,0.0,0.0
Hamburg,Bayern Munich,D1,2025,31/01/2026,D,2,2,1.0,1.0,D,14.0,13.0,4.0,7.0,3.0,9.0,12.0,16.0,6.0,4.0,0.0,0.0
Stuttgart,Freiburg,D1,2025,01/02/2026,H,1,0,0.0,0.0,D,18.0,11.0,7.0,2.0,6.0,2.0,14.0,14.0,3.0,1.0,0.0,0.0
Dortmund,Heidenheim,D1,2025,01/02/2026,H,3,2,1.0,1.0,D,19.0,12.0,5.0,3.0,12.0,3.0,11.0,11.0,2.0,2.0,0.0,0.0
Union Berlin,Ein Frankfurt,D1,2025,06/02/2026,D,1,1,0.0,0.0,D,11.0,3.0,3.0,1.0,5.0,2.0,9.0,11.0,4.0,3.0,0.0,1.0
Freiburg,Werder Bremen,D1,2025,07/02/2026,H,1,0,1.0,0.0,H,7.0,17.0,2.0,5.0,4.0,8.0,9.0,12.0,0.0,1.0,1.0,0.0
Heidenheim,Hamburg,D1,2025,07/02/2026,A,0,2,0.0,1.0,A,20.0,14.0,4.0,5.0,10.0,8.0,6.0,11.0,0.0,2.0,0.0,0.0
Mainz,Augsburg,D1,2025,07/02/2026,H,2,0,1.0,0.0,H,10.0,14.0,6.0,6.0,6.0,4.0,12.0,10.0,2.0,2.0,0.0,0.0
St Pauli,Stuttgart,D1,2025,07/02/2026,H,2,1,1.0,0.0,H,15.0,7.0,7.0,3.0,5.0,5.0,9.0,10.0,0.0,2.0,0.0,0.0
Wolfsburg,Dortmund,D1,2025,07/02/2026,A,1,2,0.0,1.0,A,12.0,21.0,2.0,4.0,4.0,8.0,13.0,10.0,1.0,1.0,0.0,0.0
M'gladbach,Leverkusen,D1,2025,07/02/2026,D,1,1,1.0,1.0,D,9.0,10.0,6.0,2.0,2.0,2.0,7.0,11.0,2.0,3.0,0.0,0.0
FC Koln,RB Leipzig,D1,2025,08/02/2026,A,1,2,0.0,1.0,A,10.0,19.0,3.0,4.0,4.0,3.0,7.0,13.0,1.0,4.0,0.0,0.0
Bayern Munich,Hoffenheim,D1,2025,08/02/2026,H,5,1,3.0,1.0,H,27.0,9.0,14.0,4.0,8.0,3.0,11.0,9.0,2.0,2.0,0.0,1.0
Dortmund,Mainz,D1,2025,13/02/2026,H,4,0,3.0,0.0,H,14.0,10.0,8.0,5.0,7.0,2.0,10.0,5.0,3.0,2.0,0.0,0.0
Ein Frankfurt,M'gladbach,D1,2025,14/02/2026,H,3,0,2.0,0.0,H,12.0,20.0,9.0,3.0,2.0,8.0,11.0,11.0,3.0,2.0,0.0,0.0
Hamburg,Union Berlin,D1,2025,14/02/2026,H,3,2,2.0,1.0,H,13.0,12.0,4.0,5.0,6.0,3.0,12.0,7.0,3.0,0.0,0.0,0.0
Hoffenheim,Freiburg,D1,2025,14/02/2026,H,3,0,0.0,0.0,D,25.0,13.0,7.0,3.0,6.0,6.0,8.0,6.0,3.0,1.0,0.0,0.0
Leverkusen,St Pauli,D1,2025,14/02/2026,H,4,0,2.0,0.0,H,12.0,11.0,7.0,1.0,8.0,3.0,7.0,11.0,0.0,1.0,0.0,0.0
Werder Bremen,Bayern Munich,D1,2025,14/02/2026,A,0,3,0.0,2.0,A,14.0,11.0,3.0,8.0,2.0,4.0,10.0,6.0,3.0,1.0,0.0,0.0
Stuttgart,FC Koln,D1,2025,14/02/2026,H,3,1,1.0,0.0,H,13.0,10.0,4.0,3.0,2.0,5.0,10.0,10.0,4.0,1.0,0.0,0.0
Augsburg,Heidenheim,D1,2025,15/02/2026,H,1,0,0.0,0.0,D,12.0,16.0,4.0,2.0,4.0,5.0,9.0,9.0,1.0,2.0,0.0,0.0
RB Leipzig,Wolfsburg,D1,2025,15/02/2026,D,2,2,0.0,0.0,D,20.0,10.0,10.0,3.0,6.0,2.0,6.0,10.0,1.0,2.0,0.0,0.0
Mainz,Hamburg,D1,2025,20/02/2026,D,1,1,1.0,0.0,H,17.0,14.0,3.0,5.0,7.0,2.0,16.0,13.0,3.0,2.0,0.0,0.0
Bayern Munich,Ein Frankfurt,D1,2025,21/02/2026,H,3,2,2.0,0.0,H,24.0,9.0,11.0,3.0,8.0,2.0,9.0,10.0,0.0,3.0,0.0,0.0
FC Koln,Hoffenheim,D1,2025,21/02/2026,D,2,2,1.0,1.0,D,9.0,18.0,4.0,6.0,3.0,10.0,6.0,12.0,1.0,3.0,0.0,0.0
Union Berlin,Leverkusen,D1,2025,21/02/2026,H,1,0,1.0,0.0,H,8.0,16.0,4.0,1.0,4.0,5.0,15.0,7.0,5.0,2.0,0.0,0.0
Wolfsburg,Augsburg,D1,2025,21/02/2026,A,2,3,1.0,0.0,H,10.0,15.0,4.0,6.0,4.0,10.0,10.0,16.0,3.0,4.0,0.0,0.0
RB Leipzig,Dortmund,D1,2025,21/02/2026,D,2,2,2.0,0.0,H,13.0,11.0,3.0,5.0,6.0,2.0,11.0,17.0,3.0,4.0,0.0,0.0
Freiburg,M'gladbach,D1,2025,22/02/2026,H,2,1,1.0,0.0,H,10.0,12.0,6.0,2.0,3.0,3.0,9.0,8.0,1.0,2.0,0.0,0.0
St Pauli,Werder Bremen,D1,2025,22/02/2026,H,2,1,0.0,0.0,D,5.0,13.0,4.0,4.0,1.0,5.0,6.0,10.0,2.0,6.0,0.0,0.0
Heidenheim,Stuttgart,D1,2025,22/02/2026,D,3,3,2.0,2.0,D,10.0,12.0,6.0,8.0,3.0,4.0,13.0,7.0,1.0,2.0,0.0,0.0
Augsburg,FC Koln,D1,2025,27/02/2026,H,2,0,0.0,0.0,D,14.0,10.0,4.0,3.0,6.0,9.0,15.0,4.0,4.0,1.0,0.0,0.0
Hoffenheim,St Pauli,D1,2025,28/02/2026,A,0,1,0.0,1.0,A,20.0,11.0,11.0,3.0,10.0,3.0,13.0,7.0,1.0,2.0,0.0,0.0
Leverkusen,Mainz,D1,2025,28/02/2026,D,1,1,0.0,0.0,D,12.0,8.0,5.0,4.0,6.0,2.0,9.0,13.0,1.0,2.0,0.0,0.0
M'gladbach,Union Berlin,D1,2025,28/02/2026,H,1,0,0.0,0.0,D,21.0,6.0,7.0,2.0,6.0,2.0,5.0,18.0,4.0,5.0,0.0,0.0
Werder Bremen,Heidenheim,D1,2025,28/02/2026,H,2,0,0.0,0.0,D,17.0,9.0,6.0,0.0,3.0,2.0,14.0,9.0,1.0,0.0,0.0,0.0
Dortmund,Bayern Munich,D1,2025,28/02/2026,A,2,3,1.0,0.0,H,10.0,14.0,2.0,6.0,5.0,2.0,15.0,10.0,1.0,0.0,0.0,0.0
Stuttgart,Wolfsburg,D1,2025,01/03/2026,H,4,0,3.0,0.0,H,24.0,10.0,11.0,3.0,7.0,3.0,5.0,17.0,1.0,0.0,0.0,0.0
Ein Frankfurt,Freiburg,D1,2025,01/03/2026,H,2,0,0.0,0.0,D,15.0,4.0,7.0,2.0,5.0,6.0,9.0,11.0,1.0,2.0,0.0,0.0
Hamburg,RB Leipzig,D1,2025,01/03/2026,A,1,2,1.0,1.0,D,7.0,13.0,3.0,5.0,4.0,9.0,8.0,12.0,3.0,2.0,0.0,0.0
Hamburg,Leverkusen,D1,2025,04/03/2026,A,0,1,0.0,0.0,D,10.0,14.0,3.0,4.0,2.0,7.0,12.0,11.0,0.0,2.0,0.0,0.0
Bayern Munich,M'gladbach,D1,2025,06/03/2026,H,4,1,2.0,0.0,H,18.0,10.0,9.0,5.0,7.0,1.0,7.0,12.0,1.0,0.0,0.0,1.0
Freiburg,Leverkusen,D1,2025,07/03/2026,D,3,3,2.0,2.0,D,21.0,17.0,9.0,5.0,5.0,2.0,7.0,8.0,3.0,3.0,0.0,0.0
Heidenheim,Hoffenheim,D1,2025,07/03/2026,A,2,4,0.0,2.0,A,8.0,16.0,2.0,7.0,4.0,3.0,7.0,15.0,0.0,0.0,0.0,0.0
Mainz,Stuttgart,D1,2025,07/03/2026,D,2,2,1.0,0.0,H,18.0,11.0,6.0,4.0,5.0,6.0,7.0,12.0,0.0,2.0,0.0,0.0
RB Leipzig,Augsburg,D1,2025,07/03/2026,H,2,1,0.0,1.0,A,17.0,16.0,8.0,5.0,6.0,8.0,8.0,9.0,0.0,2.0,0.0,0.0
Wolfsburg,Hamburg,D1,2025,07/03/2026,A,1,2,1.0,1.0,D,14.0,10.0,4.0,7.0,7.0,3.0,18.0,6.0,3.0,3.0,1.0,0.0
FC Koln,Dortmund,D1,2025,07/03/2026,A,1,2,0.0,1.0,A,14.0,13.0,4.0,5.0,9.0,4.0,9.0,13.0,1.0,1.0,1.0,0.0
St Pauli,Ein Frankfurt,D1,2025,08/03/2026,D,0,0,0.0,0.0,D,11.0,8.0,2.0,2.0,6.0,5.0,13.0,8.0,2.0,1.0,0.0,0.0
Union Berlin,Werder Bremen,D1,2025,08/03/2026,A,1,4,1.0,2.0,A,9.0,15.0,2.0,5.0,1.0,3.0,5.0,13.0,1.0,3.0,1.0,0.0
M'gladbach,St Pauli,D1,2025,13/03/2026,H,2,0,1.0,0.0,H,10.0,8.0,4.0,1.0,2.0,2.0,9.0,7.0,1.0,2.0,0.0,0.0
Dortmund,Augsburg,D1,2025,14/03/2026,H,2,0,1.0,0.0,H,16.0,7.0,5.0,3.0,12.0,2.0,7.0,7.0,0.0,0.0,0.0,0.0
Ein Frankfurt,Heidenheim,D1,2025,14/03/2026,H,1,0,0.0,0.0,D,12.0,3.0,4.0,1.0,5.0,4.0,5.0,9.0,3.0,2.0,1.0,0.0
Hoffenheim,Wolfsburg,D1,2025,14/03/2026,D,1,1,0.0,0.0,D,21.0,4.0,6.0,2.0,16.0,4.0,10.0,10.0,0.0,3.0,0.0,0.0
Leverkusen,Bayern Munich,D1,2025,14/03/2026,D,1,1,1.0,0.0,H,21.0,11.0,7.0,5.0,4.0,1.0,12.0,13.0,3.0,4.0,0.0,2.0
Hamburg,FC Koln,D1,2025,14/03/2026,D,1,1,1.0,1.0,D,5.0,10.0,1.0,2.0,1.0,8.0,11.0,12.0,2.0,4.0,0.0,0.0
Werder Bremen,Mainz,D1,2025,15/03/2026,A,0,2,0.0,1.0,A,16.0,11.0,3.0,2.0,9.0,4.0,7.0,7.0,2.0,1.0,0.0,0.0
Freiburg,Union Berlin,D1,2025,15/03/2026,A,0,1,0.0,0.0,D,19.0,9.0,6.0,4.0,6.0,2.0,6.0,19.0,0.0,2.0,0.0,0.0
Stuttgart,RB Leipzig,D1,2025,15/03/2026,H,1,0,0.0,0.0,D,13.0,9.0,4.0,4.0,5.0,6.0,5.0,16.0,1.0,2.0,0.0,0.0
RB Leipzig,Hoffenheim,D1,2025,20/03/2026,H,5,0,4.0,0.0,H,14.0,8.0,9.0,2.0,1.0,3.0,8.0,16.0,1.0,1.0,0.0,0.0
Bayern Munich,Union Berlin,D1,2025,21/03/2026,H,4,0,2.0,0.0,H,31.0,5.0,9.0,1.0,12.0,1.0,5.0,8.0,1.0,2.0,0.0,0.0
FC Koln,M'gladbach,D1,2025,21/03/2026,D,3,3,2.0,2.0,D,12.0,9.0,5.0,3.0,5.0,3.0,8.0,14.0,8.0,2.0,1.0,0.0
Heidenheim,Leverkusen,D1,2025,21/03/2026,D,3,3,0.0,2.0,A,9.0,14.0,5.0,5.0,2.0,5.0,11.0,12.0,4.0,4.0,0.0,0.0
Wolfsburg,Werder Bremen,D1,2025,21/03/2026,A,0,1,0.0,0.0,D,11.0,8.0,4.0,3.0,8.0,4.0,16.0,6.0,3.0,0.0,1.0,0.0
Dortmund,Hamburg,D1,2025,21/03/2026,H,3,2,0.0,2.0,A,24.0,4.0,8.0,4.0,11.0,3.0,10.0,8.0,2.0,3.0,0.0,0.0
Mainz,Ein Frankfurt,D1,2025,22/03/2026,H,2,1,1.0,1.0,D,8.0,12.0,5.0,4.0,5.0,3.0,12.0,5.0,2.0,1.0,0.0,0.0
St Pauli,Freiburg,D1,2025,22/03/2026,A,1,2,1.0,0.0,H,12.0,15.0,5.0,6.0,3.0,2.0,9.0,6.0,1.0,1.0,0.0,0.0
Augsburg,Stuttgart,D1,2025,22/03/2026,A,2,5,0.0,3.0,A,13.0,13.0,7.0,8.0,2.0,5.0,11.0,14.0,1.0,3.0,0.0,0.0
Freiburg,Bayern Munich,D1,2025,04/04/2026,A,2,3,0.0,0.0,D,13.0,21.0,4.0,9.0,5.0,8.0,9.0,13.0,3.0,3.0,0.0,0.0
Hamburg,Augsburg,D1,2025,04/04/2026,D,1,1,0.0,1.0,A,18.0,18.0,4.0,3.0,9.0,2.0,12.0,12.0,2.0,3.0,1.0,0.0
Hoffenheim,Mainz,D1,2025,04/04/2026,A,1,2,1.0,1.0,D,16.0,9.0,5.0,5.0,7.0,3.0,11.0,5.0,4.0,1.0,0.0,0.0
Leverkusen,Wolfsburg,D1,2025,04/04/2026,H,6,3,2.0,3.0,A,25.0,11.0,11.0,5.0,12.0,2.0,8.0,11.0,1.0,3.0,0.0,0.0
M'gladbach,Heidenheim,D1,2025,04/04/2026,D,2,2,1.0,1.0,D,15.0,15.0,7.0,7.0,2.0,3.0,12.0,11.0,4.0,0.0,0.0,0.0
Werder Bremen,RB Leipzig,D1,2025,04/04/2026,A,1,2,0.0,1.0,A,13.0,7.0,5.0,2.0,1.0,0.0,13.0,14.0,2.0,1.0,0.0,0.0
Stuttgart,Dortmund,D1,2025,04/04/2026,A,0,2,0.0,0.0,D,13.0,5.0,3.0,3.0,5.0,2.0,10.0,12.0,2.0,4.0,0.0,0.0
Union Berlin,St Pauli,D1,2025,05/04/2026,D,1,1,0.0,1.0,A,16.0,9.0,8.0,2.0,7.0,2.0,10.0,8.0,0.0,2.0,0.0,1.0
Ein Frankfurt,FC Koln,D1,2025,05/04/2026,D,2,2,0.0,0.0,D,20.0,14.0,7.0,9.0,8.0,0.0,10.0,7.0,1.0,2.0,0.0,0.0
Augsburg,Hoffenheim,D1,2025,10/04/2026,D,2,2,2.0,2.0,D,17.0,13.0,8.0,4.0,4.0,4.0,6.0,18.0,5.0,3.0,0.0,0.0
Dortmund,Leverkusen,D1,2025,11/04/2026,A,0,1,0.0,1.0,A,14.0,11.0,1.0,4.0,5.0,5.0,5.0,6.0,3.0,0.0,0.0,0.0
Heidenheim,Union Berlin,D1,2025,11/04/2026,H,3,1,2.0,0.0,H,7.0,10.0,3.0,3.0,3.0,5.0,7.0,13.0,0.0,2.0,0.0,0.0
RB Leipzig,M'gladbach,D1,2025,11/04/2026,H,1,0,0.0,0.0,D,24.0,15.0,11.0,3.0,11.0,4.0,9.0,6.0,4.0,1.0,0.0,0.0
Wolfsburg,Ein Frankfurt,D1,2025,11/04/2026,A,1,2,0.0,2.0,A,22.0,10.0,7.0,4.0,7.0,7.0,9.0,8.0,2.0,1.0,0.0,0.0
St Pauli,Bayern Munich,D1,2025,11/04/2026,A,0,5,0.0,1.0,A,6.0,20.0,3.0,8.0,3.0,4.0,9.0,7.0,1.0,2.0,0.0,0.0
FC Koln,Werder Bremen,D1,2025,12/04/2026,H,3,1,1.0,0.0,H,25.0,6.0,8.0,2.0,8.0,5.0,16.0,7.0,3.0,2.0,0.0,1.0
Stuttgart,Hamburg,D1,2025,12/04/2026,H,4,0,2.0,0.0,H,23.0,9.0,11.0,5.0,8.0,2.0,10.0,14.0,2.0,1.0,0.0,0.0
Mainz,Freiburg,D1,2025,12/04/2026,A,0,1,0.0,0.0,D,10.0,8.0,3.0,3.0,6.0,4.0,10.0,13.0,1.0,3.0,0.0,0.0
St Pauli,FC Koln,D1,2025,17/04/2026,D,1,1,0.0,0.0,D,14.0,10.0,6.0,1.0,8.0,5.0,6.0,2.0,4.0,1.0,0.0,0.0
Hoffenheim,Dortmund,D1,2025,18/04/2026,H,2,1,1.0,0.0,H,13.0,8.0,4.0,3.0,4.0,3.0,14.0,11.0,2.0,3.0,0.0,0.0
Leverkusen,Augsburg,D1,2025,18/04/2026,A,1,2,1.0,1.0,D,35.0,11.0,10.0,5.0,11.0,4.0,5.0,8.0,2.0,1.0,0.0,0.0
Union Berlin,Wolfsburg,D1,2025,18/04/2026,A,1,2,0.0,1.0,A,25.0,5.0,7.0,4.0,11.0,4.0,13.0,15.0,1.0,1.0,0.0,0.0
Werder Bremen,Hamburg,D1,2025,18/04/2026,H,3,1,1.0,1.0,D,18.0,11.0,10.0,3.0,7.0,3.0,14.0,14.0,4.0,3.0,0.0,1.0
Ein Frankfurt,RB Leipzig,D1,2025,18/04/2026,A,1,3,1.0,1.0,D,16.0,19.0,5.0,8.0,4.0,6.0,7.0,7.0,0.0,1.0,0.0,0.0
Freiburg,Heidenheim,D1,2025,19/04/2026,H,2,1,1.0,0.0,H,17.0,13.0,4.0,2.0,5.0,4.0,10.0,9.0,1.0,0.0,0.0,0.0
Bayern Munich,Stuttgart,D1,2025,19/04/2026,H,4,2,3.0,1.0,H,28.0,11.0,9.0,7.0,11.0,3.0,6.0,3.0,0.0,0.0,0.0,0.0
M'gladbach,Mainz,D1,2025,19/04/2026,D,1,1,1.0,0.0,H,9.0,17.0,4.0,7.0,0.0,6.0,12.0,8.0,5.0,2.0,0.0,0.0
RB Leipzig,Union Berlin,D1,2025,24/04/2026,H,3,1,2.0,0.0,H,20.0,5.0,10.0,1.0,10.0,4.0,6.0,10.0,1.0,1.0,0.0,0.0
Augsburg,Ein Frankfurt,D1,2025,25/04/2026,D,1,1,1.0,0.0,H,17.0,19.0,3.0,7.0,9.0,7.0,11.0,13.0,1.0,2.0,0.0,0.0
FC Koln,Leverkusen,D1,2025,25/04/2026,A,1,2,0.0,1.0,A,25.0,8.0,10.0,3.0,2.0,5.0,11.0,5.0,1.0,2.0,0.0,0.0
Heidenheim,St Pauli,D1,2025,25/04/2026,H,2,0,1.0,0.0,H,12.0,11.0,5.0,2.0,6.0,6.0,7.0,6.0,0.0,1.0,0.0,0.0
Mainz,Bayern Munich,D1,2025,25/04/2026,A,3,4,3.0,0.0,H,21.0,11.0,8.0,6.0,4.0,4.0,14.0,10.0,1.0,2.0,0.0,0.0
Wolfsburg,M'gladbach,D1,2025,25/04/2026,D,0,0,0.0,0.0,D,12.0,10.0,4.0,2.0,8.0,5.0,11.0,5.0,1.0,3.0,0.0,1.0
Hamburg,Hoffenheim,D1,2025,25/04/2026,A,1,2,1.0,2.0,A,12.0,15.0,4.0,6.0,4.0,9.0,11.0,18.0,2.0,4.0,0.0,0.0
Stuttgart,Werder Bremen,D1,2025,26/04/2026,D,1,1,0.0,1.0,A,20.0,9.0,4.0,3.0,14.0,2.0,8.0,10.0,0.0,1.0,0.0,0.0
Dortmund,Freiburg,D1,2025,26/04/2026,H,4,0,3.0,0.0,H,17.0,7.0,5.0,4.0,5.0,0.0,19.0,10.0,1.0,0.0,0.0,0.0
Bayern Munich,Heidenheim,D1,2025,02/05/2026,D,3,3,1.0,2.0,A,23.0,12.0,7.0,5.0,13.0,5.0,6.0,7.0,3.0,2.0,0.0,0.0
Ein Frankfurt,Hamburg,D1,2025,02/05/2026,A,1,2,0.0,0.0,D,8.0,9.0,5.0,4.0,9.0,4.0,13.0,5.0,6.0,1.0,1.0,0.0
Hoffenheim,Stuttgart,D1,2025,02/05/2026,D,3,3,2.0,1.0,H,22.0,14.0,9.0,5.0,4.0,5.0,18.0,9.0,3.0,1.0,0.0,1.0
Union Berlin,FC Koln,D1,2025,02/05/2026,D,2,2,0.0,1.0,A,13.0,8.0,3.0,4.0,2.0,5.0,7.0,10.0,2.0,3.0,0.0,0.0
Werder Bremen,Augsburg,D1,2025,02/05/2026,A,1,3,0.0,2.0,A,15.0,14.0,4.0,7.0,8.0,2.0,11.0,4.0,1.0,1.0,0.0,0.0
Leverkusen,RB Leipzig,D1,2025,02/05/2026,H,4,1,2.0,0.0,H,23.0,14.0,8.0,5.0,7.0,3.0,7.0,12.0,1.0,3.0,0.0,0.0
St Pauli,Mainz,D1,2025,03/05/2026,A,1,2,0.0,2.0,A,10.0,17.0,3.0,6.0,7.0,7.0,10.0,8.0,3.0,1.0,0.0,0.0
M'gladbach,Dortmund,D1,2025,03/05/2026,H,1,0,0.0,0.0,D,12.0,6.0,4.0,1.0,1.0,1.0,14.0,17.0,3.0,1.0,0.0,0.0
Freiburg,Wolfsburg,D1,2025,03/05/2026,D,1,1,0.0,0.0,D,11.0,13.0,3.0,4.0,1.0,7.0,5.0,11.0,1.0,1.0,0.0,0.0
Dortmund,Ein Frankfurt,D1,2025,08/05/2026,H,3,2,2.0,1.0,H,13.0,9.0,8.0,4.0,6.0,2.0,14.0,8.0,3.0,0.0,0.0,0.0
Augsburg,M'gladbach,D1,2025,09/05/2026,H,3,1,2.0,0.0,H,15.0,16.0,10.0,4.0,2.0,2.0,11.0,9.0,2.0,2.0,0.0,0.0
Hoffenheim,Werder Bremen,D1,2025,09/05/2026,H,1,0,1.0,0.0,H,15.0,11.0,4.0,2.0,8.0,3.0,4.0,3.0,1.0,2.0,0.0,1.0
RB Leipzig,St Pauli,D1,2025,09/05/2026,H,2,1,1.0,0.0,H,13.0,7.0,5.0,3.0,3.0,5.0,5.0,9.0,2.0,0.0,0.0,0.0
Stuttgart,Leverkusen,D1,2025,09/05/2026,H,3,1,2.0,1.0,H,20.0,6.0,9.0,5.0,7.0,6.0,13.0,8.0,2.0,1.0,0.0,0.0
Wolfsburg,Bayern Munich,D1,2025,09/05/2026,A,0,1,0.0,0.0,D,17.0,16.0,5.0,9.0,6.0,3.0,8.0,5.0,1.0,0.0,0.0,0.0
Hamburg,Freiburg,D1,2025,10/05/2026,H,3,2,1.0,1.0,D,14.0,5.0,5.0,3.0,2.0,4.0,15.0,8.0,2.0,2.0,0.0,0.0
FC Koln,Heidenheim,D1,2025,10/05/2026,A,1,3,1.0,2.0,A,18.0,11.0,7.0,5.0,6.0,4.0,9.0,8.0,2.0,2.0,0.0,0.0
Mainz,Union Berlin,D1,2025,10/05/2026,A,1,3,0.0,1.0,A,14.0,16.0,3.0,9.0,7.0,8.0,11.0,10.0,2.0,1.0,0.0,0.0
Bayern Munich,FC Koln,D1,2025,16/05/2026,H,5,1,3.0,1.0,H,19.0,9.0,7.0,2.0,5.0,5.0,6.0,4.0,1.0,1.0,0.0,0.0
Ein Frankfurt,Stuttgart,D1,2025,16/05/2026,D,2,2,0.0,2.0,A,16.0,13.0,7.0,7.0,6.0,6.0,14.0,12.0,2.0,3.0,0.0,0.0
Freiburg,RB Leipzig,D1,2025,16/05/2026,H,4,1,2.0,1.0,H,11.0,14.0,5.0,6.0,1.0,2.0,13.0,7.0,0.0,1.0,0.0,0.0
Heidenheim,Mainz,D1,2025,16/05/2026,A,0,2,0.0,2.0,A,15.0,15.0,5.0,9.0,6.0,3.0,8.0,12.0,1.0,1.0,0.0,0.0
Leverkusen,Hamburg,D1,2025,16/05/2026,D,1,1,0.0,0.0,D,26.0,19.0,9.0,6.0,8.0,3.0,8.0,11.0,1.0,2.0,0.0,0.0
M'gladbach,Hoffenheim,D1,2025,16/05/2026,H,4,0,2.0,0.0,H,9.0,11.0,6.0,3.0,2.0,9.0,11.0,15.0,4.0,6.0,0.0,1.0
St Pauli,Wolfsburg,D1,2025,16/05/2026,A,1,3,0.0,1.0,A,11.0,19.0,2.0,10.0,8.0,9.0,6.0,9.0,2.0,3.0,0.0,0.0
Union Berlin,Augsburg,D1,2025,16/05/2026,H,4,0,2.0,0.0,H,17.0,11.0,9.0,1.0,4.0,9.0,6.0,7.0,3.0,1.0,0.0,0.0
Werder Bremen,Dortmund,D1,2025,16/05/2026,A,0,2,0.0,0.0,D,9.0,17.0,3.0,9.0,4.0,5.0,8.0,5.0,0.0,0.0,0.0,0.0
