HomeTeam,AwayTeam,Div,season,Date,FTR,FTHG,FTAG,HTHG,HTAG,HTR,HS,AS,HST,AST,HC,AC,HF,AF,HY,AY,HR,AR
Aachen,Union Berlin,D2,2010,20/08/10,D,2,2,1,1,D,,,,,,,,,,,,
Frankfurt FSV,Bielefeld,D2,2010,20/08/10,H,2,1,2,0,H,,,,,,,,,,,,
Hertha,Oberhausen,D2,2010,20/08/10,H,3,2,1,1,D,,,,,,,,,,,,
Ingolstadt,Augsburg,D2,2010,21/08/10,A,1,4,1,2,A,,,,,,,,,,,,
Paderborn,Erzgebirge Aue,D2,2010,21/08/10,A,0,1,0,0,D,,,,,,,,,,,,
Cottbus,Fortuna Dusseldorf,D2,2010,22/08/10,H,2,0,0,0,D,,,,,,,,,,,,
Greuther Furth,Karlsruhe,D2,2010,22/08/10,H,4,1,2,0,H,,,,,,,,,,,,
Osnabruck,Duisburg,D2,2010,22/08/10,A,1,3,1,1,D,,,,,,,,,,,,
Bochum,Munich 1860,D2,2010,23/08/10,H,3,2,2,1,H,,,,,,,,,,,,
Augsburg,Paderborn,D2,2010,27/08/10,H,1,0,0,0,D,,,,,,,,,,,,
Erzgebirge Aue,Bochum,D2,2010,27/08/10,H,1,0,1,0,H,,,,,,,,,,,,
Oberhausen,Frankfurt FSV,D2,2010,27/08/10,H,1,0,0,0,D,,,,,,,,,,,,
Duisburg,Ingolstadt,D2,2010,28/08/10,H,4,1,3,1,H,,,,,,,,,,,,
Union Berlin,Greuther Furth,D2,2010,28/08/10,A,1,2,0,0,D,,,,,,,,,,,,
Bielefeld,Cottbus,D2,2010,29/08/10,A,1,2,0,2,A,,,,,,,,,,,,
Karlsruhe,Aachen,D2,2010,29/08/10,H,3,0,3,0,H,,,,,,,,,,,,
Munich 1860,Osnabruck,D2,2010,29/08/10,H,3,1,2,1,H,,,,,,,,,,,,
Fortuna Dusseldorf,Hertha,D2,2010,30/08/10,A,1,2,0,2,A,,,,,,,,,,,,
Ingolstadt,Oberhausen,D2,2010,10/09/10,A,1,2,0,0,D,,,,,,,,,,,,
Osnabruck,Erzgebirge Aue,D2,2010,10/09/10,H,3,2,0,0,D,,,,,,,,,,,,
Paderborn,Union Berlin,D2,2010,10/09/10,H,2,0,0,0,D,,,,,,,,,,,,
Duisburg,Munich 1860,D2,2010,11/09/10,H,2,1,0,1,A,,,,,,,,,,,,
Frankfurt FSV,Fortuna Dusseldorf,D2,2010,11/09/10,H,1,0,1,0,H,,,,,,,,,,,,
Bochum,Augsburg,D2,2010,12/09/10,A,0,2,0,2,A,,,,,,,,,,,,
Greuther Furth,Aachen,D2,2010,12/09/10,D,1,1,1,0,H,,,,,,,,,,,,
Hertha,Bielefeld,D2,2010,12/09/10,H,3,1,2,0,H,,,,,,,,,,,,
Cottbus,Karlsruhe,D2,2010,13/09/10,D,5,5,2,4,A,,,,,,,,,,,,
Aachen,Cottbus,D2,2010,17/09/10,A,2,3,1,1,D,,,,,,,,,,,,
Greuther Furth,Frankfurt FSV,D2,2010,17/09/10,H,1,0,1,0,H,,,,,,,,,,,,
Union Berlin,Hertha,D2,2010,17/09/10,D,1,1,0,1,A,,,,,,,,,,,,
Karlsruhe,Paderborn,D2,2010,18/09/10,H,2,1,1,1,D,,,,,,,,,,,,
Oberhausen,Bochum,D2,2010,18/09/10,H,3,1,1,1,D,,,,,,,,,,,,
Augsburg,Osnabruck,D2,2010,19/09/10,D,2,2,1,0,H,,,,,,,,,,,,
Bielefeld,Ingolstadt,D2,2010,19/09/10,H,1,0,0,0,D,,,,,,,,,,,,
Erzgebirge Aue,Duisburg,D2,2010,19/09/10,H,1,0,0,0,D,,,,,,,,,,,,
Fortuna Dusseldorf,Munich 1860,D2,2010,19/09/10,A,1,2,1,0,H,,,,,,,,,,,,
Cottbus,Greuther Furth,D2,2010,21/09/10,H,2,0,1,0,H,,,,,,,,,,,,
Frankfurt FSV,Aachen,D2,2010,21/09/10,A,1,3,0,0,D,,,,,,,,,,,,
Hertha,Karlsruhe,D2,2010,21/09/10,H,4,0,2,0,H,,,,,,,,,,,,
Paderborn,Oberhausen,D2,2010,21/09/10,D,0,0,0,0,D,,,,,,,,,,,,
Bochum,Bielefeld,D2,2010,22/09/10,H,3,1,2,1,H,,,,,,,,,,,,
Duisburg,Augsburg,D2,2010,22/09/10,H,1,0,0,0,D,,,,,,,,,,,,
Ingolstadt,Fortuna Dusseldorf,D2,2010,22/09/10,H,3,0,1,0,H,,,,,,,,,,,,
Munich 1860,Erzgebirge Aue,D2,2010,22/09/10,D,0,0,0,0,D,,,,,,,,,,,,
Osnabruck,Union Berlin,D2,2010,22/09/10,H,4,1,2,1,H,,,,,,,,,,,,
Aachen,Paderborn,D2,2010,24/09/10,H,2,0,0,0,D,,,,,,,,,,,,
Cottbus,Hertha,D2,2010,24/09/10,A,0,1,0,0,D,,,,,,,,,,,,
Karlsruhe,Frankfurt FSV,D2,2010,24/09/10,A,0,2,0,0,D,,,,,,,,,,,,
Bielefeld,Erzgebirge Aue,D2,2010,25/09/10,A,0,1,0,0,D,,,,,,,,,,,,
Greuther Furth,Ingolstadt,D2,2010,25/09/10,H,1,0,0,0,D,,,,,,,,,,,,
Augsburg,Munich 1860,D2,2010,26/09/10,A,1,2,0,1,A,,,,,,,,,,,,
Oberhausen,Osnabruck,D2,2010,26/09/10,H,1,0,0,0,D,,,,,,,,,,,,
Union Berlin,Duisburg,D2,2010,26/09/10,H,2,0,0,0,D,,,,,,,,,,,,
Fortuna Dusseldorf,Bochum,D2,2010,27/09/10,A,0,1,0,1,A,,,,,,,,,,,,
Duisburg,Oberhausen,D2,2010,01/10/10,H,3,0,1,0,H,,,,,,,,,,,,
Ingolstadt,Karlsruhe,D2,2010,01/10/10,D,1,1,0,0,D,,,,,,,,,,,,
Paderborn,Bielefeld,D2,2010,01/10/10,H,3,1,1,0,H,,,,,,,,,,,,
Bochum,Greuther Furth,D2,2010,02/10/10,A,0,2,0,0,D,,,,,,,,,,,,
Osnabruck,Fortuna Dusseldorf,D2,2010,02/10/10,A,2,3,1,3,A,,,,,,,,,,,,
Erzgebirge Aue,Augsburg,D2,2010,03/10/10,H,3,2,2,1,H,,,,,,,,,,,,
Frankfurt FSV,Cottbus,D2,2010,03/10/10,H,3,2,0,1,A,,,,,,,,,,,,
Munich 1860,Union Berlin,D2,2010,03/10/10,H,1,0,0,0,D,,,,,,,,,,,,
Hertha,Aachen,D2,2010,04/10/10,D,0,0,0,0,D,,,,,,,,,,,,
Fortuna Dusseldorf,Augsburg,D2,2010,15/10/10,H,1,0,1,0,H,,,,,,,,,,,,
Greuther Furth,Osnabruck,D2,2010,15/10/10,H,3,0,2,0,H,,,,,,,,,,,,
Union Berlin,Erzgebirge Aue,D2,2010,15/10/10,D,1,1,1,1,D,,,,,,,,,,,,
Frankfurt FSV,Hertha,D2,2010,16/10/10,A,0,1,0,0,D,,,,,,,,,,,,
Karlsruhe,Bochum,D2,2010,16/10/10,A,0,2,0,2,A,,,,,,,,,,,,
Aachen,Ingolstadt,D2,2010,17/10/10,H,2,1,1,0,H,,,,,,,,,,,,
Cottbus,Paderborn,D2,2010,17/10/10,H,3,1,1,0,H,,,,,,,,,,,,
Oberhausen,Munich 1860,D2,2010,17/10/10,D,0,0,0,0,D,,,,,,,,,,,,
Bielefeld,Duisburg,D2,2010,18/10/10,A,1,3,0,3,A,,,,,,,,,,,,
Augsburg,Union Berlin,D2,2010,22/10/10,H,2,1,0,1,A,,,,,,,,,,,,
Hertha,Greuther Furth,D2,2010,22/10/10,H,2,0,0,0,D,,,,,,,,,,,,
Osnabruck,Cottbus,D2,2010,22/10/10,H,2,0,1,0,H,,,,,,,,,,,,
Ingolstadt,Frankfurt FSV,D2,2010,23/10/10,A,0,1,0,0,D,,,,,,,,,,,,
Munich 1860,Bielefeld,D2,2010,23/10/10,D,0,0,0,0,D,,,,,,,,,,,,
Bochum,Aachen,D2,2010,24/10/10,D,1,1,1,0,H,,,,,,,,,,,,
Duisburg,Karlsruhe,D2,2010,24/10/10,H,3,0,1,0,H,,,,,,,,,,,,
Paderborn,Fortuna Dusseldorf,D2,2010,24/10/10,H,3,0,0,0,D,,,,,,,,,,,,
Erzgebirge Aue,Oberhausen,D2,2010,25/10/10,H,2,0,0,0,D,,,,,,,,,,,,
Bielefeld,Union Berlin,D2,2010,29/10/10,A,1,2,0,0,D,,,,,,,,,,,,
Frankfurt FSV,Paderborn,D2,2010,29/10/10,H,2,0,0,0,D,,,,,,,,,,,,
Greuther Furth,Erzgebirge Aue,D2,2010,29/10/10,A,1,2,1,1,D,,,,,,,,,,,,
Hertha,Ingolstadt,D2,2010,30/10/10,H,3,1,1,1,D,,,,,,,,,,,,
Karlsruhe,Munich 1860,D2,2010,30/10/10,A,2,4,0,1,A,,,,,,,,,,,,
Aachen,Osnabruck,D2,2010,31/10/10,H,2,1,1,0,H,,,,,,,,,,,,
Cottbus,Bochum,D2,2010,31/10/10,H,2,1,0,1,A,,,,,,,,,,,,
Oberhausen,Augsburg,D2,2010,31/10/10,A,0,3,0,2,A,,,,,,,,,,,,
Fortuna Dusseldorf,Duisburg,D2,2010,01/11/10,H,1,0,0,0,D,,,,,,,,,,,,
Bochum,Frankfurt FSV,D2,2010,05/11/10,H,1,0,1,0,H,,,,,,,,,,,,
Erzgebirge Aue,Fortuna Dusseldorf,D2,2010,05/11/10,H,1,0,0,0,D,,,,,,,,,,,,
Ingolstadt,Cottbus,D2,2010,05/11/10,A,1,2,1,0,H,,,,,,,,,,,,
Augsburg,Bielefeld,D2,2010,06/11/10,H,3,0,1,0,H,,,,,,,,,,,,
Duisburg,Greuther Furth,D2,2010,06/11/10,H,2,0,1,0,H,,,,,,,,,,,,
Munich 1860,Aachen,D2,2010,07/11/10,H,2,1,1,1,D,,,,,,,,,,,,
Paderborn,Hertha,D2,2010,07/11/10,H,1,0,0,0,D,,,,,,,,,,,,
Union Berlin,Oberhausen,D2,2010,07/11/10,H,2,1,1,1,D,,,,,,,,,,,,
Osnabruck,Karlsruhe,D2,2010,08/11/10,D,0,0,0,0,D,,,,,,,,,,,,
Fortuna Dusseldorf,Oberhausen,D2,2010,12/11/10,H,3,0,0,0,D,,,,,,,,,,,,
Greuther Furth,Augsburg,D2,2010,12/11/10,D,1,1,1,1,D,,,,,,,,,,,,
Karlsruhe,Erzgebirge Aue,D2,2010,12/11/10,D,1,1,0,1,A,,,,,,,,,,,,
Bielefeld,Osnabruck,D2,2010,13/11/10,H,2,1,1,1,D,,,,,,,,,,,,
Frankfurt FSV,Union Berlin,D2,2010,13/11/10,H,2,1,1,1,D,,,,,,,,,,,,
Aachen,Duisburg,D2,2010,14/11/10,D,2,2,0,0,D,,,,,,,,,,,,
Cottbus,Munich 1860,D2,2010,14/11/10,D,0,0,0,0,D,,,,,,,,,,,,
Ingolstadt,Paderborn,D2,2010,14/11/10,A,1,2,0,1,A,,,,,,,,,,,,
Hertha,Bochum,D2,2010,15/11/10,H,2,0,1,0,H,,,,,,,,,,,,
Oberhausen,Bielefeld,D2,2010,19/11/10,H,3,0,2,0,H,,,,,,,,,,,,
Osnabruck,Hertha,D2,2010,19/11/10,H,2,0,1,0,H,,,,,,,,,,,,
Union Berlin,Fortuna Dusseldorf,D2,2010,19/11/10,H,1,0,0,0,D,,,,,,,,,,,,
Bochum,Ingolstadt,D2,2010,20/11/10,A,1,4,1,2,A,,,,,,,,,,,,
Paderborn,Greuther Furth,D2,2010,20/11/10,A,0,4,0,1,A,,,,,,,,,,,,
Augsburg,Karlsruhe,D2,2010,21/11/10,H,3,1,1,0,H,,,,,,,,,,,,
Erzgebirge Aue,Aachen,D2,2010,21/11/10,H,2,1,1,0,H,,,,,,,,,,,,
Munich 1860,Frankfurt FSV,D2,2010,21/11/10,D,3,3,1,1,D,,,,,,,,,,,,
Duisburg,Cottbus,D2,2010,22/11/10,D,2,2,1,1,D,,,,,,,,,,,,
Bielefeld,Fortuna Dusseldorf,D2,2010,26/11/10,A,0,2,0,2,A,,,,,,,,,,,,
Bochum,Paderborn,D2,2010,26/11/10,H,3,0,0,0,D,,,,,,,,,,,,
Frankfurt FSV,Osnabruck,D2,2010,26/11/10,H,4,1,4,0,H,,,,,,,,,,,,
Aachen,Augsburg,D2,2010,27/11/10,A,1,3,0,1,A,,,,,,,,,,,,
Hertha,Duisburg,D2,2010,27/11/10,A,0,2,0,0,D,,,,,,,,,,,,
Cottbus,Erzgebirge Aue,D2,2010,28/11/10,H,6,0,2,0,H,,,,,,,,,,,,
Ingolstadt,Union Berlin,D2,2010,28/11/10,H,1,0,0,0,D,,,,,,,,,,,,
Karlsruhe,Oberhausen,D2,2010,28/11/10,H,4,0,1,0,H,,,,,,,,,,,,
Greuther Furth,Munich 1860,D2,2010,29/11/10,H,1,0,1,0,H,,,,,,,,,,,,
Duisburg,Frankfurt FSV,D2,2010,03/12/10,A,1,3,1,2,A,,,,,,,,,,,,
Oberhausen,Aachen,D2,2010,03/12/10,A,1,2,0,1,A,,,,,,,,,,,,
Osnabruck,Paderborn,D2,2010,03/12/10,D,2,2,0,0,D,,,,,,,,,,,,
Augsburg,Cottbus,D2,2010,04/12/10,H,4,0,2,0,H,,,,,,,,,,,,
Bielefeld,Greuther Furth,D2,2010,04/12/10,A,1,4,0,1,A,,,,,,,,,,,,
Erzgebirge Aue,Ingolstadt,D2,2010,05/12/10,D,1,1,0,0,D,,,,,,,,,,,,
Fortuna Dusseldorf,Karlsruhe,D2,2010,05/12/10,H,1,0,1,0,H,,,,,,,,,,,,
Munich 1860,Hertha,D2,2010,05/12/10,H,1,0,1,0,H,,,,,,,,,,,,
Union Berlin,Bochum,D2,2010,06/12/10,A,0,1,0,1,A,,,,,,,,,,,,
Aachen,Fortuna Dusseldorf,D2,2010,10/12/10,D,0,0,0,0,D,,,,,,,,,,,,
Greuther Furth,Oberhausen,D2,2010,10/12/10,D,0,0,0,0,D,,,,,,,,,,,,
Karlsruhe,Bielefeld,D2,2010,10/12/10,H,1,0,1,0,H,,,,,,,,,,,,
Frankfurt FSV,Augsburg,D2,2010,11/12/10,A,1,2,0,0,D,,,,,,,,,,,,
Paderborn,Duisburg,D2,2010,11/12/10,D,0,0,0,0,D,,,,,,,,,,,,
Bochum,Osnabruck,D2,2010,12/12/10,H,2,1,0,1,A,,,,,,,,,,,,
Hertha,Erzgebirge Aue,D2,2010,12/12/10,H,2,0,1,0,H,,,,,,,,,,,,
Ingolstadt,Munich 1860,D2,2010,12/12/10,D,1,1,0,0,D,,,,,,,,,,,,
Cottbus,Union Berlin,D2,2010,13/12/10,D,0,0,0,0,D,,,,,,,,,,,,
Bielefeld,Aachen,D2,2010,17/12/10,A,1,3,0,1,A,,,,,,,,,,,,
Duisburg,Bochum,D2,2010,17/12/10,A,0,1,0,0,D,,,,,,,,,,,,
Augsburg,Hertha,D2,2010,18/12/10,D,1,1,0,1,A,,,,,,,,,,,,
Fortuna Dusseldorf,Greuther Furth,D2,2010,18/12/10,H,1,0,0,0,D,,,,,,,,,,,,
Munich 1860,Paderborn,D2,2010,19/12/10,A,0,1,0,1,A,,,,,,,,,,,,
Oberhausen,Cottbus,D2,2010,19/12/10,A,0,4,0,2,A,,,,,,,,,,,,
Osnabruck,Ingolstadt,D2,2010,19/12/10,H,2,1,0,1,A,,,,,,,,,,,,
Union Berlin,Karlsruhe,D2,2010,20/12/10,H,3,1,0,1,A,,,,,,,,,,,,
Karlsruhe,Greuther Furth,D2,2010,14/01/11,D,1,1,0,0,D,,,,,,,,,,,,
Union Berlin,Aachen,D2,2010,14/01/11,H,2,1,1,0,H,,,,,,,,,,,,
Fortuna Dusseldorf,Cottbus,D2,2010,15/01/11,H,3,1,1,0,H,,,,,,,,,,,,
Munich 1860,Bochum,D2,2010,15/01/11,A,1,3,0,1,A,,,,,,,,,,,,
Augsburg,Ingolstadt,D2,2010,16/01/11,H,2,0,1,0,H,,,,,,,,,,,,
Bielefeld,Frankfurt FSV,D2,2010,16/01/11,D,1,1,0,0,D,,,,,,,,,,,,
Duisburg,Osnabruck,D2,2010,16/01/11,H,4,1,1,1,D,,,,,,,,,,,,
Oberhausen,Hertha,D2,2010,17/01/11,A,1,3,1,1,D,,,,,,,,,,,,
Erzgebirge Aue,Paderborn,D2,2010,18/01/11,H,1,0,0,0,D,,,,,,,,,,,,
Ingolstadt,Duisburg,D2,2010,21/01/11,D,1,1,0,0,D,,,,,,,,,,,,
Osnabruck,Munich 1860,D2,2010,21/01/11,A,0,1,0,0,D,,,,,,,,,,,,
Paderborn,Augsburg,D2,2010,21/01/11,D,1,1,1,1,D,,,,,,,,,,,,
Aachen,Karlsruhe,D2,2010,22/01/11,H,4,2,3,1,H,,,,,,,,,,,,
Cottbus,Bielefeld,D2,2010,22/01/11,H,2,1,1,0,H,,,,,,,,,,,,
Frankfurt FSV,Oberhausen,D2,2010,23/01/11,H,4,0,1,0,H,,,,,,,,,,,,
Greuther Furth,Union Berlin,D2,2010,23/01/11,H,1,0,0,0,D,,,,,,,,,,,,
Hertha,Fortuna Dusseldorf,D2,2010,23/01/11,H,4,2,1,1,D,,,,,,,,,,,,
Bochum,Erzgebirge Aue,D2,2010,24/01/11,H,2,0,0,0,D,,,,,,,,,,,,
Erzgebirge Aue,Osnabruck,D2,2010,28/01/11,A,0,1,0,0,D,,,,,,,,,,,,
Fortuna Dusseldorf,Frankfurt FSV,D2,2010,28/01/11,H,6,0,2,0,H,,,,,,,,,,,,
Oberhausen,Ingolstadt,D2,2010,28/01/11,D,1,1,0,1,A,,,,,,,,,,,,
Aachen,Greuther Furth,D2,2010,29/01/11,D,2,2,1,2,A,,,,,,,,,,,,
Munich 1860,Duisburg,D2,2010,29/01/11,D,1,1,1,0,H,,,,,,,,,,,,
Bielefeld,Hertha,D2,2010,30/01/11,A,1,3,0,2,A,,,,,,,,,,,,
Karlsruhe,Cottbus,D2,2010,30/01/11,H,1,0,1,0,H,,,,,,,,,,,,
Union Berlin,Paderborn,D2,2010,30/01/11,A,0,2,0,1,A,,,,,,,,,,,,
Augsburg,Bochum,D2,2010,31/01/11,A,0,1,0,0,D,,,,,,,,,,,,
Erzgebirge Aue,Frankfurt FSV,D2,2010,01/02/11,H,3,1,1,0,H,,,,,,,,,,,,
Cottbus,Aachen,D2,2010,04/02/11,D,3,3,2,3,A,,,,,,,,,,,,
Frankfurt FSV,Greuther Furth,D2,2010,04/02/11,D,0,0,0,0,D,,,,,,,,,,,,
Osnabruck,Augsburg,D2,2010,04/02/11,A,0,2,0,1,A,,,,,,,,,,,,
Hertha,Union Berlin,D2,2010,05/02/11,A,1,2,1,1,D,,,,,,,,,,,,
Paderborn,Karlsruhe,D2,2010,05/02/11,H,3,0,0,0,D,,,,,,,,,,,,
Bochum,Oberhausen,D2,2010,06/02/11,H,2,1,1,1,D,,,,,,,,,,,,
Duisburg,Erzgebirge Aue,D2,2010,06/02/11,H,3,1,1,0,H,,,,,,,,,,,,
Ingolstadt,Bielefeld,D2,2010,06/02/11,H,1,0,1,0,H,,,,,,,,,,,,
Munich 1860,Fortuna Dusseldorf,D2,2010,07/02/11,D,1,1,1,0,H,,,,,,,,,,,,
Augsburg,Duisburg,D2,2010,11/02/11,D,0,0,0,0,D,,,,,,,,,,,,
Oberhausen,Paderborn,D2,2010,11/02/11,H,2,0,1,0,H,,,,,,,,,,,,
Union Berlin,Osnabruck,D2,2010,11/02/11,D,3,3,0,1,A,,,,,,,,,,,,
Aachen,Frankfurt FSV,D2,2010,12/02/11,H,2,1,1,0,H,,,,,,,,,,,,
Greuther Furth,Cottbus,D2,2010,12/02/11,H,3,1,1,0,H,,,,,,,,,,,,
Bielefeld,Bochum,D2,2010,13/02/11,D,2,2,1,1,D,,,,,,,,,,,,
Fortuna Dusseldorf,Ingolstadt,D2,2010,13/02/11,H,3,1,1,0,H,,,,,,,,,,,,
Karlsruhe,Hertha,D2,2010,13/02/11,A,2,6,1,0,H,,,,,,,,,,,,
Erzgebirge Aue,Munich 1860,D2,2010,14/02/11,H,1,0,0,0,D,,,,,,,,,,,,
Bochum,Fortuna Dusseldorf,D2,2010,18/02/11,H,2,0,1,0,H,,,,,,,,,,,,
Ingolstadt,Greuther Furth,D2,2010,18/02/11,A,0,2,0,1,A,,,,,,,,,,,,
Munich 1860,Augsburg,D2,2010,18/02/11,A,0,2,0,1,A,,,,,,,,,,,,
Duisburg,Union Berlin,D2,2010,19/02/11,A,0,1,0,1,A,,,,,,,,,,,,
Paderborn,Aachen,D2,2010,19/02/11,A,1,3,1,2,A,,,,,,,,,,,,
Erzgebirge Aue,Bielefeld,D2,2010,20/02/11,H,3,0,2,0,H,,,,,,,,,,,,
Frankfurt FSV,Karlsruhe,D2,2010,20/02/11,A,1,2,1,1,D,,,,,,,,,,,,
Osnabruck,Oberhausen,D2,2010,20/02/11,H,3,1,2,1,H,,,,,,,,,,,,
Hertha,Cottbus,D2,2010,21/02/11,D,2,2,2,2,D,,,,,,,,,,,,
Cottbus,Frankfurt FSV,D2,2010,25/02/11,H,2,1,0,0,D,,,,,,,,,,,,
Oberhausen,Duisburg,D2,2010,25/02/11,D,0,0,0,0,D,,,,,,,,,,,,
Union Berlin,Munich 1860,D2,2010,25/02/11,A,0,1,0,0,D,,,,,,,,,,,,
Aachen,Hertha,D2,2010,26/02/11,A,0,5,0,3,A,,,,,,,,,,,,
Bielefeld,Paderborn,D2,2010,26/02/11,D,1,1,1,0,H,,,,,,,,,,,,
Fortuna Dusseldorf,Osnabruck,D2,2010,27/02/11,H,2,1,1,0,H,,,,,,,,,,,,
Greuther Furth,Bochum,D2,2010,27/02/11,D,1,1,0,1,A,,,,,,,,,,,,
Karlsruhe,Ingolstadt,D2,2010,27/02/11,A,1,4,0,2,A,,,,,,,,,,,,
Augsburg,Erzgebirge Aue,D2,2010,28/02/11,H,2,1,0,0,D,,,,,,,,,,,,
Hertha,Frankfurt FSV,D2,2010,04/03/11,H,3,1,2,1,H,,,,,,,,,,,,
Munich 1860,Oberhausen,D2,2010,04/03/11,D,1,1,0,0,D,,,,,,,,,,,,
Osnabruck,Greuther Furth,D2,2010,04/03/11,A,0,2,0,1,A,,,,,,,,,,,,
Bochum,Karlsruhe,D2,2010,05/03/11,D,1,1,0,0,D,,,,,,,,,,,,
Paderborn,Cottbus,D2,2010,05/03/11,A,0,5,0,4,A,,,,,,,,,,,,
Duisburg,Bielefeld,D2,2010,06/03/11,A,1,2,0,1,A,,,,,,,,,,,,
Erzgebirge Aue,Union Berlin,D2,2010,06/03/11,D,0,0,0,0,D,,,,,,,,,,,,
Ingolstadt,Aachen,D2,2010,06/03/11,H,2,1,2,1,H,,,,,,,,,,,,
Augsburg,Fortuna Dusseldorf,D2,2010,07/03/11,H,5,2,1,2,A,,,,,,,,,,,,
Frankfurt FSV,Ingolstadt,D2,2010,11/03/11,A,1,2,0,0,D,,,,,,,,,,,,
Karlsruhe,Duisburg,D2,2010,11/03/11,H,3,1,2,0,H,,,,,,,,,,,,
Oberhausen,Erzgebirge Aue,D2,2010,11/03/11,A,1,2,0,1,A,,,,,,,,,,,,
Fortuna Dusseldorf,Paderborn,D2,2010,12/03/11,D,0,0,0,0,D,,,,,,,,,,,,
Union Berlin,Augsburg,D2,2010,12/03/11,D,0,0,0,0,D,,,,,,,,,,,,
Aachen,Bochum,D2,2010,13/03/11,A,1,3,1,1,D,,,,,,,,,,,,
Bielefeld,Munich 1860,D2,2010,13/03/11,A,0,3,0,1,A,,,,,,,,,,,,
Cottbus,Osnabruck,D2,2010,13/03/11,H,2,0,0,0,D,,,,,,,,,,,,
Greuther Furth,Hertha,D2,2010,14/03/11,A,0,2,0,1,A,,,,,,,,,,,,
Duisburg,Fortuna Dusseldorf,D2,2010,18/03/11,H,1,0,0,0,D,,,,,,,,,,,,
Ingolstadt,Hertha,D2,2010,18/03/11,D,1,1,0,0,D,,,,,,,,,,,,
Munich 1860,Karlsruhe,D2,2010,18/03/11,H,5,1,3,0,H,,,,,,,,,,,,
Augsburg,Oberhausen,D2,2010,19/03/11,H,2,0,1,0,H,,,,,,,,,,,,
Osnabruck,Aachen,D2,2010,19/03/11,A,1,3,0,0,D,,,,,,,,,,,,
Erzgebirge Aue,Greuther Furth,D2,2010,20/03/11,D,0,0,0,0,D,,,,,,,,,,,,
Paderborn,Frankfurt FSV,D2,2010,20/03/11,D,2,2,2,1,H,,,,,,,,,,,,
Union Berlin,Bielefeld,D2,2010,20/03/11,D,2,2,1,2,A,,,,,,,,,,,,
Bochum,Cottbus,D2,2010,21/03/11,H,1,0,0,0,D,,,,,,,,,,,,
Bielefeld,Augsburg,D2,2010,01/04/11,A,0,2,0,0,D,,,,,,,,,,,,
Cottbus,Ingolstadt,D2,2010,01/04/11,A,1,2,0,2,A,,,,,,,,,,,,
Karlsruhe,Osnabruck,D2,2010,01/04/11,D,2,2,1,1,D,,,,,,,,,,,,
Fortuna Dusseldorf,Erzgebirge Aue,D2,2010,02/04/11,H,3,0,2,0,H,,,,,,,,,,,,
Greuther Furth,Duisburg,D2,2010,02/04/11,H,2,1,1,1,D,,,,,,,,,,,,
Aachen,Munich 1860,D2,2010,03/04/11,H,2,1,1,0,H,,,,,,,,,,,,
Hertha,Paderborn,D2,2010,03/04/11,H,2,0,2,0,H,,,,,,,,,,,,
Oberhausen,Union Berlin,D2,2010,03/04/11,A,0,2,0,0,D,,,,,,,,,,,,
Frankfurt FSV,Bochum,D2,2010,04/04/11,A,0,1,0,1,A,,,,,,,,,,,,
Augsburg,Greuther Furth,D2,2010,08/04/11,D,0,0,0,0,D,,,,,,,,,,,,
Duisburg,Aachen,D2,2010,08/04/11,H,3,2,1,1,D,,,,,,,,,,,,
Osnabruck,Bielefeld,D2,2010,08/04/11,D,0,0,0,0,D,,,,,,,,,,,,
Munich 1860,Cottbus,D2,2010,09/04/11,H,4,0,2,0,H,,,,,,,,,,,,
Oberhausen,Fortuna Dusseldorf,D2,2010,09/04/11,A,1,2,0,0,D,,,,,,,,,,,,
Erzgebirge Aue,Karlsruhe,D2,2010,10/04/11,D,1,1,0,1,A,,,,,,,,,,,,
Paderborn,Ingolstadt,D2,2010,10/04/11,D,1,1,0,0,D,,,,,,,,,,,,
Union Berlin,Frankfurt FSV,D2,2010,10/04/11,H,2,0,0,0,D,,,,,,,,,,,,
Bochum,Hertha,D2,2010,11/04/11,A,0,2,0,1,A,,,,,,,,,,,,
Fortuna Dusseldorf,Union Berlin,D2,2010,15/04/11,H,3,0,2,0,H,,,,,,,,,,,,
Frankfurt FSV,Munich 1860,D2,2010,15/04/11,H,2,1,0,1,A,,,,,,,,,,,,
Ingolstadt,Bochum,D2,2010,15/04/11,H,3,0,2,0,H,,,,,,,,,,,,
Cottbus,Duisburg,D2,2010,16/04/11,H,3,1,0,0,D,,,,,,,,,,,,
Hertha,Osnabruck,D2,2010,16/04/11,H,4,0,2,0,H,,,,,,,,,,,,
Aachen,Erzgebirge Aue,D2,2010,17/04/11,A,1,5,1,1,D,,,,,,,,,,,,
Bielefeld,Oberhausen,D2,2010,17/04/11,D,3,3,0,1,A,,,,,,,,,,,,
Greuther Furth,Paderborn,D2,2010,17/04/11,H,2,0,0,0,D,,,,,,,,,,,,
Karlsruhe,Augsburg,D2,2010,18/04/11,A,0,1,0,1,A,,,,,,,,,,,,
Erzgebirge Aue,Cottbus,D2,2010,21/04/11,A,1,2,0,1,A,,,,,,,,,,,,
Osnabruck,Frankfurt FSV,D2,2010,21/04/11,D,1,1,1,1,D,,,,,,,,,,,,
Paderborn,Bochum,D2,2010,21/04/11,D,0,0,0,0,D,,,,,,,,,,,,
Munich 1860,Greuther Furth,D2,2010,23/04/11,H,3,0,2,0,H,,,,,,,,,,,,
Oberhausen,Karlsruhe,D2,2010,23/04/11,H,2,1,1,1,D,,,,,,,,,,,,
Augsburg,Aachen,D2,2010,24/04/11,A,1,2,1,2,A,,,,,,,,,,,,
Fortuna Dusseldorf,Bielefeld,D2,2010,24/04/11,H,2,0,1,0,H,,,,,,,,,,,,
Union Berlin,Ingolstadt,D2,2010,24/04/11,D,1,1,0,0,D,,,,,,,,,,,,
Duisburg,Hertha,D2,2010,25/04/11,A,0,1,0,1,A,,,,,,,,,,,,
Aachen,Oberhausen,D2,2010,29/04/11,H,4,0,1,0,H,,,,,,,,,,,,
Bochum,Union Berlin,D2,2010,29/04/11,H,3,0,1,0,H,,,,,,,,,,,,
Hertha,Munich 1860,D2,2010,29/04/11,A,1,2,0,0,D,,,,,,,,,,,,
Karlsruhe,Fortuna Dusseldorf,D2,2010,29/04/11,D,2,2,2,0,H,,,,,,,,,,,,
Paderborn,Osnabruck,D2,2010,29/04/11,H,1,0,0,0,D,,,,,,,,,,,,
Frankfurt FSV,Duisburg,D2,2010,30/04/11,A,0,4,0,2,A,,,,,,,,,,,,
Greuther Furth,Bielefeld,D2,2010,30/04/11,H,1,0,1,0,H,,,,,,,,,,,,
Ingolstadt,Erzgebirge Aue,D2,2010,30/04/11,D,0,0,0,0,D,,,,,,,,,,,,
Cottbus,Augsburg,D2,2010,02/05/11,D,1,1,0,1,A,,,,,,,,,,,,
Augsburg,Frankfurt FSV,D2,2010,08/05/11,H,2,1,1,1,D,,,,,,,,,,,,
Bielefeld,Karlsruhe,D2,2010,08/05/11,H,2,1,1,0,H,,,,,,,,,,,,
Duisburg,Paderborn,D2,2010,08/05/11,H,3,1,2,0,H,,,,,,,,,,,,
Erzgebirge Aue,Hertha,D2,2010,08/05/11,A,0,2,0,2,A,,,,,,,,,,,,
Fortuna Dusseldorf,Aachen,D2,2010,08/05/11,H,3,1,2,1,H,,,,,,,,,,,,
Munich 1860,Ingolstadt,D2,2010,08/05/11,D,1,1,1,0,H,,,,,,,,,,,,
Oberhausen,Greuther Furth,D2,2010,08/05/11,A,1,4,0,2,A,,,,,,,,,,,,
Osnabruck,Bochum,D2,2010,08/05/11,A,1,3,0,1,A,,,,,,,,,,,,
Union Berlin,Cottbus,D2,2010,08/05/11,H,4,2,1,1,D,,,,,,,,,,,,
Aachen,Bielefeld,D2,2010,15/05/11,D,1,1,1,0,H,,,,,,,,,,,,
Bochum,Duisburg,D2,2010,15/05/11,H,3,1,1,0,H,,,,,,,,,,,,
Cottbus,Oberhausen,D2,2010,15/05/11,H,3,1,1,0,H,,,,,,,,,,,,
Frankfurt FSV,Erzgebirge Aue,D2,2010,15/05/11,A,0,2,0,1,A,,,,,,,,,,,,
Greuther Furth,Fortuna Dusseldorf,D2,2010,15/05/11,D,1,1,0,0,D,,,,,,,,,,,,
Hertha,Augsburg,D2,2010,15/05/11,H,2,1,1,0,H,,,,,,,,,,,,
Ingolstadt,Osnabruck,D2,2010,15/05/11,A,0,1,0,1,A,,,,,,,,,,,,
Karlsruhe,Union Berlin,D2,2010,15/05/11,H,3,2,2,1,H,,,,,,,,,,,,
Paderborn,Munich 1860,D2,2010,15/05/11,H,3,2,2,1,H,,,,,,,,,,,,
Cottbus,Dresden,D2,2011,15/07/11,H,2,1,0,1,A,,,,,,,,,,,,
Frankfurt FSV,Union Berlin,D2,2011,15/07/11,D,1,1,0,1,A,,,,,,,,,,,,
Greuther Furth,Ein Frankfurt,D2,2011,15/07/11,A,2,3,2,0,H,,,,,,,,,,,,
Erzgebirge Aue,Aachen,D2,2011,16/07/11,H,1,0,0,0,D,,,,,,,,,,,,
St Pauli,Ingolstadt,D2,2011,16/07/11,H,2,0,0,0,D,,,,,,,,,,,,
Braunschweig,Munich 1860,D2,2011,17/07/11,H,3,1,3,1,H,,,,,,,,,,,,
Hansa Rostock,Paderborn,D2,2011,17/07/11,A,1,2,1,1,D,,,,,,,,,,,,
Karlsruhe,Duisburg,D2,2011,17/07/11,H,3,2,3,2,H,,,,,,,,,,,,
Fortuna Dusseldorf,Bochum,D2,2011,18/07/11,H,2,0,0,0,D,,,,,,,,,,,,
Bochum,Frankfurt FSV,D2,2011,22/07/11,H,1,0,0,0,D,,,,,,,,,,,,
Duisburg,Cottbus,D2,2011,22/07/11,A,1,2,1,2,A,,,,,,,,,,,,
Ingolstadt,Erzgebirge Aue,D2,2011,22/07/11,D,0,0,0,0,D,,,,,,,,,,,,
Munich 1860,Karlsruhe,D2,2011,23/07/11,H,2,1,1,1,D,,,,,,,,,,,,
Union Berlin,Greuther Furth,D2,2011,23/07/11,A,0,4,0,2,A,,,,,,,,,,,,
Aachen,Braunschweig,D2,2011,24/07/11,A,0,2,0,1,A,,,,,,,,,,,,
Dresden,Hansa Rostock,D2,2011,24/07/11,D,1,1,0,0,D,,,,,,,,,,,,
Paderborn,Fortuna Dusseldorf,D2,2011,24/07/11,D,1,1,0,1,A,,,,,,,,,,,,
Ein Frankfurt,St Pauli,D2,2011,25/07/11,D,1,1,0,1,A,,,,,,,,,,,,
Fortuna Dusseldorf,Ingolstadt,D2,2011,05/08/11,H,4,1,1,0,H,,,,,,,,,,,,
St Pauli,Aachen,D2,2011,05/08/11,H,3,1,2,1,H,,,,,,,,,,,,
Union Berlin,Paderborn,D2,2011,05/08/11,H,3,0,1,0,H,,,,,,,,,,,,
Cottbus,Munich 1860,D2,2011,06/08/11,A,0,5,0,4,A,,,,,,,,,,,,
Greuther Furth,Dresden,D2,2011,06/08/11,H,1,0,0,0,D,,,,,,,,,,,,
Braunschweig,Ein Frankfurt,D2,2011,07/08/11,A,0,3,0,1,A,,,,,,,,,,,,
Erzgebirge Aue,Karlsruhe,D2,2011,07/08/11,A,0,2,0,1,A,,,,,,,,,,,,
Frankfurt FSV,Duisburg,D2,2011,07/08/11,D,0,0,0,0,D,,,,,,,,,,,,
Hansa Rostock,Bochum,D2,2011,08/08/11,D,0,0,0,0,D,,,,,,,,,,,,
Bochum,St Pauli,D2,2011,12/08/11,A,1,2,1,1,D,,,,,,,,,,,,
Dresden,Union Berlin,D2,2011,12/08/11,H,4,0,1,0,H,,,,,,,,,,,,
Karlsruhe,Braunschweig,D2,2011,12/08/11,A,1,3,1,2,A,,,,,,,,,,,,
Aachen,Cottbus,D2,2011,13/08/11,A,0,2,0,0,D,,,,,,,,,,,,
Paderborn,Greuther Furth,D2,2011,13/08/11,A,0,1,0,0,D,,,,,,,,,,,,
Duisburg,Hansa Rostock,D2,2011,14/08/11,D,0,0,0,0,D,,,,,,,,,,,,
Ingolstadt,Frankfurt FSV,D2,2011,14/08/11,D,1,1,0,1,A,,,,,,,,,,,,
Munich 1860,Erzgebirge Aue,D2,2011,14/08/11,H,4,0,2,0,H,,,,,,,,,,,,
Ein Frankfurt,Fortuna Dusseldorf,D2,2011,15/08/11,D,1,1,1,0,H,,,,,,,,,,,,
Fortuna Dusseldorf,Munich 1860,D2,2011,19/08/11,H,3,1,1,0,H,,,,,,,,,,,,
Greuther Furth,Ingolstadt,D2,2011,19/08/11,H,3,0,1,0,H,,,,,,,,,,,,
Hansa Rostock,Aachen,D2,2011,19/08/11,D,0,0,0,0,D,,,,,,,,,,,,
Braunschweig,Erzgebirge Aue,D2,2011,20/08/11,D,1,1,1,1,D,,,,,,,,,,,,
Union Berlin,Bochum,D2,2011,20/08/11,H,2,1,1,1,D,,,,,,,,,,,,
Cottbus,Karlsruhe,D2,2011,21/08/11,H,2,0,2,0,H,,,,,,,,,,,,
Dresden,Paderborn,D2,2011,21/08/11,A,1,2,0,1,A,,,,,,,,,,,,
Frankfurt FSV,Ein Frankfurt,D2,2011,21/08/11,A,0,4,0,3,A,,,,,,,,,,,,
St Pauli,Duisburg,D2,2011,22/08/11,H,2,1,1,1,D,,,,,,,,,,,,
Bochum,Greuther Furth,D2,2011,26/08/11,A,1,4,1,1,D,,,,,,,,,,,,
Duisburg,Dresden,D2,2011,26/08/11,H,3,0,1,0,H,,,,,,,,,,,,
Ingolstadt,Hansa Rostock,D2,2011,26/08/11,H,3,1,1,0,H,,,,,,,,,,,,
Aachen,Fortuna Dusseldorf,D2,2011,27/08/11,D,0,0,0,0,D,,,,,,,,,,,,
Karlsruhe,Frankfurt FSV,D2,2011,27/08/11,A,0,4,0,2,A,,,,,,,,,,,,
Braunschweig,St Pauli,D2,2011,28/08/11,H,1,0,0,0,D,,,,,,,,,,,,
Ein Frankfurt,Paderborn,D2,2011,28/08/11,D,0,0,0,0,D,,,,,,,,,,,,
Munich 1860,Union Berlin,D2,2011,28/08/11,H,3,1,1,1,D,,,,,,,,,,,,
Erzgebirge Aue,Cottbus,D2,2011,29/08/11,D,0,0,0,0,D,,,,,,,,,,,,
Greuther Furth,Duisburg,D2,2011,09/09/11,H,2,1,0,0,D,,,,,,,,,,,,
Hansa Rostock,Braunschweig,D2,2011,09/09/11,D,0,0,0,0,D,,,,,,,,,,,,
Paderborn,Aachen,D2,2011,09/09/11,D,0,0,0,0,D,,,,,,,,,,,,
Cottbus,Ein Frankfurt,D2,2011,10/09/11,D,3,3,1,0,H,,,,,,,,,,,,
Fortuna Dusseldorf,Karlsruhe,D2,2011,10/09/11,H,4,2,2,1,H,,,,,,,,,,,,
Frankfurt FSV,Erzgebirge Aue,D2,2011,11/09/11,D,1,1,0,0,D,,,,,,,,,,,,
St Pauli,Munich 1860,D2,2011,11/09/11,H,4,2,0,1,A,,,,,,,,,,,,
Union Berlin,Ingolstadt,D2,2011,11/09/11,H,4,1,2,1,H,,,,,,,,,,,,
Dresden,Bochum,D2,2011,12/09/11,H,2,1,1,0,H,,,,,,,,,,,,
Ein Frankfurt,Hansa Rostock,D2,2011,16/09/11,H,4,1,1,0,H,,,,,,,,,,,,
Erzgebirge Aue,Fortuna Dusseldorf,D2,2011,16/09/11,A,2,4,0,2,A,,,,,,,,,,,,
Ingolstadt,Dresden,D2,2011,16/09/11,H,4,2,2,2,D,,,,,,,,,,,,
Braunschweig,Cottbus,D2,2011,17/09/11,H,3,1,2,0,H,,,,,,,,,,,,
Duisburg,Union Berlin,D2,2011,17/09/11,D,1,1,0,1,A,,,,,,,,,,,,
Aachen,Greuther Furth,D2,2011,18/09/11,D,0,0,0,0,D,,,,,,,,,,,,
Bochum,Paderborn,D2,2011,18/09/11,A,0,4,0,1,A,,,,,,,,,,,,
Munich 1860,Frankfurt FSV,D2,2011,18/09/11,H,4,0,1,0,H,,,,,,,,,,,,
Karlsruhe,St Pauli,D2,2011,19/09/11,A,0,2,0,1,A,,,,,,,,,,,,
Frankfurt FSV,Braunschweig,D2,2011,23/09/11,D,1,1,0,0,D,,,,,,,,,,,,
Paderborn,Ingolstadt,D2,2011,23/09/11,H,4,1,2,0,H,,,,,,,,,,,,
St Pauli,Erzgebirge Aue,D2,2011,23/09/11,A,2,3,1,0,H,,,,,,,,,,,,
Fortuna Dusseldorf,Cottbus,D2,2011,24/09/11,H,4,2,3,0,H,,,,,,,,,,,,
Union Berlin,Aachen,D2,2011,24/09/11,H,2,0,1,0,H,,,,,,,,,,,,
Bochum,Duisburg,D2,2011,25/09/11,H,2,1,1,0,H,,,,,,,,,,,,
Greuther Furth,Munich 1860,D2,2011,25/09/11,H,2,0,1,0,H,,,,,,,,,,,,
Hansa Rostock,Karlsruhe,D2,2011,25/09/11,D,1,1,1,0,H,,,,,,,,,,,,
Dresden,Ein Frankfurt,D2,2011,26/09/11,A,1,4,1,2,A,,,,,,,,,,,,
Aachen,Frankfurt FSV,D2,2011,30/09/11,A,1,3,1,0,H,,,,,,,,,,,,
Ein Frankfurt,Union Berlin,D2,2011,30/09/11,H,3,1,2,0,H,,,,,,,,,,,,
Erzgebirge Aue,Hansa Rostock,D2,2011,30/09/11,H,1,0,0,0,D,,,,,,,,,,,,
Cottbus,St Pauli,D2,2011,01/10/11,A,1,4,0,2,A,,,,,,,,,,,,
Ingolstadt,Bochum,D2,2011,01/10/11,A,3,5,3,1,H,,,,,,,,,,,,
Duisburg,Paderborn,D2,2011,02/10/11,A,0,1,0,0,D,,,,,,,,,,,,
Karlsruhe,Greuther Furth,D2,2011,02/10/11,D,2,2,0,1,A,,,,,,,,,,,,
Munich 1860,Dresden,D2,2011,02/10/11,A,2,4,0,2,A,,,,,,,,,,,,
Braunschweig,Fortuna Dusseldorf,D2,2011,03/10/11,D,1,1,1,0,H,,,,,,,,,,,,
Bochum,Ein Frankfurt,D2,2011,14/10/11,A,0,2,0,2,A,,,,,,,,,,,,
Hansa Rostock,Munich 1860,D2,2011,14/10/11,H,2,0,1,0,H,,,,,,,,,,,,
Paderborn,Braunschweig,D2,2011,14/10/11,H,1,0,1,0,H,,,,,,,,,,,,
Duisburg,Ingolstadt,D2,2011,15/10/11,H,3,1,0,1,A,,,,,,,,,,,,
Union Berlin,Karlsruhe,D2,2011,15/10/11,H,2,0,1,0,H,,,,,,,,,,,,
Dresden,Aachen,D2,2011,16/10/11,D,1,1,0,1,A,,,,,,,,,,,,
Frankfurt FSV,Cottbus,D2,2011,16/10/11,A,0,1,0,0,D,,,,,,,,,,,,
Greuther Furth,Erzgebirge Aue,D2,2011,16/10/11,H,2,0,1,0,H,,,,,,,,,,,,
St Pauli,Fortuna Dusseldorf,D2,2011,17/10/11,A,1,3,1,1,D,,,,,,,,,,,,
Fortuna Dusseldorf,Hansa Rostock,D2,2011,21/10/11,H,2,0,1,0,H,,,,,,,,,,,,
Karlsruhe,Bochum,D2,2011,21/10/11,D,0,0,0,0,D,,,,,,,,,,,,
Munich 1860,Paderborn,D2,2011,21/10/11,D,1,1,1,0,H,,,,,,,,,,,,
Braunschweig,Dresden,D2,2011,22/10/11,A,0,2,0,1,A,,,,,,,,,,,,
Cottbus,Greuther Furth,D2,2011,22/10/11,A,0,2,0,1,A,,,,,,,,,,,,
Aachen,Ingolstadt,D2,2011,23/10/11,H,3,1,2,0,H,,,,,,,,,,,,
Ein Frankfurt,Duisburg,D2,2011,23/10/11,H,3,0,1,0,H,,,,,,,,,,,,
Erzgebirge Aue,Union Berlin,D2,2011,23/10/11,D,1,1,1,1,D,,,,,,,,,,,,
St Pauli,Frankfurt FSV,D2,2011,23/10/11,H,2,1,2,0,H,,,,,,,,,,,,
Bochum,Aachen,D2,2011,28/10/11,H,1,0,1,0,H,,,,,,,,,,,,
Hansa Rostock,Cottbus,D2,2011,28/10/11,D,1,1,0,1,A,,,,,,,,,,,,
Union Berlin,St Pauli,D2,2011,28/10/11,A,0,2,0,0,D,,,,,,,,,,,,
Dresden,Karlsruhe,D2,2011,29/10/11,H,5,1,3,1,H,,,,,,,,,,,,
Paderborn,Erzgebirge Aue,D2,2011,29/10/11,H,1,0,0,0,D,,,,,,,,,,,,
Duisburg,Munich 1860,D2,2011,30/10/11,A,0,3,0,1,A,,,,,,,,,,,,
Frankfurt FSV,Fortuna Dusseldorf,D2,2011,30/10/11,A,2,5,2,1,H,,,,,,,,,,,,
Ingolstadt,Ein Frankfurt,D2,2011,30/10/11,D,1,1,0,0,D,,,,,,,,,,,,
Greuther Furth,Braunschweig,D2,2011,31/10/11,A,1,3,0,1,A,,,,,,,,,,,,
Braunschweig,Union Berlin,D2,2011,04/11/11,A,1,2,0,1,A,,,,,,,,,,,,
Fortuna Dusseldorf,Dresden,D2,2011,04/11/11,H,2,1,1,1,D,,,,,,,,,,,,
Karlsruhe,Ingolstadt,D2,2011,04/11/11,H,3,2,1,1,D,,,,,,,,,,,,
Munich 1860,Bochum,D2,2011,05/11/11,A,1,3,0,2,A,,,,,,,,,,,,
St Pauli,Greuther Furth,D2,2011,05/11/11,D,2,2,0,1,A,,,,,,,,,,,,
Aachen,Duisburg,D2,2011,06/11/11,D,2,2,1,1,D,,,,,,,,,,,,
Cottbus,Paderborn,D2,2011,06/11/11,A,0,2,0,0,D,,,,,,,,,,,,
Frankfurt FSV,Hansa Rostock,D2,2011,06/11/11,D,0,0,0,0,D,,,,,,,,,,,,
Erzgebirge Aue,Ein Frankfurt,D2,2011,07/11/11,A,1,2,1,1,D,,,,,,,,,,,,
Duisburg,Braunschweig,D2,2011,18/11/11,H,3,0,2,0,H,,,,,,,,,,,,
Ingolstadt,Munich 1860,D2,2011,18/11/11,A,0,1,0,1,A,,,,,,,,,,,,
Paderborn,Karlsruhe,D2,2011,18/11/11,H,2,1,1,1,D,,,,,,,,,,,,
Hansa Rostock,St Pauli,D2,2011,19/11/11,A,1,3,0,1,A,,,,,,,,,,,,
Union Berlin,Fortuna Dusseldorf,D2,2011,19/11/11,D,0,0,0,0,D,,,,,,,,,,,,
Dresden,Erzgebirge Aue,D2,2011,20/11/11,A,1,2,1,0,H,,,,,,,,,,,,
Ein Frankfurt,Aachen,D2,2011,20/11/11,H,4,3,2,0,H,,,,,,,,,,,,
Greuther Furth,Frankfurt FSV,D2,2011,20/11/11,H,4,0,1,0,H,,,,,,,,,,,,
Bochum,Cottbus,D2,2011,21/11/11,A,0,1,0,0,D,,,,,,,,,,,,
Erzgebirge Aue,Duisburg,D2,2011,25/11/11,A,1,2,1,1,D,,,,,,,,,,,,
Frankfurt FSV,Paderborn,D2,2011,25/11/11,D,2,2,0,1,A,,,,,,,,,,,,
Hansa Rostock,Union Berlin,D2,2011,25/11/11,A,2,5,0,0,D,,,,,,,,,,,,
Karlsruhe,Aachen,D2,2011,26/11/11,A,0,2,0,1,A,,,,,,,,,,,,
Munich 1860,Ein Frankfurt,D2,2011,26/11/11,H,2,1,1,0,H,,,,,,,,,,,,
Braunschweig,Bochum,D2,2011,27/11/11,H,4,0,2,0,H,,,,,,,,,,,,
Cottbus,Ingolstadt,D2,2011,27/11/11,D,0,0,0,0,D,,,,,,,,,,,,
St Pauli,Dresden,D2,2011,27/11/11,H,3,1,0,0,D,,,,,,,,,,,,
Fortuna Dusseldorf,Greuther Furth,D2,2011,28/11/11,H,2,1,2,0,H,,,,,,,,,,,,
Ingolstadt,Braunschweig,D2,2011,02/12/11,A,0,1,0,1,A,,,,,,,,,,,,
Paderborn,St Pauli,D2,2011,02/12/11,D,1,1,1,0,H,,,,,,,,,,,,
Union Berlin,Cottbus,D2,2011,02/12/11,H,1,0,1,0,H,,,,,,,,,,,,
Ein Frankfurt,Karlsruhe,D2,2011,03/12/11,H,2,0,1,0,H,,,,,,,,,,,,
Greuther Furth,Hansa Rostock,D2,2011,03/12/11,H,3,0,1,0,H,,,,,,,,,,,,
Aachen,Munich 1860,D2,2011,04/12/11,D,2,2,1,1,D,,,,,,,,,,,,
Bochum,Erzgebirge Aue,D2,2011,04/12/11,H,6,0,3,0,H,,,,,,,,,,,,
Dresden,Frankfurt FSV,D2,2011,04/12/11,D,2,2,1,1,D,,,,,,,,,,,,
Duisburg,Fortuna Dusseldorf,D2,2011,05/12/11,A,0,2,0,0,D,,,,,,,,,,,,
Duisburg,Karlsruhe,D2,2011,09/12/11,H,3,1,1,0,H,,,,,,,,,,,,
Munich 1860,Braunschweig,D2,2011,09/12/11,H,3,0,1,0,H,,,,,,,,,,,,
Paderborn,Hansa Rostock,D2,2011,09/12/11,H,2,0,1,0,H,,,,,,,,,,,,
Bochum,Fortuna Dusseldorf,D2,2011,10/12/11,D,1,1,1,0,H,,,,,,,,,,,,
Union Berlin,Frankfurt FSV,D2,2011,10/12/11,H,4,0,2,0,H,,,,,,,,,,,,
Aachen,Erzgebirge Aue,D2,2011,11/12/11,D,1,1,0,0,D,,,,,,,,,,,,
Dresden,Cottbus,D2,2011,11/12/11,H,2,1,0,0,D,,,,,,,,,,,,
Ingolstadt,St Pauli,D2,2011,11/12/11,H,1,0,0,0,D,,,,,,,,,,,,
Ein Frankfurt,Greuther Furth,D2,2011,12/12/11,D,0,0,0,0,D,,,,,,,,,,,,
Erzgebirge Aue,Ingolstadt,D2,2011,16/12/11,D,1,1,0,1,A,,,,,,,,,,,,
Fortuna Dusseldorf,Paderborn,D2,2011,16/12/11,A,2,3,0,1,A,,,,,,,,,,,,
Greuther Furth,Union Berlin,D2,2011,16/12/11,H,5,0,3,0,H,,,,,,,,,,,,
Frankfurt FSV,Bochum,D2,2011,17/12/11,A,0,2,0,2,A,,,,,,,,,,,,
Karlsruhe,Munich 1860,D2,2011,17/12/11,A,1,3,0,1,A,,,,,,,,,,,,
Braunschweig,Aachen,D2,2011,18/12/11,D,1,1,0,1,A,,,,,,,,,,,,
Cottbus,Duisburg,D2,2011,18/12/11,D,1,1,1,0,H,,,,,,,,,,,,
Hansa Rostock,Dresden,D2,2011,18/12/11,D,2,2,1,1,D,,,,,,,,,,,,
St Pauli,Ein Frankfurt,D2,2011,19/12/11,H,2,0,1,0,H,,,,,,,,,,,,
Dresden,Greuther Furth,D2,2011,03/02/12,H,3,1,1,0,H,,,,,,,,,,,,
Duisburg,Frankfurt FSV,D2,2011,03/02/12,A,1,2,0,1,A,,,,,,,,,,,,
Paderborn,Union Berlin,D2,2011,03/02/12,H,3,2,1,1,D,,,,,,,,,,,,
Aachen,St Pauli,D2,2011,04/02/12,H,2,1,2,1,H,,,,,,,,,,,,
Ingolstadt,Fortuna Dusseldorf,D2,2011,04/02/12,D,1,1,1,1,D,,,,,,,,,,,,
Bochum,Hansa Rostock,D2,2011,05/02/12,H,2,1,1,0,H,,,,,,,,,,,,
Ein Frankfurt,Braunschweig,D2,2011,05/02/12,H,2,1,2,1,H,,,,,,,,,,,,
Karlsruhe,Erzgebirge Aue,D2,2011,05/02/12,H,2,1,1,1,D,,,,,,,,,,,,
Munich 1860,Cottbus,D2,2011,06/02/12,H,2,0,1,0,H,,,,,,,,,,,,
Cottbus,Aachen,D2,2011,10/02/12,D,1,1,0,0,D,,,,,,,,,,,,
Frankfurt FSV,Ingolstadt,D2,2011,10/02/12,D,1,1,1,0,H,,,,,,,,,,,,
Braunschweig,Karlsruhe,D2,2011,11/02/12,D,0,0,0,0,D,,,,,,,,,,,,
Union Berlin,Dresden,D2,2011,11/02/12,H,4,0,1,0,H,,,,,,,,,,,,
Greuther Furth,Paderborn,D2,2011,12/02/12,H,5,1,3,1,H,,,,,,,,,,,,
Hansa Rostock,Duisburg,D2,2011,12/02/12,H,4,2,2,2,D,,,,,,,,,,,,
St Pauli,Bochum,D2,2011,12/02/12,H,2,1,1,1,D,,,,,,,,,,,,
Fortuna Dusseldorf,Ein Frankfurt,D2,2011,13/02/12,D,1,1,0,0,D,,,,,,,,,,,,
Duisburg,St Pauli,D2,2011,17/02/12,A,0,1,0,1,A,,,,,,,,,,,,
Karlsruhe,Cottbus,D2,2011,17/02/12,H,2,0,0,0,D,,,,,,,,,,,,
Paderborn,Dresden,D2,2011,17/02/12,D,2,2,1,1,D,,,,,,,,,,,,
Bochum,Union Berlin,D2,2011,18/02/12,H,4,2,1,0,H,,,,,,,,,,,,
Ein Frankfurt,Frankfurt FSV,D2,2011,18/02/12,H,6,1,2,0,H,,,,,,,,,,,,
Aachen,Hansa Rostock,D2,2011,19/02/12,D,0,0,0,0,D,,,,,,,,,,,,
Ingolstadt,Greuther Furth,D2,2011,19/02/12,D,0,0,0,0,D,,,,,,,,,,,,
Munich 1860,Fortuna Dusseldorf,D2,2011,19/02/12,H,2,1,1,1,D,,,,,,,,,,,,
Erzgebirge Aue,Braunschweig,D2,2011,20/02/12,D,1,1,1,1,D,,,,,,,,,,,,
Dresden,Duisburg,D2,2011,24/02/12,H,2,0,0,0,D,,,,,,,,,,,,
Hansa Rostock,Ingolstadt,D2,2011,24/02/12,A,1,2,1,0,H,,,,,,,,,,,,
Union Berlin,Munich 1860,D2,2011,24/02/12,A,0,1,0,0,D,,,,,,,,,,,,
Cottbus,Erzgebirge Aue,D2,2011,25/02/12,H,2,0,1,0,H,,,,,,,,,,,,
Greuther Furth,Bochum,D2,2011,25/02/12,H,6,2,2,1,H,,,,,,,,,,,,
Frankfurt FSV,Karlsruhe,D2,2011,26/02/12,H,2,1,2,0,H,,,,,,,,,,,,
Paderborn,Ein Frankfurt,D2,2011,26/02/12,H,4,2,2,2,D,,,,,,,,,,,,
St Pauli,Braunschweig,D2,2011,26/02/12,D,0,0,0,0,D,,,,,,,,,,,,
Fortuna Dusseldorf,Aachen,D2,2011,27/02/12,D,0,0,0,0,D,,,,,,,,,,,,
Bochum,Dresden,D2,2011,02/03/12,A,0,2,0,1,A,,,,,,,,,,,,
Duisburg,Greuther Furth,D2,2011,02/03/12,A,0,2,0,0,D,,,,,,,,,,,,
Ingolstadt,Union Berlin,D2,2011,02/03/12,D,3,3,1,1,D,,,,,,,,,,,,
Aachen,Paderborn,D2,2011,03/03/12,A,0,3,0,0,D,,,,,,,,,,,,
Karlsruhe,Fortuna Dusseldorf,D2,2011,03/03/12,A,0,5,0,2,A,,,,,,,,,,,,
Braunschweig,Hansa Rostock,D2,2011,04/03/12,H,3,2,2,1,H,,,,,,,,,,,,
Ein Frankfurt,Cottbus,D2,2011,04/03/12,H,1,0,0,0,D,,,,,,,,,,,,
Erzgebirge Aue,Frankfurt FSV,D2,2011,04/03/12,H,4,3,3,3,D,,,,,,,,,,,,
Munich 1860,St Pauli,D2,2011,05/03/12,D,1,1,0,1,A,,,,,,,,,,,,
Greuther Furth,Aachen,D2,2011,09/03/12,H,1,0,1,0,H,,,,,,,,,,,,
Paderborn,Bochum,D2,2011,09/03/12,D,0,0,0,0,D,,,,,,,,,,,,
Union Berlin,Duisburg,D2,2011,09/03/12,D,1,1,0,0,D,,,,,,,,,,,,
Fortuna Dusseldorf,Erzgebirge Aue,D2,2011,10/03/12,H,3,1,1,1,D,,,,,,,,,,,,
Frankfurt FSV,Munich 1860,D2,2011,10/03/12,H,3,1,2,1,H,,,,,,,,,,,,
Cottbus,Braunschweig,D2,2011,11/03/12,D,1,1,0,1,A,,,,,,,,,,,,
Dresden,Ingolstadt,D2,2011,11/03/12,D,0,0,0,0,D,,,,,,,,,,,,
Hansa Rostock,Ein Frankfurt,D2,2011,11/03/12,A,1,5,0,2,A,,,,,,,,,,,,
St Pauli,Karlsruhe,D2,2011,12/03/12,H,1,0,1,0,H,,,,,,,,,,,,
Erzgebirge Aue,Munich 1860,D2,2011,14/03/12,D,0,0,0,0,D,,,,,,,,,,,,
Aachen,Union Berlin,D2,2011,16/03/12,A,1,3,1,2,A,,,,,,,,,,,,
Braunschweig,Frankfurt FSV,D2,2011,16/03/12,D,0,0,0,0,D,,,,,,,,,,,,
Ein Frankfurt,Dresden,D2,2011,16/03/12,H,3,0,3,0,H,,,,,,,,,,,,
Ingolstadt,Paderborn,D2,2011,17/03/12,H,4,0,1,0,H,,,,,,,,,,,,
Munich 1860,Greuther Furth,D2,2011,17/03/12,A,1,4,1,2,A,,,,,,,,,,,,
Duisburg,Bochum,D2,2011,18/03/12,H,2,1,1,1,D,,,,,,,,,,,,
Erzgebirge Aue,St Pauli,D2,2011,18/03/12,H,2,1,0,1,A,,,,,,,,,,,,
Karlsruhe,Hansa Rostock,D2,2011,18/03/12,D,2,2,1,1,D,,,,,,,,,,,,
Cottbus,Fortuna Dusseldorf,D2,2011,19/03/12,D,1,1,1,0,H,,,,,,,,,,,,
Bochum,Ingolstadt,D2,2011,23/03/12,A,0,1,0,0,D,,,,,,,,,,,,
Dresden,Munich 1860,D2,2011,23/03/12,A,0,1,0,0,D,,,,,,,,,,,,
Frankfurt FSV,Aachen,D2,2011,23/03/12,H,2,1,1,1,D,,,,,,,,,,,,
Fortuna Dusseldorf,Braunschweig,D2,2011,24/03/12,D,1,1,0,1,A,,,,,,,,,,,,
Greuther Furth,Karlsruhe,D2,2011,24/03/12,H,3,0,1,0,H,,,,,,,,,,,,
Hansa Rostock,Erzgebirge Aue,D2,2011,25/03/12,A,0,1,0,1,A,,,,,,,,,,,,
Paderborn,Duisburg,D2,2011,25/03/12,A,1,2,0,1,A,,,,,,,,,,,,
St Pauli,Cottbus,D2,2011,25/03/12,D,0,0,0,0,D,,,,,,,,,,,,
Union Berlin,Ein Frankfurt,D2,2011,26/03/12,A,0,4,0,1,A,,,,,,,,,,,,
Aachen,Dresden,D2,2011,30/03/12,A,0,1,0,0,D,,,,,,,,,,,,
Braunschweig,Paderborn,D2,2011,30/03/12,D,0,0,0,0,D,,,,,,,,,,,,
Ein Frankfurt,Bochum,D2,2011,30/03/12,H,3,0,3,0,H,,,,,,,,,,,,
Erzgebirge Aue,Greuther Furth,D2,2011,31/03/12,D,1,1,0,1,A,,,,,,,,,,,,
Munich 1860,Hansa Rostock,D2,2011,31/03/12,A,0,1,0,0,D,,,,,,,,,,,,
Cottbus,Frankfurt FSV,D2,2011,01/04/12,D,1,1,1,0,H,,,,,,,,,,,,
Ingolstadt,Duisburg,D2,2011,01/04/12,D,1,1,0,0,D,,,,,,,,,,,,
Karlsruhe,Union Berlin,D2,2011,01/04/12,H,2,0,1,0,H,,,,,,,,,,,,
Fortuna Dusseldorf,St Pauli,D2,2011,02/04/12,D,0,0,0,0,D,,,,,,,,,,,,
Greuther Furth,Cottbus,D2,2011,05/04/12,H,3,0,1,0,H,,,,,,,,,,,,
Hansa Rostock,Fortuna Dusseldorf,D2,2011,05/04/12,H,2,1,1,0,H,,,,,,,,,,,,
Union Berlin,Erzgebirge Aue,D2,2011,05/04/12,H,1,0,1,0,H,,,,,,,,,,,,
Dresden,Braunschweig,D2,2011,07/04/12,D,2,2,1,1,D,,,,,,,,,,,,
Duisburg,Ein Frankfurt,D2,2011,07/04/12,H,2,0,1,0,H,,,,,,,,,,,,
Frankfurt FSV,St Pauli,D2,2011,07/04/12,D,3,3,3,2,H,,,,,,,,,,,,
Bochum,Karlsruhe,D2,2011,08/04/12,D,0,0,0,0,D,,,,,,,,,,,,
Ingolstadt,Aachen,D2,2011,08/04/12,D,3,3,1,2,A,,,,,,,,,,,,
Paderborn,Munich 1860,D2,2011,08/04/12,D,2,2,0,1,A,,,,,,,,,,,,
Braunschweig,Greuther Furth,D2,2011,10/04/12,D,0,0,0,0,D,,,,,,,,,,,,
Cottbus,Hansa Rostock,D2,2011,10/04/12,A,0,1,0,0,D,,,,,,,,,,,,
Fortuna Dusseldorf,Frankfurt FSV,D2,2011,10/04/12,H,1,0,0,0,D,,,,,,,,,,,,
St Pauli,Union Berlin,D2,2011,10/04/12,H,2,1,0,1,A,,,,,,,,,,,,
Aachen,Bochum,D2,2011,11/04/12,H,2,0,2,0,H,,,,,,,,,,,,
Ein Frankfurt,Ingolstadt,D2,2011,11/04/12,D,1,1,0,0,D,,,,,,,,,,,,
Erzgebirge Aue,Paderborn,D2,2011,11/04/12,A,0,2,0,1,A,,,,,,,,,,,,
Karlsruhe,Dresden,D2,2011,11/04/12,H,2,0,0,0,D,,,,,,,,,,,,
Munich 1860,Duisburg,D2,2011,11/04/12,H,2,1,0,0,D,,,,,,,,,,,,
Greuther Furth,St Pauli,D2,2011,13/04/12,H,2,1,1,0,H,,,,,,,,,,,,
Hansa Rostock,Frankfurt FSV,D2,2011,13/04/12,A,0,5,0,1,A,,,,,,,,,,,,
Union Berlin,Braunschweig,D2,2011,13/04/12,H,1,0,1,0,H,,,,,,,,,,,,
Duisburg,Aachen,D2,2011,14/04/12,H,2,0,0,0,D,,,,,,,,,,,,
Ein Frankfurt,Erzgebirge Aue,D2,2011,14/04/12,H,4,0,2,0,H,,,,,,,,,,,,
Bochum,Munich 1860,D2,2011,15/04/12,D,2,2,1,0,H,,,,,,,,,,,,
Ingolstadt,Karlsruhe,D2,2011,15/04/12,H,2,1,1,0,H,,,,,,,,,,,,
Paderborn,Cottbus,D2,2011,15/04/12,H,3,1,2,0,H,,,,,,,,,,,,
Dresden,Fortuna Dusseldorf,D2,2011,16/04/12,H,2,1,1,1,D,,,,,,,,,,,,
Braunschweig,Duisburg,D2,2011,20/04/12,D,0,0,0,0,D,,,,,,,,,,,,
Cottbus,Bochum,D2,2011,20/04/12,D,1,1,1,0,H,,,,,,,,,,,,
Frankfurt FSV,Greuther Furth,D2,2011,20/04/12,D,1,1,1,0,H,,,,,,,,,,,,
Erzgebirge Aue,Dresden,D2,2011,21/04/12,D,1,1,1,1,D,,,,,,,,,,,,
Munich 1860,Ingolstadt,D2,2011,21/04/12,H,4,1,1,1,D,,,,,,,,,,,,
Fortuna Dusseldorf,Union Berlin,D2,2011,22/04/12,H,2,1,2,1,H,,,,,,,,,,,,
Karlsruhe,Paderborn,D2,2011,22/04/12,H,2,0,1,0,H,,,,,,,,,,,,
St Pauli,Hansa Rostock,D2,2011,22/04/12,H,3,0,1,0,H,,,,,,,,,,,,
Aachen,Ein Frankfurt,D2,2011,23/04/12,A,0,3,0,1,A,,,,,,,,,,,,
Aachen,Karlsruhe,D2,2011,29/04/12,H,1,0,1,0,H,,,,,,,,,,,,
Bochum,Braunschweig,D2,2011,29/04/12,H,2,0,1,0,H,,,,,,,,,,,,
Dresden,St Pauli,D2,2011,29/04/12,H,1,0,0,0,D,,,,,,,,,,,,
Duisburg,Erzgebirge Aue,D2,2011,29/04/12,H,2,1,2,0,H,,,,,,,,,,,,
Ein Frankfurt,Munich 1860,D2,2011,29/04/12,A,0,2,0,2,A,,,,,,,,,,,,
Greuther Furth,Fortuna Dusseldorf,D2,2011,29/04/12,D,1,1,1,0,H,,,,,,,,,,,,
Ingolstadt,Cottbus,D2,2011,29/04/12,H,1,0,0,0,D,,,,,,,,,,,,
Paderborn,Frankfurt FSV,D2,2011,29/04/12,H,1,0,0,0,D,,,,,,,,,,,,
Union Berlin,Hansa Rostock,D2,2011,29/04/12,H,5,4,3,3,D,,,,,,,,,,,,
Braunschweig,Ingolstadt,D2,2011,06/05/12,H,3,1,1,1,D,,,,,,,,,,,,
Cottbus,Union Berlin,D2,2011,06/05/12,H,2,1,0,0,D,,,,,,,,,,,,
Erzgebirge Aue,Bochum,D2,2011,06/05/12,H,2,1,1,0,H,,,,,,,,,,,,
Fortuna Dusseldorf,Duisburg,D2,2011,06/05/12,D,2,2,2,2,D,,,,,,,,,,,,
Frankfurt FSV,Dresden,D2,2011,06/05/12,D,1,1,0,0,D,,,,,,,,,,,,
Hansa Rostock,Greuther Furth,D2,2011,06/05/12,D,2,2,0,1,A,,,,,,,,,,,,
Karlsruhe,Ein Frankfurt,D2,2011,06/05/12,H,1,0,1,0,H,,,,,,,,,,,,
Munich 1860,Aachen,D2,2011,06/05/12,A,1,2,1,2,A,,,,,,,,,,,,
St Pauli,Paderborn,D2,2011,06/05/12,H,5,0,2,0,H,,,,,,,,,,,,
Erzgebirge Aue,St Pauli,D2,2012,03/08/12,D,0,0,0,0,D,,,,,,,,,,,,
Hertha,Paderborn,D2,2012,03/08/12,D,2,2,0,1,A,,,,,,,,,,,,
Ingolstadt,Cottbus,D2,2012,03/08/12,D,2,2,2,0,H,,,,,,,,,,,,
Bochum,Dresden,D2,2012,04/08/12,H,2,1,0,1,A,,,,,,,,,,,,
Munich 1860,Regensburg,D2,2012,04/08/12,H,1,0,1,0,H,,,,,,,,,,,,
Braunschweig,FC Koln,D2,2012,05/08/12,H,1,0,0,0,D,,,,,,,,,,,,
Duisburg,Aalen,D2,2012,05/08/12,A,1,4,1,2,A,,,,,,,,,,,,
Sandhausen,Frankfurt FSV,D2,2012,05/08/12,D,1,1,1,1,D,,,,,,,,,,,,
Kaiserslautern,Union Berlin,D2,2012,06/08/12,D,3,3,0,0,D,,,,,,,,,,,,
Aalen,Kaiserslautern,D2,2012,10/08/12,A,1,2,1,2,A,,,,,,,,,,,,
Cottbus,Erzgebirge Aue,D2,2012,10/08/12,H,3,0,2,0,H,,,,,,,,,,,,
FC Koln,Sandhausen,D2,2012,10/08/12,D,1,1,0,0,D,,,,,,,,,,,,
Paderborn,Bochum,D2,2012,11/08/12,H,4,0,2,0,H,,,,,,,,,,,,
St Pauli,Ingolstadt,D2,2012,11/08/12,D,1,1,0,0,D,,,,,,,,,,,,
Frankfurt FSV,Hertha,D2,2012,12/08/12,H,3,1,0,1,A,,,,,,,,,,,,
Regensburg,Duisburg,D2,2012,12/08/12,H,2,0,1,0,H,,,,,,,,,,,,
Union Berlin,Braunschweig,D2,2012,12/08/12,A,0,1,0,1,A,,,,,,,,,,,,
Dresden,Munich 1860,D2,2012,13/08/12,D,2,2,1,1,D,,,,,,,,,,,,
Braunschweig,Paderborn,D2,2012,24/08/12,H,2,1,0,1,A,,,,,,,,,,,,
Hertha,Regensburg,D2,2012,24/08/12,H,2,1,2,0,H,,,,,,,,,,,,
Sandhausen,Union Berlin,D2,2012,24/08/12,H,2,0,1,0,H,,,,,,,,,,,,
Cottbus,St Pauli,D2,2012,25/08/12,H,2,0,1,0,H,,,,,,,,,,,,
Duisburg,Dresden,D2,2012,25/08/12,A,1,3,0,2,A,,,,,,,,,,,,
Bochum,Aalen,D2,2012,26/08/12,A,0,1,0,0,D,,,,,,,,,,,,
Ingolstadt,Frankfurt FSV,D2,2012,26/08/12,A,0,2,0,1,A,,,,,,,,,,,,
Kaiserslautern,Munich 1860,D2,2012,26/08/12,D,0,0,0,0,D,,,,,,,,,,,,
Erzgebirge Aue,FC Koln,D2,2012,27/08/12,H,2,0,1,0,H,,,,,,,,,,,,
Dresden,Kaiserslautern,D2,2012,31/08/12,A,1,3,0,1,A,,,,,,,,,,,,
FC Koln,Cottbus,D2,2012,31/08/12,A,0,1,0,1,A,,,,,,,,,,,,
Munich 1860,Duisburg,D2,2012,31/08/12,H,3,0,1,0,H,,,,,,,,,,,,
Aalen,Braunschweig,D2,2012,01/09/12,A,0,3,0,1,A,,,,,,,,,,,,
St Pauli,Sandhausen,D2,2012,01/09/12,H,2,1,0,0,D,,,,,,,,,,,,
Frankfurt FSV,Erzgebirge Aue,D2,2012,02/09/12,H,1,0,0,0,D,,,,,,,,,,,,
Paderborn,Ingolstadt,D2,2012,02/09/12,A,1,3,0,2,A,,,,,,,,,,,,
Regensburg,Bochum,D2,2012,02/09/12,A,0,1,0,0,D,,,,,,,,,,,,
Union Berlin,Hertha,D2,2012,03/09/12,A,1,2,0,1,A,,,,,,,,,,,,
Bochum,Munich 1860,D2,2012,14/09/12,D,0,0,0,0,D,,,,,,,,,,,,
Cottbus,Frankfurt FSV,D2,2012,14/09/12,D,2,2,0,1,A,,,,,,,,,,,,
Ingolstadt,Union Berlin,D2,2012,14/09/12,H,2,1,1,1,D,,,,,,,,,,,,
Braunschweig,Regensburg,D2,2012,15/09/12,H,1,0,0,0,D,,,,,,,,,,,,
Sandhausen,Dresden,D2,2012,15/09/12,D,1,1,1,0,H,,,,,,,,,,,,
Erzgebirge Aue,Paderborn,D2,2012,16/09/12,A,0,1,0,0,D,,,,,,,,,,,,
Hertha,Aalen,D2,2012,16/09/12,H,2,0,0,0,D,,,,,,,,,,,,
Kaiserslautern,Duisburg,D2,2012,16/09/12,H,2,1,1,0,H,,,,,,,,,,,,
FC Koln,St Pauli,D2,2012,17/09/12,D,0,0,0,0,D,,,,,,,,,,,,
Aalen,Erzgebirge Aue,D2,2012,21/09/12,H,2,0,1,0,H,,,,,,,,,,,,
Frankfurt FSV,St Pauli,D2,2012,21/09/12,H,2,1,1,0,H,,,,,,,,,,,,
Union Berlin,FC Koln,D2,2012,21/09/12,H,2,1,1,1,D,,,,,,,,,,,,
Kaiserslautern,Hertha,D2,2012,22/09/12,D,1,1,0,0,D,,,,,,,,,,,,
Paderborn,Sandhausen,D2,2012,22/09/12,H,3,0,0,0,D,,,,,,,,,,,,
Regensburg,Cottbus,D2,2012,22/09/12,A,0,1,0,1,A,,,,,,,,,,,,
Dresden,Ingolstadt,D2,2012,23/09/12,A,0,1,0,0,D,,,,,,,,,,,,
Duisburg,Bochum,D2,2012,23/09/12,D,0,0,0,0,D,,,,,,,,,,,,
Munich 1860,Braunschweig,D2,2012,23/09/12,D,1,1,0,1,A,,,,,,,,,,,,
Cottbus,Paderborn,D2,2012,25/09/12,H,2,1,0,0,D,,,,,,,,,,,,
FC Koln,Frankfurt FSV,D2,2012,25/09/12,H,2,1,0,0,D,,,,,,,,,,,,
Sandhausen,Regensburg,D2,2012,25/09/12,A,1,2,1,1,D,,,,,,,,,,,,
St Pauli,Aalen,D2,2012,25/09/12,A,0,1,0,1,A,,,,,,,,,,,,
Braunschweig,Duisburg,D2,2012,26/09/12,H,3,0,0,0,D,,,,,,,,,,,,
Erzgebirge Aue,Union Berlin,D2,2012,26/09/12,D,1,1,0,1,A,,,,,,,,,,,,
Hertha,Dresden,D2,2012,26/09/12,H,1,0,1,0,H,,,,,,,,,,,,
Ingolstadt,Munich 1860,D2,2012,26/09/12,A,0,2,0,1,A,,,,,,,,,,,,
Bochum,Kaiserslautern,D2,2012,27/09/12,A,1,2,0,1,A,,,,,,,,,,,,
Aalen,Frankfurt FSV,D2,2012,28/09/12,H,3,0,1,0,H,,,,,,,,,,,,
Paderborn,FC Koln,D2,2012,28/09/12,A,1,2,0,1,A,,,,,,,,,,,,
Regensburg,St Pauli,D2,2012,28/09/12,H,3,0,2,0,H,,,,,,,,,,,,
Munich 1860,Sandhausen,D2,2012,29/09/12,H,4,0,3,0,H,,,,,,,,,,,,
Union Berlin,Cottbus,D2,2012,29/09/12,H,3,1,1,0,H,,,,,,,,,,,,
Bochum,Ingolstadt,D2,2012,30/09/12,D,1,1,0,1,A,,,,,,,,,,,,
Dresden,Erzgebirge Aue,D2,2012,30/09/12,H,3,1,2,0,H,,,,,,,,,,,,
Kaiserslautern,Braunschweig,D2,2012,30/09/12,D,1,1,1,0,H,,,,,,,,,,,,
Duisburg,Hertha,D2,2012,01/10/12,D,2,2,0,1,A,,,,,,,,,,,,
Frankfurt FSV,Paderborn,D2,2012,05/10/12,D,1,1,0,0,D,,,,,,,,,,,,
Hertha,Munich 1860,D2,2012,05/10/12,H,3,0,0,0,D,,,,,,,,,,,,
St Pauli,Union Berlin,D2,2012,05/10/12,D,2,2,0,1,A,,,,,,,,,,,,
Braunschweig,Bochum,D2,2012,06/10/12,H,3,0,1,0,H,,,,,,,,,,,,
Cottbus,Duisburg,D2,2012,06/10/12,A,0,1,0,1,A,,,,,,,,,,,,
Erzgebirge Aue,Regensburg,D2,2012,07/10/12,H,3,1,1,0,H,,,,,,,,,,,,
Ingolstadt,Kaiserslautern,D2,2012,07/10/12,D,1,1,0,0,D,,,,,,,,,,,,
Sandhausen,Aalen,D2,2012,07/10/12,H,1,0,1,0,H,,,,,,,,,,,,
FC Koln,Dresden,D2,2012,08/10/12,D,1,1,0,1,A,,,,,,,,,,,,
Bochum,Hertha,D2,2012,19/10/12,A,0,2,0,0,D,,,,,,,,,,,,
Duisburg,Ingolstadt,D2,2012,19/10/12,A,0,2,0,0,D,,,,,,,,,,,,
Kaiserslautern,Sandhausen,D2,2012,19/10/12,H,3,1,2,1,H,,,,,,,,,,,,
Dresden,Braunschweig,D2,2012,20/10/12,A,0,2,0,1,A,,,,,,,,,,,,
Regensburg,FC Koln,D2,2012,20/10/12,A,2,3,1,0,H,,,,,,,,,,,,
Aalen,Cottbus,D2,2012,21/10/12,D,1,1,0,0,D,,,,,,,,,,,,
Paderborn,St Pauli,D2,2012,21/10/12,D,1,1,0,0,D,,,,,,,,,,,,
Union Berlin,Frankfurt FSV,D2,2012,21/10/12,H,1,0,1,0,H,,,,,,,,,,,,
Munich 1860,Erzgebirge Aue,D2,2012,22/10/12,D,1,1,0,0,D,,,,,,,,,,,,
Cottbus,Munich 1860,D2,2012,26/10/12,H,1,0,1,0,H,,,,,,,,,,,,
FC Koln,Kaiserslautern,D2,2012,26/10/12,D,3,3,2,1,H,,,,,,,,,,,,
Ingolstadt,Aalen,D2,2012,26/10/12,H,2,0,0,0,D,,,,,,,,,,,,
Braunschweig,Hertha,D2,2012,27/10/12,D,1,1,1,0,H,,,,,,,,,,,,
Erzgebirge Aue,Bochum,D2,2012,27/10/12,H,6,1,3,0,H,,,,,,,,,,,,
Sandhausen,Duisburg,D2,2012,27/10/12,A,0,2,0,1,A,,,,,,,,,,,,
Frankfurt FSV,Regensburg,D2,2012,28/10/12,H,3,1,1,0,H,,,,,,,,,,,,
St Pauli,Dresden,D2,2012,28/10/12,H,3,2,1,2,A,,,,,,,,,,,,
Union Berlin,Paderborn,D2,2012,28/10/12,A,0,1,0,0,D,,,,,,,,,,,,
Braunschweig,Sandhausen,D2,2012,02/11/12,H,2,1,1,0,H,,,,,,,,,,,,
Hertha,Ingolstadt,D2,2012,02/11/12,D,0,0,0,0,D,,,,,,,,,,,,
Regensburg,Paderborn,D2,2012,02/11/12,A,0,2,0,1,A,,,,,,,,,,,,
Duisburg,Frankfurt FSV,D2,2012,03/11/12,A,1,2,0,2,A,,,,,,,,,,,,
Munich 1860,St Pauli,D2,2012,03/11/12,A,0,2,0,1,A,,,,,,,,,,,,
Aalen,FC Koln,D2,2012,04/11/12,H,2,0,1,0,H,,,,,,,,,,,,
Bochum,Cottbus,D2,2012,04/11/12,D,2,2,0,1,A,,,,,,,,,,,,
Dresden,Union Berlin,D2,2012,04/11/12,A,0,2,0,1,A,,,,,,,,,,,,
Kaiserslautern,Erzgebirge Aue,D2,2012,05/11/12,H,4,1,2,1,H,,,,,,,,,,,,
Erzgebirge Aue,Braunschweig,D2,2012,09/11/12,D,1,1,0,1,A,,,,,,,,,,,,
FC Koln,Duisburg,D2,2012,09/11/12,D,0,0,0,0,D,,,,,,,,,,,,
Sandhausen,Hertha,D2,2012,09/11/12,A,1,6,0,2,A,,,,,,,,,,,,
Paderborn,Kaiserslautern,D2,2012,10/11/12,D,1,1,0,0,D,,,,,,,,,,,,
Union Berlin,Aalen,D2,2012,10/11/12,D,0,0,0,0,D,,,,,,,,,,,,
Cottbus,Dresden,D2,2012,11/11/12,H,2,0,2,0,H,,,,,,,,,,,,
Frankfurt FSV,Munich 1860,D2,2012,11/11/12,A,0,1,0,1,A,,,,,,,,,,,,
Ingolstadt,Regensburg,D2,2012,11/11/12,H,4,2,0,1,A,,,,,,,,,,,,
St Pauli,Bochum,D2,2012,12/11/12,D,1,1,1,0,H,,,,,,,,,,,,
Dresden,Frankfurt FSV,D2,2012,16/11/12,H,2,1,2,0,H,,,,,,,,,,,,
Kaiserslautern,Cottbus,D2,2012,16/11/12,H,1,0,1,0,H,,,,,,,,,,,,
Munich 1860,FC Koln,D2,2012,16/11/12,A,0,2,0,1,A,,,,,,,,,,,,
Aalen,Paderborn,D2,2012,17/11/12,A,0,1,0,0,D,,,,,,,,,,,,
Braunschweig,Ingolstadt,D2,2012,17/11/12,H,3,0,1,0,H,,,,,,,,,,,,
Bochum,Sandhausen,D2,2012,18/11/12,H,5,2,3,2,H,,,,,,,,,,,,
Duisburg,Erzgebirge Aue,D2,2012,18/11/12,H,2,1,1,1,D,,,,,,,,,,,,
Regensburg,Union Berlin,D2,2012,18/11/12,D,3,3,2,1,H,,,,,,,,,,,,
Hertha,St Pauli,D2,2012,19/11/12,H,1,0,0,0,D,,,,,,,,,,,,
FC Koln,Bochum,D2,2012,23/11/12,H,3,1,2,0,H,,,,,,,,,,,,
Paderborn,Dresden,D2,2012,23/11/12,D,2,2,2,2,D,,,,,,,,,,,,
Regensburg,Aalen,D2,2012,23/11/12,A,1,3,1,0,H,,,,,,,,,,,,
Cottbus,Braunschweig,D2,2012,24/11/12,H,3,1,2,1,H,,,,,,,,,,,,
Frankfurt FSV,Kaiserslautern,D2,2012,24/11/12,A,0,1,0,1,A,,,,,,,,,,,,
Union Berlin,Munich 1860,D2,2012,24/11/12,D,2,2,1,0,H,,,,,,,,,,,,
Erzgebirge Aue,Hertha,D2,2012,25/11/12,A,0,4,0,2,A,,,,,,,,,,,,
Ingolstadt,Sandhausen,D2,2012,25/11/12,D,1,1,1,0,H,,,,,,,,,,,,
St Pauli,Duisburg,D2,2012,25/11/12,H,4,1,1,1,D,,,,,,,,,,,,
Bochum,Frankfurt FSV,D2,2012,27/11/12,A,1,3,0,1,A,,,,,,,,,,,,
Dresden,Aalen,D2,2012,27/11/12,D,0,0,0,0,D,,,,,,,,,,,,
Kaiserslautern,Regensburg,D2,2012,27/11/12,D,1,1,1,1,D,,,,,,,,,,,,
Munich 1860,Paderborn,D2,2012,27/11/12,H,1,0,1,0,H,,,,,,,,,,,,
Braunschweig,St Pauli,D2,2012,28/11/12,H,1,0,1,0,H,,,,,,,,,,,,
Duisburg,Union Berlin,D2,2012,28/11/12,A,1,2,0,2,A,,,,,,,,,,,,
Ingolstadt,Erzgebirge Aue,D2,2012,28/11/12,A,1,2,1,1,D,,,,,,,,,,,,
Sandhausen,Cottbus,D2,2012,28/11/12,H,3,1,0,1,A,,,,,,,,,,,,
Hertha,FC Koln,D2,2012,29/11/12,D,1,1,1,1,D,,,,,,,,,,,,
Aalen,Munich 1860,D2,2012,30/11/12,D,1,1,0,0,D,,,,,,,,,,,,
Regensburg,Dresden,D2,2012,30/11/12,D,0,0,0,0,D,,,,,,,,,,,,
Erzgebirge Aue,Sandhausen,D2,2012,01/12/12,D,2,2,1,1,D,,,,,,,,,,,,
St Pauli,Kaiserslautern,D2,2012,01/12/12,H,1,0,0,0,D,,,,,,,,,,,,
Union Berlin,Bochum,D2,2012,01/12/12,H,2,1,1,1,D,,,,,,,,,,,,
FC Koln,Ingolstadt,D2,2012,02/12/12,H,1,0,1,0,H,,,,,,,,,,,,
Frankfurt FSV,Braunschweig,D2,2012,02/12/12,A,1,2,0,2,A,,,,,,,,,,,,
Paderborn,Duisburg,D2,2012,02/12/12,A,0,2,0,0,D,,,,,,,,,,,,
Cottbus,Hertha,D2,2012,03/12/12,A,1,2,0,1,A,,,,,,,,,,,,
Aalen,Duisburg,D2,2012,07/12/12,A,0,1,0,0,D,,,,,,,,,,,,
Frankfurt FSV,Sandhausen,D2,2012,07/12/12,H,3,1,2,0,H,,,,,,,,,,,,
Union Berlin,Kaiserslautern,D2,2012,07/12/12,H,2,0,1,0,H,,,,,,,,,,,,
Dresden,Bochum,D2,2012,08/12/12,A,0,3,0,2,A,,,,,,,,,,,,
Paderborn,Hertha,D2,2012,08/12/12,A,0,1,0,0,D,,,,,,,,,,,,
Cottbus,Ingolstadt,D2,2012,09/12/12,D,1,1,1,0,H,,,,,,,,,,,,
Regensburg,Munich 1860,D2,2012,09/12/12,D,1,1,0,0,D,,,,,,,,,,,,
St Pauli,Erzgebirge Aue,D2,2012,09/12/12,A,0,3,0,0,D,,,,,,,,,,,,
FC Koln,Braunschweig,D2,2012,10/12/12,D,2,2,0,1,A,,,,,,,,,,,,
Erzgebirge Aue,Cottbus,D2,2012,14/12/12,H,3,0,1,0,H,,,,,,,,,,,,
Kaiserslautern,Aalen,D2,2012,14/12/12,A,0,1,0,1,A,,,,,,,,,,,,
Sandhausen,FC Koln,D2,2012,14/12/12,D,0,0,0,0,D,,,,,,,,,,,,
Hertha,Frankfurt FSV,D2,2012,15/12/12,H,2,1,0,0,D,,,,,,,,,,,,
Ingolstadt,St Pauli,D2,2012,15/12/12,D,0,0,0,0,D,,,,,,,,,,,,
Bochum,Paderborn,D2,2012,16/12/12,H,4,0,2,0,H,,,,,,,,,,,,
Duisburg,Regensburg,D2,2012,16/12/12,H,4,2,0,2,A,,,,,,,,,,,,
Munich 1860,Dresden,D2,2012,16/12/12,D,1,1,0,0,D,,,,,,,,,,,,
Braunschweig,Union Berlin,D2,2012,17/12/12,H,4,3,2,2,D,,,,,,,,,,,,
Aalen,Bochum,D2,2012,01/02/13,D,2,2,0,1,A,,,,,,,,,,,,
Dresden,Duisburg,D2,2012,01/02/13,D,0,0,0,0,D,,,,,,,,,,,,
Union Berlin,Sandhausen,D2,2012,01/02/13,H,3,1,2,0,H,,,,,,,,,,,,
FC Koln,Erzgebirge Aue,D2,2012,02/02/13,H,2,1,1,0,H,,,,,,,,,,,,
Paderborn,Braunschweig,D2,2012,02/02/13,A,1,2,0,1,A,,,,,,,,,,,,
Frankfurt FSV,Ingolstadt,D2,2012,03/02/13,A,0,2,0,0,D,,,,,,,,,,,,
Regensburg,Hertha,D2,2012,03/02/13,A,1,5,0,0,D,,,,,,,,,,,,
St Pauli,Cottbus,D2,2012,03/02/13,D,0,0,0,0,D,,,,,,,,,,,,
Munich 1860,Kaiserslautern,D2,2012,04/02/13,A,0,1,0,0,D,,,,,,,,,,,,
Braunschweig,Aalen,D2,2012,08/02/13,D,1,1,0,1,A,,,,,,,,,,,,
Erzgebirge Aue,Frankfurt FSV,D2,2012,08/02/13,A,0,2,0,0,D,,,,,,,,,,,,
Kaiserslautern,Dresden,D2,2012,08/02/13,H,3,0,2,0,H,,,,,,,,,,,,
Cottbus,FC Koln,D2,2012,09/02/13,D,0,0,0,0,D,,,,,,,,,,,,
Duisburg,Munich 1860,D2,2012,09/02/13,A,1,3,1,2,A,,,,,,,,,,,,
Bochum,Regensburg,D2,2012,10/02/13,A,0,2,0,0,D,,,,,,,,,,,,
Ingolstadt,Paderborn,D2,2012,10/02/13,A,1,3,0,1,A,,,,,,,,,,,,
Sandhausen,St Pauli,D2,2012,10/02/13,H,4,1,3,0,H,,,,,,,,,,,,
Hertha,Union Berlin,D2,2012,11/02/13,D,2,2,0,1,A,,,,,,,,,,,,
Munich 1860,Bochum,D2,2012,15/02/13,A,0,1,0,1,A,,,,,,,,,,,,
Paderborn,Erzgebirge Aue,D2,2012,15/02/13,H,2,0,2,0,H,,,,,,,,,,,,
Regensburg,Braunschweig,D2,2012,15/02/13,A,0,1,0,1,A,,,,,,,,,,,,
Aalen,Hertha,D2,2012,16/02/13,A,0,1,0,0,D,,,,,,,,,,,,
Union Berlin,Ingolstadt,D2,2012,16/02/13,D,1,1,0,0,D,,,,,,,,,,,,
Dresden,Sandhausen,D2,2012,17/02/13,H,3,1,1,0,H,,,,,,,,,,,,
Duisburg,Kaiserslautern,D2,2012,17/02/13,D,0,0,0,0,D,,,,,,,,,,,,
Frankfurt FSV,Cottbus,D2,2012,17/02/13,H,1,0,1,0,H,,,,,,,,,,,,
St Pauli,FC Koln,D2,2012,18/02/13,A,0,1,0,1,A,,,,,,,,,,,,
Bochum,Duisburg,D2,2012,22/02/13,D,2,2,0,1,A,,,,,,,,,,,,
Erzgebirge Aue,Aalen,D2,2012,22/02/13,D,1,1,1,0,H,,,,,,,,,,,,
St Pauli,Frankfurt FSV,D2,2012,22/02/13,H,3,0,1,0,H,,,,,,,,,,,,
FC Koln,Union Berlin,D2,2012,23/02/13,H,2,0,1,0,H,,,,,,,,,,,,
Ingolstadt,Dresden,D2,2012,23/02/13,D,1,1,1,0,H,,,,,,,,,,,,
Braunschweig,Munich 1860,D2,2012,24/02/13,A,1,2,0,0,D,,,,,,,,,,,,
Cottbus,Regensburg,D2,2012,24/02/13,D,1,1,0,1,A,,,,,,,,,,,,
Sandhausen,Paderborn,D2,2012,24/02/13,A,1,3,1,0,H,,,,,,,,,,,,
Hertha,Kaiserslautern,D2,2012,25/02/13,H,1,0,0,0,D,,,,,,,,,,,,
Paderborn,Cottbus,D2,2012,01/03/13,A,0,1,0,0,D,,,,,,,,,,,,
Regensburg,Sandhausen,D2,2012,01/03/13,A,1,3,1,2,A,,,,,,,,,,,,
Union Berlin,Erzgebirge Aue,D2,2012,01/03/13,H,3,0,2,0,H,,,,,,,,,,,,
Dresden,Hertha,D2,2012,02/03/13,H,1,0,1,0,H,,,,,,,,,,,,
Kaiserslautern,Bochum,D2,2012,02/03/13,D,0,0,0,0,D,,,,,,,,,,,,
Aalen,St Pauli,D2,2012,03/03/13,A,0,1,0,0,D,,,,,,,,,,,,
Frankfurt FSV,FC Koln,D2,2012,03/03/13,D,1,1,0,0,D,,,,,,,,,,,,
Munich 1860,Ingolstadt,D2,2012,03/03/13,D,1,1,1,0,H,,,,,,,,,,,,
Duisburg,Braunschweig,D2,2012,04/03/13,H,1,0,0,0,D,,,,,,,,,,,,
Frankfurt FSV,Aalen,D2,2012,08/03/13,H,6,1,3,0,H,,,,,,,,,,,,
Sandhausen,Munich 1860,D2,2012,08/03/13,A,0,1,0,0,D,,,,,,,,,,,,
St Pauli,Regensburg,D2,2012,08/03/13,H,3,2,1,1,D,,,,,,,,,,,,
Cottbus,Union Berlin,D2,2012,09/03/13,H,2,1,1,1,D,,,,,,,,,,,,
FC Koln,Paderborn,D2,2012,09/03/13,H,3,0,1,0,H,,,,,,,,,,,,
Erzgebirge Aue,Dresden,D2,2012,10/03/13,H,1,0,1,0,H,,,,,,,,,,,,
Hertha,Duisburg,D2,2012,10/03/13,H,4,2,2,0,H,,,,,,,,,,,,
Ingolstadt,Bochum,D2,2012,10/03/13,H,2,1,0,0,D,,,,,,,,,,,,
Braunschweig,Kaiserslautern,D2,2012,11/03/13,D,1,1,0,1,A,,,,,,,,,,,,
Duisburg,Cottbus,D2,2012,15/03/13,H,2,1,1,0,H,,,,,,,,,,,,
Paderborn,Frankfurt FSV,D2,2012,15/03/13,H,3,0,1,0,H,,,,,,,,,,,,
Union Berlin,St Pauli,D2,2012,15/03/13,H,4,2,2,1,H,,,,,,,,,,,,
Bochum,Braunschweig,D2,2012,16/03/13,A,0,1,0,0,D,,,,,,,,,,,,
Munich 1860,Hertha,D2,2012,16/03/13,D,0,0,0,0,D,,,,,,,,,,,,
Aalen,Sandhausen,D2,2012,17/03/13,D,2,2,1,0,H,,,,,,,,,,,,
Kaiserslautern,Ingolstadt,D2,2012,17/03/13,H,3,0,1,0,H,,,,,,,,,,,,
Regensburg,Erzgebirge Aue,D2,2012,17/03/13,D,1,1,1,1,D,,,,,,,,,,,,
Dresden,FC Koln,D2,2012,18/03/13,A,0,2,0,0,D,,,,,,,,,,,,
Braunschweig,Dresden,D2,2012,28/03/13,H,2,1,1,1,D,,,,,,,,,,,,
Cottbus,Aalen,D2,2012,28/03/13,D,1,1,0,0,D,,,,,,,,,,,,
Erzgebirge Aue,Munich 1860,D2,2012,28/03/13,A,0,1,0,1,A,,,,,,,,,,,,
Hertha,Bochum,D2,2012,30/03/13,H,2,0,1,0,H,,,,,,,,,,,,
Ingolstadt,Duisburg,D2,2012,30/03/13,A,0,1,0,1,A,,,,,,,,,,,,
FC Koln,Regensburg,D2,2012,31/03/13,H,2,1,1,0,H,,,,,,,,,,,,
Frankfurt FSV,Union Berlin,D2,2012,31/03/13,H,3,0,2,0,H,,,,,,,,,,,,
Sandhausen,Kaiserslautern,D2,2012,31/03/13,D,1,1,0,1,A,,,,,,,,,,,,
St Pauli,Paderborn,D2,2012,01/04/13,D,2,2,0,0,D,,,,,,,,,,,,
Aalen,Ingolstadt,D2,2012,05/04/13,H,2,1,1,1,D,,,,,,,,,,,,
Bochum,Erzgebirge Aue,D2,2012,05/04/13,A,0,3,0,3,A,,,,,,,,,,,,
Kaiserslautern,FC Koln,D2,2012,05/04/13,H,3,0,1,0,H,,,,,,,,,,,,
Dresden,St Pauli,D2,2012,06/04/13,H,3,2,0,0,D,,,,,,,,,,,,
Regensburg,Frankfurt FSV,D2,2012,06/04/13,A,1,4,0,0,D,,,,,,,,,,,,
Duisburg,Sandhausen,D2,2012,07/04/13,H,2,1,1,1,D,,,,,,,,,,,,
Munich 1860,Cottbus,D2,2012,07/04/13,D,1,1,0,0,D,,,,,,,,,,,,
Paderborn,Union Berlin,D2,2012,07/04/13,D,1,1,0,1,A,,,,,,,,,,,,
Hertha,Braunschweig,D2,2012,08/04/13,H,3,0,1,0,H,,,,,,,,,,,,
Ingolstadt,Hertha,D2,2012,12/04/13,D,1,1,1,0,H,,,,,,,,,,,,
Sandhausen,Braunschweig,D2,2012,12/04/13,A,1,3,0,2,A,,,,,,,,,,,,
Union Berlin,Dresden,D2,2012,12/04/13,D,0,0,0,0,D,,,,,,,,,,,,
Frankfurt FSV,Duisburg,D2,2012,13/04/13,D,1,1,1,1,D,,,,,,,,,,,,
St Pauli,Munich 1860,D2,2012,13/04/13,H,3,1,1,0,H,,,,,,,,,,,,
Cottbus,Bochum,D2,2012,14/04/13,A,0,2,0,0,D,,,,,,,,,,,,
FC Koln,Aalen,D2,2012,14/04/13,H,1,0,0,0,D,,,,,,,,,,,,
Paderborn,Regensburg,D2,2012,14/04/13,D,0,0,0,0,D,,,,,,,,,,,,
Erzgebirge Aue,Kaiserslautern,D2,2012,15/04/13,D,1,1,0,1,A,,,,,,,,,,,,
Aalen,Union Berlin,D2,2012,19/04/13,H,3,0,2,0,H,,,,,,,,,,,,
Bochum,St Pauli,D2,2012,19/04/13,H,3,0,2,0,H,,,,,,,,,,,,
Regensburg,Ingolstadt,D2,2012,19/04/13,A,1,2,1,2,A,,,,,,,,,,,,
Kaiserslautern,Paderborn,D2,2012,20/04/13,H,3,0,1,0,H,,,,,,,,,,,,
Munich 1860,Frankfurt FSV,D2,2012,20/04/13,A,1,2,0,2,A,,,,,,,,,,,,
Braunschweig,Erzgebirge Aue,D2,2012,21/04/13,D,1,1,1,0,H,,,,,,,,,,,,
Dresden,Cottbus,D2,2012,21/04/13,H,1,0,0,0,D,,,,,,,,,,,,
Hertha,Sandhausen,D2,2012,21/04/13,H,1,0,0,0,D,,,,,,,,,,,,
Duisburg,FC Koln,D2,2012,22/04/13,D,1,1,0,1,A,,,,,,,,,,,,
Ingolstadt,Braunschweig,D2,2012,26/04/13,A,0,1,0,0,D,,,,,,,,,,,,
Sandhausen,Bochum,D2,2012,26/04/13,A,0,1,0,1,A,,,,,,,,,,,,
Union Berlin,Regensburg,D2,2012,26/04/13,H,1,0,0,0,D,,,,,,,,,,,,
Erzgebirge Aue,Duisburg,D2,2012,27/04/13,D,0,0,0,0,D,,,,,,,,,,,,
Frankfurt FSV,Dresden,D2,2012,27/04/13,H,3,1,0,0,D,,,,,,,,,,,,
FC Koln,Munich 1860,D2,2012,28/04/13,D,1,1,1,0,H,,,,,,,,,,,,
Paderborn,Aalen,D2,2012,28/04/13,D,2,2,2,0,H,,,,,,,,,,,,
St Pauli,Hertha,D2,2012,28/04/13,A,2,3,0,1,A,,,,,,,,,,,,
Cottbus,Kaiserslautern,D2,2012,29/04/13,H,4,2,1,0,H,,,,,,,,,,,,
Aalen,Regensburg,D2,2012,03/05/13,H,2,1,1,1,D,,,,,,,,,,,,
Dresden,Paderborn,D2,2012,03/05/13,H,2,1,1,1,D,,,,,,,,,,,,
Hertha,Erzgebirge Aue,D2,2012,03/05/13,H,3,2,3,0,H,,,,,,,,,,,,
Bochum,FC Koln,D2,2012,04/05/13,H,2,1,0,1,A,,,,,,,,,,,,
Sandhausen,Ingolstadt,D2,2012,04/05/13,H,3,1,1,1,D,,,,,,,,,,,,
Duisburg,St Pauli,D2,2012,05/05/13,D,0,0,0,0,D,,,,,,,,,,,,
Kaiserslautern,Frankfurt FSV,D2,2012,05/05/13,H,4,1,4,0,H,,,,,,,,,,,,
Munich 1860,Union Berlin,D2,2012,05/05/13,H,3,0,2,0,H,,,,,,,,,,,,
Braunschweig,Cottbus,D2,2012,06/05/13,D,0,0,0,0,D,,,,,,,,,,,,
Aalen,Dresden,D2,2012,12/05/13,H,3,0,1,0,H,,,,,,,,,,,,
Cottbus,Sandhausen,D2,2012,12/05/13,H,3,0,2,0,H,,,,,,,,,,,,
Erzgebirge Aue,Ingolstadt,D2,2012,12/05/13,A,0,1,0,0,D,,,,,,,,,,,,
FC Koln,Hertha,D2,2012,12/05/13,A,1,2,0,1,A,,,,,,,,,,,,
Frankfurt FSV,Bochum,D2,2012,12/05/13,H,2,1,1,0,H,,,,,,,,,,,,
Paderborn,Munich 1860,D2,2012,12/05/13,H,2,0,1,0,H,,,,,,,,,,,,
Regensburg,Kaiserslautern,D2,2012,12/05/13,A,1,3,1,2,A,,,,,,,,,,,,
St Pauli,Braunschweig,D2,2012,12/05/13,H,5,1,2,0,H,,,,,,,,,,,,
Union Berlin,Duisburg,D2,2012,12/05/13,H,2,1,0,0,D,,,,,,,,,,,,
Bochum,Union Berlin,D2,2012,19/05/13,A,1,2,0,0,D,,,,,,,,,,,,
Braunschweig,Frankfurt FSV,D2,2012,19/05/13,D,2,2,1,1,D,,,,,,,,,,,,
Dresden,Regensburg,D2,2012,19/05/13,H,3,1,0,0,D,,,,,,,,,,,,
Duisburg,Paderborn,D2,2012,19/05/13,H,3,2,1,1,D,,,,,,,,,,,,
Hertha,Cottbus,D2,2012,19/05/13,D,1,1,0,1,A,,,,,,,,,,,,
Ingolstadt,FC Koln,D2,2012,19/05/13,A,0,3,0,0,D,,,,,,,,,,,,
Kaiserslautern,St Pauli,D2,2012,19/05/13,A,1,2,0,2,A,,,,,,,,,,,,
Munich 1860,Aalen,D2,2012,19/05/13,H,3,0,1,0,H,,,,,,,,,,,,
Sandhausen,Erzgebirge Aue,D2,2012,19/05/13,A,0,1,0,0,D,,,,,,,,,,,,
Ingolstadt,Erzgebirge Aue,D2,2013,19/07/13,A,1,2,0,1,A,,,,,,,,,,,,
Sandhausen,Aalen,D2,2013,19/07/13,D,0,0,0,0,D,,,,,,,,,,,,
St Pauli,Munich 1860,D2,2013,19/07/13,H,1,0,0,0,D,,,,,,,,,,,,
Dresden,FC Koln,D2,2013,20/07/13,D,1,1,0,0,D,,,,,,,,,,,,
Paderborn,Kaiserslautern,D2,2013,20/07/13,A,0,1,0,0,D,,,,,,,,,,,,
Frankfurt FSV,Karlsruhe,D2,2013,21/07/13,A,0,1,0,0,D,,,,,,,,,,,,
Greuther Furth,Bielefeld,D2,2013,21/07/13,H,2,0,2,0,H,,,,,,,,,,,,
Union Berlin,Bochum,D2,2013,21/07/13,A,1,2,0,0,D,,,,,,,,,,,,
Fortuna Dusseldorf,Cottbus,D2,2013,22/07/13,H,1,0,0,0,D,,,,,,,,,,,,
Aalen,Greuther Furth,D2,2013,26/07/13,A,0,2,0,1,A,,,,,,,,,,,,
Bielefeld,Union Berlin,D2,2013,26/07/13,D,1,1,0,1,A,,,,,,,,,,,,
Kaiserslautern,Ingolstadt,D2,2013,26/07/13,H,3,1,1,0,H,,,,,,,,,,,,
Erzgebirge Aue,Sandhausen,D2,2013,27/07/13,H,1,0,0,0,D,,,,,,,,,,,,
Karlsruhe,St Pauli,D2,2013,27/07/13,D,0,0,0,0,D,,,,,,,,,,,,
Cottbus,Paderborn,D2,2013,28/07/13,H,4,0,4,0,H,,,,,,,,,,,,
FC Koln,Fortuna Dusseldorf,D2,2013,28/07/13,D,1,1,0,1,A,,,,,,,,,,,,
Munich 1860,Frankfurt FSV,D2,2013,28/07/13,H,2,1,0,0,D,,,,,,,,,,,,
Bochum,Dresden,D2,2013,29/07/13,D,1,1,1,0,H,,,,,,,,,,,,
Dresden,Union Berlin,D2,2013,09/08/13,A,1,3,0,3,A,,,,,,,,,,,,
Fortuna Dusseldorf,Munich 1860,D2,2013,09/08/13,A,1,2,1,1,D,,,,,,,,,,,,
Frankfurt FSV,Bochum,D2,2013,09/08/13,H,1,0,1,0,H,,,,,,,,,,,,
Ingolstadt,Karlsruhe,D2,2013,10/08/13,A,0,2,0,0,D,,,,,,,,,,,,
Paderborn,FC Koln,D2,2013,10/08/13,D,1,1,1,0,H,,,,,,,,,,,,
Erzgebirge Aue,Aalen,D2,2013,11/08/13,A,0,1,0,1,A,,,,,,,,,,,,
Sandhausen,Cottbus,D2,2013,11/08/13,D,2,2,2,1,H,,,,,,,,,,,,
St Pauli,Bielefeld,D2,2013,11/08/13,A,0,1,0,0,D,,,,,,,,,,,,
Greuther Furth,Kaiserslautern,D2,2013,12/08/13,H,2,1,1,1,D,,,,,,,,,,,,
Bielefeld,Paderborn,D2,2013,16/08/13,D,3,3,0,1,A,,,,,,,,,,,,
Bochum,St Pauli,D2,2013,16/08/13,D,2,2,1,2,A,,,,,,,,,,,,
Karlsruhe,Greuther Furth,D2,2013,16/08/13,A,1,2,1,0,H,,,,,,,,,,,,
FC Koln,Sandhausen,D2,2013,17/08/13,H,2,0,0,0,D,,,,,,,,,,,,
Kaiserslautern,Erzgebirge Aue,D2,2013,17/08/13,H,2,1,1,0,H,,,,,,,,,,,,
Cottbus,Aalen,D2,2013,18/08/13,H,5,1,3,1,H,,,,,,,,,,,,
Dresden,Frankfurt FSV,D2,2013,18/08/13,A,0,3,0,1,A,,,,,,,,,,,,
Munich 1860,Ingolstadt,D2,2013,18/08/13,H,1,0,0,0,D,,,,,,,,,,,,
Union Berlin,Fortuna Dusseldorf,D2,2013,19/08/13,H,2,1,1,0,H,,,,,,,,,,,,
Erzgebirge Aue,Cottbus,D2,2013,23/08/13,H,2,1,0,1,A,,,,,,,,,,,,
Ingolstadt,Bielefeld,D2,2013,23/08/13,H,3,2,1,1,D,,,,,,,,,,,,
Sandhausen,Karlsruhe,D2,2013,23/08/13,D,1,1,0,0,D,,,,,,,,,,,,
Aalen,Kaiserslautern,D2,2013,24/08/13,H,4,0,1,0,H,,,,,,,,,,,,
Greuther Furth,FC Koln,D2,2013,24/08/13,D,0,0,0,0,D,,,,,,,,,,,,
Fortuna Dusseldorf,Bochum,D2,2013,25/08/13,H,1,0,1,0,H,,,,,,,,,,,,
Frankfurt FSV,Union Berlin,D2,2013,25/08/13,D,1,1,1,0,H,,,,,,,,,,,,
Paderborn,Munich 1860,D2,2013,25/08/13,H,1,0,0,0,D,,,,,,,,,,,,
St Pauli,Dresden,D2,2013,26/08/13,H,2,1,0,0,D,,,,,,,,,,,,
Bielefeld,Fortuna Dusseldorf,D2,2013,30/08/13,H,4,2,1,2,A,,,,,,,,,,,,
Frankfurt FSV,Greuther Furth,D2,2013,30/08/13,D,1,1,1,0,H,,,,,,,,,,,,
Munich 1860,Sandhausen,D2,2013,30/08/13,A,0,2,0,2,A,,,,,,,,,,,,
Bochum,Paderborn,D2,2013,31/08/13,H,4,2,0,2,A,,,,,,,,,,,,
Union Berlin,St Pauli,D2,2013,31/08/13,H,3,2,1,2,A,,,,,,,,,,,,
Dresden,Ingolstadt,D2,2013,01/09/13,D,1,1,1,1,D,,,,,,,,,,,,
FC Koln,Erzgebirge Aue,D2,2013,01/09/13,H,4,1,3,1,H,,,,,,,,,,,,
Karlsruhe,Aalen,D2,2013,01/09/13,D,1,1,1,1,D,,,,,,,,,,,,
Kaiserslautern,Cottbus,D2,2013,02/09/13,D,2,2,1,2,A,,,,,,,,,,,,
Aalen,Munich 1860,D2,2013,13/09/13,D,0,0,0,0,D,,,,,,,,,,,,
Erzgebirge Aue,Bielefeld,D2,2013,13/09/13,A,0,2,0,0,D,,,,,,,,,,,,
Paderborn,Karlsruhe,D2,2013,13/09/13,H,1,0,0,0,D,,,,,,,,,,,,
Sandhausen,Kaiserslautern,D2,2013,14/09/13,H,1,0,0,0,D,,,,,,,,,,,,
St Pauli,Frankfurt FSV,D2,2013,14/09/13,H,2,1,1,0,H,,,,,,,,,,,,
Fortuna Dusseldorf,Dresden,D2,2013,15/09/13,D,1,1,1,0,H,,,,,,,,,,,,
Greuther Furth,Bochum,D2,2013,15/09/13,A,0,2,0,2,A,,,,,,,,,,,,
Ingolstadt,Union Berlin,D2,2013,15/09/13,A,0,1,0,0,D,,,,,,,,,,,,
Cottbus,FC Koln,D2,2013,16/09/13,A,0,4,0,3,A,,,,,,,,,,,,
FC Koln,Kaiserslautern,D2,2013,20/09/13,D,0,0,0,0,D,,,,,,,,,,,,
Karlsruhe,Cottbus,D2,2013,20/09/13,H,2,0,2,0,H,,,,,,,,,,,,
Union Berlin,Greuther Furth,D2,2013,20/09/13,A,2,4,1,0,H,,,,,,,,,,,,
Bielefeld,Sandhausen,D2,2013,21/09/13,H,2,1,0,0,D,,,,,,,,,,,,
Bochum,Aalen,D2,2013,21/09/13,A,1,2,1,1,D,,,,,,,,,,,,
Munich 1860,Erzgebirge Aue,D2,2013,21/09/13,H,3,1,2,0,H,,,,,,,,,,,,
Dresden,Paderborn,D2,2013,22/09/13,D,2,2,0,0,D,,,,,,,,,,,,
Frankfurt FSV,Ingolstadt,D2,2013,22/09/13,H,4,1,2,0,H,,,,,,,,,,,,
St Pauli,Fortuna Dusseldorf,D2,2013,23/09/13,D,1,1,0,0,D,,,,,,,,,,,,
Aalen,FC Koln,D2,2013,27/09/13,A,0,1,0,1,A,,,,,,,,,,,,
Cottbus,Bielefeld,D2,2013,27/09/13,H,4,2,2,0,H,,,,,,,,,,,,
Erzgebirge Aue,Karlsruhe,D2,2013,27/09/13,H,3,0,2,0,H,,,,,,,,,,,,
Fortuna Dusseldorf,Frankfurt FSV,D2,2013,28/09/13,D,0,0,0,0,D,,,,,,,,,,,,
Paderborn,Union Berlin,D2,2013,28/09/13,A,0,3,0,1,A,,,,,,,,,,,,
Ingolstadt,St Pauli,D2,2013,29/09/13,A,1,2,0,1,A,,,,,,,,,,,,
Kaiserslautern,Munich 1860,D2,2013,29/09/13,H,3,0,0,0,D,,,,,,,,,,,,
Sandhausen,Bochum,D2,2013,29/09/13,H,1,0,0,0,D,,,,,,,,,,,,
Greuther Furth,Dresden,D2,2013,30/09/13,H,4,0,1,0,H,,,,,,,,,,,,
Bielefeld,Kaiserslautern,D2,2013,04/10/13,A,0,3,0,2,A,,,,,,,,,,,,
St Pauli,Paderborn,D2,2013,04/10/13,A,1,2,0,0,D,,,,,,,,,,,,
Union Berlin,Sandhausen,D2,2013,04/10/13,H,3,0,1,0,H,,,,,,,,,,,,
Dresden,Aalen,D2,2013,05/10/13,H,2,0,2,0,H,,,,,,,,,,,,
Karlsruhe,FC Koln,D2,2013,05/10/13,A,1,2,0,0,D,,,,,,,,,,,,
Bochum,Ingolstadt,D2,2013,06/10/13,A,0,1,0,0,D,,,,,,,,,,,,
Frankfurt FSV,Erzgebirge Aue,D2,2013,06/10/13,H,3,1,3,0,H,,,,,,,,,,,,
Munich 1860,Cottbus,D2,2013,06/10/13,D,0,0,0,0,D,,,,,,,,,,,,
Fortuna Dusseldorf,Greuther Furth,D2,2013,07/10/13,H,2,1,0,1,A,,,,,,,,,,,,
Aalen,Bielefeld,D2,2013,18/10/13,H,3,0,0,0,D,,,,,,,,,,,,
Cottbus,Union Berlin,D2,2013,18/10/13,D,0,0,0,0,D,,,,,,,,,,,,
Paderborn,Frankfurt FSV,D2,2013,18/10/13,H,4,2,1,1,D,,,,,,,,,,,,
Erzgebirge Aue,Bochum,D2,2013,19/10/13,H,2,1,0,1,A,,,,,,,,,,,,
Sandhausen,Dresden,D2,2013,19/10/13,D,0,0,0,0,D,,,,,,,,,,,,
Greuther Furth,St Pauli,D2,2013,20/10/13,A,2,4,1,1,D,,,,,,,,,,,,
Ingolstadt,Fortuna Dusseldorf,D2,2013,20/10/13,A,1,2,0,0,D,,,,,,,,,,,,
Kaiserslautern,Karlsruhe,D2,2013,20/10/13,D,2,2,1,1,D,,,,,,,,,,,,
FC Koln,Munich 1860,D2,2013,21/10/13,D,0,0,0,0,D,,,,,,,,,,,,
Bielefeld,FC Koln,D2,2013,25/10/13,A,0,1,0,0,D,,,,,,,,,,,,
Greuther Furth,Ingolstadt,D2,2013,25/10/13,A,0,1,0,1,A,,,,,,,,,,,,
St Pauli,Sandhausen,D2,2013,25/10/13,D,0,0,0,0,D,,,,,,,,,,,,
Fortuna Dusseldorf,Paderborn,D2,2013,26/10/13,A,1,6,1,2,A,,,,,,,,,,,,
Frankfurt FSV,Aalen,D2,2013,26/10/13,D,0,0,0,0,D,,,,,,,,,,,,
Dresden,Cottbus,D2,2013,27/10/13,H,1,0,0,0,D,,,,,,,,,,,,
Karlsruhe,Munich 1860,D2,2013,27/10/13,H,2,1,2,0,H,,,,,,,,,,,,
Union Berlin,Erzgebirge Aue,D2,2013,27/10/13,H,1,0,0,0,D,,,,,,,,,,,,
Bochum,Kaiserslautern,D2,2013,28/10/13,D,0,0,0,0,D,,,,,,,,,,,,
Aalen,Fortuna Dusseldorf,D2,2013,01/11/13,H,1,0,1,0,H,,,,,,,,,,,,
Cottbus,Bochum,D2,2013,01/11/13,A,0,1,0,1,A,,,,,,,,,,,,
Paderborn,Ingolstadt,D2,2013,01/11/13,D,1,1,0,1,A,,,,,,,,,,,,
Erzgebirge Aue,Greuther Furth,D2,2013,02/11/13,A,2,6,1,3,A,,,,,,,,,,,,
Kaiserslautern,St Pauli,D2,2013,02/11/13,H,4,1,1,1,D,,,,,,,,,,,,
Karlsruhe,Bielefeld,D2,2013,03/11/13,H,3,1,0,0,D,,,,,,,,,,,,
Munich 1860,Dresden,D2,2013,03/11/13,A,1,3,1,2,A,,,,,,,,,,,,
Sandhausen,Frankfurt FSV,D2,2013,03/11/13,H,2,0,1,0,H,,,,,,,,,,,,
FC Koln,Union Berlin,D2,2013,04/11/13,H,4,0,2,0,H,,,,,,,,,,,,
Frankfurt FSV,Kaiserslautern,D2,2013,08/11/13,A,0,4,0,3,A,,,,,,,,,,,,
Greuther Furth,Paderborn,D2,2013,08/11/13,H,3,0,2,0,H,,,,,,,,,,,,
Ingolstadt,Aalen,D2,2013,08/11/13,H,2,0,1,0,H,,,,,,,,,,,,
Bielefeld,Munich 1860,D2,2013,09/11/13,A,0,1,0,0,D,,,,,,,,,,,,
Union Berlin,Karlsruhe,D2,2013,09/11/13,D,0,0,0,0,D,,,,,,,,,,,,
Bochum,FC Koln,D2,2013,10/11/13,H,1,0,0,0,D,,,,,,,,,,,,
Dresden,Erzgebirge Aue,D2,2013,10/11/13,D,1,1,0,0,D,,,,,,,,,,,,
Fortuna Dusseldorf,Sandhausen,D2,2013,10/11/13,H,1,0,0,0,D,,,,,,,,,,,,
St Pauli,Cottbus,D2,2013,11/11/13,H,3,0,1,0,H,,,,,,,,,,,,
Bielefeld,Bochum,D2,2013,22/11/13,A,0,2,0,1,A,,,,,,,,,,,,
Cottbus,Frankfurt FSV,D2,2013,22/11/13,A,1,4,0,1,A,,,,,,,,,,,,
Sandhausen,Paderborn,D2,2013,22/11/13,H,3,2,1,1,D,,,,,,,,,,,,
FC Koln,Ingolstadt,D2,2013,23/11/13,A,0,1,0,0,D,,,,,,,,,,,,
Kaiserslautern,Union Berlin,D2,2013,23/11/13,H,3,0,0,0,D,,,,,,,,,,,,
Aalen,St Pauli,D2,2013,24/11/13,A,0,1,0,1,A,,,,,,,,,,,,
Erzgebirge Aue,Fortuna Dusseldorf,D2,2013,24/11/13,H,3,0,2,0,H,,,,,,,,,,,,
Karlsruhe,Dresden,D2,2013,24/11/13,H,3,0,2,0,H,,,,,,,,,,,,
Munich 1860,Greuther Furth,D2,2013,25/11/13,H,1,0,0,0,D,,,,,,,,,,,,
Fortuna Dusseldorf,Karlsruhe,D2,2013,29/11/13,A,0,2,0,1,A,,,,,,,,,,,,
St Pauli,FC Koln,D2,2013,29/11/13,A,0,3,0,2,A,,,,,,,,,,,,
Union Berlin,Aalen,D2,2013,29/11/13,A,1,3,0,0,D,,,,,,,,,,,,
Dresden,Kaiserslautern,D2,2013,30/11/13,H,3,2,1,1,D,,,,,,,,,,,,
Ingolstadt,Sandhausen,D2,2013,30/11/13,A,0,2,0,2,A,,,,,,,,,,,,
Bochum,Munich 1860,D2,2013,01/12/13,A,1,2,1,1,D,,,,,,,,,,,,
Greuther Furth,Cottbus,D2,2013,01/12/13,H,1,0,1,0,H,,,,,,,,,,,,
Paderborn,Erzgebirge Aue,D2,2013,01/12/13,D,1,1,1,0,H,,,,,,,,,,,,
Frankfurt FSV,Bielefeld,D2,2013,02/12/13,A,1,2,1,2,A,,,,,,,,,,,,
Bielefeld,Dresden,D2,2013,06/12/13,D,1,1,0,0,D,,,,,,,,,,,,
Erzgebirge Aue,St Pauli,D2,2013,06/12/13,A,0,2,0,2,A,,,,,,,,,,,,
Karlsruhe,Bochum,D2,2013,06/12/13,D,0,0,0,0,D,,,,,,,,,,,,
FC Koln,Frankfurt FSV,D2,2013,07/12/13,H,2,0,0,0,D,,,,,,,,,,,,
Munich 1860,Union Berlin,D2,2013,07/12/13,H,2,1,0,0,D,,,,,,,,,,,,
Aalen,Paderborn,D2,2013,08/12/13,A,2,4,2,2,D,,,,,,,,,,,,
Cottbus,Ingolstadt,D2,2013,08/12/13,A,1,2,1,1,D,,,,,,,,,,,,
Sandhausen,Greuther Furth,D2,2013,08/12/13,A,1,3,1,1,D,,,,,,,,,,,,
Kaiserslautern,Fortuna Dusseldorf,D2,2013,09/12/13,A,0,1,0,1,A,,,,,,,,,,,,
Aalen,Sandhausen,D2,2013,13/12/13,D,0,0,0,0,D,,,,,,,,,,,,
FC Koln,Dresden,D2,2013,13/12/13,H,3,1,2,0,H,,,,,,,,,,,,
Kaiserslautern,Paderborn,D2,2013,13/12/13,A,0,1,0,0,D,,,,,,,,,,,,
Bochum,Union Berlin,D2,2013,14/12/13,A,0,4,0,2,A,,,,,,,,,,,,
Cottbus,Fortuna Dusseldorf,D2,2013,14/12/13,A,1,3,1,1,D,,,,,,,,,,,,
Bielefeld,Greuther Furth,D2,2013,15/12/13,H,4,1,1,1,D,,,,,,,,,,,,
Erzgebirge Aue,Ingolstadt,D2,2013,15/12/13,D,0,0,0,0,D,,,,,,,,,,,,
Karlsruhe,Frankfurt FSV,D2,2013,15/12/13,D,3,3,3,0,H,,,,,,,,,,,,
Munich 1860,St Pauli,D2,2013,16/12/13,A,0,2,0,1,A,,,,,,,,,,,,
Dresden,Bochum,D2,2013,20/12/13,D,0,0,0,0,D,,,,,,,,,,,,
Sandhausen,Erzgebirge Aue,D2,2013,20/12/13,H,1,0,1,0,H,,,,,,,,,,,,
St Pauli,Karlsruhe,D2,2013,20/12/13,A,0,2,0,0,D,,,,,,,,,,,,
Frankfurt FSV,Munich 1860,D2,2013,21/12/13,D,2,2,1,1,D,,,,,,,,,,,,
Union Berlin,Bielefeld,D2,2013,21/12/13,H,4,2,3,1,H,,,,,,,,,,,,
Fortuna Dusseldorf,FC Koln,D2,2013,22/12/13,A,2,3,0,2,A,,,,,,,,,,,,
Greuther Furth,Aalen,D2,2013,22/12/13,H,1,0,0,0,D,,,,,,,,,,,,
Paderborn,Cottbus,D2,2013,22/12/13,H,1,0,0,0,D,,,,,,,,,,,,
Ingolstadt,Kaiserslautern,D2,2013,23/12/13,A,1,2,1,1,D,,,,,,,,,,,,
Aalen,Erzgebirge Aue,D2,2013,07/02/14,D,2,2,1,1,D,,,,,,,,,,,,
Bochum,Frankfurt FSV,D2,2013,07/02/14,A,1,2,0,0,D,,,,,,,,,,,,
Cottbus,Sandhausen,D2,2013,07/02/14,A,0,1,0,0,D,,,,,,,,,,,,
Kaiserslautern,Greuther Furth,D2,2013,08/02/14,H,2,1,1,0,H,,,,,,,,,,,,
Union Berlin,Dresden,D2,2013,08/02/14,D,0,0,0,0,D,,,,,,,,,,,,
Bielefeld,St Pauli,D2,2013,09/02/14,D,2,2,0,1,A,,,,,,,,,,,,
FC Koln,Paderborn,D2,2013,09/02/14,A,0,1,0,0,D,,,,,,,,,,,,
Karlsruhe,Ingolstadt,D2,2013,09/02/14,D,1,1,1,1,D,,,,,,,,,,,,
Munich 1860,Fortuna Dusseldorf,D2,2013,10/02/14,D,1,1,0,0,D,,,,,,,,,,,,
Fortuna Dusseldorf,Union Berlin,D2,2013,14/02/14,D,1,1,1,0,H,,,,,,,,,,,,
Greuther Furth,Karlsruhe,D2,2013,14/02/14,D,1,1,0,1,A,,,,,,,,,,,,
Ingolstadt,Munich 1860,D2,2013,14/02/14,H,2,0,1,0,H,,,,,,,,,,,,
Frankfurt FSV,Dresden,D2,2013,15/02/14,H,3,2,0,1,A,,,,,,,,,,,,
St Pauli,Bochum,D2,2013,15/02/14,A,0,1,0,1,A,,,,,,,,,,,,
Aalen,Cottbus,D2,2013,16/02/14,D,2,2,1,1,D,,,,,,,,,,,,
Paderborn,Bielefeld,D2,2013,16/02/14,H,4,0,1,0,H,,,,,,,,,,,,
Sandhausen,FC Koln,D2,2013,16/02/14,A,0,1,0,0,D,,,,,,,,,,,,
Erzgebirge Aue,Kaiserslautern,D2,2013,17/02/14,H,1,0,1,0,H,,,,,,,,,,,,
Bielefeld,Ingolstadt,D2,2013,21/02/14,A,0,2,0,0,D,,,,,,,,,,,,
Cottbus,Erzgebirge Aue,D2,2013,21/02/14,A,2,3,0,3,A,,,,,,,,,,,,
Union Berlin,Frankfurt FSV,D2,2013,21/02/14,H,2,0,1,0,H,,,,,,,,,,,,
Karlsruhe,Sandhausen,D2,2013,22/02/14,H,2,1,0,0,D,,,,,,,,,,,,
Munich 1860,Paderborn,D2,2013,22/02/14,D,2,2,0,2,A,,,,,,,,,,,,
Bochum,Fortuna Dusseldorf,D2,2013,23/02/14,D,0,0,0,0,D,,,,,,,,,,,,
Dresden,St Pauli,D2,2013,23/02/14,A,1,2,1,1,D,,,,,,,,,,,,
Kaiserslautern,Aalen,D2,2013,23/02/14,A,1,2,0,1,A,,,,,,,,,,,,
FC Koln,Greuther Furth,D2,2013,24/02/14,D,1,1,1,0,H,,,,,,,,,,,,
Cottbus,Kaiserslautern,D2,2013,28/02/14,H,1,0,1,0,H,,,,,,,,,,,,
Fortuna Dusseldorf,Bielefeld,D2,2013,28/02/14,H,2,0,1,0,H,,,,,,,,,,,,
Paderborn,Bochum,D2,2013,28/02/14,H,4,1,0,1,A,,,,,,,,,,,,
Erzgebirge Aue,FC Koln,D2,2013,01/03/14,D,2,2,1,0,H,,,,,,,,,,,,
Sandhausen,Munich 1860,D2,2013,01/03/14,D,0,0,0,0,D,,,,,,,,,,,,
Aalen,Karlsruhe,D2,2013,02/03/14,H,1,0,0,0,D,,,,,,,,,,,,
Greuther Furth,Frankfurt FSV,D2,2013,02/03/14,H,3,2,1,2,A,,,,,,,,,,,,
Ingolstadt,Dresden,D2,2013,02/03/14,D,1,1,1,1,D,,,,,,,,,,,,
St Pauli,Union Berlin,D2,2013,03/03/14,H,2,1,0,0,D,,,,,,,,,,,,
FC Koln,Cottbus,D2,2013,07/03/14,H,2,1,0,0,D,,,,,,,,,,,,
Kaiserslautern,Sandhausen,D2,2013,07/03/14,H,2,1,0,1,A,,,,,,,,,,,,
Munich 1860,Aalen,D2,2013,07/03/14,H,4,0,3,0,H,,,,,,,,,,,,
Bielefeld,Erzgebirge Aue,D2,2013,08/03/14,H,1,0,1,0,H,,,,,,,,,,,,
Union Berlin,Ingolstadt,D2,2013,08/03/14,D,1,1,0,1,A,,,,,,,,,,,,
Dresden,Fortuna Dusseldorf,D2,2013,09/03/14,D,1,1,0,0,D,,,,,,,,,,,,
Frankfurt FSV,St Pauli,D2,2013,09/03/14,H,1,0,1,0,H,,,,,,,,,,,,
Karlsruhe,Paderborn,D2,2013,09/03/14,H,4,0,1,0,H,,,,,,,,,,,,
Bochum,Greuther Furth,D2,2013,10/03/14,A,0,2,0,1,A,,,,,,,,,,,,
Aalen,Bochum,D2,2013,14/03/14,A,0,2,0,1,A,,,,,,,,,,,,
Ingolstadt,Frankfurt FSV,D2,2013,14/03/14,A,0,1,0,1,A,,,,,,,,,,,,
Paderborn,Dresden,D2,2013,14/03/14,H,2,1,2,0,H,,,,,,,,,,,,
Cottbus,Karlsruhe,D2,2013,15/03/14,H,1,0,0,0,D,,,,,,,,,,,,
Erzgebirge Aue,Munich 1860,D2,2013,15/03/14,D,2,2,0,1,A,,,,,,,,,,,,
Fortuna Dusseldorf,St Pauli,D2,2013,16/03/14,A,0,2,0,1,A,,,,,,,,,,,,
Greuther Furth,Union Berlin,D2,2013,16/03/14,D,1,1,0,1,A,,,,,,,,,,,,
Sandhausen,Bielefeld,D2,2013,16/03/14,H,1,0,1,0,H,,,,,,,,,,,,
Kaiserslautern,FC Koln,D2,2013,17/03/14,D,0,0,0,0,D,,,,,,,,,,,,
Bochum,Sandhausen,D2,2013,21/03/14,A,0,1,0,1,A,,,,,,,,,,,,
Dresden,Greuther Furth,D2,2013,21/03/14,D,1,1,0,0,D,,,,,,,,,,,,
Union Berlin,Paderborn,D2,2013,21/03/14,D,1,1,0,0,D,,,,,,,,,,,,
FC Koln,Aalen,D2,2013,22/03/14,D,0,0,0,0,D,,,,,,,,,,,,
Frankfurt FSV,Fortuna Dusseldorf,D2,2013,22/03/14,D,0,0,0,0,D,,,,,,,,,,,,
St Pauli,Ingolstadt,D2,2013,22/03/14,D,0,0,0,0,D,,,,,,,,,,,,
Bielefeld,Cottbus,D2,2013,23/03/14,A,1,3,0,1,A,,,,,,,,,,,,
Karlsruhe,Erzgebirge Aue,D2,2013,23/03/14,D,1,1,1,0,H,,,,,,,,,,,,
Munich 1860,Kaiserslautern,D2,2013,23/03/14,A,0,1,0,0,D,,,,,,,,,,,,
Aalen,Dresden,D2,2013,25/03/14,D,1,1,0,0,D,,,,,,,,,,,,
Greuther Furth,Fortuna Dusseldorf,D2,2013,25/03/14,H,4,1,1,0,H,,,,,,,,,,,,
Ingolstadt,Bochum,D2,2013,25/03/14,H,3,0,1,0,H,,,,,,,,,,,,
Paderborn,St Pauli,D2,2013,25/03/14,H,3,0,1,0,H,,,,,,,,,,,,
Sandhausen,Union Berlin,D2,2013,25/03/14,H,2,1,1,1,D,,,,,,,,,,,,
Cottbus,Munich 1860,D2,2013,26/03/14,A,1,2,1,0,H,,,,,,,,,,,,
Erzgebirge Aue,Frankfurt FSV,D2,2013,26/03/14,H,2,1,0,1,A,,,,,,,,,,,,
FC Koln,Karlsruhe,D2,2013,26/03/14,H,2,0,1,0,H,,,,,,,,,,,,
Kaiserslautern,Bielefeld,D2,2013,26/03/14,D,1,1,1,1,D,,,,,,,,,,,,
Dresden,Sandhausen,D2,2013,28/03/14,D,0,0,0,0,D,,,,,,,,,,,,
Fortuna Dusseldorf,Ingolstadt,D2,2013,28/03/14,D,0,0,0,0,D,,,,,,,,,,,,
St Pauli,Greuther Furth,D2,2013,28/03/14,D,2,2,0,0,D,,,,,,,,,,,,
Bochum,Erzgebirge Aue,D2,2013,29/03/14,H,1,0,0,0,D,,,,,,,,,,,,
Karlsruhe,Kaiserslautern,D2,2013,29/03/14,D,2,2,1,0,H,,,,,,,,,,,,
Bielefeld,Aalen,D2,2013,30/03/14,D,0,0,0,0,D,,,,,,,,,,,,
Frankfurt FSV,Paderborn,D2,2013,30/03/14,A,1,3,0,1,A,,,,,,,,,,,,
Munich 1860,FC Koln,D2,2013,30/03/14,A,0,1,0,0,D,,,,,,,,,,,,
Union Berlin,Cottbus,D2,2013,31/03/14,H,2,0,1,0,H,,,,,,,,,,,,
Aalen,Frankfurt FSV,D2,2013,04/04/14,H,2,1,1,0,H,,,,,,,,,,,,
Cottbus,Dresden,D2,2013,04/04/14,D,0,0,0,0,D,,,,,,,,,,,,
Paderborn,Fortuna Dusseldorf,D2,2013,04/04/14,A,1,2,0,1,A,,,,,,,,,,,,
FC Koln,Bielefeld,D2,2013,05/04/14,H,2,0,1,0,H,,,,,,,,,,,,
Sandhausen,St Pauli,D2,2013,05/04/14,A,2,3,0,0,D,,,,,,,,,,,,
Erzgebirge Aue,Union Berlin,D2,2013,06/04/14,H,3,2,2,2,D,,,,,,,,,,,,
Kaiserslautern,Bochum,D2,2013,06/04/14,D,1,1,1,1,D,,,,,,,,,,,,
Munich 1860,Karlsruhe,D2,2013,06/04/14,A,0,3,0,2,A,,,,,,,,,,,,
Ingolstadt,Greuther Furth,D2,2013,07/04/14,D,0,0,0,0,D,,,,,,,,,,,,
Ingolstadt,Paderborn,D2,2013,11/04/14,A,1,2,1,1,D,,,,,,,,,,,,
St Pauli,Kaiserslautern,D2,2013,11/04/14,A,2,3,1,1,D,,,,,,,,,,,,
Union Berlin,FC Koln,D2,2013,11/04/14,A,1,2,1,1,D,,,,,,,,,,,,
Bielefeld,Karlsruhe,D2,2013,12/04/14,D,0,0,0,0,D,,,,,,,,,,,,
Greuther Furth,Erzgebirge Aue,D2,2013,12/04/14,H,2,1,1,1,D,,,,,,,,,,,,
Bochum,Cottbus,D2,2013,13/04/14,H,2,1,0,1,A,,,,,,,,,,,,
Fortuna Dusseldorf,Aalen,D2,2013,13/04/14,H,3,1,1,0,H,,,,,,,,,,,,
Frankfurt FSV,Sandhausen,D2,2013,13/04/14,A,0,3,0,2,A,,,,,,,,,,,,
Dresden,Munich 1860,D2,2013,14/04/14,H,4,2,4,1,H,,,,,,,,,,,,
Cottbus,St Pauli,D2,2013,17/04/14,D,1,1,0,0,D,,,,,,,,,,,,
Erzgebirge Aue,Dresden,D2,2013,17/04/14,H,2,0,2,0,H,,,,,,,,,,,,
Sandhausen,Fortuna Dusseldorf,D2,2013,17/04/14,A,0,3,0,2,A,,,,,,,,,,,,
Karlsruhe,Union Berlin,D2,2013,19/04/14,H,3,2,0,0,D,,,,,,,,,,,,
Munich 1860,Bielefeld,D2,2013,19/04/14,H,2,1,1,1,D,,,,,,,,,,,,
Aalen,Ingolstadt,D2,2013,20/04/14,D,0,0,0,0,D,,,,,,,,,,,,
Kaiserslautern,Frankfurt FSV,D2,2013,20/04/14,H,3,2,3,2,H,,,,,,,,,,,,
Paderborn,Greuther Furth,D2,2013,20/04/14,D,2,2,1,0,H,,,,,,,,,,,,
FC Koln,Bochum,D2,2013,21/04/14,H,3,1,0,1,A,,,,,,,,,,,,
Bochum,Bielefeld,D2,2013,25/04/14,A,1,4,0,3,A,,,,,,,,,,,,
Greuther Furth,Munich 1860,D2,2013,25/04/14,A,1,2,1,1,D,,,,,,,,,,,,
Ingolstadt,FC Koln,D2,2013,25/04/14,D,1,1,1,0,H,,,,,,,,,,,,
Fortuna Dusseldorf,Erzgebirge Aue,D2,2013,26/04/14,H,4,0,2,0,H,,,,,,,,,,,,
Frankfurt FSV,Cottbus,D2,2013,26/04/14,H,3,1,2,0,H,,,,,,,,,,,,
Dresden,Karlsruhe,D2,2013,27/04/14,D,2,2,1,1,D,,,,,,,,,,,,
Paderborn,Sandhausen,D2,2013,27/04/14,H,2,0,0,0,D,,,,,,,,,,,,
St Pauli,Aalen,D2,2013,27/04/14,A,0,3,0,1,A,,,,,,,,,,,,
Union Berlin,Kaiserslautern,D2,2013,28/04/14,D,1,1,1,1,D,,,,,,,,,,,,
Aalen,Union Berlin,D2,2013,04/05/14,H,3,0,1,0,H,,,,,,,,,,,,
Bielefeld,Frankfurt FSV,D2,2013,04/05/14,D,0,0,0,0,D,,,,,,,,,,,,
Cottbus,Greuther Furth,D2,2013,04/05/14,A,0,6,0,2,A,,,,,,,,,,,,
Erzgebirge Aue,Paderborn,D2,2013,04/05/14,A,0,2,0,1,A,,,,,,,,,,,,
FC Koln,St Pauli,D2,2013,04/05/14,H,4,0,3,0,H,,,,,,,,,,,,
Kaiserslautern,Dresden,D2,2013,04/05/14,H,4,0,1,0,H,,,,,,,,,,,,
Karlsruhe,Fortuna Dusseldorf,D2,2013,04/05/14,D,2,2,1,2,A,,,,,,,,,,,,
Munich 1860,Bochum,D2,2013,04/05/14,H,2,0,1,0,H,,,,,,,,,,,,
Sandhausen,Ingolstadt,D2,2013,04/05/14,A,0,2,0,2,A,,,,,,,,,,,,
Bochum,Karlsruhe,D2,2013,11/05/14,H,1,0,0,0,D,,,,,,,,,,,,
Dresden,Bielefeld,D2,2013,11/05/14,A,2,3,0,1,A,,,,,,,,,,,,
Fortuna Dusseldorf,Kaiserslautern,D2,2013,11/05/14,H,4,2,2,2,D,,,,,,,,,,,,
Frankfurt FSV,FC Koln,D2,2013,11/05/14,H,2,0,0,0,D,,,,,,,,,,,,
Greuther Furth,Sandhausen,D2,2013,11/05/14,H,2,0,0,0,D,,,,,,,,,,,,
Ingolstadt,Cottbus,D2,2013,11/05/14,H,2,0,1,0,H,,,,,,,,,,,,
Paderborn,Aalen,D2,2013,11/05/14,H,2,1,2,1,H,,,,,,,,,,,,
St Pauli,Erzgebirge Aue,D2,2013,11/05/14,D,2,2,2,1,H,,,,,,,,,,,,
Union Berlin,Munich 1860,D2,2013,11/05/14,D,1,1,0,1,A,,,,,,,,,,,,
Fortuna Dusseldorf,Braunschweig,D2,2014,01/08/14,D,2,2,1,0,H,,,,,,,,,,,,
Bochum,Greuther Furth,D2,2014,02/08/14,D,1,1,1,1,D,,,,,,,,,,,,
RB Leipzig,Aalen,D2,2014,02/08/14,D,0,0,0,0,D,,,,,,,,,,,,
St Pauli,Ingolstadt,D2,2014,02/08/14,D,1,1,0,1,A,,,,,,,,,,,,
Darmstadt,Sandhausen,D2,2014,03/08/14,H,1,0,1,0,H,,,,,,,,,,,,
Heidenheim,Frankfurt FSV,D2,2014,03/08/14,H,2,1,1,1,D,,,,,,,,,,,,
Karlsruhe,Union Berlin,D2,2014,03/08/14,D,0,0,0,0,D,,,,,,,,,,,,
Nurnberg,Erzgebirge Aue,D2,2014,03/08/14,H,1,0,0,0,D,,,,,,,,,,,,
Kaiserslautern,Munich 1860,D2,2014,04/08/14,H,3,2,0,2,A,,,,,,,,,,,,
Aalen,St Pauli,D2,2014,08/08/14,H,2,0,1,0,H,,,,,,,,,,,,
Frankfurt FSV,Karlsruhe,D2,2014,08/08/14,A,2,3,2,3,A,,,,,,,,,,,,
Union Berlin,Fortuna Dusseldorf,D2,2014,08/08/14,D,1,1,0,1,A,,,,,,,,,,,,
Braunschweig,Heidenheim,D2,2014,09/08/14,H,3,0,1,0,H,,,,,,,,,,,,
Erzgebirge Aue,Bochum,D2,2014,09/08/14,A,1,5,1,3,A,,,,,,,,,,,,
Ingolstadt,Darmstadt,D2,2014,10/08/14,D,2,2,1,1,D,,,,,,,,,,,,
Munich 1860,RB Leipzig,D2,2014,10/08/14,A,0,3,0,1,A,,,,,,,,,,,,
Sandhausen,Kaiserslautern,D2,2014,10/08/14,D,1,1,0,0,D,,,,,,,,,,,,
Greuther Furth,Nurnberg,D2,2014,11/08/14,H,5,1,2,1,H,,,,,,,,,,,,
Heidenheim,Munich 1860,D2,2014,22/08/14,D,2,2,0,1,A,,,,,,,,,,,,
RB Leipzig,Erzgebirge Aue,D2,2014,22/08/14,H,1,0,1,0,H,,,,,,,,,,,,
St Pauli,Sandhausen,D2,2014,22/08/14,H,2,1,1,1,D,,,,,,,,,,,,
Fortuna Dusseldorf,Karlsruhe,D2,2014,23/08/14,A,0,2,0,1,A,,,,,,,,,,,,
Nurnberg,Frankfurt FSV,D2,2014,23/08/14,A,0,1,0,1,A,,,,,,,,,,,,
Darmstadt,Aalen,D2,2014,24/08/14,H,2,0,0,0,D,,,,,,,,,,,,
Ingolstadt,Greuther Furth,D2,2014,24/08/14,H,2,0,0,0,D,,,,,,,,,,,,
Kaiserslautern,Braunschweig,D2,2014,24/08/14,H,2,1,1,1,D,,,,,,,,,,,,
Bochum,Union Berlin,D2,2014,25/08/14,D,1,1,0,0,D,,,,,,,,,,,,
Aalen,Kaiserslautern,D2,2014,29/08/14,D,2,2,0,1,A,,,,,,,,,,,,
Frankfurt FSV,RB Leipzig,D2,2014,29/08/14,D,0,0,0,0,D,,,,,,,,,,,,
Union Berlin,Nurnberg,D2,2014,29/08/14,A,0,4,0,2,A,,,,,,,,,,,,
Erzgebirge Aue,Fortuna Dusseldorf,D2,2014,30/08/14,A,0,3,0,2,A,,,,,,,,,,,,
Karlsruhe,Heidenheim,D2,2014,30/08/14,D,1,1,0,1,A,,,,,,,,,,,,
Braunschweig,Bochum,D2,2014,31/08/14,A,1,2,1,1,D,,,,,,,,,,,,
Munich 1860,Darmstadt,D2,2014,31/08/14,D,1,1,0,1,A,,,,,,,,,,,,
Sandhausen,Ingolstadt,D2,2014,31/08/14,A,0,3,0,1,A,,,,,,,,,,,,
Greuther Furth,St Pauli,D2,2014,01/09/14,H,3,0,2,0,H,,,,,,,,,,,,
Bochum,Karlsruhe,D2,2014,12/09/14,D,1,1,0,1,A,,,,,,,,,,,,
Ingolstadt,Aalen,D2,2014,12/09/14,H,4,1,1,0,H,,,,,,,,,,,,
Kaiserslautern,Frankfurt FSV,D2,2014,12/09/14,H,1,0,1,0,H,,,,,,,,,,,,
Darmstadt,Erzgebirge Aue,D2,2014,13/09/14,H,2,0,1,0,H,,,,,,,,,,,,
RB Leipzig,Braunschweig,D2,2014,13/09/14,H,3,1,2,0,H,,,,,,,,,,,,
Heidenheim,Union Berlin,D2,2014,14/09/14,H,3,1,0,0,D,,,,,,,,,,,,
Sandhausen,Greuther Furth,D2,2014,14/09/14,H,1,0,0,0,D,,,,,,,,,,,,
St Pauli,Munich 1860,D2,2014,14/09/14,A,1,2,1,2,A,,,,,,,,,,,,
Nurnberg,Fortuna Dusseldorf,D2,2014,15/09/14,A,0,2,0,1,A,,,,,,,,,,,,
Aalen,Sandhausen,D2,2014,19/09/14,A,0,1,0,0,D,,,,,,,,,,,,
Braunschweig,Darmstadt,D2,2014,19/09/14,H,2,0,1,0,H,,,,,,,,,,,,
Erzgebirge Aue,St Pauli,D2,2014,19/09/14,H,3,0,1,0,H,,,,,,,,,,,,
Frankfurt FSV,Bochum,D2,2014,20/09/14,A,1,5,1,1,D,,,,,,,,,,,,
Greuther Furth,Kaiserslautern,D2,2014,20/09/14,H,2,1,0,1,A,,,,,,,,,,,,
Munich 1860,Ingolstadt,D2,2014,20/09/14,D,1,1,1,1,D,,,,,,,,,,,,
Fortuna Dusseldorf,Heidenheim,D2,2014,21/09/14,H,3,2,2,1,H,,,,,,,,,,,,
Karlsruhe,Nurnberg,D2,2014,21/09/14,H,3,0,3,0,H,,,,,,,,,,,,
Union Berlin,RB Leipzig,D2,2014,21/09/14,H,2,1,0,0,D,,,,,,,,,,,,
Greuther Furth,Aalen,D2,2014,23/09/14,D,1,1,0,1,A,,,,,,,,,,,,
Ingolstadt,Erzgebirge Aue,D2,2014,23/09/14,D,1,1,1,1,D,,,,,,,,,,,,
Sandhausen,Munich 1860,D2,2014,23/09/14,H,1,0,0,0,D,,,,,,,,,,,,
St Pauli,Braunschweig,D2,2014,23/09/14,H,1,0,1,0,H,,,,,,,,,,,,
Darmstadt,Frankfurt FSV,D2,2014,24/09/14,H,4,0,3,0,H,,,,,,,,,,,,
Heidenheim,Nurnberg,D2,2014,24/09/14,H,3,0,2,0,H,,,,,,,,,,,,
Kaiserslautern,Union Berlin,D2,2014,24/09/14,H,1,0,1,0,H,,,,,,,,,,,,
RB Leipzig,Karlsruhe,D2,2014,24/09/14,H,3,1,1,1,D,,,,,,,,,,,,
Bochum,Fortuna Dusseldorf,D2,2014,25/09/14,D,1,1,1,0,H,,,,,,,,,,,,
Braunschweig,Sandhausen,D2,2014,26/09/14,H,2,1,1,0,H,,,,,,,,,,,,
Erzgebirge Aue,Aalen,D2,2014,26/09/14,H,1,0,0,0,D,,,,,,,,,,,,
Munich 1860,Greuther Furth,D2,2014,26/09/14,H,2,0,1,0,H,,,,,,,,,,,,
Karlsruhe,Ingolstadt,D2,2014,27/09/14,A,0,1,0,1,A,,,,,,,,,,,,
Union Berlin,Darmstadt,D2,2014,27/09/14,D,1,1,0,0,D,,,,,,,,,,,,
Fortuna Dusseldorf,RB Leipzig,D2,2014,28/09/14,D,2,2,0,1,A,,,,,,,,,,,,
Frankfurt FSV,St Pauli,D2,2014,28/09/14,D,3,3,1,2,A,,,,,,,,,,,,
Heidenheim,Bochum,D2,2014,28/09/14,H,5,0,4,0,H,,,,,,,,,,,,
Nurnberg,Kaiserslautern,D2,2014,29/09/14,H,3,2,2,0,H,,,,,,,,,,,,
Aalen,Munich 1860,D2,2014,03/10/14,H,2,0,0,0,D,,,,,,,,,,,,
Bochum,Nurnberg,D2,2014,03/10/14,D,1,1,1,0,H,,,,,,,,,,,,
Greuther Furth,Erzgebirge Aue,D2,2014,03/10/14,H,2,0,2,0,H,,,,,,,,,,,,
Kaiserslautern,Karlsruhe,D2,2014,04/10/14,H,2,0,2,0,H,,,,,,,,,,,,
St Pauli,Union Berlin,D2,2014,04/10/14,H,3,0,1,0,H,,,,,,,,,,,,
Darmstadt,Fortuna Dusseldorf,D2,2014,05/10/14,A,1,4,0,2,A,,,,,,,,,,,,
Ingolstadt,Braunschweig,D2,2014,05/10/14,H,1,0,0,0,D,,,,,,,,,,,,
Sandhausen,Frankfurt FSV,D2,2014,05/10/14,A,0,3,0,0,D,,,,,,,,,,,,
RB Leipzig,Heidenheim,D2,2014,06/10/14,D,1,1,1,1,D,,,,,,,,,,,,
Bochum,Darmstadt,D2,2014,17/10/14,D,1,1,0,1,A,,,,,,,,,,,,
Heidenheim,Kaiserslautern,D2,2014,17/10/14,D,1,1,0,0,D,,,,,,,,,,,,
Nurnberg,RB Leipzig,D2,2014,17/10/14,H,1,0,0,0,D,,,,,,,,,,,,
Braunschweig,Greuther Furth,D2,2014,18/10/14,D,2,2,0,0,D,,,,,,,,,,,,
Union Berlin,Sandhausen,D2,2014,18/10/14,H,3,1,0,1,A,,,,,,,,,,,,
Erzgebirge Aue,Munich 1860,D2,2014,19/10/14,H,4,1,3,0,H,,,,,,,,,,,,
Frankfurt FSV,Ingolstadt,D2,2014,19/10/14,A,0,1,0,1,A,,,,,,,,,,,,
Karlsruhe,Aalen,D2,2014,19/10/14,D,0,0,0,0,D,,,,,,,,,,,,
Fortuna Dusseldorf,St Pauli,D2,2014,20/10/14,H,1,0,1,0,H,,,,,,,,,,,,
Aalen,Union Berlin,D2,2014,24/10/14,A,1,2,1,0,H,,,,,,,,,,,,
Greuther Furth,Frankfurt FSV,D2,2014,24/10/14,A,2,5,2,3,A,,,,,,,,,,,,
RB Leipzig,Bochum,D2,2014,24/10/14,H,2,0,2,0,H,,,,,,,,,,,,
Kaiserslautern,Fortuna Dusseldorf,D2,2014,25/10/14,D,1,1,0,0,D,,,,,,,,,,,,
St Pauli,Karlsruhe,D2,2014,25/10/14,A,0,4,0,2,A,,,,,,,,,,,,
Ingolstadt,Heidenheim,D2,2014,26/10/14,H,1,0,1,0,H,,,,,,,,,,,,
Munich 1860,Braunschweig,D2,2014,26/10/14,A,1,2,1,1,D,,,,,,,,,,,,
Sandhausen,Erzgebirge Aue,D2,2014,26/10/14,D,1,1,0,0,D,,,,,,,,,,,,
Darmstadt,Nurnberg,D2,2014,27/10/14,H,3,0,1,0,H,,,,,,,,,,,,
Fortuna Dusseldorf,Ingolstadt,D2,2014,31/10/14,D,0,0,0,0,D,,,,,,,,,,,,
Karlsruhe,Sandhausen,D2,2014,31/10/14,D,1,1,0,0,D,,,,,,,,,,,,
Union Berlin,Greuther Furth,D2,2014,31/10/14,A,0,1,0,1,A,,,,,,,,,,,,
Heidenheim,Darmstadt,D2,2014,01/11/14,D,1,1,1,1,D,,,,,,,,,,,,
Nurnberg,St Pauli,D2,2014,01/11/14,D,2,2,1,1,D,,,,,,,,,,,,
Bochum,Munich 1860,D2,2014,02/11/14,A,0,3,0,0,D,,,,,,,,,,,,
Braunschweig,Aalen,D2,2014,02/11/14,H,2,1,1,0,H,,,,,,,,,,,,
Frankfurt FSV,Erzgebirge Aue,D2,2014,02/11/14,D,1,1,1,0,H,,,,,,,,,,,,
RB Leipzig,Kaiserslautern,D2,2014,03/11/14,D,0,0,0,0,D,,,,,,,,,,,,
Aalen,Frankfurt FSV,D2,2014,07/11/14,A,0,1,0,0,D,,,,,,,,,,,,
Kaiserslautern,Bochum,D2,2014,07/11/14,D,2,2,0,1,A,,,,,,,,,,,,
Sandhausen,Nurnberg,D2,2014,07/11/14,H,2,1,1,1,D,,,,,,,,,,,,
Darmstadt,RB Leipzig,D2,2014,08/11/14,H,1,0,1,0,H,,,,,,,,,,,,
St Pauli,Heidenheim,D2,2014,08/11/14,A,0,3,0,2,A,,,,,,,,,,,,
Erzgebirge Aue,Braunschweig,D2,2014,09/11/14,A,1,2,1,1,D,,,,,,,,,,,,
Greuther Furth,Karlsruhe,D2,2014,09/11/14,A,0,3,0,0,D,,,,,,,,,,,,
Ingolstadt,Union Berlin,D2,2014,09/11/14,D,3,3,2,2,D,,,,,,,,,,,,
Munich 1860,Fortuna Dusseldorf,D2,2014,10/11/14,A,0,1,0,1,A,,,,,,,,,,,,
Bochum,Aalen,D2,2014,21/11/14,H,4,0,1,0,H,,,,,,,,,,,,
Heidenheim,Sandhausen,D2,2014,21/11/14,H,3,0,1,0,H,,,,,,,,,,,,
Kaiserslautern,Darmstadt,D2,2014,21/11/14,D,0,0,0,0,D,,,,,,,,,,,,
Frankfurt FSV,Braunschweig,D2,2014,22/11/14,A,0,3,0,2,A,,,,,,,,,,,,
Union Berlin,Munich 1860,D2,2014,22/11/14,A,1,4,0,2,A,,,,,,,,,,,,
Karlsruhe,Erzgebirge Aue,D2,2014,23/11/14,H,1,0,0,0,D,,,,,,,,,,,,
Nurnberg,Ingolstadt,D2,2014,23/11/14,H,2,1,2,0,H,,,,,,,,,,,,
RB Leipzig,St Pauli,D2,2014,23/11/14,H,4,1,2,0,H,,,,,,,,,,,,
Fortuna Dusseldorf,Greuther Furth,D2,2014,24/11/14,D,3,3,1,1,D,,,,,,,,,,,,
Darmstadt,Karlsruhe,D2,2014,28/11/14,D,0,0,0,0,D,,,,,,,,,,,,
Erzgebirge Aue,Union Berlin,D2,2014,28/11/14,A,1,2,0,0,D,,,,,,,,,,,,
Greuther Furth,Heidenheim,D2,2014,28/11/14,D,0,0,0,0,D,,,,,,,,,,,,
Aalen,Fortuna Dusseldorf,D2,2014,29/11/14,H,2,0,1,0,H,,,,,,,,,,,,
Ingolstadt,Bochum,D2,2014,29/11/14,H,3,0,1,0,H,,,,,,,,,,,,
Munich 1860,Frankfurt FSV,D2,2014,30/11/14,A,0,2,0,1,A,,,,,,,,,,,,
Sandhausen,RB Leipzig,D2,2014,30/11/14,D,0,0,0,0,D,,,,,,,,,,,,
St Pauli,Kaiserslautern,D2,2014,30/11/14,A,1,3,0,2,A,,,,,,,,,,,,
Braunschweig,Nurnberg,D2,2014,01/12/14,H,1,0,1,0,H,,,,,,,,,,,,
Bochum,St Pauli,D2,2014,05/12/14,D,3,3,1,2,A,,,,,,,,,,,,
Fortuna Dusseldorf,Sandhausen,D2,2014,05/12/14,A,1,3,1,1,D,,,,,,,,,,,,
Heidenheim,Aalen,D2,2014,05/12/14,A,0,1,0,0,D,,,,,,,,,,,,
Darmstadt,Greuther Furth,D2,2014,06/12/14,D,0,0,0,0,D,,,,,,,,,,,,
Kaiserslautern,Erzgebirge Aue,D2,2014,06/12/14,H,3,0,3,0,H,,,,,,,,,,,,
Karlsruhe,Braunschweig,D2,2014,07/12/14,H,1,0,1,0,H,,,,,,,,,,,,
RB Leipzig,Ingolstadt,D2,2014,07/12/14,A,0,1,0,1,A,,,,,,,,,,,,
Union Berlin,Frankfurt FSV,D2,2014,07/12/14,H,2,1,0,0,D,,,,,,,,,,,,
Nurnberg,Munich 1860,D2,2014,08/12/14,H,2,1,2,1,H,,,,,,,,,,,,
Erzgebirge Aue,Heidenheim,D2,2014,12/12/14,D,1,1,1,0,H,,,,,,,,,,,,
Greuther Furth,RB Leipzig,D2,2014,12/12/14,A,0,1,0,0,D,,,,,,,,,,,,
Sandhausen,Bochum,D2,2014,12/12/14,D,0,0,0,0,D,,,,,,,,,,,,
Braunschweig,Union Berlin,D2,2014,13/12/14,D,1,1,1,1,D,,,,,,,,,,,,
Frankfurt FSV,Fortuna Dusseldorf,D2,2014,13/12/14,A,0,2,0,1,A,,,,,,,,,,,,
Munich 1860,Karlsruhe,D2,2014,13/12/14,A,2,3,1,0,H,,,,,,,,,,,,
Aalen,Nurnberg,D2,2014,14/12/14,A,1,2,0,1,A,,,,,,,,,,,,
Ingolstadt,Kaiserslautern,D2,2014,14/12/14,H,2,0,0,0,D,,,,,,,,,,,,
St Pauli,Darmstadt,D2,2014,14/12/14,A,0,1,0,0,D,,,,,,,,,,,,
Braunschweig,Fortuna Dusseldorf,D2,2014,16/12/14,H,2,1,0,0,D,,,,,,,,,,,,
Frankfurt FSV,Heidenheim,D2,2014,16/12/14,H,2,0,1,0,H,,,,,,,,,,,,
Greuther Furth,Bochum,D2,2014,16/12/14,D,0,0,0,0,D,,,,,,,,,,,,
Union Berlin,Karlsruhe,D2,2014,16/12/14,H,2,0,1,0,H,,,,,,,,,,,,
Aalen,RB Leipzig,D2,2014,17/12/14,D,0,0,0,0,D,,,,,,,,,,,,
Erzgebirge Aue,Nurnberg,D2,2014,17/12/14,A,0,1,0,0,D,,,,,,,,,,,,
Ingolstadt,St Pauli,D2,2014,17/12/14,H,2,1,1,0,H,,,,,,,,,,,,
Munich 1860,Kaiserslautern,D2,2014,17/12/14,D,1,1,1,0,H,,,,,,,,,,,,
Sandhausen,Darmstadt,D2,2014,17/12/14,A,1,2,0,1,A,,,,,,,,,,,,
Fortuna Dusseldorf,Union Berlin,D2,2014,19/12/14,H,1,0,0,0,D,,,,,,,,,,,,
Heidenheim,Braunschweig,D2,2014,19/12/14,A,0,1,0,0,D,,,,,,,,,,,,
Karlsruhe,Frankfurt FSV,D2,2014,19/12/14,H,4,1,2,0,H,,,,,,,,,,,,
Nurnberg,Greuther Furth,D2,2014,20/12/14,D,0,0,0,0,D,,,,,,,,,,,,
St Pauli,Aalen,D2,2014,20/12/14,H,3,1,1,0,H,,,,,,,,,,,,
Bochum,Erzgebirge Aue,D2,2014,21/12/14,D,1,1,0,1,A,,,,,,,,,,,,
Darmstadt,Ingolstadt,D2,2014,21/12/14,D,2,2,1,2,A,,,,,,,,,,,,
Kaiserslautern,Sandhausen,D2,2014,21/12/14,H,1,0,0,0,D,,,,,,,,,,,,
RB Leipzig,Munich 1860,D2,2014,22/12/14,D,1,1,1,0,H,,,,,,,,,,,,
Aalen,Darmstadt,D2,2014,06/02/15,D,0,0,0,0,D,,,,,,,,,,,,
Erzgebirge Aue,RB Leipzig,D2,2014,06/02/15,H,2,0,1,0,H,,,,,,,,,,,,
Greuther Furth,Ingolstadt,D2,2014,06/02/15,A,0,1,0,1,A,,,,,,,,,,,,
Sandhausen,St Pauli,D2,2014,07/02/15,D,0,0,0,0,D,,,,,,,,,,,,
Union Berlin,Bochum,D2,2014,07/02/15,H,2,1,0,1,A,,,,,,,,,,,,
Braunschweig,Kaiserslautern,D2,2014,08/02/15,A,0,2,0,1,A,,,,,,,,,,,,
Frankfurt FSV,Nurnberg,D2,2014,08/02/15,H,2,1,1,1,D,,,,,,,,,,,,
Karlsruhe,Fortuna Dusseldorf,D2,2014,08/02/15,D,1,1,0,0,D,,,,,,,,,,,,
Munich 1860,Heidenheim,D2,2014,09/02/15,A,1,2,1,0,H,,,,,,,,,,,,
Bochum,Braunschweig,D2,2014,13/02/15,H,3,2,2,1,H,,,,,,,,,,,,
Fortuna Dusseldorf,Erzgebirge Aue,D2,2014,13/02/15,A,2,3,1,3,A,,,,,,,,,,,,
Heidenheim,Karlsruhe,D2,2014,13/02/15,A,0,1,0,1,A,,,,,,,,,,,,
Ingolstadt,Sandhausen,D2,2014,14/02/15,A,1,3,0,2,A,,,,,,,,,,,,
Kaiserslautern,Aalen,D2,2014,14/02/15,H,1,0,1,0,H,,,,,,,,,,,,
Darmstadt,Munich 1860,D2,2014,15/02/15,D,1,1,0,1,A,,,,,,,,,,,,
Nurnberg,Union Berlin,D2,2014,15/02/15,H,3,1,1,1,D,,,,,,,,,,,,
RB Leipzig,Frankfurt FSV,D2,2014,15/02/15,A,0,1,0,0,D,,,,,,,,,,,,
St Pauli,Greuther Furth,D2,2014,16/02/15,A,0,1,0,1,A,,,,,,,,,,,,
Aalen,Ingolstadt,D2,2014,20/02/15,D,1,1,0,0,D,,,,,,,,,,,,
Erzgebirge Aue,Darmstadt,D2,2014,20/02/15,A,0,1,0,0,D,,,,,,,,,,,,
Greuther Furth,Sandhausen,D2,2014,20/02/15,D,0,0,0,0,D,,,,,,,,,,,,
Karlsruhe,Bochum,D2,2014,21/02/15,D,0,0,0,0,D,,,,,,,,,,,,
Munich 1860,St Pauli,D2,2014,21/02/15,H,2,1,1,0,H,,,,,,,,,,,,
Fortuna Dusseldorf,Nurnberg,D2,2014,22/02/15,A,1,3,0,0,D,,,,,,,,,,,,
Frankfurt FSV,Kaiserslautern,D2,2014,22/02/15,H,2,0,0,0,D,,,,,,,,,,,,
Union Berlin,Heidenheim,D2,2014,22/02/15,H,3,1,2,1,H,,,,,,,,,,,,
Braunschweig,RB Leipzig,D2,2014,23/02/15,D,1,1,1,0,H,,,,,,,,,,,,
Bochum,Frankfurt FSV,D2,2014,27/02/15,D,3,3,1,0,H,,,,,,,,,,,,
Darmstadt,Braunschweig,D2,2014,27/02/15,H,1,0,0,0,D,,,,,,,,,,,,
Kaiserslautern,Greuther Furth,D2,2014,27/02/15,H,2,1,1,0,H,,,,,,,,,,,,
Nurnberg,Karlsruhe,D2,2014,28/02/15,D,1,1,1,1,D,,,,,,,,,,,,
Sandhausen,Aalen,D2,2014,28/02/15,H,2,0,0,0,D,,,,,,,,,,,,
Heidenheim,Fortuna Dusseldorf,D2,2014,01/03/15,A,1,2,1,1,D,,,,,,,,,,,,
RB Leipzig,Union Berlin,D2,2014,01/03/15,H,3,2,3,2,H,,,,,,,,,,,,
St Pauli,Erzgebirge Aue,D2,2014,01/03/15,D,0,0,0,0,D,,,,,,,,,,,,
Ingolstadt,Munich 1860,D2,2014,02/03/15,D,1,1,1,0,H,,,,,,,,,,,,
Erzgebirge Aue,Ingolstadt,D2,2014,06/03/15,A,0,3,0,0,D,,,,,,,,,,,,
Fortuna Dusseldorf,Bochum,D2,2014,06/03/15,D,2,2,2,2,D,,,,,,,,,,,,
Nurnberg,Heidenheim,D2,2014,06/03/15,A,0,1,0,1,A,,,,,,,,,,,,
Aalen,Greuther Furth,D2,2014,07/03/15,D,1,1,0,1,A,,,,,,,,,,,,
Braunschweig,St Pauli,D2,2014,07/03/15,A,0,2,0,1,A,,,,,,,,,,,,
Frankfurt FSV,Darmstadt,D2,2014,08/03/15,D,1,1,0,0,D,,,,,,,,,,,,
Munich 1860,Sandhausen,D2,2014,08/03/15,A,2,3,1,1,D,,,,,,,,,,,,
Union Berlin,Kaiserslautern,D2,2014,08/03/15,D,0,0,0,0,D,,,,,,,,,,,,
Karlsruhe,RB Leipzig,D2,2014,09/03/15,D,0,0,0,0,D,,,,,,,,,,,,
Bochum,Heidenheim,D2,2014,13/03/15,H,4,1,2,1,H,,,,,,,,,,,,
Darmstadt,Union Berlin,D2,2014,13/03/15,H,5,0,2,0,H,,,,,,,,,,,,
Greuther Furth,Munich 1860,D2,2014,13/03/15,A,0,3,0,1,A,,,,,,,,,,,,
Kaiserslautern,Nurnberg,D2,2014,14/03/15,H,2,1,2,0,H,,,,,,,,,,,,
St Pauli,Frankfurt FSV,D2,2014,14/03/15,D,1,1,0,0,D,,,,,,,,,,,,
Aalen,Erzgebirge Aue,D2,2014,15/03/15,H,3,0,1,0,H,,,,,,,,,,,,
Ingolstadt,Karlsruhe,D2,2014,15/03/15,A,1,3,1,1,D,,,,,,,,,,,,
Sandhausen,Braunschweig,D2,2014,15/03/15,A,0,1,0,0,D,,,,,,,,,,,,
RB Leipzig,Fortuna Dusseldorf,D2,2014,16/03/15,H,3,1,2,0,H,,,,,,,,,,,,
Frankfurt FSV,Sandhausen,D2,2014,20/03/15,D,1,1,0,1,A,,,,,,,,,,,,
Munich 1860,Aalen,D2,2014,20/03/15,D,1,1,0,0,D,,,,,,,,,,,,
Union Berlin,St Pauli,D2,2014,20/03/15,H,1,0,0,0,D,,,,,,,,,,,,
Braunschweig,Ingolstadt,D2,2014,21/03/15,D,0,0,0,0,D,,,,,,,,,,,,
Fortuna Dusseldorf,Darmstadt,D2,2014,21/03/15,H,2,0,1,0,H,,,,,,,,,,,,
Erzgebirge Aue,Greuther Furth,D2,2014,22/03/15,D,0,0,0,0,D,,,,,,,,,,,,
Heidenheim,RB Leipzig,D2,2014,22/03/15,H,1,0,0,0,D,,,,,,,,,,,,
Karlsruhe,Kaiserslautern,D2,2014,22/03/15,D,0,0,0,0,D,,,,,,,,,,,,
Nurnberg,Bochum,D2,2014,23/03/15,A,1,2,0,1,A,,,,,,,,,,,,
Greuther Furth,Braunschweig,D2,2014,04/04/15,A,1,2,1,1,D,,,,,,,,,,,,
Kaiserslautern,Heidenheim,D2,2014,04/04/15,H,4,0,2,0,H,,,,,,,,,,,,
Aalen,Karlsruhe,D2,2014,05/04/15,D,2,2,0,1,A,,,,,,,,,,,,
Darmstadt,Bochum,D2,2014,05/04/15,H,2,0,1,0,H,,,,,,,,,,,,
Ingolstadt,Frankfurt FSV,D2,2014,05/04/15,H,2,0,1,0,H,,,,,,,,,,,,
Munich 1860,Erzgebirge Aue,D2,2014,05/04/15,A,0,1,0,1,A,,,,,,,,,,,,
RB Leipzig,Nurnberg,D2,2014,05/04/15,H,2,1,0,1,A,,,,,,,,,,,,
Sandhausen,Union Berlin,D2,2014,05/04/15,D,1,1,1,0,H,,,,,,,,,,,,
St Pauli,Fortuna Dusseldorf,D2,2014,06/04/15,H,4,0,3,0,H,,,,,,,,,,,,
Heidenheim,Ingolstadt,D2,2014,10/04/15,A,0,1,0,1,A,,,,,,,,,,,,
Karlsruhe,St Pauli,D2,2014,10/04/15,H,3,0,2,0,H,,,,,,,,,,,,
Nurnberg,Darmstadt,D2,2014,10/04/15,D,1,1,1,0,H,,,,,,,,,,,,
Braunschweig,Munich 1860,D2,2014,11/04/15,H,2,0,1,0,H,,,,,,,,,,,,
Frankfurt FSV,Greuther Furth,D2,2014,11/04/15,D,1,1,1,0,H,,,,,,,,,,,,
Bochum,RB Leipzig,D2,2014,12/04/15,A,1,2,0,1,A,,,,,,,,,,,,
Erzgebirge Aue,Sandhausen,D2,2014,12/04/15,A,0,1,0,0,D,,,,,,,,,,,,
Union Berlin,Aalen,D2,2014,12/04/15,D,1,1,0,0,D,,,,,,,,,,,,
Fortuna Dusseldorf,Kaiserslautern,D2,2014,13/04/15,D,1,1,0,1,A,,,,,,,,,,,,
Ingolstadt,Fortuna Dusseldorf,D2,2014,17/04/15,H,3,2,0,1,A,,,,,,,,,,,,
Sandhausen,Karlsruhe,D2,2014,17/04/15,D,0,0,0,0,D,,,,,,,,,,,,
St Pauli,Nurnberg,D2,2014,17/04/15,H,1,0,0,0,D,,,,,,,,,,,,
Aalen,Braunschweig,D2,2014,18/04/15,H,2,1,0,0,D,,,,,,,,,,,,
Munich 1860,Bochum,D2,2014,18/04/15,H,2,1,0,1,A,,,,,,,,,,,,
Darmstadt,Heidenheim,D2,2014,19/04/15,D,1,1,0,0,D,,,,,,,,,,,,
Erzgebirge Aue,Frankfurt FSV,D2,2014,19/04/15,H,1,0,0,0,D,,,,,,,,,,,,
Greuther Furth,Union Berlin,D2,2014,19/04/15,D,2,2,0,1,A,,,,,,,,,,,,
Kaiserslautern,RB Leipzig,D2,2014,20/04/15,D,1,1,1,1,D,,,,,,,,,,,,
Bochum,Kaiserslautern,D2,2014,24/04/15,A,0,2,0,1,A,,,,,,,,,,,,
Nurnberg,Sandhausen,D2,2014,24/04/15,H,2,0,0,0,D,,,,,,,,,,,,
RB Leipzig,Darmstadt,D2,2014,24/04/15,H,2,1,0,0,D,,,,,,,,,,,,
Fortuna Dusseldorf,Munich 1860,D2,2014,25/04/15,D,1,1,0,1,A,,,,,,,,,,,,
Karlsruhe,Greuther Furth,D2,2014,25/04/15,H,2,1,0,1,A,,,,,,,,,,,,
Frankfurt FSV,Aalen,D2,2014,26/04/15,D,1,1,1,0,H,,,,,,,,,,,,
Heidenheim,St Pauli,D2,2014,26/04/15,H,2,1,0,0,D,,,,,,,,,,,,
Union Berlin,Ingolstadt,D2,2014,26/04/15,D,2,2,0,1,A,,,,,,,,,,,,
Braunschweig,Erzgebirge Aue,D2,2014,27/04/15,H,4,2,1,2,A,,,,,,,,,,,,
Braunschweig,Frankfurt FSV,D2,2014,02/05/15,H,2,0,0,0,D,,,,,,,,,,,,
Darmstadt,Kaiserslautern,D2,2014,02/05/15,H,3,2,3,1,H,,,,,,,,,,,,
Aalen,Bochum,D2,2014,03/05/15,A,2,4,0,2,A,,,,,,,,,,,,
Erzgebirge Aue,Karlsruhe,D2,2014,03/05/15,H,3,1,1,0,H,,,,,,,,,,,,
Greuther Furth,Fortuna Dusseldorf,D2,2014,03/05/15,H,3,0,1,0,H,,,,,,,,,,,,
Munich 1860,Union Berlin,D2,2014,03/05/15,A,0,3,0,1,A,,,,,,,,,,,,
Sandhausen,Heidenheim,D2,2014,03/05/15,D,2,2,0,0,D,,,,,,,,,,,,
St Pauli,RB Leipzig,D2,2014,03/05/15,H,1,0,1,0,H,,,,,,,,,,,,
Ingolstadt,Nurnberg,D2,2014,04/05/15,D,1,1,0,0,D,,,,,,,,,,,,
Fortuna Dusseldorf,Aalen,D2,2014,08/05/15,A,0,2,0,1,A,,,,,,,,,,,,
Frankfurt FSV,Munich 1860,D2,2014,08/05/15,A,0,1,0,0,D,,,,,,,,,,,,
RB Leipzig,Sandhausen,D2,2014,08/05/15,A,0,4,0,1,A,,,,,,,,,,,,
Kaiserslautern,St Pauli,D2,2014,09/05/15,A,0,2,0,0,D,,,,,,,,,,,,
Union Berlin,Erzgebirge Aue,D2,2014,09/05/15,A,1,2,0,1,A,,,,,,,,,,,,
Bochum,Ingolstadt,D2,2014,10/05/15,H,3,1,1,1,D,,,,,,,,,,,,
Heidenheim,Greuther Furth,D2,2014,10/05/15,H,3,0,2,0,H,,,,,,,,,,,,
Nurnberg,Braunschweig,D2,2014,10/05/15,H,3,1,1,0,H,,,,,,,,,,,,
Karlsruhe,Darmstadt,D2,2014,11/05/15,A,0,1,0,0,D,,,,,,,,,,,,
Aalen,Heidenheim,D2,2014,17/05/15,A,2,4,1,2,A,,,,,,,,,,,,
Braunschweig,Karlsruhe,D2,2014,17/05/15,A,0,2,0,1,A,,,,,,,,,,,,
Erzgebirge Aue,Kaiserslautern,D2,2014,17/05/15,D,0,0,0,0,D,,,,,,,,,,,,
Frankfurt FSV,Union Berlin,D2,2014,17/05/15,A,1,3,1,1,D,,,,,,,,,,,,
Greuther Furth,Darmstadt,D2,2014,17/05/15,H,1,0,0,0,D,,,,,,,,,,,,
Ingolstadt,RB Leipzig,D2,2014,17/05/15,H,2,1,1,1,D,,,,,,,,,,,,
Munich 1860,Nurnberg,D2,2014,17/05/15,H,2,1,0,1,A,,,,,,,,,,,,
Sandhausen,Fortuna Dusseldorf,D2,2014,17/05/15,A,0,2,0,1,A,,,,,,,,,,,,
St Pauli,Bochum,D2,2014,17/05/15,H,5,1,2,1,H,,,,,,,,,,,,
Bochum,Sandhausen,D2,2014,24/05/15,D,0,0,0,0,D,,,,,,,,,,,,
Darmstadt,St Pauli,D2,2014,24/05/15,H,1,0,0,0,D,,,,,,,,,,,,
Fortuna Dusseldorf,Frankfurt FSV,D2,2014,24/05/15,A,2,3,2,2,D,,,,,,,,,,,,
Heidenheim,Erzgebirge Aue,D2,2014,24/05/15,D,2,2,0,0,D,,,,,,,,,,,,
Kaiserslautern,Ingolstadt,D2,2014,24/05/15,D,1,1,1,0,H,,,,,,,,,,,,
Karlsruhe,Munich 1860,D2,2014,24/05/15,H,2,0,1,0,H,,,,,,,,,,,,
Nurnberg,Aalen,D2,2014,24/05/15,H,2,1,1,0,H,,,,,,,,,,,,
RB Leipzig,Greuther Furth,D2,2014,24/05/15,H,2,0,2,0,H,,,,,,,,,,,,
Union Berlin,Braunschweig,D2,2014,24/05/15,H,2,0,0,0,D,,,,,,,,,,,,
Duisburg,Kaiserslautern,D2,2015,24/07/15,A,1,3,0,3,A,,,,,,,,,,,,
Frankfurt FSV,RB Leipzig,D2,2015,25/07/15,A,0,1,0,0,D,,,,,,,,,,,,
Greuther Furth,Karlsruhe,D2,2015,25/07/15,H,1,0,0,0,D,,,,,,,,,,,,
St Pauli,Bielefeld,D2,2015,25/07/15,D,0,0,0,0,D,,,,,,,,,,,,
Braunschweig,Sandhausen,D2,2015,26/07/15,A,1,3,1,2,A,,,,,,,,,,,,
Heidenheim,Munich 1860,D2,2015,26/07/15,H,1,0,0,0,D,,,,,,,,,,,,
Paderborn,Bochum,D2,2015,26/07/15,A,0,1,0,0,D,,,,,,,,,,,,
Union Berlin,Fortuna Dusseldorf,D2,2015,26/07/15,D,1,1,1,0,H,,,,,,,,,,,,
Freiburg,Nurnberg,D2,2015,27/07/15,H,6,3,4,1,H,,,,,,,,,,,,
Bielefeld,Frankfurt FSV,D2,2015,31/07/15,D,0,0,0,0,D,,,,,,,,,,,,
Kaiserslautern,Braunschweig,D2,2015,31/07/15,D,0,0,0,0,D,,,,,,,,,,,,
Nurnberg,Heidenheim,D2,2015,31/07/15,H,3,2,2,1,H,,,,,,,,,,,,
Bochum,Duisburg,D2,2015,01/08/15,H,3,0,0,0,D,,,,,,,,,,,,
Munich 1860,Freiburg,D2,2015,01/08/15,A,0,1,0,0,D,,,,,,,,,,,,
Fortuna Dusseldorf,Paderborn,D2,2015,02/08/15,A,1,2,1,0,H,,,,,,,,,,,,
Karlsruhe,St Pauli,D2,2015,02/08/15,A,1,2,1,2,A,,,,,,,,,,,,
Sandhausen,Union Berlin,D2,2015,02/08/15,H,4,3,1,1,D,,,,,,,,,,,,
RB Leipzig,Greuther Furth,D2,2015,03/08/15,D,2,2,1,2,A,,,,,,,,,,,,
Frankfurt FSV,Karlsruhe,D2,2015,14/08/15,A,1,2,1,1,D,,,,,,,,,,,,
Heidenheim,Fortuna Dusseldorf,D2,2015,14/08/15,H,1,0,0,0,D,,,,,,,,,,,,
Paderborn,Sandhausen,D2,2015,14/08/15,A,0,6,0,3,A,,,,,,,,,,,,
Braunschweig,RB Leipzig,D2,2015,15/08/15,A,0,2,0,0,D,,,,,,,,,,,,
Freiburg,Bochum,D2,2015,15/08/15,A,1,3,0,0,D,,,,,,,,,,,,
Duisburg,Bielefeld,D2,2015,16/08/15,D,2,2,0,2,A,,,,,,,,,,,,
St Pauli,Greuther Furth,D2,2015,16/08/15,H,3,2,2,1,H,,,,,,,,,,,,
Union Berlin,Kaiserslautern,D2,2015,16/08/15,D,2,2,0,1,A,,,,,,,,,,,,
Nurnberg,Munich 1860,D2,2015,17/08/15,D,2,2,0,1,A,,,,,,,,,,,,
Bielefeld,Braunschweig,D2,2015,21/08/15,A,0,2,0,0,D,,,,,,,,,,,,
Greuther Furth,Frankfurt FSV,D2,2015,21/08/15,A,0,2,0,1,A,,,,,,,,,,,,
Sandhausen,Heidenheim,D2,2015,21/08/15,D,0,0,0,0,D,,,,,,,,,,,,
Fortuna Dusseldorf,Freiburg,D2,2015,22/08/15,A,1,2,1,2,A,,,,,,,,,,,,
Karlsruhe,Duisburg,D2,2015,22/08/15,H,2,0,1,0,H,,,,,,,,,,,,
Bochum,Nurnberg,D2,2015,23/08/15,H,2,1,1,1,D,,,,,,,,,,,,
Munich 1860,Union Berlin,D2,2015,23/08/15,D,0,0,0,0,D,,,,,,,,,,,,
RB Leipzig,St Pauli,D2,2015,23/08/15,A,0,1,0,1,A,,,,,,,,,,,,
Kaiserslautern,Paderborn,D2,2015,24/08/15,H,1,0,1,0,H,,,,,,,,,,,,
Freiburg,Sandhausen,D2,2015,28/08/15,H,4,1,3,0,H,,,,,,,,,,,,
Heidenheim,Kaiserslautern,D2,2015,28/08/15,H,3,1,0,1,A,,,,,,,,,,,,
Union Berlin,RB Leipzig,D2,2015,28/08/15,D,1,1,1,0,H,,,,,,,,,,,,
Duisburg,Greuther Furth,D2,2015,29/08/15,D,2,2,1,0,H,,,,,,,,,,,,
Paderborn,Bielefeld,D2,2015,29/08/15,A,1,2,1,0,H,,,,,,,,,,,,
Braunschweig,Karlsruhe,D2,2015,30/08/15,H,6,0,2,0,H,,,,,,,,,,,,
Frankfurt FSV,St Pauli,D2,2015,30/08/15,H,1,0,0,0,D,,,,,,,,,,,,
Nurnberg,Fortuna Dusseldorf,D2,2015,30/08/15,H,1,0,0,0,D,,,,,,,,,,,,
Bochum,Munich 1860,D2,2015,31/08/15,H,1,0,0,0,D,,,,,,,,,,,,
Kaiserslautern,Freiburg,D2,2015,11/09/15,A,0,2,0,0,D,,,,,,,,,,,,
RB Leipzig,Paderborn,D2,2015,11/09/15,H,2,0,2,0,H,,,,,,,,,,,,
Sandhausen,Bochum,D2,2015,11/09/15,D,1,1,1,1,D,,,,,,,,,,,,
Bielefeld,Heidenheim,D2,2015,12/09/15,D,0,0,0,0,D,,,,,,,,,,,,
Karlsruhe,Union Berlin,D2,2015,12/09/15,A,0,3,0,1,A,,,,,,,,,,,,
Fortuna Dusseldorf,Munich 1860,D2,2015,13/09/15,H,3,0,2,0,H,,,,,,,,,,,,
Frankfurt FSV,Braunschweig,D2,2015,13/09/15,A,0,3,0,1,A,,,,,,,,,,,,
Greuther Furth,Nurnberg,D2,2015,13/09/15,H,3,2,1,1,D,,,,,,,,,,,,
St Pauli,Duisburg,D2,2015,14/09/15,H,2,0,0,0,D,,,,,,,,,,,,
Bochum,Fortuna Dusseldorf,D2,2015,18/09/15,D,1,1,1,0,H,,,,,,,,,,,,
Freiburg,Bielefeld,D2,2015,18/09/15,D,2,2,0,1,A,,,,,,,,,,,,
Heidenheim,RB Leipzig,D2,2015,18/09/15,D,1,1,0,1,A,,,,,,,,,,,,
Munich 1860,Kaiserslautern,D2,2015,19/09/15,D,1,1,1,0,H,,,,,,,,,,,,
Nurnberg,Sandhausen,D2,2015,19/09/15,H,2,0,1,0,H,,,,,,,,,,,,
Paderborn,Karlsruhe,D2,2015,19/09/15,H,2,0,0,0,D,,,,,,,,,,,,
Braunschweig,St Pauli,D2,2015,20/09/15,D,0,0,0,0,D,,,,,,,,,,,,
Duisburg,Frankfurt FSV,D2,2015,20/09/15,A,0,1,0,1,A,,,,,,,,,,,,
Union Berlin,Greuther Furth,D2,2015,20/09/15,A,1,2,1,0,H,,,,,,,,,,,,
Bielefeld,Bochum,D2,2015,22/09/15,D,1,1,0,1,A,,,,,,,,,,,,
Kaiserslautern,Nurnberg,D2,2015,22/09/15,A,0,3,0,1,A,,,,,,,,,,,,
Karlsruhe,Fortuna Dusseldorf,D2,2015,22/09/15,D,1,1,0,0,D,,,,,,,,,,,,
Sandhausen,Munich 1860,D2,2015,22/09/15,D,1,1,1,1,D,,,,,,,,,,,,
Duisburg,Braunschweig,D2,2015,23/09/15,A,0,5,0,1,A,,,,,,,,,,,,
Frankfurt FSV,Union Berlin,D2,2015,23/09/15,H,3,2,0,1,A,,,,,,,,,,,,
Greuther Furth,Paderborn,D2,2015,23/09/15,H,3,0,1,0,H,,,,,,,,,,,,
St Pauli,Heidenheim,D2,2015,23/09/15,H,1,0,1,0,H,,,,,,,,,,,,
RB Leipzig,Freiburg,D2,2015,24/09/15,D,1,1,0,1,A,,,,,,,,,,,,
Bochum,Kaiserslautern,D2,2015,25/09/15,A,1,2,0,2,A,,,,,,,,,,,,
Fortuna Dusseldorf,Sandhausen,D2,2015,25/09/15,A,0,1,0,0,D,,,,,,,,,,,,
Nurnberg,Bielefeld,D2,2015,25/09/15,D,2,2,0,1,A,,,,,,,,,,,,
Paderborn,St Pauli,D2,2015,26/09/15,D,0,0,0,0,D,,,,,,,,,,,,
Union Berlin,Duisburg,D2,2015,26/09/15,H,3,2,3,0,H,,,,,,,,,,,,
Freiburg,Frankfurt FSV,D2,2015,27/09/15,H,2,0,1,0,H,,,,,,,,,,,,
Heidenheim,Karlsruhe,D2,2015,27/09/15,D,1,1,1,0,H,,,,,,,,,,,,
Munich 1860,RB Leipzig,D2,2015,27/09/15,D,2,2,1,1,D,,,,,,,,,,,,
Braunschweig,Greuther Furth,D2,2015,28/09/15,A,0,1,0,1,A,,,,,,,,,,,,
Bielefeld,Munich 1860,D2,2015,02/10/15,D,1,1,1,1,D,,,,,,,,,,,,
Frankfurt FSV,Heidenheim,D2,2015,02/10/15,A,0,4,0,3,A,,,,,,,,,,,,
Kaiserslautern,Fortuna Dusseldorf,D2,2015,02/10/15,H,3,0,1,0,H,,,,,,,,,,,,
Greuther Furth,Bochum,D2,2015,03/10/15,A,0,5,0,3,A,,,,,,,,,,,,
St Pauli,Sandhausen,D2,2015,03/10/15,A,1,3,0,2,A,,,,,,,,,,,,
Braunschweig,Union Berlin,D2,2015,04/10/15,H,2,1,1,1,D,,,,,,,,,,,,
Karlsruhe,Freiburg,D2,2015,04/10/15,D,1,1,0,0,D,,,,,,,,,,,,
RB Leipzig,Nurnberg,D2,2015,04/10/15,H,3,2,3,0,H,,,,,,,,,,,,
Duisburg,Paderborn,D2,2015,05/10/15,H,1,0,0,0,D,,,,,,,,,,,,
Fortuna Dusseldorf,Bielefeld,D2,2015,16/10/15,H,1,0,1,0,H,,,,,,,,,,,,
Paderborn,Braunschweig,D2,2015,16/10/15,H,2,0,1,0,H,,,,,,,,,,,,
Sandhausen,Kaiserslautern,D2,2015,16/10/15,H,1,0,1,0,H,,,,,,,,,,,,
Nurnberg,Frankfurt FSV,D2,2015,17/10/15,D,1,1,0,0,D,,,,,,,,,,,,
Union Berlin,St Pauli,D2,2015,17/10/15,D,3,3,2,1,H,,,,,,,,,,,,
Bochum,RB Leipzig,D2,2015,18/10/15,A,0,1,0,0,D,,,,,,,,,,,,
Freiburg,Greuther Furth,D2,2015,18/10/15,H,5,2,1,0,H,,,,,,,,,,,,
Heidenheim,Duisburg,D2,2015,18/10/15,H,1,0,0,0,D,,,,,,,,,,,,
Munich 1860,Karlsruhe,D2,2015,19/10/15,A,0,1,0,1,A,,,,,,,,,,,,
Frankfurt FSV,Bochum,D2,2015,23/10/15,H,3,2,0,2,A,,,,,,,,,,,,
Greuther Furth,Munich 1860,D2,2015,23/10/15,H,1,0,0,0,D,,,,,,,,,,,,
RB Leipzig,Fortuna Dusseldorf,D2,2015,23/10/15,H,2,1,1,0,H,,,,,,,,,,,,
Duisburg,Nurnberg,D2,2015,24/10/15,D,0,0,0,0,D,,,,,,,,,,,,
Karlsruhe,Kaiserslautern,D2,2015,24/10/15,H,2,0,1,0,H,,,,,,,,,,,,
Union Berlin,Paderborn,D2,2015,24/10/15,A,0,2,0,2,A,,,,,,,,,,,,
Bielefeld,Sandhausen,D2,2015,25/10/15,D,0,0,0,0,D,,,,,,,,,,,,
Braunschweig,Heidenheim,D2,2015,25/10/15,H,1,0,0,0,D,,,,,,,,,,,,
St Pauli,Freiburg,D2,2015,25/10/15,H,1,0,0,0,D,,,,,,,,,,,,
Bochum,St Pauli,D2,2015,30/10/15,D,1,1,1,1,D,,,,,,,,,,,,
Fortuna Dusseldorf,Greuther Furth,D2,2015,30/10/15,H,1,0,0,0,D,,,,,,,,,,,,
Kaiserslautern,Bielefeld,D2,2015,30/10/15,A,0,2,0,0,D,,,,,,,,,,,,
Heidenheim,Union Berlin,D2,2015,31/10/15,A,0,2,0,1,A,,,,,,,,,,,,
Paderborn,Frankfurt FSV,D2,2015,31/10/15,D,1,1,1,0,H,,,,,,,,,,,,
Freiburg,Braunschweig,D2,2015,01/11/15,D,2,2,2,0,H,,,,,,,,,,,,
Munich 1860,Duisburg,D2,2015,01/11/15,H,1,0,0,0,D,,,,,,,,,,,,
Sandhausen,RB Leipzig,D2,2015,01/11/15,A,1,2,1,1,D,,,,,,,,,,,,
Nurnberg,Karlsruhe,D2,2015,02/11/15,D,0,0,0,0,D,,,,,,,,,,,,
Frankfurt FSV,Sandhausen,D2,2015,06/11/15,A,0,1,0,0,D,,,,,,,,,,,,
Greuther Furth,Bielefeld,D2,2015,06/11/15,D,0,0,0,0,D,,,,,,,,,,,,
Karlsruhe,Bochum,D2,2015,06/11/15,H,3,0,1,0,H,,,,,,,,,,,,
Duisburg,Freiburg,D2,2015,07/11/15,D,1,1,1,0,H,,,,,,,,,,,,
Union Berlin,Nurnberg,D2,2015,07/11/15,D,3,3,1,1,D,,,,,,,,,,,,
Braunschweig,Munich 1860,D2,2015,08/11/15,D,0,0,0,0,D,,,,,,,,,,,,
Paderborn,Heidenheim,D2,2015,08/11/15,D,1,1,1,0,H,,,,,,,,,,,,
RB Leipzig,Kaiserslautern,D2,2015,08/11/15,A,0,2,0,1,A,,,,,,,,,,,,
St Pauli,Fortuna Dusseldorf,D2,2015,09/11/15,H,4,0,2,0,H,,,,,,,,,,,,
Bochum,Union Berlin,D2,2015,20/11/15,D,1,1,1,1,D,,,,,,,,,,,,
Fortuna Dusseldorf,Duisburg,D2,2015,20/11/15,D,1,1,0,0,D,,,,,,,,,,,,
Sandhausen,Karlsruhe,D2,2015,20/11/15,H,3,1,2,0,H,,,,,,,,,,,,
Bielefeld,RB Leipzig,D2,2015,21/11/15,A,0,1,0,1,A,,,,,,,,,,,,
Munich 1860,St Pauli,D2,2015,21/11/15,H,2,0,0,0,D,,,,,,,,,,,,
Freiburg,Paderborn,D2,2015,22/11/15,H,4,1,3,0,H,,,,,,,,,,,,
Heidenheim,Greuther Furth,D2,2015,22/11/15,A,1,2,0,1,A,,,,,,,,,,,,
Kaiserslautern,Frankfurt FSV,D2,2015,22/11/15,D,1,1,0,1,A,,,,,,,,,,,,
Nurnberg,Braunschweig,D2,2015,23/11/15,H,2,1,1,0,H,,,,,,,,,,,,
Braunschweig,Bochum,D2,2015,27/11/15,H,1,0,1,0,H,,,,,,,,,,,,
Greuther Furth,Kaiserslautern,D2,2015,27/11/15,A,2,4,2,0,H,,,,,,,,,,,,
Heidenheim,Freiburg,D2,2015,27/11/15,A,1,2,1,1,D,,,,,,,,,,,,
Paderborn,Munich 1860,D2,2015,28/11/15,D,4,4,1,0,H,,,,,,,,,,,,
Union Berlin,Bielefeld,D2,2015,28/11/15,D,1,1,1,0,H,,,,,,,,,,,,
Duisburg,Sandhausen,D2,2015,29/11/15,H,3,0,0,0,D,,,,,,,,,,,,
Frankfurt FSV,Fortuna Dusseldorf,D2,2015,29/11/15,A,1,2,0,2,A,,,,,,,,,,,,
St Pauli,Nurnberg,D2,2015,29/11/15,A,0,4,0,2,A,,,,,,,,,,,,
Karlsruhe,RB Leipzig,D2,2015,30/11/15,A,0,1,0,0,D,,,,,,,,,,,,
Munich 1860,Frankfurt FSV,D2,2015,04/12/15,A,0,1,0,1,A,,,,,,,,,,,,
Nurnberg,Paderborn,D2,2015,04/12/15,H,2,1,1,0,H,,,,,,,,,,,,
Sandhausen,Greuther Furth,D2,2015,04/12/15,D,1,1,0,1,A,,,,,,,,,,,,
Bielefeld,Karlsruhe,D2,2015,05/12/15,H,2,1,0,1,A,,,,,,,,,,,,
Freiburg,Union Berlin,D2,2015,05/12/15,H,3,0,2,0,H,,,,,,,,,,,,
Bochum,Heidenheim,D2,2015,06/12/15,D,1,1,0,1,A,,,,,,,,,,,,
Kaiserslautern,St Pauli,D2,2015,06/12/15,A,1,2,0,1,A,,,,,,,,,,,,
RB Leipzig,Duisburg,D2,2015,06/12/15,H,4,2,1,1,D,,,,,,,,,,,,
Fortuna Dusseldorf,Braunschweig,D2,2015,07/12/15,H,1,0,1,0,H,,,,,,,,,,,,
Bochum,Paderborn,D2,2015,11/12/15,H,4,0,3,0,H,,,,,,,,,,,,
Munich 1860,Heidenheim,D2,2015,11/12/15,A,1,3,1,1,D,,,,,,,,,,,,
Sandhausen,Braunschweig,D2,2015,11/12/15,A,0,2,0,0,D,,,,,,,,,,,,
Fortuna Dusseldorf,Union Berlin,D2,2015,12/12/15,A,0,3,0,1,A,,,,,,,,,,,,
Karlsruhe,Greuther Furth,D2,2015,12/12/15,H,1,0,0,0,D,,,,,,,,,,,,
Kaiserslautern,Duisburg,D2,2015,13/12/15,H,2,0,0,0,D,,,,,,,,,,,,
Nurnberg,Freiburg,D2,2015,13/12/15,H,2,1,1,0,H,,,,,,,,,,,,
RB Leipzig,Frankfurt FSV,D2,2015,13/12/15,H,3,1,0,0,D,,,,,,,,,,,,
Bielefeld,St Pauli,D2,2015,14/12/15,D,0,0,0,0,D,,,,,,,,,,,,
Frankfurt FSV,Bielefeld,D2,2015,18/12/15,A,1,2,1,0,H,,,,,,,,,,,,
St Pauli,Karlsruhe,D2,2015,18/12/15,A,1,2,1,1,D,,,,,,,,,,,,
Union Berlin,Sandhausen,D2,2015,18/12/15,H,1,0,0,0,D,,,,,,,,,,,,
Greuther Furth,RB Leipzig,D2,2015,19/12/15,A,1,2,0,0,D,,,,,,,,,,,,
Heidenheim,Nurnberg,D2,2015,19/12/15,A,0,3,0,1,A,,,,,,,,,,,,
Braunschweig,Kaiserslautern,D2,2015,20/12/15,D,1,1,1,0,H,,,,,,,,,,,,
Duisburg,Bochum,D2,2015,20/12/15,D,0,0,0,0,D,,,,,,,,,,,,
Freiburg,Munich 1860,D2,2015,20/12/15,H,3,0,2,0,H,,,,,,,,,,,,
Paderborn,Fortuna Dusseldorf,D2,2015,21/12/15,D,0,0,0,0,D,,,,,,,,,,,,
Bochum,Freiburg,D2,2015,05/02/16,H,2,0,1,0,H,,,,,,,,,,,,
Kaiserslautern,Union Berlin,D2,2015,05/02/16,D,2,2,2,0,H,,,,,,,,,,,,
Sandhausen,Paderborn,D2,2015,05/02/16,H,1,0,0,0,D,,,,,,,,,,,,
Fortuna Dusseldorf,Heidenheim,D2,2015,06/02/16,A,0,1,0,0,D,,,,,,,,,,,,
Munich 1860,Nurnberg,D2,2015,06/02/16,A,0,1,0,1,A,,,,,,,,,,,,
Greuther Furth,St Pauli,D2,2015,07/02/16,A,0,2,0,1,A,,,,,,,,,,,,
Karlsruhe,Frankfurt FSV,D2,2015,07/02/16,D,1,1,0,0,D,,,,,,,,,,,,
RB Leipzig,Braunschweig,D2,2015,07/02/16,H,2,0,2,0,H,,,,,,,,,,,,
Bielefeld,Duisburg,D2,2015,08/02/16,H,2,1,2,1,H,,,,,,,,,,,,
Frankfurt FSV,Greuther Furth,D2,2015,12/02/16,A,1,2,0,2,A,,,,,,,,,,,,
Paderborn,Kaiserslautern,D2,2015,12/02/16,A,0,4,0,2,A,,,,,,,,,,,,
St Pauli,RB Leipzig,D2,2015,12/02/16,H,1,0,1,0,H,,,,,,,,,,,,
Duisburg,Karlsruhe,D2,2015,13/02/16,A,0,1,0,1,A,,,,,,,,,,,,
Heidenheim,Sandhausen,D2,2015,13/02/16,D,1,1,1,0,H,,,,,,,,,,,,
Braunschweig,Bielefeld,D2,2015,14/02/16,H,1,0,1,0,H,,,,,,,,,,,,
Freiburg,Fortuna Dusseldorf,D2,2015,14/02/16,A,1,2,1,1,D,,,,,,,,,,,,
Union Berlin,Munich 1860,D2,2015,14/02/16,H,3,0,1,0,H,,,,,,,,,,,,
Nurnberg,Bochum,D2,2015,15/02/16,D,1,1,0,0,D,,,,,,,,,,,,
Greuther Furth,Duisburg,D2,2015,19/02/16,D,1,1,0,0,D,,,,,,,,,,,,
RB Leipzig,Union Berlin,D2,2015,19/02/16,H,3,0,2,0,H,,,,,,,,,,,,
St Pauli,Frankfurt FSV,D2,2015,19/02/16,A,1,3,1,2,A,,,,,,,,,,,,
Kaiserslautern,Heidenheim,D2,2015,20/02/16,D,2,2,0,1,A,,,,,,,,,,,,
Karlsruhe,Braunschweig,D2,2015,20/02/16,D,2,2,1,1,D,,,,,,,,,,,,
Bielefeld,Paderborn,D2,2015,21/02/16,D,1,1,0,1,A,,,,,,,,,,,,
Munich 1860,Bochum,D2,2015,21/02/16,D,1,1,1,1,D,,,,,,,,,,,,
Sandhausen,Freiburg,D2,2015,21/02/16,A,0,2,0,0,D,,,,,,,,,,,,
Fortuna Dusseldorf,Nurnberg,D2,2015,22/02/16,D,1,1,1,0,H,,,,,,,,,,,,
Nurnberg,Greuther Furth,D2,2015,26/02/16,H,2,1,1,1,D,,,,,,,,,,,,
Paderborn,RB Leipzig,D2,2015,26/02/16,A,0,1,0,0,D,,,,,,,,,,,,
Union Berlin,Karlsruhe,D2,2015,26/02/16,H,2,1,1,1,D,,,,,,,,,,,,
Bochum,Sandhausen,D2,2015,27/02/16,H,3,2,2,0,H,,,,,,,,,,,,
Freiburg,Kaiserslautern,D2,2015,27/02/16,H,2,0,1,0,H,,,,,,,,,,,,
Munich 1860,Fortuna Dusseldorf,D2,2015,27/02/16,H,3,2,1,0,H,,,,,,,,,,,,
Braunschweig,Frankfurt FSV,D2,2015,28/02/16,D,0,0,0,0,D,,,,,,,,,,,,
Duisburg,St Pauli,D2,2015,28/02/16,A,0,2,0,0,D,,,,,,,,,,,,
Heidenheim,Bielefeld,D2,2015,28/02/16,H,3,2,0,0,D,,,,,,,,,,,,
Fortuna Dusseldorf,Bochum,D2,2015,01/03/16,A,1,3,1,0,H,,,,,,,,,,,,
Greuther Furth,Union Berlin,D2,2015,01/03/16,H,2,0,1,0,H,,,,,,,,,,,,
Kaiserslautern,Munich 1860,D2,2015,01/03/16,A,0,1,0,1,A,,,,,,,,,,,,
Karlsruhe,Paderborn,D2,2015,01/03/16,D,0,0,0,0,D,,,,,,,,,,,,
Sandhausen,Nurnberg,D2,2015,01/03/16,A,0,2,0,1,A,,,,,,,,,,,,
Bielefeld,Freiburg,D2,2015,02/03/16,A,1,4,1,3,A,,,,,,,,,,,,
Frankfurt FSV,Duisburg,D2,2015,02/03/16,D,3,3,1,0,H,,,,,,,,,,,,
RB Leipzig,Heidenheim,D2,2015,02/03/16,H,3,1,0,1,A,,,,,,,,,,,,
St Pauli,Braunschweig,D2,2015,03/03/16,H,1,0,0,0,D,,,,,,,,,,,,
Fortuna Dusseldorf,Karlsruhe,D2,2015,04/03/16,A,0,1,0,0,D,,,,,,,,,,,,
Munich 1860,Sandhausen,D2,2015,04/03/16,H,3,2,2,1,H,,,,,,,,,,,,
Nurnberg,Kaiserslautern,D2,2015,04/03/16,H,2,1,1,1,D,,,,,,,,,,,,
Paderborn,Greuther Furth,D2,2015,05/03/16,D,1,1,1,0,H,,,,,,,,,,,,
Union Berlin,Frankfurt FSV,D2,2015,05/03/16,H,4,0,3,0,H,,,,,,,,,,,,
Bochum,Bielefeld,D2,2015,06/03/16,D,2,2,1,0,H,,,,,,,,,,,,
Braunschweig,Duisburg,D2,2015,06/03/16,D,1,1,0,0,D,,,,,,,,,,,,
Heidenheim,St Pauli,D2,2015,06/03/16,H,2,0,0,0,D,,,,,,,,,,,,
Freiburg,RB Leipzig,D2,2015,07/03/16,H,2,1,1,0,H,,,,,,,,,,,,
Bielefeld,Nurnberg,D2,2015,11/03/16,A,0,4,0,0,D,,,,,,,,,,,,
Greuther Furth,Braunschweig,D2,2015,11/03/16,H,3,0,1,0,H,,,,,,,,,,,,
St Pauli,Paderborn,D2,2015,11/03/16,A,3,4,0,2,A,,,,,,,,,,,,
Duisburg,Union Berlin,D2,2015,12/03/16,H,2,1,0,0,D,,,,,,,,,,,,
Sandhausen,Fortuna Dusseldorf,D2,2015,12/03/16,H,1,0,0,0,D,,,,,,,,,,,,
Frankfurt FSV,Freiburg,D2,2015,13/03/16,A,1,3,0,1,A,,,,,,,,,,,,
Karlsruhe,Heidenheim,D2,2015,13/03/16,D,0,0,0,0,D,,,,,,,,,,,,
RB Leipzig,Munich 1860,D2,2015,13/03/16,H,2,1,0,0,D,,,,,,,,,,,,
Kaiserslautern,Bochum,D2,2015,14/03/16,A,0,2,0,0,D,,,,,,,,,,,,
Heidenheim,Frankfurt FSV,D2,2015,18/03/16,D,2,2,0,1,A,,,,,,,,,,,,
Paderborn,Duisburg,D2,2015,18/03/16,D,0,0,0,0,D,,,,,,,,,,,,
Union Berlin,Braunschweig,D2,2015,18/03/16,H,3,1,0,0,D,,,,,,,,,,,,
Fortuna Dusseldorf,Kaiserslautern,D2,2015,19/03/16,H,4,3,3,1,H,,,,,,,,,,,,
Sandhausen,St Pauli,D2,2015,19/03/16,A,0,2,0,2,A,,,,,,,,,,,,
Bochum,Greuther Furth,D2,2015,20/03/16,D,2,2,1,1,D,,,,,,,,,,,,
Munich 1860,Bielefeld,D2,2015,20/03/16,D,1,1,1,0,H,,,,,,,,,,,,
Nurnberg,RB Leipzig,D2,2015,20/03/16,H,3,1,0,0,D,,,,,,,,,,,,
Freiburg,Karlsruhe,D2,2015,21/03/16,H,1,0,0,0,D,,,,,,,,,,,,
Braunschweig,Paderborn,D2,2015,01/04/16,H,2,1,2,1,H,,,,,,,,,,,,
Duisburg,Heidenheim,D2,2015,01/04/16,A,0,2,0,1,A,,,,,,,,,,,,
St Pauli,Union Berlin,D2,2015,01/04/16,D,0,0,0,0,D,,,,,,,,,,,,
Bielefeld,Fortuna Dusseldorf,D2,2015,02/04/16,D,0,0,0,0,D,,,,,,,,,,,,
RB Leipzig,Bochum,D2,2015,02/04/16,H,3,1,0,0,D,,,,,,,,,,,,
Frankfurt FSV,Nurnberg,D2,2015,03/04/16,A,0,3,0,0,D,,,,,,,,,,,,
Kaiserslautern,Sandhausen,D2,2015,03/04/16,H,2,0,1,0,H,,,,,,,,,,,,
Karlsruhe,Munich 1860,D2,2015,03/04/16,H,3,1,3,1,H,,,,,,,,,,,,
Greuther Furth,Freiburg,D2,2015,04/04/16,A,2,3,1,2,A,,,,,,,,,,,,
Heidenheim,Braunschweig,D2,2015,08/04/16,D,2,2,0,2,A,,,,,,,,,,,,
Munich 1860,Greuther Furth,D2,2015,08/04/16,A,0,1,0,1,A,,,,,,,,,,,,
Paderborn,Union Berlin,D2,2015,08/04/16,A,0,4,0,4,A,,,,,,,,,,,,
Bochum,Frankfurt FSV,D2,2015,09/04/16,H,4,1,2,1,H,,,,,,,,,,,,
Sandhausen,Bielefeld,D2,2015,09/04/16,A,1,4,1,1,D,,,,,,,,,,,,
Freiburg,St Pauli,D2,2015,10/04/16,H,4,3,2,0,H,,,,,,,,,,,,
Kaiserslautern,Karlsruhe,D2,2015,10/04/16,D,0,0,0,0,D,,,,,,,,,,,,
Nurnberg,Duisburg,D2,2015,10/04/16,A,1,2,0,1,A,,,,,,,,,,,,
Fortuna Dusseldorf,RB Leipzig,D2,2015,11/04/16,A,1,3,1,1,D,,,,,,,,,,,,
Duisburg,Munich 1860,D2,2015,15/04/16,H,2,1,0,0,D,,,,,,,,,,,,
Frankfurt FSV,Paderborn,D2,2015,15/04/16,A,0,2,0,0,D,,,,,,,,,,,,
RB Leipzig,Sandhausen,D2,2015,15/04/16,A,0,1,0,0,D,,,,,,,,,,,,
Karlsruhe,Nurnberg,D2,2015,16/04/16,H,2,1,1,1,D,,,,,,,,,,,,
St Pauli,Bochum,D2,2015,16/04/16,H,2,0,0,0,D,,,,,,,,,,,,
Bielefeld,Kaiserslautern,D2,2015,17/04/16,A,0,1,0,0,D,,,,,,,,,,,,
Greuther Furth,Fortuna Dusseldorf,D2,2015,17/04/16,H,3,1,3,1,H,,,,,,,,,,,,
Union Berlin,Heidenheim,D2,2015,17/04/16,H,1,0,1,0,H,,,,,,,,,,,,
Braunschweig,Freiburg,D2,2015,18/04/16,D,2,2,0,0,D,,,,,,,,,,,,
Bochum,Karlsruhe,D2,2015,22/04/16,D,1,1,0,0,D,,,,,,,,,,,,
Fortuna Dusseldorf,St Pauli,D2,2015,22/04/16,D,1,1,1,0,H,,,,,,,,,,,,
Freiburg,Duisburg,D2,2015,22/04/16,H,3,0,2,0,H,,,,,,,,,,,,
Heidenheim,Paderborn,D2,2015,23/04/16,D,1,1,1,1,D,,,,,,,,,,,,
Nurnberg,Union Berlin,D2,2015,23/04/16,H,6,2,0,2,A,,,,,,,,,,,,
Bielefeld,Greuther Furth,D2,2015,24/04/16,H,4,2,1,1,D,,,,,,,,,,,,
Munich 1860,Braunschweig,D2,2015,24/04/16,H,1,0,0,0,D,,,,,,,,,,,,
Sandhausen,Frankfurt FSV,D2,2015,24/04/16,H,1,0,0,0,D,,,,,,,,,,,,
Kaiserslautern,RB Leipzig,D2,2015,25/04/16,D,1,1,0,0,D,,,,,,,,,,,,
Duisburg,Fortuna Dusseldorf,D2,2015,29/04/16,H,2,1,0,0,D,,,,,,,,,,,,
Frankfurt FSV,Kaiserslautern,D2,2015,29/04/16,A,1,4,1,1,D,,,,,,,,,,,,
Paderborn,Freiburg,D2,2015,29/04/16,A,1,2,0,0,D,,,,,,,,,,,,
RB Leipzig,Bielefeld,D2,2015,29/04/16,D,1,1,1,0,H,,,,,,,,,,,,
St Pauli,Munich 1860,D2,2015,29/04/16,A,0,2,0,1,A,,,,,,,,,,,,
Union Berlin,Bochum,D2,2015,29/04/16,H,1,0,0,0,D,,,,,,,,,,,,
Braunschweig,Nurnberg,D2,2015,30/04/16,H,3,1,1,0,H,,,,,,,,,,,,
Greuther Furth,Heidenheim,D2,2015,30/04/16,A,0,2,0,1,A,,,,,,,,,,,,
Karlsruhe,Sandhausen,D2,2015,02/05/16,H,3,0,0,0,D,,,,,,,,,,,,
Bielefeld,Union Berlin,D2,2015,08/05/16,H,2,0,0,0,D,,,,,,,,,,,,
Bochum,Braunschweig,D2,2015,08/05/16,A,2,3,2,1,H,,,,,,,,,,,,
Fortuna Dusseldorf,Frankfurt FSV,D2,2015,08/05/16,H,1,0,0,0,D,,,,,,,,,,,,
Freiburg,Heidenheim,D2,2015,08/05/16,H,2,0,0,0,D,,,,,,,,,,,,
Kaiserslautern,Greuther Furth,D2,2015,08/05/16,H,3,1,2,1,H,,,,,,,,,,,,
Munich 1860,Paderborn,D2,2015,08/05/16,H,1,0,0,0,D,,,,,,,,,,,,
Nurnberg,St Pauli,D2,2015,08/05/16,H,1,0,1,0,H,,,,,,,,,,,,
RB Leipzig,Karlsruhe,D2,2015,08/05/16,H,2,0,0,0,D,,,,,,,,,,,,
Sandhausen,Duisburg,D2,2015,08/05/16,D,2,2,0,0,D,,,,,,,,,,,,
Braunschweig,Fortuna Dusseldorf,D2,2015,15/05/16,A,0,2,0,0,D,,,,,,,,,,,,
Duisburg,RB Leipzig,D2,2015,15/05/16,H,1,0,0,0,D,,,,,,,,,,,,
Frankfurt FSV,Munich 1860,D2,2015,15/05/16,H,2,1,0,0,D,,,,,,,,,,,,
Greuther Furth,Sandhausen,D2,2015,15/05/16,H,3,1,2,1,H,,,,,,,,,,,,
Heidenheim,Bochum,D2,2015,15/05/16,A,2,4,0,1,A,,,,,,,,,,,,
Karlsruhe,Bielefeld,D2,2015,15/05/16,D,1,1,0,0,D,,,,,,,,,,,,
Paderborn,Nurnberg,D2,2015,15/05/16,A,0,1,0,0,D,,,,,,,,,,,,
St Pauli,Kaiserslautern,D2,2015,15/05/16,H,5,2,2,1,H,,,,,,,,,,,,
Union Berlin,Freiburg,D2,2015,15/05/16,H,2,1,0,0,D,,,,,,,,,,,,
Kaiserslautern,Hannover,D2,2016,05/08/16,A,0,4,0,1,A,,,,,,,,,,,,
Bochum,Union Berlin,D2,2016,06/08/16,H,2,1,0,0,D,,,,,,,,,,,,
Dresden,Nurnberg,D2,2016,06/08/16,D,1,1,0,1,A,,,,,,,,,,,,
Sandhausen,Fortuna Dusseldorf,D2,2016,06/08/16,D,2,2,2,1,H,,,,,,,,,,,,
Bielefeld,Karlsruhe,D2,2016,07/08/16,D,0,0,0,0,D,,,,,,,,,,,,
Braunschweig,Wurzburger Kickers,D2,2016,07/08/16,H,2,1,1,0,H,,,,,,,,,,,,
Greuther Furth,Munich 1860,D2,2016,07/08/16,H,1,0,1,0,H,,,,,,,,,,,,
Heidenheim,Erzgebirge Aue,D2,2016,07/08/16,H,1,0,1,0,H,,,,,,,,,,,,
Stuttgart,St Pauli,D2,2016,08/08/16,H,2,1,0,1,A,,,,,,,,,,,,
Erzgebirge Aue,Sandhausen,D2,2016,12/08/16,H,2,0,2,0,H,,,,,,,,,,,,
Fortuna Dusseldorf,Stuttgart,D2,2016,12/08/16,H,1,0,0,0,D,,,,,,,,,,,,
Nurnberg,Heidenheim,D2,2016,12/08/16,D,1,1,1,0,H,,,,,,,,,,,,
Karlsruhe,Bochum,D2,2016,13/08/16,D,1,1,0,1,A,,,,,,,,,,,,
St Pauli,Braunschweig,D2,2016,13/08/16,A,0,2,0,1,A,,,,,,,,,,,,
Hannover,Greuther Furth,D2,2016,14/08/16,H,3,1,1,0,H,,,,,,,,,,,,
Munich 1860,Bielefeld,D2,2016,14/08/16,H,1,0,0,0,D,,,,,,,,,,,,
Wurzburger Kickers,Kaiserslautern,D2,2016,14/08/16,D,1,1,1,1,D,,,,,,,,,,,,
Union Berlin,Dresden,D2,2016,15/08/16,D,2,2,0,1,A,,,,,,,,,,,,
Bochum,Hannover,D2,2016,26/08/16,D,1,1,0,0,D,,,,,,,,,,,,
Heidenheim,Wurzburger Kickers,D2,2016,26/08/16,A,1,2,0,1,A,,,,,,,,,,,,
Sandhausen,Stuttgart,D2,2016,26/08/16,A,1,2,0,1,A,,,,,,,,,,,,
Greuther Furth,Erzgebirge Aue,D2,2016,27/08/16,H,3,2,1,0,H,,,,,,,,,,,,
Karlsruhe,Munich 1860,D2,2016,27/08/16,D,0,0,0,0,D,,,,,,,,,,,,
Bielefeld,Union Berlin,D2,2016,28/08/16,D,4,4,2,1,H,,,,,,,,,,,,
Braunschweig,Nurnberg,D2,2016,28/08/16,H,6,1,2,1,H,,,,,,,,,,,,
Dresden,St Pauli,D2,2016,28/08/16,H,1,0,1,0,H,,,,,,,,,,,,
Kaiserslautern,Fortuna Dusseldorf,D2,2016,29/08/16,D,0,0,0,0,D,,,,,,,,,,,,
Erzgebirge Aue,Braunschweig,D2,2016,09/09/16,A,0,2,0,1,A,,,,,,,,,,,,
Stuttgart,Heidenheim,D2,2016,09/09/16,A,1,2,0,0,D,,,,,,,,,,,,
Wurzburger Kickers,Bochum,D2,2016,09/09/16,H,2,0,0,0,D,,,,,,,,,,,,
St Pauli,Bielefeld,D2,2016,10/09/16,H,2,1,1,0,H,,,,,,,,,,,,
Union Berlin,Karlsruhe,D2,2016,10/09/16,H,4,0,2,0,H,,,,,,,,,,,,
Fortuna Dusseldorf,Greuther Furth,D2,2016,11/09/16,D,1,1,0,1,A,,,,,,,,,,,,
Hannover,Dresden,D2,2016,11/09/16,A,0,2,0,1,A,,,,,,,,,,,,
Sandhausen,Kaiserslautern,D2,2016,11/09/16,H,2,0,1,0,H,,,,,,,,,,,,
Nurnberg,Munich 1860,D2,2016,12/09/16,A,1,2,1,1,D,,,,,,,,,,,,
Bochum,Nurnberg,D2,2016,16/09/16,H,5,4,3,3,D,,,,,,,,,,,,
Greuther Furth,Wurzburger Kickers,D2,2016,16/09/16,A,0,3,0,1,A,,,,,,,,,,,,
Munich 1860,Union Berlin,D2,2016,16/09/16,A,1,2,1,2,A,,,,,,,,,,,,
Braunschweig,Sandhausen,D2,2016,17/09/16,H,2,1,0,0,D,,,,,,,,,,,,
Heidenheim,Fortuna Dusseldorf,D2,2016,17/09/16,H,2,0,0,0,D,,,,,,,,,,,,
Kaiserslautern,Stuttgart,D2,2016,17/09/16,A,0,1,0,0,D,,,,,,,,,,,,
Bielefeld,Hannover,D2,2016,18/09/16,D,3,3,2,1,H,,,,,,,,,,,,
Dresden,Erzgebirge Aue,D2,2016,18/09/16,A,0,3,0,1,A,,,,,,,,,,,,
Karlsruhe,St Pauli,D2,2016,18/09/16,D,1,1,0,1,A,,,,,,,,,,,,
Fortuna Dusseldorf,Bochum,D2,2016,20/09/16,H,3,0,2,0,H,,,,,,,,,,,,
Nurnberg,Greuther Furth,D2,2016,20/09/16,A,1,2,0,1,A,,,,,,,,,,,,
Sandhausen,Heidenheim,D2,2016,20/09/16,D,0,0,0,0,D,,,,,,,,,,,,
Stuttgart,Braunschweig,D2,2016,20/09/16,H,2,0,1,0,H,,,,,,,,,,,,
Erzgebirge Aue,Bielefeld,D2,2016,21/09/16,D,1,1,1,0,H,,,,,,,,,,,,
Hannover,Karlsruhe,D2,2016,21/09/16,H,1,0,1,0,H,,,,,,,,,,,,
Kaiserslautern,Dresden,D2,2016,21/09/16,H,3,0,1,0,H,,,,,,,,,,,,
Wurzburger Kickers,Union Berlin,D2,2016,21/09/16,A,0,1,0,0,D,,,,,,,,,,,,
St Pauli,Munich 1860,D2,2016,22/09/16,D,2,2,1,0,H,,,,,,,,,,,,
Bochum,Stuttgart,D2,2016,23/09/16,D,1,1,0,0,D,,,,,,,,,,,,
Braunschweig,Fortuna Dusseldorf,D2,2016,23/09/16,H,2,1,2,0,H,,,,,,,,,,,,
Greuther Furth,Sandhausen,D2,2016,23/09/16,D,1,1,0,0,D,,,,,,,,,,,,
Heidenheim,Kaiserslautern,D2,2016,24/09/16,H,3,0,2,0,H,,,,,,,,,,,,
Karlsruhe,Erzgebirge Aue,D2,2016,24/09/16,H,2,0,0,0,D,,,,,,,,,,,,
Bielefeld,Nurnberg,D2,2016,25/09/16,A,1,3,1,0,H,,,,,,,,,,,,
Dresden,Wurzburger Kickers,D2,2016,25/09/16,D,2,2,1,0,H,,,,,,,,,,,,
Munich 1860,Hannover,D2,2016,25/09/16,A,0,2,0,0,D,,,,,,,,,,,,
Union Berlin,St Pauli,D2,2016,26/09/16,H,2,0,2,0,H,,,,,,,,,,,,
Erzgebirge Aue,Bochum,D2,2016,30/09/16,A,2,4,2,2,D,,,,,,,,,,,,
Nurnberg,Union Berlin,D2,2016,30/09/16,H,2,0,1,0,H,,,,,,,,,,,,
Sandhausen,Dresden,D2,2016,30/09/16,H,2,0,2,0,H,,,,,,,,,,,,
Fortuna Dusseldorf,Karlsruhe,D2,2016,01/10/16,D,1,1,1,0,H,,,,,,,,,,,,
Hannover,St Pauli,D2,2016,01/10/16,H,2,0,0,0,D,,,,,,,,,,,,
Heidenheim,Braunschweig,D2,2016,02/10/16,D,1,1,1,0,H,,,,,,,,,,,,
Kaiserslautern,Bielefeld,D2,2016,02/10/16,D,0,0,0,0,D,,,,,,,,,,,,
Wurzburger Kickers,Munich 1860,D2,2016,02/10/16,H,2,0,1,0,H,,,,,,,,,,,,
Stuttgart,Greuther Furth,D2,2016,03/10/16,H,4,0,3,0,H,,,,,,,,,,,,
Bielefeld,Wurzburger Kickers,D2,2016,14/10/16,A,0,1,0,0,D,,,,,,,,,,,,
Bochum,Sandhausen,D2,2016,14/10/16,D,2,2,0,1,A,,,,,,,,,,,,
St Pauli,Erzgebirge Aue,D2,2016,14/10/16,A,1,2,1,1,D,,,,,,,,,,,,
Dresden,Stuttgart,D2,2016,15/10/16,H,5,0,3,0,H,,,,,,,,,,,,
Greuther Furth,Heidenheim,D2,2016,15/10/16,A,0,2,0,2,A,,,,,,,,,,,,
Karlsruhe,Nurnberg,D2,2016,16/10/16,A,0,3,0,0,D,,,,,,,,,,,,
Munich 1860,Fortuna Dusseldorf,D2,2016,16/10/16,A,1,3,0,3,A,,,,,,,,,,,,
Union Berlin,Hannover,D2,2016,16/10/16,H,2,1,0,0,D,,,,,,,,,,,,
Braunschweig,Kaiserslautern,D2,2016,17/10/16,H,1,0,1,0,H,,,,,,,,,,,,
Fortuna Dusseldorf,Bielefeld,D2,2016,21/10/16,H,4,0,2,0,H,,,,,,,,,,,,
Stuttgart,Munich 1860,D2,2016,21/10/16,H,2,1,2,1,H,,,,,,,,,,,,
Wurzburger Kickers,Karlsruhe,D2,2016,21/10/16,A,0,2,0,1,A,,,,,,,,,,,,
Heidenheim,Dresden,D2,2016,22/10/16,D,0,0,0,0,D,,,,,,,,,,,,
Sandhausen,St Pauli,D2,2016,22/10/16,H,3,0,2,0,H,,,,,,,,,,,,
Braunschweig,Greuther Furth,D2,2016,23/10/16,H,1,0,0,0,D,,,,,,,,,,,,
Erzgebirge Aue,Union Berlin,D2,2016,23/10/16,A,1,3,1,1,D,,,,,,,,,,,,
Nurnberg,Hannover,D2,2016,23/10/16,H,2,0,2,0,H,,,,,,,,,,,,
Kaiserslautern,Bochum,D2,2016,24/10/16,H,3,0,1,0,H,,,,,,,,,,,,
Bielefeld,Sandhausen,D2,2016,28/10/16,H,1,0,0,0,D,,,,,,,,,,,,
Dresden,Braunschweig,D2,2016,28/10/16,H,3,2,0,1,A,,,,,,,,,,,,
Munich 1860,Erzgebirge Aue,D2,2016,28/10/16,H,6,2,3,1,H,,,,,,,,,,,,
Greuther Furth,Kaiserslautern,D2,2016,29/10/16,A,0,1,0,0,D,,,,,,,,,,,,
Union Berlin,Fortuna Dusseldorf,D2,2016,29/10/16,A,0,1,0,0,D,,,,,,,,,,,,
Bochum,Heidenheim,D2,2016,30/10/16,H,2,1,2,0,H,,,,,,,,,,,,
Hannover,Wurzburger Kickers,D2,2016,30/10/16,H,3,1,0,1,A,,,,,,,,,,,,
Karlsruhe,Stuttgart,D2,2016,30/10/16,A,1,3,0,1,A,,,,,,,,,,,,
St Pauli,Nurnberg,D2,2016,31/10/16,D,1,1,1,1,D,,,,,,,,,,,,
Erzgebirge Aue,Nurnberg,D2,2016,04/11/16,A,1,2,0,1,A,,,,,,,,,,,,
Fortuna Dusseldorf,Dresden,D2,2016,04/11/16,A,0,3,0,2,A,,,,,,,,,,,,
Heidenheim,Karlsruhe,D2,2016,04/11/16,H,2,1,1,1,D,,,,,,,,,,,,
Greuther Furth,Bochum,D2,2016,05/11/16,H,2,1,0,0,D,,,,,,,,,,,,
Kaiserslautern,Union Berlin,D2,2016,05/11/16,H,1,0,0,0,D,,,,,,,,,,,,
Braunschweig,Hannover,D2,2016,06/11/16,D,2,2,2,1,H,,,,,,,,,,,,
Sandhausen,Munich 1860,D2,2016,06/11/16,H,3,2,1,2,A,,,,,,,,,,,,
Stuttgart,Bielefeld,D2,2016,06/11/16,H,3,1,1,0,H,,,,,,,,,,,,
Wurzburger Kickers,St Pauli,D2,2016,07/11/16,H,1,0,0,0,D,,,,,,,,,,,,
Bielefeld,Heidenheim,D2,2016,18/11/16,H,2,1,1,1,D,,,,,,,,,,,,
Bochum,Braunschweig,D2,2016,18/11/16,D,1,1,0,0,D,,,,,,,,,,,,
Nurnberg,Wurzburger Kickers,D2,2016,18/11/16,D,2,2,1,0,H,,,,,,,,,,,,
Hannover,Erzgebirge Aue,D2,2016,19/11/16,H,2,0,1,0,H,,,,,,,,,,,,
Karlsruhe,Sandhausen,D2,2016,19/11/16,A,1,3,0,0,D,,,,,,,,,,,,
Dresden,Greuther Furth,D2,2016,20/11/16,H,2,1,1,0,H,,,,,,,,,,,,
St Pauli,Fortuna Dusseldorf,D2,2016,20/11/16,A,0,1,0,1,A,,,,,,,,,,,,
Union Berlin,Stuttgart,D2,2016,20/11/16,D,1,1,0,1,A,,,,,,,,,,,,
Munich 1860,Kaiserslautern,D2,2016,21/11/16,D,1,1,1,1,D,,,,,,,,,,,,
Fortuna Dusseldorf,Hannover,D2,2016,25/11/16,D,2,2,0,1,A,,,,,,,,,,,,
Greuther Furth,Bielefeld,D2,2016,25/11/16,H,2,1,1,0,H,,,,,,,,,,,,
Wurzburger Kickers,Erzgebirge Aue,D2,2016,25/11/16,D,1,1,1,1,D,,,,,,,,,,,,
Dresden,Bochum,D2,2016,26/11/16,D,2,2,2,1,H,,,,,,,,,,,,
Heidenheim,St Pauli,D2,2016,26/11/16,H,2,0,1,0,H,,,,,,,,,,,,
Braunschweig,Munich 1860,D2,2016,27/11/16,H,2,1,1,0,H,,,,,,,,,,,,
Kaiserslautern,Karlsruhe,D2,2016,27/11/16,D,0,0,0,0,D,,,,,,,,,,,,
Sandhausen,Union Berlin,D2,2016,27/11/16,A,0,1,0,1,A,,,,,,,,,,,,
Stuttgart,Nurnberg,D2,2016,28/11/16,H,3,1,2,0,H,,,,,,,,,,,,
Hannover,Heidenheim,D2,2016,02/12/16,H,3,2,1,1,D,,,,,,,,,,,,
Karlsruhe,Greuther Furth,D2,2016,02/12/16,A,1,2,0,2,A,,,,,,,,,,,,
St Pauli,Kaiserslautern,D2,2016,02/12/16,D,0,0,0,0,D,,,,,,,,,,,,
Munich 1860,Dresden,D2,2016,03/12/16,H,1,0,0,0,D,,,,,,,,,,,,
Nurnberg,Sandhausen,D2,2016,03/12/16,A,1,3,0,1,A,,,,,,,,,,,,
Bielefeld,Bochum,D2,2016,04/12/16,H,1,0,1,0,H,,,,,,,,,,,,
Erzgebirge Aue,Stuttgart,D2,2016,04/12/16,A,0,4,0,2,A,,,,,,,,,,,,
Wurzburger Kickers,Fortuna Dusseldorf,D2,2016,04/12/16,D,0,0,0,0,D,,,,,,,,,,,,
Union Berlin,Braunschweig,D2,2016,05/12/16,H,2,0,0,0,D,,,,,,,,,,,,
Dresden,Karlsruhe,D2,2016,09/12/16,D,0,0,0,0,D,,,,,,,,,,,,
Fortuna Dusseldorf,Nurnberg,D2,2016,09/12/16,A,0,2,0,1,A,,,,,,,,,,,,
Heidenheim,Union Berlin,D2,2016,09/12/16,H,3,0,1,0,H,,,,,,,,,,,,
Bochum,Munich 1860,D2,2016,10/12/16,H,1,0,0,0,D,,,,,,,,,,,,
Kaiserslautern,Erzgebirge Aue,D2,2016,10/12/16,D,0,0,0,0,D,,,,,,,,,,,,
Braunschweig,Bielefeld,D2,2016,11/12/16,H,3,2,1,1,D,,,,,,,,,,,,
Greuther Furth,St Pauli,D2,2016,11/12/16,A,0,2,0,0,D,,,,,,,,,,,,
Sandhausen,Wurzburger Kickers,D2,2016,11/12/16,D,0,0,0,0,D,,,,,,,,,,,,
Stuttgart,Hannover,D2,2016,12/12/16,A,1,2,1,1,D,,,,,,,,,,,,
Erzgebirge Aue,Fortuna Dusseldorf,D2,2016,16/12/16,D,0,0,0,0,D,,,,,,,,,,,,
Munich 1860,Heidenheim,D2,2016,16/12/16,D,1,1,1,0,H,,,,,,,,,,,,
Union Berlin,Greuther Furth,D2,2016,16/12/16,D,1,1,0,0,D,,,,,,,,,,,,
Karlsruhe,Braunschweig,D2,2016,17/12/16,D,0,0,0,0,D,,,,,,,,,,,,
St Pauli,Bochum,D2,2016,17/12/16,D,1,1,0,1,A,,,,,,,,,,,,
Bielefeld,Dresden,D2,2016,18/12/16,A,1,2,0,1,A,,,,,,,,,,,,
Hannover,Sandhausen,D2,2016,18/12/16,D,0,0,0,0,D,,,,,,,,,,,,
Wurzburger Kickers,Stuttgart,D2,2016,18/12/16,H,3,0,2,0,H,,,,,,,,,,,,
Nurnberg,Kaiserslautern,D2,2016,19/12/16,H,2,1,0,0,D,,,,,,,,,,,,
Fortuna Dusseldorf,Sandhausen,D2,2016,27/01/17,A,0,3,0,1,A,,,,,,,,,,,,
Munich 1860,Greuther Furth,D2,2016,27/01/17,H,2,1,1,1,D,,,,,,,,,,,,
Union Berlin,Bochum,D2,2016,27/01/17,H,2,1,0,1,A,,,,,,,,,,,,
Erzgebirge Aue,Heidenheim,D2,2016,28/01/17,H,2,1,0,0,D,,,,,,,,,,,,
Wurzburger Kickers,Braunschweig,D2,2016,28/01/17,D,1,1,1,0,H,,,,,,,,,,,,
Karlsruhe,Bielefeld,D2,2016,29/01/17,H,3,2,0,0,D,,,,,,,,,,,,
Nurnberg,Dresden,D2,2016,29/01/17,A,1,2,0,1,A,,,,,,,,,,,,
St Pauli,Stuttgart,D2,2016,29/01/17,A,0,1,0,0,D,,,,,,,,,,,,
Hannover,Kaiserslautern,D2,2016,30/01/17,H,1,0,0,0,D,,,,,,,,,,,,
Bielefeld,Munich 1860,D2,2016,03/02/17,H,2,1,2,1,H,,,,,,,,,,,,
Greuther Furth,Hannover,D2,2016,03/02/17,H,4,1,2,0,H,,,,,,,,,,,,
Kaiserslautern,Wurzburger Kickers,D2,2016,03/02/17,H,1,0,0,0,D,,,,,,,,,,,,
Heidenheim,Nurnberg,D2,2016,04/02/17,A,2,3,1,1,D,,,,,,,,,,,,
Sandhausen,Erzgebirge Aue,D2,2016,04/02/17,H,2,0,0,0,D,,,,,,,,,,,,
Bochum,Karlsruhe,D2,2016,05/02/17,D,1,1,0,0,D,,,,,,,,,,,,
Braunschweig,St Pauli,D2,2016,05/02/17,A,1,2,0,1,A,,,,,,,,,,,,
Dresden,Union Berlin,D2,2016,05/02/17,D,0,0,0,0,D,,,,,,,,,,,,
Stuttgart,Fortuna Dusseldorf,D2,2016,06/02/17,H,2,0,2,0,H,,,,,,,,,,,,
Erzgebirge Aue,Greuther Furth,D2,2016,10/02/17,D,0,0,0,0,D,,,,,,,,,,,,
Fortuna Dusseldorf,Kaiserslautern,D2,2016,10/02/17,D,1,1,0,0,D,,,,,,,,,,,,
Nurnberg,Braunschweig,D2,2016,10/02/17,D,1,1,0,1,A,,,,,,,,,,,,
Munich 1860,Karlsruhe,D2,2016,11/02/17,H,2,1,0,0,D,,,,,,,,,,,,
Wurzburger Kickers,Heidenheim,D2,2016,11/02/17,A,0,2,0,0,D,,,,,,,,,,,,
St Pauli,Dresden,D2,2016,12/02/17,H,2,0,1,0,H,,,,,,,,,,,,
Stuttgart,Sandhausen,D2,2016,12/02/17,H,2,1,1,0,H,,,,,,,,,,,,
Union Berlin,Bielefeld,D2,2016,12/02/17,H,3,1,1,1,D,,,,,,,,,,,,
Hannover,Bochum,D2,2016,13/02/17,H,2,1,1,1,D,,,,,,,,,,,,
Braunschweig,Erzgebirge Aue,D2,2016,17/02/17,D,1,1,1,0,H,,,,,,,,,,,,
Heidenheim,Stuttgart,D2,2016,17/02/17,A,1,2,1,1,D,,,,,,,,,,,,
Kaiserslautern,Sandhausen,D2,2016,17/02/17,H,3,0,2,0,H,,,,,,,,,,,,
Bochum,Wurzburger Kickers,D2,2016,18/02/17,H,2,1,0,1,A,,,,,,,,,,,,
Greuther Furth,Fortuna Dusseldorf,D2,2016,18/02/17,H,1,0,1,0,H,,,,,,,,,,,,
Bielefeld,St Pauli,D2,2016,19/02/17,D,1,1,0,0,D,,,,,,,,,,,,
Dresden,Hannover,D2,2016,19/02/17,A,1,2,0,0,D,,,,,,,,,,,,
Karlsruhe,Union Berlin,D2,2016,19/02/17,A,1,2,0,2,A,,,,,,,,,,,,
Munich 1860,Nurnberg,D2,2016,20/02/17,H,2,0,2,0,H,,,,,,,,,,,,
Sandhausen,Braunschweig,D2,2016,24/02/17,A,0,1,0,0,D,,,,,,,,,,,,
Union Berlin,Munich 1860,D2,2016,24/02/17,H,2,0,1,0,H,,,,,,,,,,,,
Wurzburger Kickers,Greuther Furth,D2,2016,24/02/17,D,1,1,0,0,D,,,,,,,,,,,,
Fortuna Dusseldorf,Heidenheim,D2,2016,25/02/17,D,0,0,0,0,D,,,,,,,,,,,,
Hannover,Bielefeld,D2,2016,25/02/17,D,2,2,1,2,A,,,,,,,,,,,,
Erzgebirge Aue,Dresden,D2,2016,26/02/17,A,1,4,0,4,A,,,,,,,,,,,,
Nurnberg,Bochum,D2,2016,26/02/17,A,0,1,0,1,A,,,,,,,,,,,,
Stuttgart,Kaiserslautern,D2,2016,26/02/17,H,2,0,0,0,D,,,,,,,,,,,,
St Pauli,Karlsruhe,D2,2016,27/02/17,H,5,0,1,0,H,,,,,,,,,,,,
Bochum,Fortuna Dusseldorf,D2,2016,03/03/17,A,1,2,1,0,H,,,,,,,,,,,,
Dresden,Kaiserslautern,D2,2016,03/03/17,D,3,3,2,2,D,,,,,,,,,,,,
Union Berlin,Wurzburger Kickers,D2,2016,03/03/17,H,2,0,1,0,H,,,,,,,,,,,,
Karlsruhe,Hannover,D2,2016,04/03/17,H,2,0,1,0,H,,,,,,,,,,,,
Munich 1860,St Pauli,D2,2016,04/03/17,A,1,2,1,2,A,,,,,,,,,,,,
Bielefeld,Erzgebirge Aue,D2,2016,05/03/17,D,2,2,2,0,H,,,,,,,,,,,,
Greuther Furth,Nurnberg,D2,2016,05/03/17,H,1,0,0,0,D,,,,,,,,,,,,
Heidenheim,Sandhausen,D2,2016,05/03/17,D,2,2,1,2,A,,,,,,,,,,,,
Braunschweig,Stuttgart,D2,2016,06/03/17,D,1,1,1,1,D,,,,,,,,,,,,
Erzgebirge Aue,Karlsruhe,D2,2016,10/03/17,H,1,0,1,0,H,,,,,,,,,,,,
St Pauli,Union Berlin,D2,2016,10/03/17,A,1,2,0,1,A,,,,,,,,,,,,
Stuttgart,Bochum,D2,2016,10/03/17,D,1,1,0,1,A,,,,,,,,,,,,
Hannover,Munich 1860,D2,2016,11/03/17,H,1,0,0,0,D,,,,,,,,,,,,
Wurzburger Kickers,Dresden,D2,2016,11/03/17,A,0,2,0,0,D,,,,,,,,,,,,
Kaiserslautern,Heidenheim,D2,2016,12/03/17,D,1,1,0,0,D,,,,,,,,,,,,
Nurnberg,Bielefeld,D2,2016,12/03/17,H,1,0,1,0,H,,,,,,,,,,,,
Sandhausen,Greuther Furth,D2,2016,12/03/17,D,1,1,1,0,H,,,,,,,,,,,,
Fortuna Dusseldorf,Braunschweig,D2,2016,13/03/17,A,1,2,1,0,H,,,,,,,,,,,,
Bielefeld,Kaiserslautern,D2,2016,17/03/17,H,2,0,0,0,D,,,,,,,,,,,,
Braunschweig,Heidenheim,D2,2016,17/03/17,H,3,2,1,1,D,,,,,,,,,,,,
Munich 1860,Wurzburger Kickers,D2,2016,17/03/17,H,2,1,0,0,D,,,,,,,,,,,,
Greuther Furth,Stuttgart,D2,2016,18/03/17,H,1,0,1,0,H,,,,,,,,,,,,
St Pauli,Hannover,D2,2016,18/03/17,D,0,0,0,0,D,,,,,,,,,,,,
Bochum,Erzgebirge Aue,D2,2016,19/03/17,D,1,1,0,1,A,,,,,,,,,,,,
Dresden,Sandhausen,D2,2016,19/03/17,H,2,0,1,0,H,,,,,,,,,,,,
Karlsruhe,Fortuna Dusseldorf,D2,2016,19/03/17,A,0,3,0,2,A,,,,,,,,,,,,
Union Berlin,Nurnberg,D2,2016,20/03/17,H,1,0,0,0,D,,,,,,,,,,,,
Erzgebirge Aue,St Pauli,D2,2016,31/03/17,H,1,0,1,0,H,,,,,,,,,,,,
Fortuna Dusseldorf,Munich 1860,D2,2016,31/03/17,A,0,1,0,0,D,,,,,,,,,,,,
Nurnberg,Karlsruhe,D2,2016,31/03/17,H,2,1,0,1,A,,,,,,,,,,,,
Hannover,Union Berlin,D2,2016,01/04/17,H,2,0,0,0,D,,,,,,,,,,,,
Sandhausen,Bochum,D2,2016,01/04/17,D,0,0,0,0,D,,,,,,,,,,,,
Wurzburger Kickers,Bielefeld,D2,2016,01/04/17,D,1,1,1,0,H,,,,,,,,,,,,
Heidenheim,Greuther Furth,D2,2016,02/04/17,A,0,2,0,1,A,,,,,,,,,,,,
Kaiserslautern,Braunschweig,D2,2016,02/04/17,A,0,1,0,0,D,,,,,,,,,,,,
Stuttgart,Dresden,D2,2016,02/04/17,D,3,3,1,3,A,,,,,,,,,,,,
Bielefeld,Fortuna Dusseldorf,D2,2016,04/04/17,H,2,1,1,1,D,,,,,,,,,,,,
Hannover,Nurnberg,D2,2016,04/04/17,H,1,0,0,0,D,,,,,,,,,,,,
Karlsruhe,Wurzburger Kickers,D2,2016,04/04/17,D,1,1,1,0,H,,,,,,,,,,,,
St Pauli,Sandhausen,D2,2016,04/04/17,D,0,0,0,0,D,,,,,,,,,,,,
Bochum,Kaiserslautern,D2,2016,05/04/17,D,0,0,0,0,D,,,,,,,,,,,,
Dresden,Heidenheim,D2,2016,05/04/17,H,2,1,0,0,D,,,,,,,,,,,,
Greuther Furth,Braunschweig,D2,2016,05/04/17,D,0,0,0,0,D,,,,,,,,,,,,
Munich 1860,Stuttgart,D2,2016,05/04/17,D,1,1,1,0,H,,,,,,,,,,,,
Union Berlin,Erzgebirge Aue,D2,2016,05/04/17,A,0,1,0,0,D,,,,,,,,,,,,
Nurnberg,St Pauli,D2,2016,07/04/17,A,0,2,0,0,D,,,,,,,,,,,,
Sandhausen,Bielefeld,D2,2016,07/04/17,A,1,3,0,1,A,,,,,,,,,,,,
Wurzburger Kickers,Hannover,D2,2016,07/04/17,D,0,0,0,0,D,,,,,,,,,,,,
Heidenheim,Bochum,D2,2016,08/04/17,D,0,0,0,0,D,,,,,,,,,,,,
Kaiserslautern,Greuther Furth,D2,2016,08/04/17,H,2,0,2,0,H,,,,,,,,,,,,
Erzgebirge Aue,Munich 1860,D2,2016,09/04/17,H,3,0,1,0,H,,,,,,,,,,,,
Fortuna Dusseldorf,Union Berlin,D2,2016,09/04/17,D,2,2,0,1,A,,,,,,,,,,,,
Stuttgart,Karlsruhe,D2,2016,09/04/17,H,2,0,1,0,H,,,,,,,,,,,,
Braunschweig,Dresden,D2,2016,10/04/17,H,1,0,0,0,D,,,,,,,,,,,,
Hannover,Braunschweig,D2,2016,15/04/17,H,1,0,1,0,H,,,,,,,,,,,,
Nurnberg,Erzgebirge Aue,D2,2016,15/04/17,H,2,1,1,0,H,,,,,,,,,,,,
Bochum,Greuther Furth,D2,2016,16/04/17,H,1,0,1,0,H,,,,,,,,,,,,
Dresden,Fortuna Dusseldorf,D2,2016,16/04/17,D,1,1,0,1,A,,,,,,,,,,,,
Karlsruhe,Heidenheim,D2,2016,16/04/17,A,0,1,0,0,D,,,,,,,,,,,,
Munich 1860,Sandhausen,D2,2016,16/04/17,D,1,1,1,0,H,,,,,,,,,,,,
St Pauli,Wurzburger Kickers,D2,2016,16/04/17,H,1,0,0,0,D,,,,,,,,,,,,
Union Berlin,Kaiserslautern,D2,2016,16/04/17,H,3,1,1,0,H,,,,,,,,,,,,
Bielefeld,Stuttgart,D2,2016,17/04/17,A,2,3,1,0,H,,,,,,,,,,,,
Fortuna Dusseldorf,St Pauli,D2,2016,21/04/17,A,1,3,0,0,D,,,,,,,,,,,,
Greuther Furth,Dresden,D2,2016,21/04/17,H,1,0,0,0,D,,,,,,,,,,,,
Kaiserslautern,Munich 1860,D2,2016,21/04/17,H,1,0,0,0,D,,,,,,,,,,,,
Erzgebirge Aue,Hannover,D2,2016,22/04/17,D,2,2,1,1,D,,,,,,,,,,,,
Heidenheim,Bielefeld,D2,2016,22/04/17,D,2,2,0,0,D,,,,,,,,,,,,
Braunschweig,Bochum,D2,2016,23/04/17,H,2,0,0,0,D,,,,,,,,,,,,
Sandhausen,Karlsruhe,D2,2016,23/04/17,H,4,0,2,0,H,,,,,,,,,,,,
Wurzburger Kickers,Nurnberg,D2,2016,23/04/17,D,1,1,1,0,H,,,,,,,,,,,,
Stuttgart,Union Berlin,D2,2016,24/04/17,H,3,1,2,0,H,,,,,,,,,,,,
Bochum,Dresden,D2,2016,28/04/17,H,4,2,0,2,A,,,,,,,,,,,,
St Pauli,Heidenheim,D2,2016,28/04/17,H,3,0,0,0,D,,,,,,,,,,,,
Union Berlin,Sandhausen,D2,2016,28/04/17,H,2,1,1,0,H,,,,,,,,,,,,
Bielefeld,Greuther Furth,D2,2016,29/04/17,D,1,1,0,0,D,,,,,,,,,,,,
Karlsruhe,Kaiserslautern,D2,2016,29/04/17,A,1,3,1,1,D,,,,,,,,,,,,
Nurnberg,Stuttgart,D2,2016,29/04/17,A,2,3,2,0,H,,,,,,,,,,,,
Erzgebirge Aue,Wurzburger Kickers,D2,2016,30/04/17,H,3,1,3,0,H,,,,,,,,,,,,
Hannover,Fortuna Dusseldorf,D2,2016,30/04/17,H,1,0,1,0,H,,,,,,,,,,,,
Munich 1860,Braunschweig,D2,2016,30/04/17,A,0,1,0,0,D,,,,,,,,,,,,
Dresden,Munich 1860,D2,2016,05/05/17,A,1,2,0,1,A,,,,,,,,,,,,
Heidenheim,Hannover,D2,2016,05/05/17,A,0,2,0,2,A,,,,,,,,,,,,
Kaiserslautern,St Pauli,D2,2016,05/05/17,A,1,2,0,0,D,,,,,,,,,,,,
Fortuna Dusseldorf,Wurzburger Kickers,D2,2016,06/05/17,D,1,1,0,0,D,,,,,,,,,,,,
Sandhausen,Nurnberg,D2,2016,06/05/17,A,0,1,0,0,D,,,,,,,,,,,,
Bochum,Bielefeld,D2,2016,07/05/17,D,1,1,0,1,A,,,,,,,,,,,,
Greuther Furth,Karlsruhe,D2,2016,07/05/17,A,0,1,0,0,D,,,,,,,,,,,,
Stuttgart,Erzgebirge Aue,D2,2016,07/05/17,H,3,0,1,0,H,,,,,,,,,,,,
Braunschweig,Union Berlin,D2,2016,08/05/17,H,3,1,1,0,H,,,,,,,,,,,,
Bielefeld,Braunschweig,D2,2016,14/05/17,H,6,0,2,0,H,,,,,,,,,,,,
Erzgebirge Aue,Kaiserslautern,D2,2016,14/05/17,H,1,0,0,0,D,,,,,,,,,,,,
Hannover,Stuttgart,D2,2016,14/05/17,H,1,0,1,0,H,,,,,,,,,,,,
Karlsruhe,Dresden,D2,2016,14/05/17,A,3,4,1,3,A,,,,,,,,,,,,
Munich 1860,Bochum,D2,2016,14/05/17,A,1,2,1,1,D,,,,,,,,,,,,
Nurnberg,Fortuna Dusseldorf,D2,2016,14/05/17,A,2,3,1,1,D,,,,,,,,,,,,
St Pauli,Greuther Furth,D2,2016,14/05/17,D,1,1,0,1,A,,,,,,,,,,,,
Union Berlin,Heidenheim,D2,2016,14/05/17,A,0,1,0,0,D,,,,,,,,,,,,
Wurzburger Kickers,Sandhausen,D2,2016,14/05/17,A,0,1,0,1,A,,,,,,,,,,,,
Bochum,St Pauli,D2,2016,21/05/17,A,1,3,1,1,D,,,,,,,,,,,,
Braunschweig,Karlsruhe,D2,2016,21/05/17,H,2,1,2,1,H,,,,,,,,,,,,
Dresden,Bielefeld,D2,2016,21/05/17,D,1,1,0,0,D,,,,,,,,,,,,
Fortuna Dusseldorf,Erzgebirge Aue,D2,2016,21/05/17,H,1,0,1,0,H,,,,,,,,,,,,
Greuther Furth,Union Berlin,D2,2016,21/05/17,A,1,2,0,1,A,,,,,,,,,,,,
Heidenheim,Munich 1860,D2,2016,21/05/17,H,2,1,0,0,D,,,,,,,,,,,,
Kaiserslautern,Nurnberg,D2,2016,21/05/17,H,1,0,1,0,H,,,,,,,,,,,,
Sandhausen,Hannover,D2,2016,21/05/17,D,1,1,0,0,D,,,,,,,,,,,,
Stuttgart,Wurzburger Kickers,D2,2016,21/05/17,H,4,1,1,0,H,,,,,,,,,,,,
Bochum,St Pauli,D2,2017,28/07/17,A,0,1,0,0,D,17.0,16.0,5.0,7.0,8.0,2.0,12.0,10.0,1.0,1.0,0.0,0.0
Bielefeld,Regensburg,D2,2017,29/07/17,H,2,1,1,1,D,19.0,14.0,5.0,3.0,7.0,4.0,13.0,12.0,3.0,3.0,1.0,0.0
Darmstadt,Greuther Furth,D2,2017,29/07/17,H,1,0,0,0,D,10.0,10.0,5.0,1.0,2.0,5.0,13.0,21.0,1.0,4.0,0.0,0.0
Ingolstadt,Union Berlin,D2,2017,29/07/17,A,0,1,0,0,D,13.0,13.0,4.0,3.0,3.0,3.0,13.0,17.0,0.0,3.0,0.0,0.0
Dresden,Duisburg,D2,2017,30/07/17,H,1,0,0,0,D,18.0,15.0,8.0,3.0,7.0,3.0,10.0,17.0,1.0,4.0,0.0,1.0
Holstein Kiel,Sandhausen,D2,2017,30/07/17,D,2,2,0,2,A,20.0,8.0,3.0,4.0,12.0,2.0,18.0,20.0,2.0,3.0,0.0,0.0
Nurnberg,Kaiserslautern,D2,2017,30/07/17,H,3,0,2,0,H,12.0,14.0,3.0,3.0,5.0,3.0,11.0,14.0,0.0,3.0,0.0,0.0
Fortuna Dusseldorf,Braunschweig,D2,2017,31/07/17,D,2,2,1,1,D,14.0,13.0,4.0,10.0,5.0,5.0,19.0,17.0,2.0,4.0,0.0,1.0
Kaiserslautern,Darmstadt,D2,2017,04/08/17,D,1,1,1,0,H,7.0,10.0,2.0,5.0,3.0,3.0,18.0,11.0,3.0,1.0,0.0,0.0
Sandhausen,Ingolstadt,D2,2017,04/08/17,H,1,0,0,0,D,9.0,11.0,3.0,4.0,3.0,4.0,17.0,15.0,2.0,2.0,0.0,0.0
Union Berlin,Holstein Kiel,D2,2017,04/08/17,H,4,3,3,3,D,15.0,11.0,8.0,6.0,3.0,0.0,16.0,15.0,2.0,2.0,0.0,0.0
Braunschweig,Heidenheim,D2,2017,05/08/17,H,2,0,1,0,H,8.0,12.0,2.0,3.0,2.0,6.0,11.0,19.0,0.0,2.0,0.0,0.0
Duisburg,Bochum,D2,2017,05/08/17,D,1,1,1,0,H,12.0,17.0,5.0,3.0,2.0,7.0,12.0,13.0,2.0,2.0,0.0,0.0
Erzgebirge Aue,Fortuna Dusseldorf,D2,2017,06/08/17,A,0,2,0,1,A,19.0,5.0,4.0,2.0,9.0,2.0,17.0,18.0,5.0,2.0,0.0,0.0
Greuther Furth,Bielefeld,D2,2017,06/08/17,A,1,2,0,2,A,18.0,8.0,7.0,4.0,6.0,4.0,17.0,12.0,0.0,1.0,0.0,0.0
Regensburg,Nurnberg,D2,2017,06/08/17,A,0,1,0,0,D,9.0,16.0,1.0,4.0,4.0,7.0,12.0,16.0,2.0,2.0,0.0,0.0
St Pauli,Dresden,D2,2017,07/08/17,D,2,2,1,1,D,12.0,11.0,5.0,4.0,5.0,3.0,10.0,15.0,1.0,3.0,0.0,0.0
Heidenheim,Erzgebirge Aue,D2,2017,09/08/17,H,2,1,1,1,D,9.0,14.0,2.0,5.0,1.0,4.0,20.0,17.0,2.0,3.0,0.0,1.0
Braunschweig,Erzgebirge Aue,D2,2017,18/08/17,D,1,1,1,1,D,10.0,12.0,6.0,7.0,3.0,4.0,15.0,14.0,2.0,4.0,0.0,0.0
Darmstadt,St Pauli,D2,2017,18/08/17,H,3,0,1,0,H,17.0,13.0,8.0,6.0,6.0,9.0,11.0,13.0,2.0,1.0,0.0,0.0
Dresden,Sandhausen,D2,2017,19/08/17,A,0,4,0,1,A,10.0,12.0,1.0,6.0,4.0,3.0,15.0,24.0,3.0,0.0,0.0,0.0
Fortuna Dusseldorf,Kaiserslautern,D2,2017,19/08/17,H,2,0,1,0,H,20.0,10.0,8.0,1.0,10.0,4.0,10.0,18.0,3.0,3.0,0.0,0.0
Heidenheim,Duisburg,D2,2017,19/08/17,A,1,2,0,0,D,16.0,18.0,7.0,6.0,2.0,6.0,11.0,16.0,2.0,3.0,0.0,0.0
Holstein Kiel,Greuther Furth,D2,2017,20/08/17,H,3,1,2,1,H,18.0,13.0,8.0,5.0,4.0,3.0,15.0,14.0,3.0,2.0,0.0,0.0
Ingolstadt,Regensburg,D2,2017,20/08/17,A,2,4,0,1,A,19.0,19.0,8.0,11.0,6.0,5.0,16.0,20.0,3.0,2.0,0.0,0.0
Nurnberg,Union Berlin,D2,2017,20/08/17,D,2,2,0,0,D,18.0,11.0,6.0,4.0,6.0,5.0,17.0,19.0,1.0,1.0,0.0,1.0
Bielefeld,Bochum,D2,2017,21/08/17,H,2,0,2,0,H,12.0,23.0,6.0,5.0,2.0,8.0,19.0,4.0,2.0,1.0,0.0,0.0
Duisburg,Darmstadt,D2,2017,25/08/17,A,1,2,1,1,D,12.0,9.0,4.0,6.0,4.0,2.0,17.0,13.0,2.0,1.0,0.0,0.0
Greuther Furth,Ingolstadt,D2,2017,25/08/17,A,0,1,0,0,D,13.0,7.0,2.0,2.0,4.0,6.0,12.0,12.0,3.0,1.0,1.0,0.0
Erzgebirge Aue,Nurnberg,D2,2017,26/08/17,H,3,1,0,0,D,17.0,11.0,10.0,6.0,7.0,4.0,12.0,15.0,3.0,2.0,0.0,0.0
Regensburg,Holstein Kiel,D2,2017,26/08/17,A,1,2,1,2,A,14.0,18.0,2.0,7.0,2.0,5.0,18.0,22.0,4.0,3.0,0.0,0.0
St Pauli,Heidenheim,D2,2017,26/08/17,H,1,0,0,0,D,13.0,10.0,4.0,1.0,11.0,3.0,10.0,14.0,0.0,3.0,0.0,0.0
Bochum,Dresden,D2,2017,27/08/17,H,3,2,2,1,H,10.0,15.0,5.0,5.0,3.0,8.0,14.0,15.0,3.0,4.0,0.0,0.0
Sandhausen,Fortuna Dusseldorf,D2,2017,27/08/17,A,1,2,1,0,H,12.0,10.0,3.0,5.0,2.0,2.0,23.0,24.0,3.0,4.0,0.0,0.0
Union Berlin,Bielefeld,D2,2017,27/08/17,D,1,1,0,0,D,22.0,13.0,8.0,2.0,6.0,4.0,12.0,18.0,1.0,3.0,0.0,0.0
Kaiserslautern,Braunschweig,D2,2017,28/08/17,D,1,1,0,1,A,15.0,12.0,4.0,4.0,6.0,7.0,20.0,23.0,3.0,4.0,0.0,0.0
Dresden,Greuther Furth,D2,2017,08/09/17,D,1,1,1,0,H,14.0,14.0,4.0,6.0,4.0,2.0,12.0,17.0,1.0,3.0,0.0,0.0
Heidenheim,Regensburg,D2,2017,08/09/17,A,1,3,0,0,D,11.0,20.0,5.0,5.0,1.0,8.0,13.0,15.0,2.0,1.0,0.0,0.0
Bielefeld,Duisburg,D2,2017,09/09/17,A,0,4,0,1,A,13.0,14.0,3.0,9.0,2.0,2.0,10.0,10.0,1.0,3.0,0.0,0.0
Holstein Kiel,Kaiserslautern,D2,2017,09/09/17,H,2,1,1,0,H,10.0,13.0,5.0,3.0,7.0,2.0,14.0,12.0,3.0,2.0,0.0,0.0
Ingolstadt,Erzgebirge Aue,D2,2017,09/09/17,A,1,2,0,1,A,31.0,7.0,3.0,4.0,15.0,2.0,14.0,22.0,2.0,3.0,0.0,0.0
Braunschweig,Sandhausen,D2,2017,10/09/17,D,1,1,0,0,D,18.0,7.0,6.0,4.0,7.0,7.0,17.0,22.0,2.0,1.0,0.0,0.0
Darmstadt,Bochum,D2,2017,10/09/17,A,1,2,1,0,H,14.0,9.0,5.0,4.0,3.0,6.0,16.0,15.0,1.0,1.0,0.0,0.0
Fortuna Dusseldorf,Union Berlin,D2,2017,10/09/17,H,3,2,1,0,H,17.0,6.0,6.0,4.0,7.0,7.0,16.0,22.0,2.0,3.0,0.0,0.0
Nurnberg,St Pauli,D2,2017,11/09/17,A,0,1,0,0,D,13.0,8.0,3.0,2.0,6.0,3.0,10.0,6.0,2.0,2.0,0.0,0.0
Erzgebirge Aue,Holstein Kiel,D2,2017,15/09/17,A,0,3,0,2,A,13.0,12.0,3.0,6.0,4.0,4.0,10.0,24.0,3.0,2.0,0.0,0.0
Union Berlin,Braunschweig,D2,2017,15/09/17,D,1,1,0,0,D,22.0,15.0,6.0,4.0,5.0,3.0,11.0,9.0,2.0,2.0,0.0,0.0
Duisburg,Nurnberg,D2,2017,16/09/17,A,1,6,0,2,A,21.0,15.0,10.0,9.0,9.0,5.0,11.0,10.0,3.0,0.0,0.0,0.0
Sandhausen,Kaiserslautern,D2,2017,16/09/17,H,1,0,0,0,D,14.0,9.0,5.0,2.0,2.0,5.0,17.0,20.0,2.0,2.0,0.0,0.0
St Pauli,Ingolstadt,D2,2017,16/09/17,A,0,4,0,4,A,6.0,19.0,3.0,7.0,5.0,4.0,12.0,21.0,0.0,5.0,0.0,0.0
Bochum,Heidenheim,D2,2017,17/09/17,A,1,2,1,1,D,17.0,16.0,4.0,4.0,5.0,8.0,11.0,17.0,2.0,2.0,0.0,0.0
Darmstadt,Bielefeld,D2,2017,17/09/17,H,4,3,1,2,A,12.0,16.0,4.0,4.0,4.0,4.0,13.0,10.0,1.0,2.0,0.0,0.0
Greuther Furth,Fortuna Dusseldorf,D2,2017,17/09/17,H,3,1,2,0,H,24.0,7.0,9.0,3.0,10.0,3.0,16.0,18.0,3.0,2.0,0.0,0.0
Regensburg,Dresden,D2,2017,17/09/17,A,0,2,0,0,D,9.0,12.0,1.0,5.0,9.0,1.0,16.0,19.0,2.0,2.0,0.0,0.0
Holstein Kiel,St Pauli,D2,2017,19/09/17,A,0,1,0,1,A,14.0,7.0,4.0,4.0,6.0,1.0,12.0,10.0,4.0,4.0,1.0,0.0
Ingolstadt,Duisburg,D2,2017,19/09/17,D,2,2,1,1,D,18.0,11.0,6.0,5.0,10.0,3.0,11.0,10.0,1.0,1.0,0.0,0.0
Kaiserslautern,Erzgebirge Aue,D2,2017,19/09/17,A,0,2,0,1,A,15.0,16.0,3.0,7.0,4.0,2.0,14.0,14.0,1.0,2.0,0.0,0.0
Sandhausen,Union Berlin,D2,2017,19/09/17,H,1,0,0,0,D,8.0,8.0,3.0,2.0,4.0,5.0,11.0,16.0,1.0,2.0,0.0,0.0
Braunschweig,Greuther Furth,D2,2017,20/09/17,H,3,0,2,0,H,10.0,18.0,6.0,7.0,5.0,1.0,17.0,15.0,1.0,1.0,0.0,0.0
Dresden,Bielefeld,D2,2017,20/09/17,A,0,2,0,0,D,12.0,12.0,7.0,3.0,4.0,3.0,7.0,19.0,0.0,1.0,0.0,0.0
Fortuna Dusseldorf,Regensburg,D2,2017,20/09/17,H,1,0,0,0,D,13.0,16.0,5.0,4.0,3.0,4.0,19.0,17.0,3.0,2.0,0.0,0.0
Heidenheim,Darmstadt,D2,2017,20/09/17,D,2,2,1,1,D,12.0,11.0,4.0,4.0,3.0,6.0,17.0,17.0,2.0,5.0,0.0,0.0
Nurnberg,Bochum,D2,2017,21/09/17,H,3,1,1,1,D,13.0,10.0,5.0,5.0,4.0,4.0,13.0,11.0,0.0,2.0,0.0,0.0
Duisburg,Holstein Kiel,D2,2017,22/09/17,A,1,3,0,1,A,18.0,17.0,8.0,5.0,6.0,5.0,15.0,21.0,3.0,3.0,0.0,0.0
Erzgebirge Aue,Sandhausen,D2,2017,22/09/17,H,1,0,1,0,H,8.0,13.0,2.0,5.0,3.0,2.0,12.0,19.0,1.0,2.0,0.0,0.0
Bielefeld,Heidenheim,D2,2017,23/09/17,D,1,1,0,0,D,20.0,9.0,3.0,2.0,8.0,4.0,15.0,14.0,1.0,1.0,0.0,0.0
Regensburg,Braunschweig,D2,2017,23/09/17,H,2,1,0,1,A,30.0,8.0,6.0,4.0,11.0,4.0,18.0,16.0,4.0,4.0,0.0,3.0
St Pauli,Fortuna Dusseldorf,D2,2017,23/09/17,A,1,2,1,2,A,15.0,9.0,6.0,3.0,6.0,3.0,16.0,12.0,1.0,0.0,0.0,0.0
Bochum,Ingolstadt,D2,2017,24/09/17,H,2,0,2,0,H,16.0,15.0,6.0,3.0,5.0,4.0,17.0,25.0,2.0,4.0,0.0,0.0
Darmstadt,Dresden,D2,2017,24/09/17,D,3,3,1,2,A,18.0,6.0,6.0,4.0,10.0,6.0,17.0,17.0,3.0,4.0,0.0,0.0
Greuther Furth,Nurnberg,D2,2017,24/09/17,A,1,3,0,1,A,20.0,14.0,7.0,7.0,10.0,4.0,14.0,15.0,2.0,2.0,0.0,0.0
Union Berlin,Kaiserslautern,D2,2017,25/09/17,H,5,0,4,0,H,22.0,10.0,11.0,2.0,5.0,6.0,15.0,22.0,2.0,4.0,0.0,0.0
Ingolstadt,Darmstadt,D2,2017,29/09/17,H,3,0,1,0,H,21.0,5.0,5.0,2.0,7.0,5.0,18.0,15.0,2.0,3.0,0.0,0.0
Kaiserslautern,Greuther Furth,D2,2017,29/09/17,H,3,0,0,0,D,13.0,6.0,4.0,2.0,1.0,5.0,12.0,20.0,0.0,3.0,0.0,0.0
Erzgebirge Aue,Union Berlin,D2,2017,30/09/17,A,1,2,0,0,D,15.0,7.0,4.0,2.0,6.0,4.0,6.0,17.0,0.0,1.0,0.0,0.0
Holstein Kiel,Bochum,D2,2017,30/09/17,H,3,0,2,0,H,25.0,4.0,8.0,0.0,9.0,1.0,16.0,11.0,0.0,4.0,0.0,1.0
Nurnberg,Bielefeld,D2,2017,30/09/17,A,1,2,0,0,D,17.0,12.0,4.0,5.0,6.0,2.0,6.0,9.0,1.0,1.0,0.0,0.0
Braunschweig,St Pauli,D2,2017,01/10/17,A,0,2,0,0,D,24.0,18.0,9.0,6.0,11.0,2.0,10.0,10.0,0.0,0.0,0.0,0.0
Heidenheim,Dresden,D2,2017,01/10/17,A,0,2,0,1,A,12.0,11.0,2.0,3.0,5.0,5.0,16.0,27.0,4.0,2.0,0.0,0.0
Sandhausen,Regensburg,D2,2017,01/10/17,H,2,0,0,0,D,9.0,19.0,2.0,2.0,1.0,4.0,19.0,18.0,4.0,4.0,0.0,1.0
Fortuna Dusseldorf,Duisburg,D2,2017,02/10/17,H,3,1,2,0,H,15.0,27.0,7.0,7.0,2.0,9.0,17.0,13.0,4.0,2.0,0.0,0.0
Duisburg,Braunschweig,D2,2017,13/10/17,D,0,0,0,0,D,11.0,11.0,4.0,3.0,3.0,3.0,9.0,14.0,2.0,1.0,0.0,0.0
St Pauli,Kaiserslautern,D2,2017,13/10/17,D,1,1,0,0,D,5.0,7.0,2.0,1.0,4.0,3.0,9.0,24.0,0.0,1.0,0.0,0.0
Bielefeld,Fortuna Dusseldorf,D2,2017,14/10/17,A,0,2,0,1,A,14.0,19.0,3.0,11.0,5.0,4.0,17.0,9.0,1.0,0.0,0.0,0.0
Bochum,Sandhausen,D2,2017,14/10/17,H,2,0,1,0,H,8.0,7.0,3.0,1.0,4.0,6.0,11.0,15.0,2.0,3.0,0.0,0.0
Dresden,Ingolstadt,D2,2017,14/10/17,D,2,2,1,2,A,12.0,14.0,4.0,3.0,6.0,4.0,17.0,16.0,1.0,4.0,0.0,0.0
Greuther Furth,Erzgebirge Aue,D2,2017,15/10/17,H,2,1,1,0,H,17.0,8.0,4.0,5.0,3.0,2.0,23.0,15.0,3.0,4.0,0.0,0.0
Heidenheim,Holstein Kiel,D2,2017,15/10/17,A,3,5,1,2,A,10.0,28.0,4.0,14.0,4.0,10.0,13.0,9.0,3.0,3.0,1.0,0.0
Regensburg,Union Berlin,D2,2017,15/10/17,A,0,2,0,1,A,19.0,14.0,5.0,6.0,12.0,3.0,15.0,12.0,3.0,2.0,0.0,0.0
Darmstadt,Nurnberg,D2,2017,16/10/17,A,3,4,1,1,D,14.0,14.0,3.0,5.0,4.0,3.0,11.0,15.0,1.0,1.0,0.0,0.0
Fortuna Dusseldorf,Darmstadt,D2,2017,20/10/17,H,1,0,1,0,H,15.0,11.0,4.0,1.0,7.0,3.0,10.0,17.0,3.0,4.0,0.0,0.0
Ingolstadt,Heidenheim,D2,2017,20/10/17,H,3,0,1,0,H,15.0,3.0,8.0,1.0,7.0,2.0,14.0,19.0,0.0,1.0,0.0,0.0
Braunschweig,Bochum,D2,2017,21/10/17,H,1,0,1,0,H,7.0,16.0,2.0,5.0,2.0,7.0,16.0,15.0,0.0,3.0,0.0,0.0
Holstein Kiel,Bielefeld,D2,2017,21/10/17,H,2,1,0,0,D,10.0,11.0,4.0,3.0,4.0,6.0,13.0,15.0,4.0,3.0,0.0,0.0
Union Berlin,Greuther Furth,D2,2017,21/10/17,H,3,1,2,0,H,17.0,12.0,11.0,1.0,4.0,4.0,13.0,15.0,0.0,1.0,0.0,0.0
Erzgebirge Aue,Regensburg,D2,2017,22/10/17,H,1,0,0,0,D,5.0,15.0,4.0,5.0,3.0,9.0,14.0,20.0,3.0,3.0,1.0,0.0
Kaiserslautern,Duisburg,D2,2017,22/10/17,A,0,1,0,0,D,11.0,11.0,3.0,5.0,5.0,6.0,16.0,17.0,3.0,4.0,0.0,0.0
Nurnberg,Dresden,D2,2017,22/10/17,H,2,1,1,0,H,11.0,22.0,5.0,2.0,4.0,9.0,11.0,10.0,2.0,3.0,0.0,1.0
Sandhausen,St Pauli,D2,2017,23/10/17,D,1,1,0,0,D,18.0,15.0,3.0,3.0,5.0,4.0,15.0,11.0,1.0,2.0,0.0,0.0
Bielefeld,Ingolstadt,D2,2017,27/10/17,A,1,3,1,2,A,16.0,12.0,2.0,8.0,10.0,5.0,12.0,6.0,3.0,4.0,1.0,1.0
St Pauli,Erzgebirge Aue,D2,2017,27/10/17,D,1,1,1,0,H,12.0,12.0,6.0,4.0,7.0,7.0,12.0,17.0,1.0,3.0,0.0,0.0
Darmstadt,Holstein Kiel,D2,2017,28/10/17,D,1,1,1,1,D,11.0,15.0,5.0,7.0,4.0,4.0,15.0,13.0,1.0,3.0,0.0,0.0
Greuther Furth,Sandhausen,D2,2017,28/10/17,H,2,1,1,0,H,13.0,12.0,5.0,3.0,4.0,2.0,16.0,16.0,2.0,2.0,0.0,0.0
Regensburg,Kaiserslautern,D2,2017,28/10/17,H,3,1,2,1,H,23.0,5.0,8.0,3.0,7.0,2.0,17.0,15.0,2.0,0.0,0.0,0.0
Dresden,Braunschweig,D2,2017,29/10/17,D,1,1,1,0,H,12.0,12.0,4.0,7.0,1.0,3.0,9.0,14.0,1.0,4.0,0.0,0.0
Duisburg,Union Berlin,D2,2017,29/10/17,D,1,1,0,0,D,10.0,11.0,3.0,3.0,2.0,2.0,10.0,20.0,2.0,2.0,0.0,0.0
Heidenheim,Nurnberg,D2,2017,29/10/17,H,1,0,0,0,D,15.0,14.0,5.0,5.0,7.0,4.0,12.0,13.0,4.0,2.0,0.0,0.0
Bochum,Fortuna Dusseldorf,D2,2017,30/10/17,D,0,0,0,0,D,9.0,15.0,5.0,3.0,3.0,6.0,22.0,11.0,2.0,2.0,1.0,0.0
Kaiserslautern,Bochum,D2,2017,03/11/17,D,0,0,0,0,D,12.0,3.0,2.0,1.0,7.0,1.0,11.0,16.0,3.0,3.0,0.0,0.0
Sandhausen,Duisburg,D2,2017,03/11/17,A,0,1,0,1,A,22.0,5.0,7.0,1.0,5.0,2.0,15.0,16.0,2.0,2.0,0.0,0.0
Braunschweig,Darmstadt,D2,2017,04/11/17,D,2,2,1,1,D,16.0,7.0,5.0,3.0,8.0,3.0,13.0,13.0,2.0,2.0,0.0,0.0
Regensburg,Greuther Furth,D2,2017,04/11/17,H,3,2,2,1,H,20.0,7.0,5.0,3.0,8.0,6.0,10.0,17.0,1.0,1.0,0.0,0.0
Union Berlin,St Pauli,D2,2017,04/11/17,H,1,0,0,0,D,16.0,11.0,3.0,2.0,4.0,5.0,14.0,13.0,1.0,1.0,0.0,0.0
Erzgebirge Aue,Bielefeld,D2,2017,05/11/17,D,1,1,1,0,H,10.0,19.0,6.0,7.0,2.0,10.0,10.0,15.0,2.0,4.0,0.0,0.0
Fortuna Dusseldorf,Heidenheim,D2,2017,05/11/17,D,2,2,0,0,D,13.0,13.0,4.0,4.0,3.0,4.0,15.0,19.0,6.0,4.0,1.0,0.0
Holstein Kiel,Dresden,D2,2017,05/11/17,H,3,0,1,0,H,19.0,10.0,9.0,6.0,5.0,3.0,14.0,13.0,1.0,1.0,0.0,0.0
Nurnberg,Ingolstadt,D2,2017,06/11/17,A,1,2,1,1,D,10.0,16.0,4.0,6.0,2.0,3.0,9.0,13.0,0.0,0.0,0.0,0.0
Bielefeld,Braunschweig,D2,2017,17/11/17,D,2,2,1,0,H,20.0,11.0,6.0,5.0,10.0,8.0,22.0,17.0,2.0,2.0,0.0,0.0
Darmstadt,Sandhausen,D2,2017,17/11/17,A,1,2,0,1,A,5.0,5.0,1.0,3.0,5.0,3.0,20.0,14.0,6.0,2.0,0.0,0.0
Bochum,Greuther Furth,D2,2017,18/11/17,D,1,1,1,1,D,8.0,12.0,3.0,3.0,5.0,3.0,14.0,24.0,1.0,4.0,0.0,0.0
Heidenheim,Union Berlin,D2,2017,18/11/17,H,4,3,1,0,H,20.0,14.0,11.0,9.0,8.0,3.0,15.0,11.0,2.0,2.0,0.0,0.0
Nurnberg,Holstein Kiel,D2,2017,18/11/17,D,2,2,0,0,D,18.0,10.0,6.0,4.0,4.0,6.0,12.0,17.0,1.0,2.0,0.0,0.0
Duisburg,Erzgebirge Aue,D2,2017,19/11/17,H,3,0,0,0,D,18.0,8.0,9.0,2.0,5.0,4.0,15.0,14.0,1.0,3.0,0.0,0.0
Ingolstadt,Fortuna Dusseldorf,D2,2017,19/11/17,H,1,0,1,0,H,16.0,10.0,5.0,3.0,5.0,7.0,21.0,13.0,5.0,3.0,0.0,0.0
St Pauli,Regensburg,D2,2017,19/11/17,D,2,2,2,2,D,15.0,11.0,5.0,2.0,4.0,8.0,11.0,26.0,2.0,5.0,0.0,0.0
Dresden,Kaiserslautern,D2,2017,20/11/17,A,1,2,1,0,H,16.0,8.0,6.0,4.0,3.0,3.0,10.0,13.0,1.0,1.0,0.0,0.0
Sandhausen,Heidenheim,D2,2017,24/11/17,A,1,2,1,0,H,22.0,16.0,7.0,3.0,6.0,9.0,22.0,14.0,1.0,1.0,0.0,0.0
Union Berlin,Darmstadt,D2,2017,24/11/17,D,3,3,1,0,H,11.0,9.0,6.0,7.0,5.0,2.0,17.0,18.0,2.0,4.0,0.0,0.0
Braunschweig,Nurnberg,D2,2017,25/11/17,A,2,3,1,1,D,15.0,14.0,7.0,6.0,6.0,4.0,9.0,13.0,2.0,5.0,0.0,0.0
Holstein Kiel,Ingolstadt,D2,2017,25/11/17,D,0,0,0,0,D,6.0,17.0,0.0,7.0,2.0,9.0,13.0,15.0,1.0,2.0,0.0,0.0
Regensburg,Duisburg,D2,2017,25/11/17,H,4,0,3,0,H,13.0,10.0,6.0,5.0,3.0,2.0,17.0,11.0,2.0,2.0,0.0,0.0
Erzgebirge Aue,Bochum,D2,2017,26/11/17,D,1,1,1,1,D,17.0,11.0,7.0,4.0,3.0,2.0,12.0,16.0,1.0,3.0,0.0,0.0
Greuther Furth,St Pauli,D2,2017,26/11/17,H,4,0,2,0,H,18.0,9.0,8.0,4.0,3.0,3.0,12.0,15.0,2.0,5.0,0.0,1.0
Kaiserslautern,Bielefeld,D2,2017,26/11/17,A,0,2,0,1,A,7.0,13.0,2.0,5.0,8.0,5.0,19.0,15.0,2.0,1.0,0.0,0.0
Fortuna Dusseldorf,Dresden,D2,2017,27/11/17,A,1,3,1,3,A,9.0,13.0,4.0,6.0,2.0,2.0,14.0,15.0,2.0,1.0,0.0,0.0
Bielefeld,St Pauli,D2,2017,01/12/17,H,5,0,1,0,H,15.0,11.0,7.0,2.0,4.0,1.0,12.0,11.0,1.0,1.0,0.0,0.0
Heidenheim,Kaiserslautern,D2,2017,01/12/17,H,3,2,0,0,D,14.0,15.0,6.0,5.0,5.0,7.0,12.0,21.0,2.0,3.0,0.0,1.0
Duisburg,Greuther Furth,D2,2017,02/12/17,H,2,0,2,0,H,9.0,19.0,6.0,5.0,5.0,1.0,11.0,10.0,2.0,3.0,0.0,0.0
Holstein Kiel,Fortuna Dusseldorf,D2,2017,02/12/17,D,2,2,0,1,A,21.0,12.0,8.0,9.0,5.0,1.0,16.0,15.0,1.0,2.0,0.0,0.0
Nurnberg,Sandhausen,D2,2017,02/12/17,H,1,0,0,0,D,22.0,11.0,9.0,2.0,7.0,1.0,17.0,16.0,2.0,3.0,0.0,0.0
Bochum,Union Berlin,D2,2017,03/12/17,H,2,1,1,1,D,20.0,9.0,9.0,2.0,5.0,0.0,16.0,14.0,2.0,2.0,0.0,0.0
Darmstadt,Regensburg,D2,2017,03/12/17,A,0,1,0,0,D,9.0,12.0,3.0,5.0,2.0,5.0,20.0,16.0,2.0,1.0,0.0,0.0
Dresden,Erzgebirge Aue,D2,2017,03/12/17,H,4,0,2,0,H,12.0,7.0,8.0,1.0,9.0,3.0,11.0,9.0,2.0,2.0,0.0,0.0
Ingolstadt,Braunschweig,D2,2017,04/12/17,A,0,2,0,0,D,28.0,7.0,3.0,3.0,7.0,2.0,12.0,13.0,2.0,4.0,0.0,0.0
Braunschweig,Holstein Kiel,D2,2017,08/12/17,D,0,0,0,0,D,5.0,14.0,2.0,3.0,3.0,7.0,10.0,17.0,1.0,3.0,0.0,0.0
Erzgebirge Aue,Darmstadt,D2,2017,08/12/17,H,1,0,1,0,H,15.0,13.0,5.0,3.0,8.0,5.0,19.0,15.0,0.0,4.0,0.0,0.0
Greuther Furth,Heidenheim,D2,2017,09/12/17,H,1,0,1,0,H,15.0,12.0,8.0,4.0,5.0,8.0,14.0,13.0,3.0,3.0,0.0,0.0
Regensburg,Bochum,D2,2017,09/12/17,A,0,1,0,1,A,23.0,8.0,5.0,5.0,8.0,0.0,13.0,18.0,1.0,3.0,0.0,0.0
Union Berlin,Dresden,D2,2017,09/12/17,A,0,1,0,0,D,15.0,15.0,2.0,2.0,7.0,8.0,14.0,12.0,1.0,2.0,0.0,0.0
Kaiserslautern,Ingolstadt,D2,2017,10/12/17,D,1,1,1,0,H,3.0,19.0,2.0,5.0,2.0,11.0,21.0,10.0,4.0,2.0,1.0,0.0
Sandhausen,Bielefeld,D2,2017,10/12/17,H,3,1,1,0,H,10.0,17.0,6.0,6.0,7.0,6.0,19.0,21.0,1.0,2.0,0.0,0.0
St Pauli,Duisburg,D2,2017,10/12/17,D,2,2,0,1,A,12.0,15.0,3.0,5.0,1.0,4.0,17.0,18.0,4.0,4.0,1.0,0.0
Fortuna Dusseldorf,Nurnberg,D2,2017,11/12/17,A,0,2,0,0,D,14.0,17.0,4.0,7.0,5.0,5.0,14.0,22.0,1.0,5.0,0.0,0.0
Braunschweig,Fortuna Dusseldorf,D2,2017,15/12/17,A,0,1,0,1,A,19.0,9.0,6.0,3.0,3.0,3.0,15.0,10.0,2.0,4.0,0.0,0.0
Union Berlin,Ingolstadt,D2,2017,15/12/17,A,1,2,0,0,D,14.0,11.0,4.0,3.0,8.0,5.0,15.0,11.0,2.0,2.0,0.0,0.0
Erzgebirge Aue,Heidenheim,D2,2017,16/12/17,D,1,1,1,0,H,7.0,16.0,1.0,3.0,2.0,8.0,6.0,16.0,1.0,4.0,0.0,0.0
Kaiserslautern,Nurnberg,D2,2017,16/12/17,D,1,1,0,1,A,7.0,14.0,1.0,6.0,4.0,7.0,17.0,14.0,2.0,1.0,0.0,0.0
Regensburg,Bielefeld,D2,2017,16/12/17,H,3,2,2,1,H,15.0,14.0,6.0,6.0,4.0,3.0,12.0,11.0,2.0,2.0,0.0,0.0
Duisburg,Dresden,D2,2017,17/12/17,H,2,0,1,0,H,13.0,10.0,5.0,2.0,7.0,4.0,12.0,9.0,2.0,3.0,0.0,0.0
Greuther Furth,Darmstadt,D2,2017,17/12/17,D,1,1,1,0,H,10.0,18.0,1.0,7.0,5.0,6.0,15.0,22.0,3.0,4.0,0.0,0.0
Sandhausen,Holstein Kiel,D2,2017,17/12/17,H,3,1,0,0,D,11.0,16.0,5.0,5.0,5.0,13.0,19.0,21.0,4.0,5.0,1.0,1.0
St Pauli,Bochum,D2,2017,18/12/17,H,2,1,1,0,H,11.0,15.0,7.0,4.0,6.0,9.0,11.0,11.0,2.0,4.0,0.0,1.0
Bochum,Duisburg,D2,2017,23/01/18,A,0,2,0,2,A,13.0,14.0,4.0,6.0,7.0,2.0,15.0,12.0,2.0,1.0,0.0,0.0
Holstein Kiel,Union Berlin,D2,2017,23/01/18,D,2,2,2,1,H,8.0,13.0,5.0,8.0,8.0,6.0,12.0,18.0,2.0,2.0,1.0,0.0
Ingolstadt,Sandhausen,D2,2017,23/01/18,D,0,0,0,0,D,13.0,6.0,3.0,4.0,3.0,0.0,14.0,14.0,1.0,2.0,0.0,0.0
Nurnberg,Regensburg,D2,2017,23/01/18,D,2,2,1,2,A,10.0,15.0,6.0,4.0,3.0,5.0,11.0,16.0,0.0,4.0,0.0,0.0
Bielefeld,Greuther Furth,D2,2017,24/01/18,D,0,0,0,0,D,21.0,8.0,7.0,0.0,7.0,1.0,13.0,10.0,2.0,1.0,0.0,0.0
Fortuna Dusseldorf,Erzgebirge Aue,D2,2017,24/01/18,H,2,1,1,0,H,17.0,9.0,6.0,4.0,5.0,4.0,13.0,18.0,2.0,2.0,0.0,0.0
Heidenheim,Braunschweig,D2,2017,24/01/18,H,2,0,0,0,D,13.0,15.0,3.0,4.0,8.0,4.0,16.0,24.0,2.0,5.0,0.0,0.0
Dresden,St Pauli,D2,2017,25/01/18,A,1,3,0,1,A,26.0,12.0,7.0,7.0,14.0,2.0,16.0,10.0,3.0,1.0,0.0,0.0
Regensburg,Ingolstadt,D2,2017,26/01/18,H,3,2,0,2,A,14.0,11.0,5.0,5.0,5.0,2.0,15.0,22.0,3.0,2.0,0.0,0.0
Union Berlin,Nurnberg,D2,2017,26/01/18,A,0,1,0,1,A,11.0,12.0,3.0,5.0,6.0,6.0,11.0,13.0,2.0,1.0,2.0,1.0
Duisburg,Heidenheim,D2,2017,27/01/18,D,3,3,1,3,A,20.0,10.0,5.0,3.0,2.0,4.0,14.0,23.0,2.0,3.0,0.0,0.0
Greuther Furth,Holstein Kiel,D2,2017,27/01/18,D,0,0,0,0,D,12.0,8.0,5.0,2.0,0.0,5.0,17.0,17.0,3.0,4.0,0.0,0.0
Kaiserslautern,Fortuna Dusseldorf,D2,2017,27/01/18,A,1,3,0,0,D,8.0,23.0,2.0,9.0,2.0,7.0,21.0,15.0,4.0,1.0,1.0,0.0
Erzgebirge Aue,Braunschweig,D2,2017,28/01/18,A,1,3,1,2,A,17.0,18.0,6.0,3.0,10.0,2.0,17.0,15.0,3.0,3.0,0.0,0.0
Sandhausen,Dresden,D2,2017,28/01/18,H,1,0,0,0,D,14.0,6.0,3.0,2.0,3.0,2.0,11.0,21.0,2.0,5.0,0.0,1.0
St Pauli,Darmstadt,D2,2017,28/01/18,A,0,1,0,1,A,14.0,7.0,8.0,2.0,6.0,4.0,11.0,17.0,1.0,2.0,0.0,0.0
Bochum,Bielefeld,D2,2017,29/01/18,A,0,1,0,0,D,14.0,11.0,3.0,5.0,6.0,5.0,12.0,11.0,1.0,0.0,0.0,0.0
Fortuna Dusseldorf,Sandhausen,D2,2017,02/02/18,H,1,0,1,0,H,7.0,10.0,2.0,4.0,3.0,7.0,15.0,21.0,2.0,1.0,0.0,0.0
Nurnberg,Erzgebirge Aue,D2,2017,02/02/18,H,4,1,1,0,H,11.0,6.0,7.0,1.0,4.0,4.0,8.0,10.0,0.0,0.0,0.0,0.0
Heidenheim,St Pauli,D2,2017,03/02/18,H,3,1,2,1,H,11.0,19.0,6.0,4.0,3.0,4.0,10.0,12.0,0.0,2.0,0.0,0.0
Holstein Kiel,Regensburg,D2,2017,03/02/18,D,1,1,1,1,D,7.0,21.0,3.0,7.0,3.0,5.0,15.0,19.0,4.0,2.0,0.0,0.0
Ingolstadt,Greuther Furth,D2,2017,03/02/18,H,3,0,1,0,H,22.0,14.0,10.0,1.0,4.0,5.0,13.0,15.0,1.0,0.0,0.0,0.0
Braunschweig,Kaiserslautern,D2,2017,04/02/18,A,1,2,0,2,A,26.0,10.0,7.0,3.0,3.0,6.0,10.0,8.0,2.0,2.0,0.0,0.0
Darmstadt,Duisburg,D2,2017,04/02/18,A,1,2,1,1,D,11.0,11.0,5.0,5.0,5.0,6.0,15.0,13.0,3.0,1.0,0.0,0.0
Dresden,Bochum,D2,2017,04/02/18,H,2,0,1,0,H,17.0,17.0,5.0,1.0,4.0,2.0,9.0,16.0,3.0,1.0,0.0,0.0
Bielefeld,Union Berlin,D2,2017,05/02/18,D,1,1,0,1,A,18.0,11.0,3.0,5.0,6.0,1.0,13.0,12.0,1.0,0.0,0.0,0.0
Bochum,Darmstadt,D2,2017,09/02/18,H,2,1,0,0,D,14.0,17.0,4.0,2.0,10.0,5.0,14.0,10.0,2.0,1.0,0.0,0.0
Kaiserslautern,Holstein Kiel,D2,2017,09/02/18,H,3,1,2,1,H,14.0,17.0,6.0,4.0,3.0,3.0,12.0,18.0,1.0,3.0,0.0,0.0
Duisburg,Bielefeld,D2,2017,10/02/18,D,2,2,0,1,A,11.0,11.0,6.0,5.0,6.0,3.0,10.0,18.0,2.0,2.0,0.0,0.0
Regensburg,Heidenheim,D2,2017,10/02/18,H,2,0,1,0,H,31.0,8.0,10.0,3.0,8.0,2.0,12.0,17.0,1.0,3.0,0.0,1.0
Union Berlin,Fortuna Dusseldorf,D2,2017,10/02/18,H,3,1,0,1,A,26.0,4.0,7.0,1.0,9.0,2.0,13.0,20.0,3.0,3.0,0.0,0.0
Erzgebirge Aue,Ingolstadt,D2,2017,11/02/18,D,0,0,0,0,D,5.0,18.0,3.0,5.0,2.0,9.0,17.0,11.0,1.0,2.0,0.0,0.0
Greuther Furth,Dresden,D2,2017,11/02/18,H,1,0,1,0,H,14.0,20.0,7.0,5.0,8.0,9.0,21.0,17.0,1.0,3.0,0.0,0.0
Sandhausen,Braunschweig,D2,2017,11/02/18,D,0,0,0,0,D,9.0,10.0,1.0,2.0,2.0,6.0,11.0,18.0,1.0,4.0,0.0,0.0
St Pauli,Nurnberg,D2,2017,12/02/18,D,0,0,0,0,D,16.0,10.0,6.0,4.0,5.0,7.0,7.0,13.0,1.0,3.0,0.0,0.0
Heidenheim,Bochum,D2,2017,16/02/18,H,1,0,1,0,H,10.0,17.0,2.0,7.0,2.0,9.0,22.0,10.0,2.0,3.0,0.0,0.0
Kaiserslautern,Sandhausen,D2,2017,16/02/18,A,0,1,0,0,D,11.0,13.0,1.0,5.0,7.0,6.0,9.0,14.0,0.0,1.0,0.0,0.0
Bielefeld,Darmstadt,D2,2017,17/02/18,H,2,0,1,0,H,14.0,13.0,4.0,6.0,4.0,7.0,9.0,11.0,3.0,3.0,0.0,0.0
Fortuna Dusseldorf,Greuther Furth,D2,2017,17/02/18,D,1,1,0,1,A,12.0,14.0,7.0,4.0,11.0,2.0,14.0,28.0,2.0,4.0,0.0,0.0
Holstein Kiel,Erzgebirge Aue,D2,2017,17/02/18,D,2,2,2,2,D,13.0,13.0,6.0,7.0,7.0,7.0,9.0,12.0,1.0,2.0,0.0,0.0
Ingolstadt,St Pauli,D2,2017,17/02/18,A,0,1,0,1,A,18.0,5.0,3.0,3.0,11.0,2.0,19.0,16.0,2.0,2.0,0.0,0.0
Braunschweig,Union Berlin,D2,2017,18/02/18,H,1,0,1,0,H,13.0,13.0,8.0,6.0,8.0,5.0,8.0,13.0,0.0,2.0,0.0,0.0
Dresden,Regensburg,D2,2017,18/02/18,H,1,0,0,0,D,9.0,13.0,1.0,5.0,2.0,6.0,16.0,21.0,1.0,4.0,0.0,0.0
Nurnberg,Duisburg,D2,2017,18/02/18,H,3,1,2,1,H,10.0,13.0,5.0,3.0,6.0,5.0,10.0,10.0,1.0,1.0,0.0,0.0
Darmstadt,Kaiserslautern,D2,2017,21/02/18,A,1,2,0,1,A,18.0,12.0,7.0,3.0,8.0,3.0,14.0,8.0,1.0,1.0,0.0,0.0
Bielefeld,Dresden,D2,2017,23/02/18,A,2,3,1,0,H,17.0,13.0,5.0,6.0,4.0,5.0,17.0,12.0,4.0,2.0,0.0,0.0
Regensburg,Fortuna Dusseldorf,D2,2017,23/02/18,H,4,3,2,3,A,15.0,13.0,7.0,5.0,7.0,2.0,15.0,15.0,0.0,2.0,0.0,0.0
Duisburg,Ingolstadt,D2,2017,24/02/18,H,2,1,1,1,D,13.0,9.0,4.0,2.0,2.0,3.0,13.0,23.0,3.0,5.0,0.0,1.0
Erzgebirge Aue,Kaiserslautern,D2,2017,24/02/18,H,2,1,1,0,H,13.0,8.0,7.0,2.0,4.0,7.0,12.0,10.0,2.0,1.0,0.0,0.0
Greuther Furth,Braunschweig,D2,2017,24/02/18,H,2,1,1,1,D,18.0,9.0,4.0,5.0,6.0,3.0,13.0,17.0,2.0,3.0,0.0,0.0
Union Berlin,Sandhausen,D2,2017,24/02/18,H,2,1,2,0,H,9.0,7.0,2.0,4.0,3.0,6.0,14.0,20.0,1.0,2.0,0.0,0.0
Bochum,Nurnberg,D2,2017,25/02/18,D,0,0,0,0,D,9.0,6.0,1.0,1.0,8.0,3.0,14.0,14.0,1.0,2.0,0.0,0.0
Darmstadt,Heidenheim,D2,2017,25/02/18,D,1,1,0,1,A,10.0,16.0,2.0,6.0,4.0,6.0,16.0,17.0,2.0,4.0,1.0,0.0
St Pauli,Holstein Kiel,D2,2017,25/02/18,H,3,2,1,2,A,9.0,12.0,3.0,7.0,5.0,6.0,7.0,11.0,1.0,3.0,0.0,0.0
Dresden,Darmstadt,D2,2017,02/03/18,A,0,2,0,1,A,20.0,9.0,3.0,5.0,4.0,5.0,4.0,6.0,1.0,0.0,0.0,0.0
Kaiserslautern,Union Berlin,D2,2017,02/03/18,H,4,3,2,1,H,12.0,13.0,7.0,6.0,2.0,6.0,10.0,19.0,3.0,0.0,0.0,0.0
Holstein Kiel,Duisburg,D2,2017,03/03/18,H,5,0,2,0,H,19.0,3.0,5.0,1.0,5.0,3.0,11.0,10.0,0.0,2.0,0.0,0.0
Nurnberg,Greuther Furth,D2,2017,03/03/18,A,0,2,0,0,D,19.0,13.0,2.0,5.0,8.0,3.0,12.0,15.0,0.0,2.0,0.0,0.0
Sandhausen,Erzgebirge Aue,D2,2017,03/03/18,D,1,1,0,0,D,15.0,6.0,5.0,3.0,5.0,2.0,15.0,9.0,1.0,3.0,0.0,0.0
Braunschweig,Regensburg,D2,2017,04/03/18,H,2,1,1,0,H,15.0,10.0,9.0,4.0,1.0,8.0,16.0,19.0,4.0,4.0,0.0,0.0
Fortuna Dusseldorf,St Pauli,D2,2017,04/03/18,H,2,1,1,0,H,18.0,17.0,8.0,1.0,6.0,9.0,12.0,15.0,1.0,0.0,0.0,0.0
Heidenheim,Bielefeld,D2,2017,04/03/18,D,2,2,1,0,H,11.0,13.0,4.0,6.0,5.0,6.0,11.0,13.0,1.0,2.0,0.0,0.0
Ingolstadt,Bochum,D2,2017,05/03/18,A,0,1,0,1,A,15.0,13.0,4.0,4.0,6.0,6.0,16.0,16.0,3.0,3.0,0.0,0.0
Bielefeld,Nurnberg,D2,2017,09/03/18,H,1,0,0,0,D,15.0,10.0,3.0,3.0,7.0,1.0,14.0,19.0,2.0,2.0,0.0,0.0
Dresden,Heidenheim,D2,2017,09/03/18,H,3,2,2,1,H,11.0,11.0,3.0,4.0,5.0,5.0,15.0,17.0,0.0,3.0,0.0,0.0
Bochum,Holstein Kiel,D2,2017,10/03/18,D,1,1,1,0,H,6.0,12.0,4.0,3.0,3.0,10.0,13.0,16.0,3.0,1.0,0.0,0.0
Darmstadt,Ingolstadt,D2,2017,10/03/18,D,1,1,0,1,A,9.0,10.0,2.0,2.0,6.0,2.0,15.0,18.0,3.0,4.0,0.0,0.0
Greuther Furth,Kaiserslautern,D2,2017,10/03/18,H,2,1,1,1,D,18.0,10.0,6.0,1.0,8.0,8.0,10.0,19.0,2.0,2.0,0.0,0.0
St Pauli,Braunschweig,D2,2017,10/03/18,D,0,0,0,0,D,12.0,16.0,6.0,2.0,6.0,4.0,8.0,21.0,2.0,2.0,0.0,0.0
Duisburg,Fortuna Dusseldorf,D2,2017,11/03/18,A,1,2,0,1,A,17.0,13.0,4.0,4.0,6.0,5.0,21.0,15.0,4.0,0.0,0.0,0.0
Regensburg,Sandhausen,D2,2017,11/03/18,H,2,1,1,0,H,7.0,11.0,4.0,2.0,4.0,3.0,15.0,18.0,0.0,2.0,0.0,0.0
Union Berlin,Erzgebirge Aue,D2,2017,11/03/18,D,0,0,0,0,D,16.0,13.0,4.0,6.0,6.0,1.0,7.0,20.0,1.0,3.0,0.0,0.0
Fortuna Dusseldorf,Bielefeld,D2,2017,16/03/18,H,4,2,1,1,D,16.0,12.0,9.0,3.0,12.0,5.0,11.0,15.0,2.0,0.0,0.0,0.0
Holstein Kiel,Heidenheim,D2,2017,16/03/18,H,2,1,2,0,H,7.0,7.0,5.0,2.0,2.0,6.0,17.0,17.0,2.0,4.0,0.0,0.0
Kaiserslautern,St Pauli,D2,2017,17/03/18,D,1,1,0,0,D,13.0,13.0,4.0,5.0,6.0,6.0,8.0,8.0,0.0,3.0,1.0,0.0
Sandhausen,Bochum,D2,2017,17/03/18,A,2,3,2,1,H,15.0,13.0,5.0,6.0,6.0,3.0,24.0,11.0,4.0,1.0,0.0,0.0
Union Berlin,Regensburg,D2,2017,17/03/18,D,2,2,1,0,H,21.0,11.0,4.0,5.0,8.0,4.0,13.0,14.0,0.0,3.0,0.0,0.0
Braunschweig,Duisburg,D2,2017,18/03/18,H,3,2,3,0,H,14.0,17.0,6.0,5.0,3.0,6.0,15.0,11.0,1.0,1.0,0.0,0.0
Ingolstadt,Dresden,D2,2017,18/03/18,H,4,2,2,0,H,16.0,7.0,8.0,3.0,9.0,5.0,14.0,13.0,0.0,0.0,0.0,0.0
Nurnberg,Darmstadt,D2,2017,18/03/18,D,1,1,0,1,A,25.0,6.0,3.0,3.0,16.0,4.0,6.0,11.0,1.0,2.0,0.0,0.0
Erzgebirge Aue,Greuther Furth,D2,2017,19/03/18,H,2,1,2,0,H,14.0,15.0,6.0,4.0,3.0,1.0,11.0,14.0,0.0,1.0,0.0,0.0
Dresden,Nurnberg,D2,2017,31/03/18,D,1,1,1,0,H,12.0,7.0,1.0,5.0,4.0,2.0,15.0,13.0,2.0,5.0,0.0,0.0
Duisburg,Kaiserslautern,D2,2017,31/03/18,A,1,4,0,1,A,18.0,18.0,4.0,10.0,5.0,5.0,13.0,14.0,2.0,4.0,0.0,0.0
Heidenheim,Ingolstadt,D2,2017,31/03/18,A,1,2,0,0,D,10.0,14.0,2.0,5.0,4.0,2.0,14.0,16.0,0.0,2.0,0.0,0.0
Bielefeld,Holstein Kiel,D2,2017,01/04/18,D,1,1,1,1,D,15.0,14.0,6.0,5.0,3.0,3.0,15.0,10.0,4.0,1.0,0.0,0.0
Bochum,Braunschweig,D2,2017,01/04/18,H,2,0,1,0,H,21.0,9.0,7.0,1.0,4.0,1.0,6.0,20.0,2.0,2.0,0.0,0.0
Greuther Furth,Union Berlin,D2,2017,01/04/18,H,2,1,1,0,H,12.0,17.0,2.0,2.0,5.0,6.0,12.0,12.0,1.0,1.0,0.0,0.0
Regensburg,Erzgebirge Aue,D2,2017,01/04/18,A,1,3,0,2,A,14.0,9.0,3.0,6.0,2.0,3.0,21.0,21.0,4.0,3.0,0.0,0.0
St Pauli,Sandhausen,D2,2017,01/04/18,D,1,1,1,0,H,10.0,19.0,3.0,6.0,2.0,6.0,13.0,19.0,2.0,2.0,0.0,0.0
Darmstadt,Fortuna Dusseldorf,D2,2017,02/04/18,H,1,0,1,0,H,9.0,18.0,2.0,7.0,3.0,10.0,13.0,9.0,6.0,2.0,1.0,0.0
Fortuna Dusseldorf,Bochum,D2,2017,06/04/18,A,1,2,0,0,D,18.0,11.0,5.0,4.0,5.0,7.0,15.0,20.0,3.0,4.0,1.0,1.0
Sandhausen,Greuther Furth,D2,2017,06/04/18,D,0,0,0,0,D,15.0,9.0,3.0,1.0,8.0,0.0,18.0,16.0,1.0,1.0,0.0,0.0
Erzgebirge Aue,St Pauli,D2,2017,07/04/18,H,2,1,1,1,D,12.0,11.0,3.0,2.0,8.0,0.0,14.0,11.0,2.0,4.0,0.0,0.0
Holstein Kiel,Darmstadt,D2,2017,07/04/18,D,0,0,0,0,D,8.0,7.0,4.0,2.0,7.0,5.0,13.0,8.0,3.0,1.0,0.0,0.0
Nurnberg,Heidenheim,D2,2017,07/04/18,H,3,2,3,1,H,20.0,16.0,6.0,7.0,10.0,7.0,10.0,18.0,2.0,3.0,0.0,0.0
Union Berlin,Duisburg,D2,2017,07/04/18,D,0,0,0,0,D,12.0,4.0,3.0,0.0,4.0,1.0,18.0,20.0,1.0,0.0,0.0,0.0
Braunschweig,Dresden,D2,2017,08/04/18,D,1,1,1,1,D,10.0,18.0,4.0,4.0,2.0,6.0,10.0,12.0,2.0,0.0,0.0,0.0
Ingolstadt,Bielefeld,D2,2017,08/04/18,D,2,2,0,0,D,7.0,9.0,2.0,5.0,5.0,3.0,10.0,10.0,0.0,0.0,0.0,0.0
Kaiserslautern,Regensburg,D2,2017,08/04/18,D,1,1,0,1,A,10.0,21.0,5.0,6.0,3.0,9.0,16.0,14.0,3.0,2.0,0.0,0.0
Bochum,Kaiserslautern,D2,2017,13/04/18,H,3,2,2,1,H,19.0,15.0,5.0,2.0,6.0,4.0,8.0,16.0,2.0,2.0,0.0,0.0
Greuther Furth,Regensburg,D2,2017,13/04/18,A,1,2,0,0,D,17.0,15.0,4.0,7.0,5.0,7.0,13.0,12.0,2.0,3.0,0.0,0.0
Bielefeld,Erzgebirge Aue,D2,2017,14/04/18,H,2,0,1,0,H,16.0,12.0,4.0,3.0,3.0,11.0,14.0,12.0,3.0,1.0,0.0,0.0
Dresden,Holstein Kiel,D2,2017,14/04/18,A,0,4,0,1,A,16.0,6.0,5.0,4.0,4.0,4.0,9.0,14.0,3.0,1.0,0.0,0.0
Duisburg,Sandhausen,D2,2017,14/04/18,A,0,2,0,1,A,21.0,11.0,11.0,4.0,7.0,5.0,12.0,20.0,0.0,5.0,0.0,0.0
St Pauli,Union Berlin,D2,2017,14/04/18,A,0,1,0,0,D,9.0,11.0,5.0,2.0,3.0,5.0,11.0,15.0,2.0,4.0,0.0,1.0
Darmstadt,Braunschweig,D2,2017,15/04/18,D,1,1,0,1,A,18.0,6.0,8.0,3.0,9.0,1.0,15.0,13.0,1.0,2.0,0.0,0.0
Heidenheim,Fortuna Dusseldorf,D2,2017,15/04/18,H,3,1,1,0,H,13.0,19.0,3.0,7.0,10.0,6.0,14.0,12.0,3.0,1.0,0.0,0.0
Ingolstadt,Nurnberg,D2,2017,15/04/18,D,1,1,0,0,D,9.0,11.0,4.0,6.0,11.0,4.0,14.0,13.0,2.0,1.0,0.0,0.0
Braunschweig,Bielefeld,D2,2017,20/04/18,D,0,0,0,0,D,10.0,18.0,5.0,3.0,8.0,8.0,12.0,7.0,1.0,1.0,0.0,0.0
Greuther Furth,Bochum,D2,2017,20/04/18,D,1,1,1,0,H,15.0,12.0,4.0,4.0,3.0,8.0,11.0,14.0,3.0,1.0,0.0,0.0
Regensburg,St Pauli,D2,2017,21/04/18,H,3,1,2,0,H,14.0,8.0,6.0,5.0,6.0,3.0,12.0,9.0,4.0,3.0,0.0,2.0
Sandhausen,Darmstadt,D2,2017,21/04/18,D,1,1,1,0,H,10.0,16.0,4.0,2.0,9.0,5.0,15.0,10.0,4.0,2.0,0.0,0.0
Union Berlin,Heidenheim,D2,2017,21/04/18,D,1,1,0,0,D,11.0,9.0,5.0,2.0,5.0,7.0,11.0,21.0,1.0,1.0,0.0,0.0
Erzgebirge Aue,Duisburg,D2,2017,22/04/18,A,1,3,0,0,D,11.0,14.0,2.0,5.0,4.0,8.0,18.0,12.0,2.0,2.0,0.0,0.0
Fortuna Dusseldorf,Ingolstadt,D2,2017,22/04/18,H,3,0,2,0,H,15.0,6.0,7.0,3.0,7.0,5.0,11.0,17.0,1.0,0.0,0.0,0.0
Kaiserslautern,Dresden,D2,2017,22/04/18,A,0,1,0,0,D,12.0,21.0,1.0,6.0,5.0,5.0,12.0,8.0,3.0,3.0,0.0,1.0
Holstein Kiel,Nurnberg,D2,2017,23/04/18,A,1,3,1,2,A,16.0,16.0,5.0,6.0,6.0,6.0,18.0,13.0,1.0,2.0,0.0,0.0
Bielefeld,Kaiserslautern,D2,2017,27/04/18,H,3,2,0,1,A,28.0,18.0,9.0,8.0,7.0,6.0,9.0,11.0,1.0,1.0,0.0,1.0
Bochum,Erzgebirge Aue,D2,2017,27/04/18,H,2,1,1,1,D,12.0,8.0,4.0,4.0,2.0,1.0,14.0,18.0,1.0,2.0,0.0,1.0
Darmstadt,Union Berlin,D2,2017,28/04/18,H,3,1,3,0,H,10.0,15.0,3.0,5.0,6.0,4.0,12.0,13.0,0.0,3.0,0.0,0.0
Dresden,Fortuna Dusseldorf,D2,2017,28/04/18,A,1,2,0,1,A,10.0,17.0,2.0,5.0,6.0,10.0,16.0,10.0,3.0,1.0,0.0,0.0
St Pauli,Greuther Furth,D2,2017,28/04/18,H,3,0,2,0,H,12.0,15.0,5.0,3.0,4.0,5.0,15.0,11.0,2.0,1.0,0.0,0.0
Duisburg,Regensburg,D2,2017,29/04/18,H,4,1,0,0,D,17.0,9.0,7.0,1.0,4.0,3.0,16.0,17.0,4.0,2.0,0.0,0.0
Heidenheim,Sandhausen,D2,2017,29/04/18,H,2,0,2,0,H,9.0,9.0,3.0,1.0,2.0,1.0,13.0,8.0,0.0,1.0,0.0,0.0
Ingolstadt,Holstein Kiel,D2,2017,29/04/18,A,1,5,1,1,D,14.0,7.0,4.0,5.0,11.0,1.0,12.0,15.0,3.0,1.0,0.0,0.0
Nurnberg,Braunschweig,D2,2017,30/04/18,H,2,0,1,0,H,20.0,6.0,10.0,1.0,6.0,3.0,9.0,15.0,1.0,2.0,0.0,0.0
Braunschweig,Ingolstadt,D2,2017,06/05/18,A,0,2,0,0,D,12.0,12.0,5.0,5.0,3.0,4.0,7.0,21.0,3.0,0.0,0.0,0.0
Erzgebirge Aue,Dresden,D2,2017,06/05/18,D,0,0,0,0,D,7.0,5.0,2.0,1.0,2.0,5.0,17.0,15.0,2.0,3.0,0.0,0.0
Fortuna Dusseldorf,Holstein Kiel,D2,2017,06/05/18,D,1,1,0,0,D,12.0,17.0,5.0,4.0,4.0,13.0,11.0,16.0,1.0,0.0,0.0,0.0
Greuther Furth,Duisburg,D2,2017,06/05/18,D,2,2,1,0,H,15.0,14.0,4.0,6.0,6.0,4.0,12.0,10.0,1.0,1.0,0.0,0.0
Kaiserslautern,Heidenheim,D2,2017,06/05/18,H,1,0,0,0,D,10.0,21.0,3.0,7.0,2.0,2.0,18.0,12.0,3.0,2.0,0.0,0.0
Regensburg,Darmstadt,D2,2017,06/05/18,A,0,3,0,1,A,24.0,7.0,4.0,5.0,4.0,3.0,10.0,14.0,1.0,1.0,0.0,0.0
Sandhausen,Nurnberg,D2,2017,06/05/18,A,0,2,0,1,A,7.0,11.0,3.0,8.0,10.0,2.0,16.0,14.0,3.0,3.0,0.0,0.0
St Pauli,Bielefeld,D2,2017,06/05/18,H,1,0,1,0,H,9.0,14.0,5.0,1.0,7.0,6.0,13.0,9.0,0.0,1.0,0.0,0.0
Union Berlin,Bochum,D2,2017,06/05/18,H,3,1,1,0,H,25.0,10.0,7.0,1.0,8.0,9.0,15.0,8.0,3.0,3.0,0.0,0.0
Bielefeld,Sandhausen,D2,2017,13/05/18,D,0,0,0,0,D,18.0,8.0,6.0,1.0,7.0,4.0,15.0,10.0,3.0,4.0,0.0,1.0
Bochum,Regensburg,D2,2017,13/05/18,D,1,1,0,0,D,14.0,20.0,3.0,5.0,4.0,9.0,15.0,17.0,4.0,4.0,0.0,0.0
Darmstadt,Erzgebirge Aue,D2,2017,13/05/18,H,1,0,0,0,D,9.0,14.0,3.0,3.0,1.0,13.0,10.0,13.0,1.0,2.0,0.0,0.0
Dresden,Union Berlin,D2,2017,13/05/18,A,0,1,0,0,D,14.0,11.0,4.0,4.0,5.0,8.0,7.0,7.0,0.0,1.0,0.0,0.0
Duisburg,St Pauli,D2,2017,13/05/18,H,2,0,1,0,H,13.0,11.0,4.0,3.0,4.0,5.0,13.0,15.0,2.0,2.0,0.0,0.0
Heidenheim,Greuther Furth,D2,2017,13/05/18,D,1,1,0,0,D,16.0,8.0,4.0,4.0,7.0,6.0,11.0,14.0,1.0,4.0,0.0,0.0
Holstein Kiel,Braunschweig,D2,2017,13/05/18,H,6,2,4,2,H,20.0,14.0,8.0,7.0,4.0,5.0,20.0,9.0,0.0,1.0,0.0,0.0
Ingolstadt,Kaiserslautern,D2,2017,13/05/18,A,1,3,0,2,A,16.0,8.0,4.0,4.0,4.0,3.0,13.0,11.0,0.0,0.0,0.0,0.0
Nurnberg,Fortuna Dusseldorf,D2,2017,13/05/18,A,2,3,2,1,H,13.0,11.0,4.0,6.0,3.0,5.0,14.0,12.0,2.0,2.0,0.0,0.0
Hamburg,Holstein Kiel,D2,2018,03/08/2018,A,0,3,0,0,D,14.0,16.0,3.0,8.0,4.0,10.0,11.0,11.0,1.0,3.0,0.0,0.0
Bochum,FC Koln,D2,2018,04/08/2018,A,0,2,0,1,A,14.0,15.0,2.0,5.0,6.0,1.0,17.0,19.0,3.0,2.0,0.0,1.0
Greuther Furth,Sandhausen,D2,2018,04/08/2018,H,3,1,0,0,D,16.0,10.0,5.0,5.0,6.0,8.0,19.0,11.0,1.0,1.0,0.0,0.0
Regensburg,Ingolstadt,D2,2018,04/08/2018,H,2,1,1,1,D,13.0,13.0,9.0,3.0,5.0,9.0,23.0,20.0,1.0,3.0,0.0,0.0
Darmstadt,Paderborn,D2,2018,05/08/2018,H,1,0,0,0,D,7.0,7.0,2.0,1.0,8.0,3.0,14.0,21.0,3.0,4.0,0.0,0.0
Heidenheim,Bielefeld,D2,2018,05/08/2018,D,1,1,1,1,D,14.0,16.0,5.0,8.0,7.0,2.0,8.0,11.0,1.0,1.0,0.0,0.0
Magdeburg,St Pauli,D2,2018,05/08/2018,A,1,2,1,1,D,6.0,5.0,2.0,4.0,3.0,4.0,8.0,11.0,0.0,1.0,0.0,0.0
Union Berlin,Erzgebirge Aue,D2,2018,05/08/2018,H,1,0,0,0,D,17.0,6.0,3.0,1.0,5.0,2.0,20.0,18.0,2.0,3.0,0.0,0.0
Dresden,Duisburg,D2,2018,06/08/2018,H,1,0,1,0,H,20.0,12.0,3.0,3.0,3.0,3.0,11.0,15.0,0.0,3.0,0.0,0.0
Ingolstadt,Greuther Furth,D2,2018,10/08/2018,D,1,1,0,0,D,28.0,12.0,5.0,7.0,18.0,6.0,13.0,14.0,1.0,3.0,0.0,0.0
Paderborn,Regensburg,D2,2018,10/08/2018,H,2,0,1,0,H,14.0,13.0,5.0,3.0,12.0,12.0,16.0,16.0,1.0,4.0,0.0,0.0
St Pauli,Darmstadt,D2,2018,10/08/2018,H,2,0,0,0,D,16.0,18.0,3.0,3.0,2.0,1.0,13.0,13.0,3.0,3.0,0.0,0.0
Bielefeld,Dresden,D2,2018,11/08/2018,H,2,1,2,0,H,16.0,12.0,5.0,4.0,4.0,2.0,17.0,18.0,1.0,3.0,0.0,0.0
Duisburg,Bochum,D2,2018,11/08/2018,A,0,2,0,0,D,28.0,5.0,7.0,2.0,7.0,3.0,12.0,12.0,3.0,1.0,0.0,1.0
Erzgebirge Aue,Magdeburg,D2,2018,12/08/2018,D,0,0,0,0,D,12.0,9.0,3.0,0.0,7.0,4.0,15.0,10.0,1.0,0.0,0.0,0.0
Holstein Kiel,Heidenheim,D2,2018,12/08/2018,D,1,1,1,1,D,7.0,16.0,4.0,4.0,4.0,8.0,11.0,15.0,3.0,2.0,1.0,0.0
Sandhausen,Hamburg,D2,2018,12/08/2018,A,0,3,0,2,A,11.0,7.0,2.0,4.0,5.0,2.0,11.0,16.0,2.0,1.0,0.0,0.0
FC Koln,Union Berlin,D2,2018,13/08/2018,D,1,1,1,0,H,18.0,10.0,5.0,4.0,9.0,3.0,14.0,17.0,2.0,1.0,0.0,0.0
Bochum,Sandhausen,D2,2018,24/08/2018,H,1,0,0,0,D,16.0,9.0,7.0,1.0,7.0,5.0,6.0,12.0,0.0,0.0,0.0,0.0
Darmstadt,Duisburg,D2,2018,24/08/2018,H,3,0,0,0,D,10.0,15.0,4.0,5.0,4.0,5.0,16.0,12.0,0.0,2.0,0.0,0.0
FC Koln,Erzgebirge Aue,D2,2018,25/08/2018,H,3,1,1,1,D,18.0,8.0,7.0,1.0,7.0,0.0,12.0,16.0,1.0,4.0,0.0,0.0
Greuther Furth,Paderborn,D2,2018,25/08/2018,D,2,2,0,0,D,13.0,17.0,5.0,4.0,2.0,8.0,10.0,14.0,1.0,3.0,0.0,1.0
Magdeburg,Ingolstadt,D2,2018,25/08/2018,D,1,1,1,1,D,16.0,8.0,2.0,2.0,6.0,1.0,13.0,24.0,3.0,3.0,0.0,0.0
Dresden,Heidenheim,D2,2018,26/08/2018,A,1,3,0,2,A,23.0,15.0,4.0,5.0,8.0,4.0,11.0,20.0,3.0,3.0,0.0,0.0
Regensburg,Holstein Kiel,D2,2018,26/08/2018,D,0,0,0,0,D,18.0,16.0,3.0,1.0,4.0,4.0,13.0,7.0,1.0,1.0,0.0,0.0
Union Berlin,St Pauli,D2,2018,26/08/2018,H,4,1,2,0,H,11.0,11.0,5.0,4.0,1.0,5.0,17.0,11.0,1.0,3.0,0.0,0.0
Hamburg,Bielefeld,D2,2018,27/08/2018,H,3,0,1,0,H,10.0,18.0,5.0,4.0,5.0,8.0,17.0,10.0,1.0,1.0,0.0,0.0
Ingolstadt,Erzgebirge Aue,D2,2018,31/08/2018,H,3,2,1,1,D,12.0,11.0,5.0,3.0,4.0,3.0,20.0,17.0,3.0,0.0,0.0,0.0
Paderborn,Bochum,D2,2018,31/08/2018,D,2,2,0,1,A,20.0,5.0,7.0,2.0,6.0,3.0,11.0,16.0,2.0,4.0,0.0,0.0
Bielefeld,Regensburg,D2,2018,01/09/2018,H,5,3,3,2,H,20.0,14.0,10.0,6.0,4.0,7.0,14.0,12.0,3.0,2.0,0.0,0.0
Duisburg,Greuther Furth,D2,2018,01/09/2018,A,0,1,0,1,A,17.0,20.0,4.0,8.0,6.0,6.0,17.0,19.0,2.0,4.0,0.0,0.0
Heidenheim,Darmstadt,D2,2018,02/09/2018,A,0,1,0,1,A,16.0,17.0,5.0,8.0,7.0,6.0,11.0,11.0,1.0,2.0,0.0,0.0
Sandhausen,Union Berlin,D2,2018,02/09/2018,D,0,0,0,0,D,9.0,9.0,3.0,4.0,5.0,2.0,14.0,15.0,2.0,3.0,0.0,0.0
St Pauli,FC Koln,D2,2018,02/09/2018,A,3,5,2,2,D,24.0,12.0,8.0,8.0,12.0,2.0,15.0,20.0,1.0,2.0,0.0,0.0
Holstein Kiel,Magdeburg,D2,2018,03/09/2018,H,2,1,0,0,D,10.0,10.0,5.0,4.0,4.0,2.0,16.0,13.0,2.0,2.0,0.0,0.0
Regensburg,Dresden,D2,2018,14/09/2018,A,0,2,0,1,A,15.0,11.0,2.0,2.0,7.0,5.0,13.0,16.0,2.0,4.0,0.0,0.0
Union Berlin,Duisburg,D2,2018,14/09/2018,D,2,2,1,0,H,8.0,6.0,4.0,4.0,5.0,2.0,20.0,15.0,3.0,3.0,0.0,0.0
Darmstadt,Sandhausen,D2,2018,15/09/2018,D,1,1,0,0,D,12.0,12.0,3.0,5.0,7.0,5.0,11.0,18.0,1.0,2.0,0.0,0.0
Greuther Furth,Holstein Kiel,D2,2018,15/09/2018,H,4,1,0,0,D,17.0,9.0,8.0,2.0,3.0,6.0,11.0,6.0,3.0,1.0,0.0,0.0
Hamburg,Heidenheim,D2,2018,15/09/2018,H,3,2,0,0,D,20.0,12.0,7.0,5.0,4.0,7.0,9.0,12.0,2.0,1.0,0.0,0.0
Bochum,Ingolstadt,D2,2018,16/09/2018,H,6,0,3,0,H,19.0,3.0,10.0,1.0,8.0,0.0,10.0,19.0,1.0,4.0,0.0,1.0
Erzgebirge Aue,St Pauli,D2,2018,16/09/2018,H,3,1,2,1,H,20.0,10.0,7.0,3.0,2.0,2.0,16.0,12.0,2.0,1.0,0.0,0.0
FC Koln,Paderborn,D2,2018,16/09/2018,A,3,5,1,1,D,16.0,21.0,8.0,10.0,16.0,5.0,15.0,15.0,4.0,2.0,1.0,0.0
Magdeburg,Bielefeld,D2,2018,17/09/2018,D,0,0,0,0,D,11.0,17.0,5.0,4.0,3.0,2.0,14.0,12.0,4.0,2.0,0.0,0.0
Dresden,Hamburg,D2,2018,18/09/2018,A,0,1,0,0,D,16.0,14.0,2.0,5.0,6.0,4.0,13.0,8.0,4.0,2.0,0.0,0.0
Ingolstadt,St Pauli,D2,2018,21/09/2018,A,0,1,0,0,D,8.0,10.0,2.0,2.0,5.0,7.0,17.0,10.0,4.0,0.0,1.0,0.0
Sandhausen,FC Koln,D2,2018,21/09/2018,A,0,2,0,1,A,6.0,8.0,2.0,2.0,2.0,7.0,15.0,19.0,2.0,3.0,0.0,0.0
Bielefeld,Union Berlin,D2,2018,22/09/2018,D,1,1,0,1,A,6.0,11.0,1.0,2.0,4.0,3.0,9.0,15.0,2.0,1.0,0.0,0.0
Dresden,Darmstadt,D2,2018,22/09/2018,H,4,1,1,1,D,11.0,9.0,4.0,3.0,2.0,1.0,17.0,19.0,2.0,2.0,0.0,0.0
Holstein Kiel,Bochum,D2,2018,22/09/2018,D,2,2,0,1,A,15.0,9.0,5.0,6.0,10.0,2.0,12.0,11.0,2.0,1.0,0.0,0.0
Duisburg,Erzgebirge Aue,D2,2018,23/09/2018,A,1,2,1,0,H,22.0,10.0,7.0,7.0,5.0,3.0,12.0,20.0,4.0,3.0,0.0,0.0
Hamburg,Regensburg,D2,2018,23/09/2018,A,0,5,0,3,A,14.0,18.0,4.0,9.0,9.0,5.0,9.0,14.0,1.0,4.0,0.0,0.0
Heidenheim,Greuther Furth,D2,2018,23/09/2018,H,2,0,0,0,D,18.0,11.0,8.0,0.0,8.0,2.0,16.0,11.0,0.0,3.0,0.0,0.0
Paderborn,Magdeburg,D2,2018,23/09/2018,D,4,4,2,1,H,17.0,13.0,6.0,9.0,2.0,3.0,17.0,16.0,2.0,5.0,0.0,0.0
Bochum,Dresden,D2,2018,25/09/2018,A,0,1,0,1,A,17.0,10.0,6.0,2.0,3.0,2.0,11.0,13.0,1.0,2.0,0.0,0.0
Darmstadt,Bielefeld,D2,2018,25/09/2018,A,1,2,0,0,D,9.0,14.0,4.0,6.0,8.0,4.0,13.0,19.0,1.0,1.0,0.0,0.0
FC Koln,Ingolstadt,D2,2018,25/09/2018,H,2,1,0,0,D,15.0,15.0,4.0,7.0,5.0,7.0,17.0,22.0,1.0,4.0,0.0,0.0
Union Berlin,Holstein Kiel,D2,2018,25/09/2018,H,2,0,0,0,D,14.0,8.0,6.0,2.0,7.0,6.0,14.0,10.0,1.0,1.0,0.0,0.0
Erzgebirge Aue,Sandhausen,D2,2018,26/09/2018,A,0,2,0,1,A,14.0,18.0,2.0,5.0,3.0,3.0,13.0,12.0,3.0,2.0,0.0,0.0
Magdeburg,Duisburg,D2,2018,26/09/2018,D,3,3,0,1,A,11.0,10.0,3.0,4.0,3.0,1.0,12.0,17.0,2.0,5.0,0.0,0.0
Regensburg,Heidenheim,D2,2018,26/09/2018,H,2,1,2,1,H,11.0,16.0,3.0,5.0,1.0,3.0,17.0,14.0,3.0,1.0,0.0,0.0
St Pauli,Paderborn,D2,2018,26/09/2018,H,2,1,1,1,D,13.0,19.0,4.0,9.0,6.0,8.0,12.0,18.0,1.0,5.0,0.0,1.0
Greuther Furth,Hamburg,D2,2018,27/09/2018,D,0,0,0,0,D,7.0,14.0,0.0,3.0,4.0,6.0,18.0,12.0,2.0,1.0,0.0,0.0
Bielefeld,FC Koln,D2,2018,28/09/2018,A,1,3,0,1,A,11.0,11.0,2.0,8.0,5.0,2.0,17.0,15.0,2.0,2.0,0.0,0.0
Holstein Kiel,Darmstadt,D2,2018,28/09/2018,H,4,2,3,2,H,14.0,16.0,6.0,3.0,7.0,4.0,10.0,12.0,2.0,3.0,1.0,0.0
Duisburg,Regensburg,D2,2018,29/09/2018,A,1,3,1,2,A,27.0,16.0,7.0,9.0,6.0,4.0,12.0,15.0,2.0,2.0,0.0,0.0
Heidenheim,Bochum,D2,2018,29/09/2018,H,3,2,1,2,A,21.0,10.0,8.0,5.0,7.0,5.0,14.0,8.0,0.0,6.0,0.0,1.0
Paderborn,Erzgebirge Aue,D2,2018,29/09/2018,H,1,0,1,0,H,24.0,17.0,10.0,8.0,9.0,9.0,8.0,7.0,3.0,1.0,0.0,0.0
Dresden,Greuther Furth,D2,2018,30/09/2018,A,0,1,0,0,D,14.0,12.0,3.0,2.0,7.0,3.0,8.0,13.0,0.0,4.0,0.0,0.0
Hamburg,St Pauli,D2,2018,30/09/2018,D,0,0,0,0,D,7.0,11.0,1.0,5.0,6.0,2.0,13.0,18.0,2.0,3.0,0.0,0.0
Sandhausen,Magdeburg,D2,2018,30/09/2018,A,0,1,0,0,D,7.0,7.0,2.0,2.0,1.0,3.0,14.0,9.0,0.0,2.0,0.0,0.0
Ingolstadt,Union Berlin,D2,2018,01/10/2018,A,1,2,0,1,A,8.0,17.0,2.0,5.0,2.0,8.0,17.0,15.0,3.0,1.0,0.0,0.0
Bochum,Bielefeld,D2,2018,05/10/2018,H,1,0,1,0,H,11.0,20.0,3.0,5.0,2.0,11.0,8.0,14.0,1.0,3.0,0.0,0.0
Darmstadt,Hamburg,D2,2018,05/10/2018,A,1,2,0,2,A,11.0,10.0,2.0,4.0,5.0,4.0,11.0,12.0,2.0,3.0,0.0,0.0
Erzgebirge Aue,Holstein Kiel,D2,2018,06/10/2018,H,2,1,0,1,A,18.0,10.0,6.0,2.0,3.0,3.0,16.0,11.0,2.0,4.0,0.0,1.0
Greuther Furth,Regensburg,D2,2018,06/10/2018,D,1,1,0,0,D,13.0,13.0,3.0,6.0,4.0,6.0,9.0,14.0,2.0,1.0,0.0,0.0
Magdeburg,Dresden,D2,2018,06/10/2018,D,2,2,0,2,A,20.0,7.0,8.0,4.0,7.0,2.0,8.0,17.0,2.0,2.0,0.0,0.0
Ingolstadt,Paderborn,D2,2018,07/10/2018,A,1,2,0,1,A,19.0,15.0,6.0,6.0,10.0,9.0,16.0,10.0,3.0,3.0,0.0,0.0
St Pauli,Sandhausen,D2,2018,07/10/2018,H,3,1,1,0,H,12.0,14.0,5.0,3.0,0.0,1.0,14.0,14.0,2.0,3.0,0.0,0.0
Union Berlin,Heidenheim,D2,2018,07/10/2018,D,1,1,0,0,D,16.0,12.0,4.0,3.0,6.0,3.0,17.0,16.0,3.0,4.0,0.0,0.0
FC Koln,Duisburg,D2,2018,08/10/2018,A,1,2,1,1,D,18.0,12.0,6.0,4.0,13.0,4.0,12.0,18.0,3.0,2.0,0.0,0.0
Dresden,Erzgebirge Aue,D2,2018,19/10/2018,D,1,1,1,1,D,15.0,12.0,6.0,5.0,8.0,5.0,12.0,14.0,3.0,3.0,0.0,1.0
Sandhausen,Ingolstadt,D2,2018,19/10/2018,H,4,0,1,0,H,17.0,7.0,4.0,2.0,6.0,3.0,10.0,18.0,2.0,4.0,0.0,0.0
Bielefeld,Greuther Furth,D2,2018,20/10/2018,A,2,3,2,0,H,17.0,16.0,7.0,6.0,8.0,8.0,17.0,11.0,2.0,1.0,0.0,0.0
Heidenheim,Magdeburg,D2,2018,20/10/2018,H,3,0,2,0,H,9.0,19.0,5.0,8.0,2.0,8.0,16.0,10.0,0.0,4.0,0.0,1.0
Holstein Kiel,FC Koln,D2,2018,20/10/2018,D,1,1,0,1,A,8.0,9.0,1.0,3.0,7.0,7.0,13.0,14.0,1.0,3.0,0.0,0.0
Hamburg,Bochum,D2,2018,21/10/2018,D,0,0,0,0,D,18.0,11.0,4.0,2.0,6.0,1.0,14.0,15.0,1.0,2.0,0.0,0.0
Paderborn,Union Berlin,D2,2018,21/10/2018,D,0,0,0,0,D,7.0,7.0,2.0,1.0,3.0,2.0,12.0,23.0,1.0,3.0,0.0,0.0
Regensburg,Darmstadt,D2,2018,21/10/2018,D,1,1,0,1,A,15.0,13.0,6.0,4.0,8.0,6.0,12.0,15.0,2.0,3.0,0.0,0.0
Duisburg,St Pauli,D2,2018,22/10/2018,A,0,1,0,0,D,10.0,15.0,3.0,4.0,0.0,5.0,15.0,8.0,1.0,2.0,0.0,0.0
Darmstadt,Greuther Furth,D2,2018,26/10/2018,H,2,0,1,0,H,10.0,9.0,5.0,1.0,4.0,4.0,15.0,11.0,1.0,1.0,0.0,0.0
Magdeburg,Hamburg,D2,2018,26/10/2018,A,0,1,0,0,D,8.0,13.0,5.0,8.0,4.0,7.0,7.0,10.0,3.0,2.0,0.0,1.0
Erzgebirge Aue,Bielefeld,D2,2018,27/10/2018,H,1,0,0,0,D,15.0,8.0,4.0,1.0,6.0,5.0,13.0,14.0,2.0,3.0,0.0,0.0
FC Koln,Heidenheim,D2,2018,27/10/2018,D,1,1,0,1,A,28.0,9.0,10.0,1.0,9.0,6.0,11.0,23.0,2.0,3.0,0.0,0.0
Paderborn,Sandhausen,D2,2018,27/10/2018,D,3,3,1,2,A,24.0,11.0,6.0,4.0,10.0,4.0,7.0,15.0,2.0,2.0,0.0,0.0
Ingolstadt,Duisburg,D2,2018,28/10/2018,D,1,1,0,0,D,20.0,14.0,4.0,3.0,6.0,5.0,19.0,11.0,1.0,1.0,0.0,0.0
St Pauli,Holstein Kiel,D2,2018,28/10/2018,A,0,1,0,0,D,17.0,9.0,6.0,4.0,7.0,6.0,10.0,14.0,1.0,2.0,0.0,0.0
Union Berlin,Dresden,D2,2018,28/10/2018,D,0,0,0,0,D,15.0,9.0,4.0,1.0,5.0,7.0,20.0,11.0,1.0,4.0,0.0,1.0
Bochum,Regensburg,D2,2018,29/10/2018,D,3,3,1,1,D,12.0,13.0,5.0,6.0,5.0,7.0,11.0,16.0,0.0,2.0,0.0,0.0
Dresden,Sandhausen,D2,2018,02/11/2018,H,3,1,2,1,H,10.0,12.0,4.0,2.0,1.0,6.0,15.0,12.0,3.0,2.0,0.0,0.0
Greuther Furth,Bochum,D2,2018,02/11/2018,D,2,2,0,2,A,16.0,11.0,5.0,5.0,3.0,5.0,18.0,20.0,4.0,3.0,0.0,0.0
Darmstadt,Magdeburg,D2,2018,03/11/2018,H,3,1,1,0,H,6.0,7.0,3.0,2.0,3.0,3.0,14.0,15.0,3.0,4.0,1.0,1.0
Duisburg,Paderborn,D2,2018,03/11/2018,H,2,0,1,0,H,9.0,18.0,3.0,9.0,1.0,9.0,9.0,17.0,1.0,3.0,0.0,0.0
Holstein Kiel,Ingolstadt,D2,2018,03/11/2018,D,2,2,0,0,D,10.0,14.0,5.0,5.0,5.0,5.0,10.0,11.0,1.0,2.0,0.0,0.0
Bielefeld,St Pauli,D2,2018,04/11/2018,A,1,2,1,0,H,16.0,14.0,5.0,8.0,6.0,3.0,19.0,12.0,3.0,2.0,0.0,0.0
Heidenheim,Erzgebirge Aue,D2,2018,04/11/2018,H,1,0,0,0,D,23.0,13.0,8.0,4.0,13.0,1.0,10.0,16.0,5.0,3.0,0.0,1.0
Regensburg,Union Berlin,D2,2018,04/11/2018,D,1,1,1,1,D,18.0,15.0,3.0,3.0,7.0,4.0,12.0,14.0,3.0,3.0,0.0,1.0
Hamburg,FC Koln,D2,2018,05/11/2018,H,1,0,0,0,D,23.0,11.0,9.0,3.0,8.0,1.0,14.0,17.0,1.0,3.0,0.0,0.0
Paderborn,Holstein Kiel,D2,2018,09/11/2018,D,4,4,3,1,H,14.0,18.0,6.0,11.0,4.0,6.0,12.0,12.0,3.0,1.0,0.0,0.0
Sandhausen,Duisburg,D2,2018,09/11/2018,D,0,0,0,0,D,15.0,7.0,3.0,6.0,7.0,5.0,9.0,12.0,3.0,1.0,0.0,0.0
Erzgebirge Aue,Hamburg,D2,2018,10/11/2018,A,1,3,1,1,D,10.0,18.0,1.0,4.0,4.0,4.0,13.0,15.0,1.0,2.0,0.0,0.0
FC Koln,Dresden,D2,2018,10/11/2018,H,8,1,2,0,H,15.0,9.0,12.0,3.0,5.0,1.0,13.0,20.0,2.0,3.0,0.0,0.0
St Pauli,Heidenheim,D2,2018,10/11/2018,D,1,1,0,0,D,19.0,14.0,5.0,2.0,14.0,3.0,13.0,7.0,4.0,0.0,0.0,0.0
Ingolstadt,Bielefeld,D2,2018,11/11/2018,D,1,1,0,0,D,17.0,15.0,3.0,2.0,6.0,7.0,13.0,15.0,0.0,3.0,0.0,0.0
Magdeburg,Regensburg,D2,2018,11/11/2018,A,2,3,1,1,D,16.0,18.0,4.0,7.0,5.0,5.0,10.0,18.0,0.0,2.0,0.0,0.0
Union Berlin,Greuther Furth,D2,2018,11/11/2018,H,4,0,3,0,H,15.0,17.0,10.0,3.0,6.0,3.0,16.0,16.0,2.0,1.0,0.0,0.0
Bochum,Darmstadt,D2,2018,12/11/2018,H,1,0,0,0,D,15.0,7.0,5.0,2.0,8.0,1.0,11.0,21.0,0.0,3.0,0.0,0.0
Bielefeld,Duisburg,D2,2018,23/11/2018,A,0,1,0,0,D,13.0,6.0,1.0,4.0,7.0,5.0,18.0,10.0,1.0,2.0,0.0,0.0
Greuther Furth,Magdeburg,D2,2018,23/11/2018,H,3,2,1,1,D,15.0,13.0,6.0,9.0,4.0,8.0,16.0,11.0,4.0,1.0,0.0,0.0
Bochum,Erzgebirge Aue,D2,2018,24/11/2018,H,2,1,0,1,A,19.0,4.0,5.0,2.0,7.0,0.0,14.0,18.0,3.0,4.0,0.0,0.0
Darmstadt,FC Koln,D2,2018,24/11/2018,A,0,3,0,0,D,11.0,10.0,3.0,4.0,8.0,3.0,12.0,15.0,3.0,1.0,0.0,0.0
Holstein Kiel,Sandhausen,D2,2018,24/11/2018,H,2,1,2,0,H,9.0,21.0,2.0,5.0,1.0,7.0,13.0,16.0,4.0,1.0,0.0,0.0
Dresden,Ingolstadt,D2,2018,25/11/2018,H,2,0,2,0,H,17.0,7.0,6.0,3.0,5.0,0.0,18.0,14.0,1.0,1.0,0.0,1.0
Heidenheim,Paderborn,D2,2018,25/11/2018,A,1,5,1,2,A,17.0,24.0,5.0,8.0,6.0,6.0,10.0,13.0,1.0,2.0,0.0,0.0
Regensburg,St Pauli,D2,2018,25/11/2018,D,1,1,0,1,A,27.0,11.0,6.0,4.0,7.0,4.0,12.0,17.0,0.0,4.0,0.0,0.0
Hamburg,Union Berlin,D2,2018,26/11/2018,D,2,2,0,1,A,15.0,10.0,5.0,4.0,5.0,3.0,10.0,11.0,0.0,3.0,0.0,0.0
Erzgebirge Aue,Regensburg,D2,2018,30/11/2018,D,1,1,1,1,D,17.0,19.0,4.0,3.0,9.0,8.0,21.0,14.0,3.0,3.0,0.0,0.0
Paderborn,Bielefeld,D2,2018,30/11/2018,D,2,2,0,0,D,13.0,11.0,6.0,5.0,4.0,5.0,20.0,20.0,2.0,5.0,0.0,0.0
FC Koln,Greuther Furth,D2,2018,01/12/2018,H,4,0,1,0,H,18.0,7.0,10.0,3.0,11.0,6.0,4.0,11.0,0.0,3.0,0.0,1.0
Ingolstadt,Hamburg,D2,2018,01/12/2018,A,1,2,0,1,A,16.0,16.0,5.0,3.0,4.0,6.0,17.0,19.0,5.0,3.0,0.0,0.0
St Pauli,Dresden,D2,2018,01/12/2018,D,1,1,0,0,D,9.0,10.0,5.0,3.0,1.0,3.0,12.0,10.0,2.0,2.0,0.0,0.0
Union Berlin,Darmstadt,D2,2018,01/12/2018,H,3,1,2,0,H,16.0,8.0,3.0,3.0,8.0,2.0,12.0,12.0,0.0,1.0,0.0,0.0
Duisburg,Holstein Kiel,D2,2018,02/12/2018,A,0,4,0,0,D,6.0,16.0,2.0,7.0,5.0,3.0,18.0,7.0,4.0,1.0,0.0,0.0
Magdeburg,Bochum,D2,2018,02/12/2018,D,0,0,0,0,D,13.0,8.0,3.0,1.0,5.0,8.0,19.0,11.0,1.0,4.0,0.0,0.0
Sandhausen,Heidenheim,D2,2018,02/12/2018,A,1,2,1,2,A,12.0,7.0,5.0,3.0,6.0,4.0,11.0,20.0,1.0,3.0,0.0,0.0
Hamburg,Paderborn,D2,2018,07/12/2018,H,1,0,1,0,H,10.0,11.0,4.0,2.0,4.0,2.0,9.0,16.0,2.0,3.0,0.0,0.0
Regensburg,FC Koln,D2,2018,07/12/2018,A,1,3,0,2,A,18.0,14.0,5.0,6.0,9.0,2.0,19.0,9.0,3.0,4.0,1.0,0.0
Darmstadt,Ingolstadt,D2,2018,08/12/2018,D,1,1,0,1,A,18.0,6.0,1.0,2.0,8.0,2.0,13.0,21.0,2.0,5.0,0.0,1.0
Greuther Furth,Erzgebirge Aue,D2,2018,08/12/2018,A,0,5,0,1,A,19.0,15.0,0.0,8.0,8.0,9.0,11.0,11.0,1.0,4.0,0.0,0.0
Heidenheim,Duisburg,D2,2018,08/12/2018,H,4,1,1,0,H,13.0,12.0,6.0,5.0,5.0,3.0,9.0,11.0,0.0,4.0,0.0,0.0
Bielefeld,Sandhausen,D2,2018,09/12/2018,D,1,1,0,0,D,14.0,3.0,5.0,2.0,7.0,1.0,15.0,17.0,2.0,3.0,0.0,0.0
Dresden,Holstein Kiel,D2,2018,09/12/2018,A,0,2,0,2,A,16.0,9.0,8.0,5.0,5.0,1.0,11.0,9.0,1.0,1.0,0.0,0.0
Magdeburg,Union Berlin,D2,2018,09/12/2018,D,1,1,1,0,H,11.0,11.0,5.0,2.0,4.0,2.0,10.0,22.0,2.0,4.0,0.0,0.0
Bochum,St Pauli,D2,2018,10/12/2018,A,1,3,1,2,A,22.0,16.0,6.0,6.0,7.0,4.0,11.0,18.0,2.0,3.0,0.0,0.0
Duisburg,Hamburg,D2,2018,14/12/2018,A,1,2,1,2,A,14.0,10.0,2.0,5.0,2.0,2.0,15.0,17.0,4.0,1.0,1.0,0.0
Holstein Kiel,Bielefeld,D2,2018,14/12/2018,A,1,2,0,1,A,11.0,20.0,2.0,9.0,6.0,8.0,13.0,11.0,2.0,0.0,0.0,0.0
Paderborn,Dresden,D2,2018,15/12/2018,H,3,0,0,0,D,19.0,11.0,7.0,5.0,3.0,3.0,12.0,14.0,2.0,1.0,0.0,0.0
St Pauli,Greuther Furth,D2,2018,15/12/2018,H,2,0,1,0,H,15.0,11.0,3.0,2.0,8.0,12.0,13.0,13.0,1.0,3.0,0.0,0.0
Union Berlin,Bochum,D2,2018,15/12/2018,H,2,0,0,0,D,18.0,20.0,7.0,6.0,5.0,4.0,22.0,9.0,1.0,0.0,0.0,0.0
Erzgebirge Aue,Darmstadt,D2,2018,16/12/2018,D,2,2,0,0,D,12.0,19.0,6.0,5.0,4.0,6.0,15.0,12.0,5.0,3.0,0.0,0.0
Ingolstadt,Heidenheim,D2,2018,16/12/2018,D,1,1,1,0,H,11.0,15.0,3.0,4.0,2.0,5.0,17.0,14.0,3.0,1.0,0.0,0.0
Sandhausen,Regensburg,D2,2018,16/12/2018,D,2,2,2,1,H,16.0,6.0,6.0,5.0,4.0,4.0,9.0,15.0,1.0,2.0,0.0,0.0
FC Koln,Magdeburg,D2,2018,17/12/2018,H,3,0,1,0,H,18.0,11.0,10.0,1.0,2.0,4.0,10.0,13.0,1.0,0.0,0.0,0.0
FC Koln,Bochum,D2,2018,21/12/2018,A,2,3,1,1,D,17.0,9.0,8.0,5.0,8.0,1.0,20.0,19.0,3.0,4.0,0.0,0.0
Sandhausen,Greuther Furth,D2,2018,21/12/2018,D,0,0,0,0,D,13.0,4.0,4.0,1.0,2.0,0.0,17.0,14.0,3.0,2.0,0.0,0.0
Bielefeld,Heidenheim,D2,2018,22/12/2018,A,1,2,1,1,D,19.0,11.0,6.0,5.0,5.0,3.0,13.0,14.0,1.0,2.0,0.0,0.0
Ingolstadt,Regensburg,D2,2018,22/12/2018,A,1,2,1,1,D,10.0,9.0,3.0,3.0,5.0,3.0,12.0,25.0,2.0,1.0,0.0,0.0
St Pauli,Magdeburg,D2,2018,22/12/2018,H,4,1,1,1,D,7.0,16.0,6.0,7.0,2.0,6.0,10.0,12.0,3.0,3.0,0.0,0.0
Duisburg,Dresden,D2,2018,23/12/2018,A,1,3,0,2,A,15.0,15.0,3.0,6.0,3.0,4.0,16.0,21.0,6.0,4.0,0.0,0.0
Erzgebirge Aue,Union Berlin,D2,2018,23/12/2018,H,3,0,2,0,H,12.0,17.0,7.0,4.0,8.0,13.0,10.0,8.0,3.0,2.0,0.0,0.0
Holstein Kiel,Hamburg,D2,2018,23/12/2018,H,3,1,2,0,H,13.0,18.0,5.0,5.0,8.0,5.0,14.0,15.0,1.0,1.0,0.0,0.0
Paderborn,Darmstadt,D2,2018,23/12/2018,H,6,2,1,1,D,18.0,12.0,10.0,5.0,4.0,3.0,11.0,9.0,3.0,0.0,0.0,0.0
Bochum,Duisburg,D2,2018,29/01/2019,H,2,1,2,0,H,19.0,18.0,5.0,8.0,8.0,3.0,11.0,10.0,1.0,3.0,0.0,0.0
Darmstadt,St Pauli,D2,2018,29/01/2019,H,2,1,0,1,A,13.0,9.0,4.0,5.0,2.0,3.0,10.0,8.0,1.0,1.0,0.0,0.0
Greuther Furth,Ingolstadt,D2,2018,29/01/2019,A,0,1,0,0,D,5.0,12.0,1.0,6.0,2.0,4.0,17.0,13.0,4.0,3.0,2.0,0.0
Magdeburg,Erzgebirge Aue,D2,2018,29/01/2019,H,1,0,1,0,H,10.0,9.0,5.0,1.0,4.0,3.0,13.0,15.0,3.0,3.0,0.0,0.0
Dresden,Bielefeld,D2,2018,30/01/2019,A,3,4,3,1,H,12.0,16.0,7.0,8.0,4.0,4.0,21.0,21.0,3.0,2.0,1.0,0.0
Hamburg,Sandhausen,D2,2018,30/01/2019,H,2,1,1,0,H,16.0,5.0,7.0,3.0,5.0,2.0,11.0,16.0,0.0,1.0,0.0,0.0
Heidenheim,Holstein Kiel,D2,2018,30/01/2019,D,2,2,2,1,H,6.0,10.0,5.0,4.0,1.0,9.0,13.0,7.0,1.0,2.0,0.0,0.0
Regensburg,Paderborn,D2,2018,30/01/2019,H,2,0,0,0,D,12.0,9.0,6.0,0.0,3.0,6.0,22.0,8.0,2.0,1.0,0.0,0.0
Union Berlin,FC Koln,D2,2018,31/01/2019,H,2,0,2,0,H,14.0,20.0,5.0,4.0,7.0,11.0,19.0,14.0,4.0,3.0,1.0,0.0
Duisburg,Darmstadt,D2,2018,01/02/2019,H,3,2,2,0,H,9.0,18.0,5.0,10.0,2.0,7.0,11.0,23.0,1.0,2.0,0.0,0.0
Ingolstadt,Magdeburg,D2,2018,01/02/2019,A,0,1,0,0,D,15.0,4.0,3.0,2.0,5.0,3.0,10.0,18.0,1.0,2.0,0.0,0.0
Bielefeld,Hamburg,D2,2018,02/02/2019,H,2,0,2,0,H,10.0,5.0,7.0,1.0,3.0,1.0,16.0,11.0,2.0,2.0,0.0,1.0
Heidenheim,Dresden,D2,2018,02/02/2019,H,1,0,1,0,H,15.0,19.0,3.0,2.0,7.0,2.0,15.0,12.0,3.0,4.0,0.0,0.0
Paderborn,Greuther Furth,D2,2018,02/02/2019,H,6,0,3,0,H,18.0,9.0,11.0,3.0,7.0,5.0,15.0,14.0,2.0,4.0,0.0,0.0
Holstein Kiel,Regensburg,D2,2018,03/02/2019,H,2,0,1,0,H,10.0,14.0,3.0,4.0,6.0,7.0,10.0,24.0,1.0,4.0,0.0,0.0
Sandhausen,Bochum,D2,2018,03/02/2019,H,3,0,0,0,D,11.0,15.0,4.0,4.0,4.0,5.0,18.0,16.0,2.0,3.0,0.0,1.0
St Pauli,Union Berlin,D2,2018,04/02/2019,H,3,2,1,0,H,11.0,18.0,3.0,7.0,2.0,3.0,10.0,18.0,3.0,3.0,0.0,0.0
FC Koln,St Pauli,D2,2018,08/02/2019,H,4,1,1,1,D,19.0,7.0,12.0,3.0,5.0,5.0,16.0,10.0,1.0,1.0,0.0,0.0
Regensburg,Bielefeld,D2,2018,08/02/2019,A,0,3,0,2,A,19.0,11.0,6.0,6.0,12.0,5.0,13.0,12.0,1.0,1.0,0.0,0.0
Bochum,Paderborn,D2,2018,09/02/2019,A,1,2,0,2,A,15.0,20.0,4.0,7.0,5.0,4.0,19.0,15.0,3.0,4.0,0.0,0.0
Greuther Furth,Duisburg,D2,2018,09/02/2019,H,1,0,0,0,D,20.0,16.0,7.0,3.0,5.0,6.0,19.0,16.0,1.0,3.0,0.0,1.0
Union Berlin,Sandhausen,D2,2018,09/02/2019,H,2,0,1,0,H,10.0,10.0,5.0,0.0,4.0,3.0,23.0,18.0,2.0,2.0,0.0,0.0
Darmstadt,Heidenheim,D2,2018,10/02/2019,A,1,2,0,1,A,12.0,13.0,4.0,4.0,5.0,4.0,13.0,15.0,1.0,2.0,0.0,0.0
Erzgebirge Aue,Ingolstadt,D2,2018,10/02/2019,A,0,3,0,1,A,9.0,18.0,3.0,6.0,0.0,7.0,20.0,11.0,6.0,0.0,0.0,0.0
Magdeburg,Holstein Kiel,D2,2018,10/02/2019,D,1,1,1,1,D,15.0,11.0,9.0,5.0,11.0,8.0,18.0,13.0,3.0,3.0,0.0,0.0
Hamburg,Dresden,D2,2018,11/02/2019,H,1,0,0,0,D,14.0,12.0,6.0,4.0,4.0,2.0,8.0,13.0,2.0,0.0,0.0,0.0
Paderborn,FC Koln,D2,2018,15/02/2019,H,3,2,0,1,A,18.0,13.0,4.0,4.0,3.0,4.0,11.0,26.0,3.0,6.0,0.0,1.0
Sandhausen,Darmstadt,D2,2018,15/02/2019,D,1,1,1,1,D,11.0,10.0,2.0,2.0,8.0,3.0,18.0,24.0,3.0,2.0,0.0,0.0
Duisburg,Union Berlin,D2,2018,16/02/2019,A,2,3,1,1,D,10.0,18.0,4.0,3.0,3.0,6.0,15.0,15.0,4.0,2.0,0.0,0.0
Heidenheim,Hamburg,D2,2018,16/02/2019,D,2,2,1,1,D,15.0,15.0,7.0,4.0,8.0,4.0,16.0,15.0,0.0,3.0,0.0,0.0
Ingolstadt,Bochum,D2,2018,16/02/2019,H,2,1,2,0,H,12.0,11.0,5.0,5.0,3.0,9.0,14.0,11.0,0.0,0.0,0.0,0.0
St Pauli,Erzgebirge Aue,D2,2018,16/02/2019,A,1,2,1,1,D,13.0,16.0,3.0,4.0,7.0,1.0,12.0,17.0,1.0,4.0,0.0,0.0
Bielefeld,Magdeburg,D2,2018,17/02/2019,A,1,3,0,2,A,12.0,14.0,3.0,4.0,5.0,2.0,11.0,7.0,2.0,1.0,1.0,0.0
Dresden,Regensburg,D2,2018,17/02/2019,D,0,0,0,0,D,12.0,15.0,4.0,2.0,8.0,3.0,13.0,17.0,1.0,2.0,0.0,0.0
Holstein Kiel,Greuther Furth,D2,2018,17/02/2019,D,2,2,0,0,D,17.0,8.0,5.0,5.0,14.0,10.0,16.0,15.0,1.0,2.0,0.0,0.0
Greuther Furth,Heidenheim,D2,2018,22/02/2019,D,0,0,0,0,D,11.0,9.0,4.0,1.0,3.0,1.0,18.0,11.0,2.0,1.0,0.0,0.0
Union Berlin,Bielefeld,D2,2018,22/02/2019,D,1,1,1,0,H,16.0,17.0,5.0,3.0,4.0,3.0,15.0,9.0,3.0,2.0,0.0,0.0
Bochum,Holstein Kiel,D2,2018,23/02/2019,A,1,3,0,3,A,7.0,14.0,2.0,8.0,6.0,9.0,14.0,19.0,0.0,3.0,0.0,0.0
Darmstadt,Dresden,D2,2018,23/02/2019,H,2,0,1,0,H,11.0,12.0,5.0,1.0,6.0,5.0,18.0,13.0,3.0,5.0,0.0,0.0
FC Koln,Sandhausen,D2,2018,23/02/2019,H,3,1,0,1,A,22.0,6.0,8.0,2.0,8.0,4.0,12.0,13.0,1.0,4.0,0.0,0.0
St Pauli,Ingolstadt,D2,2018,23/02/2019,H,1,0,0,0,D,8.0,11.0,3.0,0.0,5.0,3.0,19.0,13.0,0.0,0.0,0.0,0.0
Erzgebirge Aue,Duisburg,D2,2018,24/02/2019,D,0,0,0,0,D,16.0,15.0,3.0,5.0,7.0,5.0,16.0,14.0,3.0,2.0,0.0,1.0
Magdeburg,Paderborn,D2,2018,24/02/2019,D,1,1,1,0,H,10.0,13.0,2.0,3.0,3.0,5.0,8.0,13.0,2.0,2.0,0.0,0.0
Regensburg,Hamburg,D2,2018,24/02/2019,H,2,1,0,1,A,18.0,10.0,3.0,5.0,8.0,5.0,10.0,14.0,2.0,5.0,0.0,2.0
Erzgebirge Aue,FC Koln,D2,2018,27/02/2019,A,0,1,0,1,A,8.0,12.0,4.0,5.0,4.0,5.0,11.0,14.0,2.0,3.0,0.0,0.0
Duisburg,Magdeburg,D2,2018,01/03/2019,H,1,0,0,0,D,9.0,13.0,3.0,4.0,3.0,4.0,13.0,8.0,4.0,2.0,0.0,0.0
Holstein Kiel,Union Berlin,D2,2018,01/03/2019,A,0,2,0,1,A,7.0,21.0,3.0,6.0,3.0,7.0,11.0,13.0,3.0,3.0,0.0,0.0
Heidenheim,Regensburg,D2,2018,02/03/2019,A,1,2,0,1,A,13.0,17.0,5.0,8.0,9.0,6.0,9.0,16.0,1.0,2.0,0.0,0.0
Paderborn,St Pauli,D2,2018,02/03/2019,A,0,1,0,0,D,12.0,9.0,4.0,3.0,4.0,2.0,13.0,13.0,3.0,5.0,0.0,1.0
Sandhausen,Erzgebirge Aue,D2,2018,02/03/2019,A,0,3,0,1,A,11.0,22.0,1.0,9.0,4.0,3.0,14.0,17.0,2.0,2.0,0.0,0.0
Bielefeld,Darmstadt,D2,2018,03/03/2019,H,1,0,1,0,H,14.0,6.0,5.0,2.0,7.0,3.0,10.0,11.0,1.0,3.0,0.0,0.0
Dresden,Bochum,D2,2018,03/03/2019,D,2,2,1,2,A,17.0,10.0,8.0,5.0,8.0,5.0,14.0,18.0,1.0,3.0,0.0,0.0
Ingolstadt,FC Koln,D2,2018,03/03/2019,A,1,2,0,1,A,13.0,8.0,1.0,4.0,4.0,3.0,15.0,26.0,3.0,4.0,0.0,0.0
Hamburg,Greuther Furth,D2,2018,04/03/2019,H,1,0,0,0,D,8.0,15.0,3.0,6.0,4.0,5.0,11.0,15.0,2.0,4.0,0.0,1.0
Bochum,Heidenheim,D2,2018,08/03/2019,H,1,0,0,0,D,15.0,6.0,3.0,2.0,9.0,0.0,10.0,14.0,0.0,2.0,0.0,1.0
Union Berlin,Ingolstadt,D2,2018,08/03/2019,H,2,0,1,0,H,9.0,15.0,3.0,5.0,2.0,7.0,26.0,16.0,4.0,5.0,0.0,2.0
Darmstadt,Holstein Kiel,D2,2018,09/03/2019,H,3,2,2,1,H,12.0,14.0,5.0,7.0,7.0,10.0,7.0,19.0,0.0,5.0,0.0,1.0
Erzgebirge Aue,Paderborn,D2,2018,09/03/2019,H,2,1,1,0,H,20.0,13.0,5.0,5.0,12.0,3.0,20.0,19.0,6.0,2.0,0.0,1.0
FC Koln,Bielefeld,D2,2018,09/03/2019,H,5,1,2,0,H,17.0,7.0,9.0,1.0,7.0,1.0,14.0,11.0,0.0,0.0,0.0,0.0
Regensburg,Duisburg,D2,2018,09/03/2019,D,1,1,1,0,H,17.0,8.0,9.0,1.0,6.0,1.0,22.0,15.0,3.0,2.0,0.0,0.0
Magdeburg,Sandhausen,D2,2018,10/03/2019,A,0,1,0,0,D,8.0,8.0,1.0,4.0,6.0,5.0,8.0,17.0,3.0,3.0,0.0,0.0
St Pauli,Hamburg,D2,2018,10/03/2019,A,0,4,0,1,A,10.0,11.0,2.0,5.0,5.0,4.0,16.0,12.0,0.0,0.0,0.0,0.0
Heidenheim,Union Berlin,D2,2018,15/03/2019,H,2,1,0,1,A,14.0,19.0,7.0,7.0,7.0,6.0,13.0,15.0,1.0,3.0,0.0,0.0
Holstein Kiel,Erzgebirge Aue,D2,2018,15/03/2019,H,5,1,2,1,H,17.0,10.0,7.0,4.0,7.0,4.0,10.0,12.0,1.0,1.0,0.0,0.0
Dresden,Magdeburg,D2,2018,16/03/2019,D,1,1,0,1,A,10.0,8.0,3.0,2.0,5.0,6.0,13.0,17.0,3.0,3.0,0.0,0.0
Hamburg,Darmstadt,D2,2018,16/03/2019,A,2,3,2,0,H,18.0,14.0,6.0,4.0,7.0,2.0,13.0,15.0,0.0,2.0,0.0,0.0
Sandhausen,St Pauli,D2,2018,16/03/2019,H,4,0,2,0,H,14.0,15.0,5.0,5.0,4.0,5.0,14.0,5.0,1.0,1.0,0.0,0.0
Bielefeld,Bochum,D2,2018,17/03/2019,H,3,1,0,0,D,13.0,8.0,7.0,3.0,4.0,5.0,23.0,11.0,1.0,0.0,0.0,1.0
Paderborn,Ingolstadt,D2,2018,17/03/2019,H,3,1,0,0,D,17.0,15.0,7.0,7.0,6.0,8.0,12.0,9.0,0.0,2.0,0.0,0.0
Regensburg,Greuther Furth,D2,2018,18/03/2019,A,0,2,0,0,D,18.0,18.0,5.0,7.0,7.0,8.0,10.0,14.0,4.0,4.0,1.0,0.0
Magdeburg,Heidenheim,D2,2018,29/03/2019,D,0,0,0,0,D,20.0,9.0,4.0,1.0,11.0,1.0,12.0,11.0,2.0,4.0,0.0,1.0
St Pauli,Duisburg,D2,2018,29/03/2019,D,0,0,0,0,D,14.0,10.0,3.0,0.0,8.0,0.0,16.0,10.0,2.0,2.0,0.0,0.0
Bochum,Hamburg,D2,2018,30/03/2019,D,0,0,0,0,D,12.0,15.0,3.0,4.0,5.0,5.0,12.0,11.0,1.0,0.0,0.0,0.0
Darmstadt,Regensburg,D2,2018,30/03/2019,D,1,1,0,0,D,26.0,12.0,8.0,5.0,13.0,2.0,9.0,18.0,0.0,1.0,0.0,0.0
Union Berlin,Paderborn,D2,2018,30/03/2019,A,1,3,0,1,A,18.0,12.0,7.0,8.0,5.0,3.0,11.0,18.0,1.0,2.0,0.0,0.0
FC Koln,Holstein Kiel,D2,2018,31/03/2019,H,4,0,2,0,H,19.0,10.0,9.0,3.0,3.0,6.0,16.0,10.0,1.0,1.0,0.0,0.0
Greuther Furth,Bielefeld,D2,2018,31/03/2019,D,2,2,2,0,H,9.0,12.0,6.0,2.0,5.0,7.0,10.0,14.0,1.0,1.0,0.0,0.0
Ingolstadt,Sandhausen,D2,2018,31/03/2019,A,1,2,1,0,H,14.0,9.0,3.0,4.0,4.0,5.0,5.0,16.0,0.0,0.0,0.0,0.0
Erzgebirge Aue,Dresden,D2,2018,01/04/2019,A,1,3,1,0,H,14.0,20.0,2.0,7.0,6.0,6.0,14.0,13.0,4.0,3.0,0.0,0.0
Greuther Furth,Dresden,D2,2018,04/04/2019,D,0,0,0,0,D,15.0,8.0,2.0,2.0,2.0,7.0,14.0,14.0,1.0,1.0,0.0,0.0
Bielefeld,Erzgebirge Aue,D2,2018,05/04/2019,H,2,1,1,0,H,8.0,7.0,4.0,4.0,4.0,1.0,11.0,12.0,0.0,1.0,0.0,0.0
Regensburg,Bochum,D2,2018,05/04/2019,H,2,1,0,0,D,21.0,13.0,5.0,5.0,3.0,6.0,18.0,15.0,3.0,2.0,0.0,0.0
Duisburg,Ingolstadt,D2,2018,06/04/2019,A,2,4,0,1,A,22.0,16.0,6.0,9.0,8.0,5.0,13.0,18.0,3.0,2.0,0.0,0.0
Holstein Kiel,St Pauli,D2,2018,06/04/2019,H,2,1,0,1,A,12.0,18.0,4.0,6.0,3.0,6.0,13.0,10.0,2.0,2.0,1.0,0.0
Sandhausen,Paderborn,D2,2018,06/04/2019,D,1,1,1,0,H,11.0,26.0,4.0,10.0,7.0,15.0,8.0,10.0,5.0,3.0,1.0,0.0
Dresden,Union Berlin,D2,2018,07/04/2019,D,0,0,0,0,D,7.0,23.0,2.0,5.0,1.0,4.0,17.0,20.0,0.0,3.0,0.0,0.0
Greuther Furth,Darmstadt,D2,2018,07/04/2019,H,2,1,0,0,D,7.0,13.0,3.0,2.0,4.0,5.0,8.0,13.0,3.0,2.0,0.0,0.0
Heidenheim,FC Koln,D2,2018,07/04/2019,A,0,2,0,2,A,17.0,17.0,3.0,4.0,7.0,3.0,16.0,12.0,1.0,2.0,0.0,0.0
Hamburg,Magdeburg,D2,2018,08/04/2019,A,1,2,1,0,H,8.0,12.0,5.0,5.0,3.0,6.0,14.0,13.0,3.0,4.0,0.0,0.0
Duisburg,FC Koln,D2,2018,10/04/2019,D,4,4,2,1,H,13.0,20.0,7.0,8.0,5.0,4.0,16.0,18.0,3.0,1.0,0.0,0.0
Erzgebirge Aue,Heidenheim,D2,2018,12/04/2019,A,0,1,0,1,A,15.0,13.0,2.0,6.0,3.0,4.0,12.0,10.0,3.0,2.0,1.0,0.0
Union Berlin,Regensburg,D2,2018,12/04/2019,D,2,2,1,1,D,23.0,16.0,11.0,6.0,6.0,4.0,10.0,17.0,1.0,2.0,0.0,0.0
Magdeburg,Darmstadt,D2,2018,13/04/2019,A,0,1,0,0,D,16.0,9.0,5.0,2.0,6.0,2.0,13.0,14.0,3.0,2.0,0.0,0.0
Paderborn,Duisburg,D2,2018,13/04/2019,H,4,0,2,0,H,14.0,14.0,6.0,9.0,7.0,2.0,8.0,3.0,1.0,0.0,0.0,0.0
Sandhausen,Dresden,D2,2018,13/04/2019,H,3,1,0,0,D,16.0,10.0,6.0,4.0,10.0,5.0,21.0,11.0,3.0,2.0,0.0,0.0
Bochum,Greuther Furth,D2,2018,14/04/2019,H,3,2,1,2,A,21.0,20.0,8.0,8.0,7.0,12.0,11.0,11.0,3.0,0.0,0.0,0.0
Ingolstadt,Holstein Kiel,D2,2018,14/04/2019,D,1,1,1,0,H,11.0,14.0,3.0,3.0,4.0,11.0,15.0,10.0,2.0,1.0,0.0,0.0
St Pauli,Bielefeld,D2,2018,14/04/2019,D,1,1,0,1,A,10.0,14.0,4.0,5.0,3.0,4.0,14.0,10.0,3.0,3.0,0.0,0.0
FC Koln,Hamburg,D2,2018,15/04/2019,D,1,1,1,0,H,12.0,16.0,2.0,3.0,6.0,8.0,14.0,20.0,4.0,3.0,0.0,0.0
Duisburg,Sandhausen,D2,2018,20/04/2019,D,2,2,0,1,A,26.0,14.0,10.0,6.0,12.0,3.0,17.0,11.0,5.0,1.0,0.0,0.0
Greuther Furth,Union Berlin,D2,2018,20/04/2019,D,1,1,0,1,A,21.0,14.0,10.0,5.0,11.0,3.0,13.0,16.0,1.0,3.0,1.0,1.0
Hamburg,Erzgebirge Aue,D2,2018,20/04/2019,D,1,1,0,1,A,17.0,8.0,2.0,3.0,5.0,2.0,8.0,13.0,0.0,2.0,0.0,0.0
Holstein Kiel,Paderborn,D2,2018,20/04/2019,A,1,2,0,0,D,11.0,25.0,2.0,10.0,6.0,7.0,11.0,13.0,1.0,1.0,0.0,0.0
Bielefeld,Ingolstadt,D2,2018,21/04/2019,A,1,3,0,1,A,12.0,13.0,3.0,7.0,9.0,4.0,12.0,15.0,1.0,0.0,0.0,0.0
Darmstadt,Bochum,D2,2018,21/04/2019,D,0,0,0,0,D,10.0,10.0,3.0,1.0,8.0,1.0,13.0,14.0,1.0,0.0,0.0,0.0
Dresden,FC Koln,D2,2018,21/04/2019,H,3,0,2,0,H,16.0,16.0,6.0,2.0,3.0,2.0,25.0,21.0,3.0,4.0,0.0,0.0
Heidenheim,St Pauli,D2,2018,21/04/2019,H,3,0,3,0,H,21.0,5.0,6.0,3.0,7.0,2.0,8.0,11.0,0.0,2.0,0.0,1.0
Regensburg,Magdeburg,D2,2018,21/04/2019,H,1,0,1,0,H,23.0,18.0,8.0,2.0,7.0,12.0,15.0,11.0,3.0,0.0,0.0,0.0
FC Koln,Darmstadt,D2,2018,26/04/2019,A,1,2,0,1,A,27.0,9.0,12.0,4.0,15.0,4.0,13.0,11.0,1.0,3.0,0.0,0.0
Ingolstadt,Dresden,D2,2018,26/04/2019,H,1,0,0,0,D,18.0,15.0,5.0,2.0,6.0,6.0,18.0,16.0,3.0,2.0,0.0,0.0
Magdeburg,Greuther Furth,D2,2018,27/04/2019,H,2,1,2,1,H,16.0,9.0,7.0,2.0,5.0,6.0,16.0,14.0,2.0,4.0,0.0,0.0
Sandhausen,Holstein Kiel,D2,2018,27/04/2019,H,3,2,2,2,D,16.0,15.0,5.0,5.0,7.0,10.0,9.0,10.0,2.0,2.0,0.0,0.0
St Pauli,Regensburg,D2,2018,27/04/2019,H,4,3,1,2,A,19.0,8.0,10.0,3.0,7.0,3.0,13.0,19.0,2.0,4.0,0.0,0.0
Erzgebirge Aue,Bochum,D2,2018,28/04/2019,H,3,2,2,1,H,13.0,13.0,4.0,5.0,2.0,2.0,17.0,16.0,2.0,2.0,0.0,0.0
Paderborn,Heidenheim,D2,2018,28/04/2019,H,3,1,0,0,D,16.0,16.0,5.0,5.0,6.0,6.0,12.0,11.0,1.0,0.0,0.0,0.0
Union Berlin,Hamburg,D2,2018,28/04/2019,H,2,0,0,0,D,12.0,7.0,3.0,4.0,9.0,3.0,14.0,14.0,2.0,2.0,0.0,0.0
Duisburg,Bielefeld,D2,2018,29/04/2019,D,2,2,1,1,D,13.0,10.0,7.0,4.0,5.0,1.0,15.0,17.0,5.0,4.0,0.0,1.0
Bielefeld,Paderborn,D2,2018,03/05/2019,H,2,0,1,0,H,17.0,10.0,6.0,4.0,5.0,2.0,11.0,11.0,5.0,3.0,0.0,0.0
Dresden,St Pauli,D2,2018,03/05/2019,H,2,1,1,0,H,11.0,10.0,5.0,6.0,5.0,5.0,15.0,16.0,2.0,3.0,0.0,0.0
Bochum,Magdeburg,D2,2018,04/05/2019,H,4,2,1,0,H,17.0,18.0,8.0,8.0,2.0,10.0,8.0,6.0,2.0,3.0,0.0,0.0
Hamburg,Ingolstadt,D2,2018,04/05/2019,A,0,3,0,1,A,18.0,9.0,3.0,6.0,5.0,5.0,7.0,13.0,0.0,2.0,0.0,0.0
Heidenheim,Sandhausen,D2,2018,04/05/2019,A,2,3,1,0,H,20.0,12.0,10.0,5.0,10.0,2.0,10.0,12.0,1.0,4.0,0.0,0.0
Darmstadt,Union Berlin,D2,2018,05/05/2019,H,2,1,0,0,D,9.0,21.0,3.0,8.0,1.0,6.0,14.0,14.0,1.0,1.0,0.0,0.0
Holstein Kiel,Duisburg,D2,2018,05/05/2019,A,0,2,0,0,D,29.0,9.0,5.0,5.0,9.0,3.0,14.0,11.0,2.0,1.0,0.0,0.0
Regensburg,Erzgebirge Aue,D2,2018,05/05/2019,A,1,3,0,0,D,15.0,11.0,4.0,5.0,4.0,1.0,19.0,12.0,4.0,1.0,1.0,0.0
Greuther Furth,FC Koln,D2,2018,06/05/2019,A,0,4,0,3,A,3.0,20.0,0.0,9.0,1.0,11.0,10.0,5.0,1.0,0.0,0.0,0.0
Duisburg,Heidenheim,D2,2018,12/05/2019,A,3,4,1,2,A,21.0,22.0,9.0,8.0,7.0,5.0,15.0,10.0,2.0,2.0,0.0,0.0
Erzgebirge Aue,Greuther Furth,D2,2018,12/05/2019,D,1,1,1,1,D,9.0,12.0,2.0,3.0,2.0,8.0,13.0,11.0,2.0,1.0,0.0,0.0
FC Koln,Regensburg,D2,2018,12/05/2019,A,3,5,0,3,A,17.0,27.0,7.0,7.0,6.0,6.0,15.0,17.0,5.0,2.0,1.0,0.0
Holstein Kiel,Dresden,D2,2018,12/05/2019,H,3,0,1,0,H,12.0,4.0,5.0,0.0,6.0,2.0,18.0,19.0,1.0,0.0,0.0,0.0
Ingolstadt,Darmstadt,D2,2018,12/05/2019,H,3,0,2,0,H,10.0,11.0,4.0,0.0,3.0,5.0,15.0,13.0,2.0,3.0,0.0,0.0
Paderborn,Hamburg,D2,2018,12/05/2019,H,4,1,1,0,H,20.0,15.0,11.0,4.0,5.0,9.0,12.0,19.0,1.0,4.0,0.0,0.0
Sandhausen,Bielefeld,D2,2018,12/05/2019,A,0,3,0,2,A,12.0,6.0,2.0,3.0,1.0,6.0,16.0,6.0,0.0,2.0,0.0,0.0
St Pauli,Bochum,D2,2018,12/05/2019,D,0,0,0,0,D,12.0,10.0,3.0,4.0,8.0,4.0,16.0,8.0,0.0,1.0,0.0,0.0
Union Berlin,Magdeburg,D2,2018,12/05/2019,H,3,0,2,0,H,14.0,12.0,7.0,1.0,3.0,5.0,22.0,16.0,1.0,1.0,0.0,0.0
Bielefeld,Holstein Kiel,D2,2018,19/05/2019,H,1,0,0,0,D,20.0,16.0,6.0,1.0,8.0,6.0,9.0,15.0,1.0,1.0,0.0,0.0
Bochum,Union Berlin,D2,2018,19/05/2019,D,2,2,1,0,H,8.0,26.0,2.0,8.0,2.0,7.0,18.0,22.0,4.0,3.0,1.0,0.0
Darmstadt,Erzgebirge Aue,D2,2018,19/05/2019,H,1,0,1,0,H,9.0,14.0,4.0,7.0,2.0,0.0,12.0,15.0,2.0,1.0,0.0,0.0
Dresden,Paderborn,D2,2018,19/05/2019,H,3,1,2,1,H,12.0,21.0,5.0,5.0,8.0,11.0,10.0,14.0,0.0,0.0,0.0,0.0
Greuther Furth,St Pauli,D2,2018,19/05/2019,H,2,1,0,0,D,22.0,9.0,5.0,2.0,3.0,3.0,16.0,15.0,5.0,3.0,0.0,1.0
Hamburg,Duisburg,D2,2018,19/05/2019,H,3,0,1,0,H,22.0,8.0,8.0,5.0,12.0,4.0,6.0,11.0,0.0,2.0,0.0,0.0
Heidenheim,Ingolstadt,D2,2018,19/05/2019,H,4,2,2,0,H,17.0,17.0,10.0,5.0,5.0,9.0,12.0,9.0,1.0,2.0,1.0,0.0
Magdeburg,FC Koln,D2,2018,19/05/2019,D,1,1,0,1,A,12.0,17.0,4.0,5.0,4.0,2.0,10.0,7.0,2.0,2.0,0.0,0.0
Regensburg,Sandhausen,D2,2018,19/05/2019,D,2,2,1,1,D,15.0,12.0,3.0,5.0,7.0,6.0,12.0,15.0,3.0,2.0,0.0,0.0
Stuttgart,Hannover,D2,2019,26/07/2019,H,2,1,2,1,H,14.0,7.0,7.0,2.0,4.0,3.0,14.0,15.0,6.0,3.0,1.0,1.0
Dresden,Nurnberg,D2,2019,27/07/2019,A,0,1,0,0,D,16.0,5.0,3.0,2.0,12.0,1.0,16.0,9.0,2.0,2.0,0.0,0.0
Holstein Kiel,Sandhausen,D2,2019,27/07/2019,D,1,1,0,1,A,21.0,15.0,3.0,3.0,5.0,7.0,4.0,22.0,0.0,4.0,0.0,0.0
Osnabruck,Heidenheim,D2,2019,27/07/2019,A,1,3,0,0,D,9.0,9.0,2.0,6.0,6.0,6.0,12.0,13.0,2.0,1.0,1.0,0.0
Hamburg,Darmstadt,D2,2019,28/07/2019,D,1,1,0,0,D,24.0,8.0,7.0,4.0,7.0,2.0,12.0,15.0,2.0,4.0,0.0,0.0
Greuther Furth,Erzgebirge Aue,D2,2019,28/07/2019,A,0,2,0,1,A,23.0,12.0,7.0,7.0,9.0,2.0,9.0,17.0,1.0,4.0,0.0,0.0
Regensburg,Bochum,D2,2019,28/07/2019,H,3,1,1,0,H,17.0,16.0,6.0,4.0,5.0,3.0,13.0,9.0,2.0,2.0,0.0,0.0
Wehen,Karlsruhe,D2,2019,28/07/2019,A,1,2,0,1,A,16.0,12.0,4.0,4.0,5.0,4.0,9.0,17.0,2.0,2.0,0.0,0.0
Bielefeld,St Pauli,D2,2019,29/07/2019,D,1,1,0,1,A,22.0,5.0,5.0,3.0,8.0,0.0,8.0,15.0,2.0,2.0,0.0,0.0
Bochum,Bielefeld,D2,2019,02/08/2019,D,3,3,0,0,D,19.0,15.0,8.0,7.0,4.0,5.0,9.0,17.0,3.0,2.0,0.0,0.0
Sandhausen,Osnabruck,D2,2019,02/08/2019,A,0,1,0,0,D,13.0,18.0,4.0,4.0,5.0,2.0,15.0,8.0,4.0,1.0,0.0,0.0
St Pauli,Greuther Furth,D2,2019,02/08/2019,A,1,3,1,2,A,15.0,6.0,5.0,5.0,7.0,1.0,9.0,16.0,0.0,1.0,0.0,0.0
Karlsruhe,Dresden,D2,2019,03/08/2019,H,4,2,1,1,D,15.0,15.0,6.0,5.0,4.0,6.0,9.0,14.0,1.0,3.0,0.0,0.0
Hannover,Regensburg,D2,2019,03/08/2019,D,1,1,0,0,D,21.0,9.0,6.0,7.0,8.0,1.0,11.0,12.0,1.0,2.0,0.0,0.0
Heidenheim,Stuttgart,D2,2019,04/08/2019,D,2,2,0,0,D,15.0,23.0,5.0,10.0,3.0,10.0,8.0,12.0,0.0,1.0,0.0,0.0
Darmstadt,Holstein Kiel,D2,2019,04/08/2019,H,2,0,1,0,H,12.0,22.0,5.0,2.0,4.0,15.0,9.0,16.0,0.0,1.0,0.0,0.0
Erzgebirge Aue,Wehen,D2,2019,04/08/2019,H,3,2,2,1,H,11.0,23.0,6.0,7.0,1.0,5.0,15.0,20.0,4.0,5.0,0.0,0.0
Nurnberg,Hamburg,D2,2019,05/08/2019,A,0,4,0,2,A,9.0,15.0,0.0,8.0,4.0,3.0,13.0,6.0,1.0,1.0,0.0,0.0
Hamburg,Bochum,D2,2019,16/08/2019,H,1,0,0,0,D,14.0,7.0,6.0,0.0,14.0,0.0,8.0,16.0,1.0,1.0,0.0,0.0
Sandhausen,Nurnberg,D2,2019,16/08/2019,H,3,2,2,1,H,15.0,11.0,6.0,6.0,3.0,6.0,14.0,16.0,3.0,3.0,0.0,0.0
Bielefeld,Erzgebirge Aue,D2,2019,17/08/2019,H,3,1,1,0,H,14.0,12.0,5.0,8.0,9.0,1.0,17.0,16.0,1.0,3.0,0.0,0.0
Stuttgart,St Pauli,D2,2019,17/08/2019,H,2,1,0,1,A,17.0,15.0,5.0,2.0,4.0,9.0,11.0,17.0,0.0,2.0,0.0,0.0
Wehen,Hannover,D2,2019,17/08/2019,A,0,3,0,1,A,14.0,11.0,5.0,6.0,4.0,6.0,12.0,8.0,4.0,1.0,0.0,0.0
Dresden,Heidenheim,D2,2019,18/08/2019,H,2,1,0,0,D,17.0,13.0,5.0,6.0,5.0,6.0,11.0,15.0,0.0,1.0,0.0,0.0
Greuther Furth,Regensburg,D2,2019,18/08/2019,H,1,0,0,0,D,15.0,4.0,7.0,1.0,5.0,3.0,19.0,14.0,0.0,2.0,0.0,0.0
Holstein Kiel,Karlsruhe,D2,2019,18/08/2019,H,2,1,1,1,D,20.0,17.0,7.0,2.0,6.0,3.0,15.0,13.0,0.0,2.0,1.0,0.0
Osnabruck,Darmstadt,D2,2019,19/08/2019,H,4,0,1,0,H,21.0,8.0,8.0,1.0,3.0,6.0,16.0,16.0,3.0,4.0,0.0,0.0
Darmstadt,Dresden,D2,2019,23/08/2019,D,0,0,0,0,D,11.0,11.0,2.0,2.0,4.0,4.0,10.0,16.0,2.0,2.0,0.0,0.0
Erzgebirge Aue,Stuttgart,D2,2019,23/08/2019,D,0,0,0,0,D,10.0,12.0,0.0,5.0,2.0,7.0,12.0,9.0,1.0,6.0,0.0,1.0
Bochum,Wehen,D2,2019,24/08/2019,D,3,3,0,3,A,23.0,16.0,9.0,7.0,7.0,3.0,12.0,9.0,3.0,1.0,1.0,0.0
Hannover,Greuther Furth,D2,2019,24/08/2019,D,1,1,0,1,A,11.0,17.0,2.0,6.0,4.0,6.0,18.0,18.0,3.0,4.0,0.0,0.0
Regensburg,Bielefeld,D2,2019,24/08/2019,A,1,3,0,1,A,10.0,14.0,3.0,4.0,5.0,7.0,14.0,8.0,4.0,1.0,0.0,0.0
Heidenheim,Sandhausen,D2,2019,25/08/2019,A,0,2,0,0,D,13.0,15.0,2.0,4.0,8.0,5.0,9.0,8.0,1.0,0.0,0.0,0.0
Karlsruhe,Hamburg,D2,2019,25/08/2019,A,2,4,0,2,A,21.0,16.0,7.0,7.0,5.0,2.0,10.0,13.0,2.0,3.0,0.0,0.0
Nurnberg,Osnabruck,D2,2019,25/08/2019,H,1,0,0,0,D,16.0,7.0,7.0,2.0,14.0,1.0,16.0,8.0,2.0,2.0,0.0,0.0
St Pauli,Holstein Kiel,D2,2019,26/08/2019,H,2,1,0,0,D,11.0,13.0,2.0,6.0,6.0,6.0,14.0,7.0,4.0,3.0,1.0,0.0
Nurnberg,Heidenheim,D2,2019,30/08/2019,D,2,2,1,0,H,27.0,8.0,7.0,2.0,8.0,7.0,9.0,9.0,2.0,3.0,0.0,0.0
Sandhausen,Darmstadt,D2,2019,30/08/2019,H,1,0,0,0,D,16.0,16.0,5.0,3.0,7.0,7.0,20.0,12.0,2.0,5.0,0.0,1.0
Bielefeld,Greuther Furth,D2,2019,31/08/2019,D,2,2,1,2,A,19.0,13.0,6.0,5.0,10.0,3.0,13.0,13.0,0.0,3.0,0.0,0.0
Dresden,St Pauli,D2,2019,31/08/2019,D,3,3,1,3,A,13.0,8.0,8.0,3.0,4.0,9.0,7.0,18.0,1.0,2.0,1.0,0.0
Wehen,Regensburg,D2,2019,31/08/2019,A,0,5,0,2,A,11.0,14.0,2.0,9.0,7.0,5.0,12.0,8.0,1.0,0.0,0.0,0.0
Hamburg,Hannover,D2,2019,01/09/2019,H,3,0,1,0,H,20.0,9.0,8.0,4.0,4.0,3.0,11.0,19.0,0.0,0.0,0.0,0.0
Holstein Kiel,Erzgebirge Aue,D2,2019,01/09/2019,D,1,1,0,0,D,12.0,21.0,3.0,6.0,6.0,8.0,10.0,12.0,3.0,3.0,0.0,0.0
Osnabruck,Karlsruhe,D2,2019,01/09/2019,H,3,0,1,0,H,20.0,10.0,7.0,3.0,8.0,6.0,19.0,16.0,2.0,3.0,0.0,0.0
Stuttgart,Bochum,D2,2019,02/09/2019,H,2,1,1,1,D,17.0,13.0,6.0,5.0,3.0,6.0,7.0,6.0,0.0,1.0,0.0,0.0
Greuther Furth,Wehen,D2,2019,13/09/2019,H,2,1,0,0,D,21.0,9.0,6.0,1.0,8.0,6.0,10.0,19.0,4.0,1.0,0.0,0.0
Karlsruhe,Sandhausen,D2,2019,13/09/2019,H,1,0,0,0,D,14.0,17.0,5.0,5.0,7.0,6.0,12.0,12.0,2.0,3.0,0.0,0.0
Hannover,Bielefeld,D2,2019,14/09/2019,A,0,2,0,1,A,13.0,7.0,4.0,4.0,6.0,2.0,13.0,15.0,5.0,1.0,1.0,0.0
Heidenheim,Holstein Kiel,D2,2019,14/09/2019,H,3,0,2,0,H,15.0,14.0,6.0,1.0,5.0,8.0,12.0,11.0,1.0,1.0,0.0,0.0
Regensburg,Stuttgart,D2,2019,14/09/2019,A,2,3,0,1,A,14.0,24.0,5.0,7.0,7.0,12.0,22.0,9.0,4.0,0.0,0.0,0.0
Bochum,Dresden,D2,2019,15/09/2019,D,2,2,0,0,D,23.0,7.0,7.0,5.0,7.0,1.0,11.0,15.0,2.0,3.0,0.0,0.0
Darmstadt,Nurnberg,D2,2019,15/09/2019,D,3,3,1,2,A,12.0,26.0,6.0,7.0,5.0,8.0,19.0,10.0,1.0,1.0,0.0,0.0
Erzgebirge Aue,Osnabruck,D2,2019,15/09/2019,H,1,0,1,0,H,22.0,14.0,6.0,3.0,5.0,4.0,16.0,14.0,2.0,5.0,1.0,0.0
St Pauli,Hamburg,D2,2019,16/09/2019,H,2,0,1,0,H,10.0,14.0,4.0,5.0,4.0,8.0,10.0,9.0,2.0,2.0,0.0,0.0
Heidenheim,Darmstadt,D2,2019,20/09/2019,H,1,0,0,0,D,9.0,13.0,5.0,2.0,6.0,4.0,11.0,12.0,2.0,0.0,0.0,0.0
Holstein Kiel,Hannover,D2,2019,20/09/2019,A,1,2,0,1,A,9.0,11.0,5.0,3.0,5.0,1.0,16.0,15.0,2.0,2.0,0.0,0.0
Nurnberg,Karlsruhe,D2,2019,21/09/2019,D,1,1,1,1,D,16.0,13.0,7.0,3.0,1.0,8.0,12.0,13.0,0.0,0.0,0.0,0.0
Sandhausen,Bochum,D2,2019,21/09/2019,D,1,1,0,0,D,20.0,14.0,6.0,5.0,5.0,6.0,15.0,12.0,1.0,4.0,0.0,0.0
Stuttgart,Greuther Furth,D2,2019,21/09/2019,H,2,0,1,0,H,16.0,15.0,5.0,3.0,3.0,3.0,20.0,16.0,1.0,4.0,0.0,0.0
Wehen,Bielefeld,D2,2019,21/09/2019,A,2,5,1,3,A,11.0,10.0,6.0,8.0,4.0,2.0,13.0,11.0,2.0,2.0,1.0,0.0
Dresden,Regensburg,D2,2019,22/09/2019,H,2,1,0,1,A,10.0,17.0,7.0,3.0,4.0,5.0,18.0,17.0,1.0,3.0,0.0,0.0
Hamburg,Erzgebirge Aue,D2,2019,22/09/2019,H,4,0,2,0,H,9.0,9.0,5.0,2.0,5.0,3.0,6.0,14.0,1.0,3.0,0.0,0.0
Osnabruck,St Pauli,D2,2019,22/09/2019,D,1,1,1,1,D,16.0,13.0,5.0,3.0,5.0,8.0,16.0,16.0,2.0,4.0,0.0,1.0
Bielefeld,Stuttgart,D2,2019,27/09/2019,A,0,1,0,0,D,10.0,11.0,2.0,4.0,2.0,4.0,12.0,5.0,3.0,1.0,1.0,0.0
Wehen,Osnabruck,D2,2019,27/09/2019,H,2,0,1,0,H,15.0,4.0,4.0,0.0,3.0,1.0,20.0,9.0,3.0,1.0,0.0,0.0
Bochum,Darmstadt,D2,2019,28/09/2019,D,2,2,2,1,H,15.0,10.0,5.0,6.0,5.0,4.0,19.0,12.0,2.0,1.0,0.0,0.0
Karlsruhe,Heidenheim,D2,2019,28/09/2019,D,1,1,1,0,H,17.0,10.0,3.0,2.0,7.0,8.0,11.0,12.0,2.0,3.0,0.0,0.0
Regensburg,Hamburg,D2,2019,28/09/2019,D,2,2,1,0,H,8.0,14.0,2.0,3.0,4.0,8.0,23.0,11.0,4.0,1.0,0.0,0.0
Erzgebirge Aue,Dresden,D2,2019,29/09/2019,H,4,1,3,1,H,12.0,9.0,7.0,2.0,5.0,11.0,14.0,10.0,3.0,2.0,0.0,0.0
Greuther Furth,Holstein Kiel,D2,2019,29/09/2019,A,0,3,0,1,A,6.0,18.0,2.0,9.0,3.0,5.0,14.0,13.0,1.0,1.0,0.0,0.0
St Pauli,Sandhausen,D2,2019,29/09/2019,H,2,0,2,0,H,21.0,18.0,7.0,4.0,7.0,5.0,13.0,18.0,2.0,1.0,0.0,0.0
Hannover,Nurnberg,D2,2019,30/09/2019,A,0,4,0,3,A,10.0,8.0,0.0,4.0,6.0,1.0,6.0,15.0,3.0,1.0,0.0,0.0
Darmstadt,Karlsruhe,D2,2019,04/10/2019,D,1,1,1,1,D,21.0,8.0,5.0,2.0,11.0,3.0,4.0,8.0,1.0,2.0,0.0,0.0
Stuttgart,Wehen,D2,2019,04/10/2019,A,1,2,1,2,A,30.0,6.0,6.0,4.0,8.0,1.0,10.0,9.0,1.0,3.0,0.0,1.0
Dresden,Hannover,D2,2019,05/10/2019,A,0,2,0,0,D,10.0,18.0,2.0,9.0,3.0,5.0,8.0,17.0,1.0,5.0,1.0,1.0
Hamburg,Greuther Furth,D2,2019,05/10/2019,H,2,0,0,0,D,21.0,12.0,8.0,3.0,12.0,3.0,9.0,16.0,1.0,3.0,0.0,0.0
Sandhausen,Erzgebirge Aue,D2,2019,05/10/2019,D,2,2,2,1,H,21.0,12.0,9.0,5.0,13.0,6.0,10.0,17.0,2.0,3.0,0.0,0.0
Heidenheim,Bochum,D2,2019,06/10/2019,A,2,3,1,2,A,20.0,8.0,6.0,4.0,11.0,0.0,12.0,13.0,0.0,3.0,0.0,0.0
Holstein Kiel,Regensburg,D2,2019,06/10/2019,A,1,2,1,1,D,20.0,6.0,5.0,3.0,11.0,4.0,11.0,10.0,1.0,1.0,0.0,0.0
Nurnberg,St Pauli,D2,2019,06/10/2019,D,1,1,0,1,A,21.0,10.0,7.0,2.0,8.0,2.0,12.0,10.0,3.0,1.0,0.0,0.0
Osnabruck,Bielefeld,D2,2019,07/10/2019,A,0,1,0,0,D,9.0,14.0,1.0,4.0,5.0,8.0,9.0,15.0,2.0,2.0,1.0,0.0
Erzgebirge Aue,Nurnberg,D2,2019,18/10/2019,H,4,3,0,0,D,9.0,17.0,6.0,5.0,2.0,5.0,15.0,15.0,3.0,2.0,0.0,1.0
Greuther Furth,Dresden,D2,2019,18/10/2019,H,2,0,2,0,H,11.0,11.0,3.0,1.0,3.0,0.0,12.0,18.0,1.0,3.0,0.0,0.0
Regensburg,Sandhausen,D2,2019,19/10/2019,H,1,0,0,0,D,7.0,16.0,2.0,1.0,7.0,5.0,10.0,20.0,0.0,4.0,0.0,0.0
St Pauli,Darmstadt,D2,2019,19/10/2019,A,0,1,0,0,D,20.0,16.0,4.0,6.0,10.0,6.0,14.0,12.0,2.0,2.0,0.0,0.0
Wehen,Heidenheim,D2,2019,19/10/2019,D,0,0,0,0,D,9.0,10.0,3.0,1.0,7.0,7.0,14.0,8.0,2.0,3.0,0.0,0.0
Bochum,Karlsruhe,D2,2019,20/10/2019,D,3,3,3,2,H,19.0,18.0,7.0,6.0,5.0,7.0,14.0,11.0,2.0,4.0,0.0,1.0
Hannover,Osnabruck,D2,2019,20/10/2019,D,0,0,0,0,D,20.0,9.0,4.0,4.0,6.0,3.0,9.0,13.0,2.0,2.0,0.0,0.0
Stuttgart,Holstein Kiel,D2,2019,20/10/2019,A,0,1,0,0,D,18.0,12.0,4.0,3.0,7.0,1.0,13.0,8.0,3.0,2.0,1.0,0.0
Bielefeld,Hamburg,D2,2019,21/10/2019,D,1,1,0,1,A,14.0,15.0,7.0,3.0,6.0,4.0,8.0,5.0,2.0,0.0,0.0,0.0
Darmstadt,Erzgebirge Aue,D2,2019,25/10/2019,H,1,0,0,0,D,9.0,9.0,1.0,2.0,3.0,4.0,9.0,7.0,4.0,0.0,0.0,0.0
Holstein Kiel,Bochum,D2,2019,25/10/2019,H,2,1,1,1,D,15.0,11.0,5.0,3.0,7.0,2.0,8.0,21.0,4.0,5.0,0.0,0.0
Dresden,Bielefeld,D2,2019,26/10/2019,A,0,1,0,0,D,5.0,14.0,1.0,7.0,0.0,8.0,13.0,9.0,3.0,2.0,0.0,0.0
Hamburg,Stuttgart,D2,2019,26/10/2019,H,6,2,3,1,H,13.0,13.0,6.0,5.0,3.0,4.0,9.0,14.0,1.0,3.0,0.0,0.0
Karlsruhe,Hannover,D2,2019,26/10/2019,D,3,3,1,2,A,20.0,13.0,7.0,7.0,5.0,3.0,15.0,16.0,3.0,4.0,0.0,1.0
Heidenheim,St Pauli,D2,2019,27/10/2019,H,1,0,0,0,D,12.0,15.0,2.0,4.0,7.0,2.0,14.0,14.0,0.0,2.0,0.0,0.0
Nurnberg,Regensburg,D2,2019,27/10/2019,D,1,1,1,0,H,13.0,14.0,2.0,4.0,7.0,3.0,10.0,13.0,0.0,4.0,0.0,0.0
Osnabruck,Greuther Furth,D2,2019,27/10/2019,D,0,0,0,0,D,13.0,14.0,4.0,3.0,2.0,4.0,21.0,17.0,4.0,3.0,0.0,0.0
Sandhausen,Wehen,D2,2019,28/10/2019,D,0,0,0,0,D,11.0,5.0,1.0,1.0,3.0,5.0,10.0,12.0,2.0,2.0,1.0,0.0
Hannover,Sandhausen,D2,2019,01/11/2019,D,1,1,1,0,H,15.0,17.0,1.0,6.0,0.0,7.0,15.0,9.0,3.0,0.0,0.0,0.0
Regensburg,Osnabruck,D2,2019,01/11/2019,D,3,3,2,0,H,16.0,18.0,6.0,9.0,3.0,6.0,19.0,12.0,4.0,2.0,0.0,0.0
Erzgebirge Aue,Heidenheim,D2,2019,02/11/2019,D,1,1,0,0,D,8.0,13.0,2.0,5.0,4.0,4.0,16.0,19.0,3.0,5.0,0.0,0.0
Greuther Furth,Darmstadt,D2,2019,02/11/2019,H,3,1,2,0,H,19.0,11.0,6.0,3.0,6.0,3.0,16.0,12.0,2.0,2.0,0.0,0.0
St Pauli,Karlsruhe,D2,2019,02/11/2019,D,2,2,0,0,D,19.0,14.0,8.0,4.0,3.0,5.0,11.0,15.0,2.0,3.0,0.0,0.0
Bielefeld,Holstein Kiel,D2,2019,03/11/2019,H,2,1,1,0,H,10.0,13.0,4.0,5.0,5.0,4.0,9.0,9.0,2.0,2.0,0.0,0.0
Stuttgart,Dresden,D2,2019,03/11/2019,H,3,1,2,0,H,16.0,10.0,5.0,4.0,6.0,1.0,10.0,11.0,2.0,3.0,0.0,0.0
Wehen,Hamburg,D2,2019,03/11/2019,D,1,1,0,0,D,9.0,20.0,2.0,7.0,6.0,8.0,18.0,4.0,1.0,0.0,1.0,0.0
Bochum,Nurnberg,D2,2019,04/11/2019,H,3,1,3,0,H,11.0,12.0,4.0,5.0,3.0,7.0,11.0,16.0,2.0,3.0,0.0,0.0
Dresden,Wehen,D2,2019,08/11/2019,H,1,0,1,0,H,11.0,8.0,5.0,2.0,4.0,1.0,18.0,17.0,3.0,3.0,0.0,0.0
St Pauli,Bochum,D2,2019,08/11/2019,D,1,1,1,1,D,13.0,11.0,4.0,4.0,12.0,3.0,12.0,11.0,1.0,2.0,0.0,0.0
Holstein Kiel,Hamburg,D2,2019,09/11/2019,D,1,1,1,0,H,9.0,11.0,2.0,2.0,2.0,7.0,12.0,9.0,2.0,2.0,0.0,1.0
Osnabruck,Stuttgart,D2,2019,09/11/2019,H,1,0,1,0,H,9.0,21.0,3.0,6.0,1.0,8.0,11.0,22.0,1.0,3.0,0.0,0.0
Sandhausen,Greuther Furth,D2,2019,09/11/2019,H,3,2,1,1,D,23.0,8.0,6.0,4.0,6.0,4.0,18.0,18.0,3.0,2.0,0.0,0.0
Darmstadt,Regensburg,D2,2019,10/11/2019,D,2,2,0,1,A,23.0,7.0,9.0,2.0,9.0,1.0,13.0,12.0,0.0,2.0,0.0,0.0
Heidenheim,Hannover,D2,2019,10/11/2019,H,4,0,1,0,H,18.0,11.0,7.0,1.0,4.0,4.0,10.0,6.0,0.0,0.0,0.0,1.0
Nurnberg,Bielefeld,D2,2019,10/11/2019,A,1,5,0,3,A,14.0,9.0,5.0,6.0,8.0,1.0,12.0,8.0,2.0,2.0,0.0,0.0
Karlsruhe,Erzgebirge Aue,D2,2019,11/11/2019,D,1,1,0,1,A,31.0,9.0,5.0,4.0,9.0,4.0,10.0,10.0,0.0,3.0,0.0,1.0
Bochum,Osnabruck,D2,2019,22/11/2019,D,1,1,1,1,D,17.0,22.0,7.0,7.0,4.0,7.0,19.0,8.0,1.0,2.0,0.0,0.0
Erzgebirge Aue,St Pauli,D2,2019,22/11/2019,H,3,1,2,0,H,13.0,14.0,7.0,5.0,5.0,9.0,10.0,12.0,2.0,1.0,0.0,0.0
Bielefeld,Sandhausen,D2,2019,23/11/2019,D,1,1,1,1,D,13.0,15.0,2.0,6.0,3.0,7.0,8.0,11.0,1.0,1.0,0.0,0.0
Hamburg,Dresden,D2,2019,23/11/2019,H,2,1,0,0,D,16.0,12.0,8.0,4.0,7.0,2.0,10.0,13.0,1.0,3.0,0.0,0.0
Wehen,Holstein Kiel,D2,2019,23/11/2019,A,3,6,2,4,A,20.0,13.0,7.0,10.0,8.0,6.0,10.0,7.0,3.0,2.0,0.0,0.0
Greuther Furth,Nurnberg,D2,2019,24/11/2019,D,0,0,0,0,D,10.0,15.0,2.0,3.0,9.0,7.0,9.0,16.0,2.0,3.0,0.0,0.0
Regensburg,Heidenheim,D2,2019,24/11/2019,H,3,1,1,0,H,19.0,11.0,7.0,3.0,2.0,3.0,14.0,12.0,1.0,2.0,0.0,0.0
Stuttgart,Karlsruhe,D2,2019,24/11/2019,H,3,0,0,0,D,17.0,7.0,4.0,2.0,8.0,5.0,13.0,21.0,1.0,1.0,1.0,0.0
Hannover,Darmstadt,D2,2019,25/11/2019,A,1,2,1,2,A,17.0,10.0,4.0,8.0,7.0,4.0,16.0,18.0,5.0,2.0,1.0,0.0
Karlsruhe,Regensburg,D2,2019,29/11/2019,H,4,1,2,0,H,19.0,16.0,11.0,5.0,6.0,4.0,17.0,12.0,1.0,1.0,0.0,0.0
Osnabruck,Hamburg,D2,2019,29/11/2019,H,2,1,2,0,H,19.0,18.0,7.0,6.0,5.0,8.0,6.0,5.0,1.0,1.0,0.0,0.0
Bochum,Erzgebirge Aue,D2,2019,30/11/2019,H,2,0,0,0,D,16.0,11.0,4.0,0.0,2.0,2.0,13.0,17.0,2.0,4.0,0.0,1.0
Dresden,Holstein Kiel,D2,2019,30/11/2019,A,1,2,0,2,A,9.0,8.0,5.0,3.0,4.0,4.0,21.0,11.0,3.0,0.0,0.0,0.0
Nurnberg,Wehen,D2,2019,30/11/2019,A,0,2,0,1,A,24.0,5.0,4.0,2.0,5.0,2.0,13.0,11.0,1.0,1.0,0.0,0.0
St Pauli,Hannover,D2,2019,30/11/2019,A,0,1,0,1,A,9.0,8.0,2.0,2.0,4.0,2.0,16.0,19.0,1.0,3.0,0.0,0.0
Darmstadt,Bielefeld,D2,2019,01/12/2019,A,1,3,0,0,D,18.0,11.0,9.0,5.0,4.0,7.0,5.0,11.0,0.0,2.0,0.0,0.0
Heidenheim,Greuther Furth,D2,2019,01/12/2019,H,1,0,0,0,D,15.0,19.0,7.0,1.0,4.0,10.0,12.0,12.0,1.0,3.0,0.0,0.0
Sandhausen,Stuttgart,D2,2019,01/12/2019,H,2,1,2,0,H,16.0,24.0,5.0,6.0,6.0,15.0,13.0,10.0,5.0,3.0,0.0,0.0
Bielefeld,Karlsruhe,D2,2019,06/12/2019,D,2,2,0,1,A,23.0,8.0,4.0,3.0,10.0,7.0,8.0,12.0,1.0,3.0,0.0,0.0
Hamburg,Heidenheim,D2,2019,06/12/2019,A,0,1,0,0,D,16.0,9.0,9.0,2.0,8.0,1.0,6.0,11.0,0.0,0.0,0.0,0.0
Greuther Furth,Bochum,D2,2019,07/12/2019,H,3,1,1,0,H,17.0,9.0,7.0,2.0,1.0,2.0,16.0,14.0,1.0,3.0,0.0,0.0
Hannover,Erzgebirge Aue,D2,2019,07/12/2019,H,3,2,1,1,D,22.0,11.0,5.0,1.0,14.0,3.0,24.0,10.0,2.0,3.0,0.0,0.0
Holstein Kiel,Osnabruck,D2,2019,07/12/2019,A,2,4,2,1,H,14.0,12.0,5.0,6.0,5.0,3.0,12.0,15.0,3.0,1.0,1.0,0.0
Dresden,Sandhausen,D2,2019,08/12/2019,D,1,1,1,1,D,15.0,18.0,7.0,7.0,5.0,4.0,13.0,13.0,4.0,2.0,0.0,0.0
Regensburg,St Pauli,D2,2019,08/12/2019,H,1,0,1,0,H,14.0,11.0,3.0,3.0,7.0,7.0,18.0,8.0,2.0,3.0,0.0,1.0
Wehen,Darmstadt,D2,2019,08/12/2019,D,0,0,0,0,D,15.0,14.0,2.0,6.0,5.0,5.0,10.0,7.0,1.0,2.0,0.0,1.0
Stuttgart,Nurnberg,D2,2019,09/12/2019,H,3,1,0,1,A,14.0,10.0,6.0,1.0,7.0,3.0,10.0,12.0,2.0,1.0,0.0,0.0
Bochum,Hannover,D2,2019,13/12/2019,H,2,1,2,0,H,11.0,24.0,8.0,10.0,6.0,9.0,18.0,12.0,2.0,2.0,0.0,0.0
Erzgebirge Aue,Regensburg,D2,2019,13/12/2019,H,1,0,1,0,H,12.0,11.0,4.0,2.0,4.0,6.0,10.0,18.0,0.0,3.0,0.0,0.0
Heidenheim,Bielefeld,D2,2019,14/12/2019,D,0,0,0,0,D,12.0,13.0,3.0,3.0,2.0,7.0,6.0,9.0,0.0,2.0,0.0,0.0
Karlsruhe,Greuther Furth,D2,2019,14/12/2019,A,1,5,1,2,A,15.0,15.0,3.0,7.0,8.0,1.0,15.0,14.0,4.0,5.0,0.0,0.0
St Pauli,Wehen,D2,2019,14/12/2019,H,3,1,1,0,H,12.0,6.0,6.0,3.0,3.0,4.0,4.0,8.0,1.0,2.0,0.0,0.0
Nurnberg,Holstein Kiel,D2,2019,15/12/2019,D,2,2,1,0,H,11.0,13.0,4.0,4.0,3.0,4.0,15.0,14.0,1.0,1.0,0.0,0.0
Osnabruck,Dresden,D2,2019,15/12/2019,H,3,0,1,0,H,17.0,3.0,9.0,0.0,3.0,1.0,7.0,15.0,1.0,2.0,0.0,0.0
Sandhausen,Hamburg,D2,2019,15/12/2019,D,1,1,1,0,H,12.0,25.0,5.0,4.0,5.0,6.0,9.0,10.0,1.0,1.0,0.0,0.0
Darmstadt,Stuttgart,D2,2019,16/12/2019,D,1,1,1,1,D,12.0,18.0,6.0,8.0,5.0,10.0,6.0,15.0,1.0,5.0,0.0,0.0
Karlsruhe,Wehen,D2,2019,20/12/2019,A,0,1,0,0,D,19.0,8.0,2.0,5.0,8.0,1.0,7.0,19.0,2.0,3.0,0.0,0.0
Nurnberg,Dresden,D2,2019,20/12/2019,H,2,0,1,0,H,15.0,8.0,3.0,2.0,7.0,5.0,12.0,10.0,3.0,4.0,0.0,0.0
Darmstadt,Hamburg,D2,2019,21/12/2019,D,2,2,1,2,A,11.0,16.0,5.0,6.0,2.0,4.0,18.0,12.0,0.0,1.0,0.0,0.0
Erzgebirge Aue,Greuther Furth,D2,2019,21/12/2019,H,3,1,1,0,H,16.0,10.0,8.0,3.0,2.0,4.0,12.0,19.0,1.0,4.0,0.0,0.0
Hannover,Stuttgart,D2,2019,21/12/2019,D,2,2,1,0,H,17.0,14.0,6.0,5.0,8.0,4.0,14.0,15.0,1.0,3.0,0.0,0.0
St Pauli,Bielefeld,D2,2019,21/12/2019,H,3,0,2,0,H,11.0,19.0,4.0,5.0,5.0,5.0,10.0,5.0,1.0,0.0,0.0,0.0
Bochum,Regensburg,D2,2019,22/12/2019,A,2,3,1,2,A,20.0,14.0,4.0,6.0,11.0,6.0,11.0,12.0,1.0,3.0,0.0,1.0
Heidenheim,Osnabruck,D2,2019,22/12/2019,H,3,1,1,0,H,14.0,13.0,5.0,5.0,6.0,7.0,15.0,4.0,1.0,3.0,0.0,1.0
Sandhausen,Holstein Kiel,D2,2019,22/12/2019,D,2,2,0,1,A,15.0,18.0,4.0,6.0,11.0,3.0,11.0,11.0,1.0,1.0,0.0,0.0
Bielefeld,Bochum,D2,2019,28/01/2020,H,2,0,1,0,H,19.0,5.0,4.0,2.0,6.0,3.0,11.0,13.0,5.0,8.0,0.0,1.0
Greuther Furth,St Pauli,D2,2019,28/01/2020,H,3,0,1,0,H,24.0,11.0,7.0,2.0,6.0,10.0,14.0,13.0,1.0,1.0,0.0,0.0
Regensburg,Hannover,D2,2019,28/01/2020,H,1,0,1,0,H,10.0,9.0,7.0,4.0,8.0,6.0,11.0,15.0,1.0,4.0,0.0,0.0
Wehen,Erzgebirge Aue,D2,2019,28/01/2020,H,1,0,1,0,H,8.0,17.0,2.0,4.0,6.0,1.0,16.0,17.0,6.0,1.0,1.0,0.0
Stuttgart,Heidenheim,D2,2019,29/01/2020,H,3,0,1,0,H,12.0,10.0,5.0,1.0,3.0,5.0,9.0,12.0,2.0,1.0,0.0,0.0
Dresden,Karlsruhe,D2,2019,29/01/2020,H,1,0,1,0,H,10.0,9.0,3.0,1.0,4.0,2.0,12.0,12.0,5.0,1.0,0.0,0.0
Holstein Kiel,Darmstadt,D2,2019,29/01/2020,D,1,1,1,1,D,22.0,6.0,6.0,1.0,5.0,1.0,5.0,16.0,1.0,3.0,0.0,0.0
Osnabruck,Sandhausen,D2,2019,29/01/2020,A,1,3,0,1,A,9.0,15.0,3.0,7.0,1.0,4.0,9.0,19.0,3.0,4.0,1.0,0.0
Hamburg,Nurnberg,D2,2019,30/01/2020,H,4,1,2,0,H,16.0,5.0,6.0,3.0,5.0,1.0,5.0,13.0,2.0,4.0,0.0,0.0
Erzgebirge Aue,Bielefeld,D2,2019,31/01/2020,D,0,0,0,0,D,8.0,9.0,4.0,3.0,2.0,9.0,11.0,10.0,3.0,2.0,0.0,0.0
Regensburg,Greuther Furth,D2,2019,31/01/2020,A,0,2,0,2,A,20.0,11.0,5.0,8.0,12.0,4.0,19.0,17.0,4.0,4.0,0.0,0.0
Hannover,Wehen,D2,2019,01/02/2020,D,2,2,0,1,A,17.0,12.0,4.0,6.0,8.0,8.0,6.0,8.0,1.0,2.0,0.0,0.0
Karlsruhe,Holstein Kiel,D2,2019,01/02/2020,A,0,2,0,2,A,18.0,19.0,4.0,6.0,7.0,6.0,17.0,8.0,3.0,1.0,1.0,0.0
St Pauli,Stuttgart,D2,2019,01/02/2020,D,1,1,0,0,D,10.0,13.0,5.0,4.0,4.0,4.0,7.0,10.0,1.0,1.0,0.0,0.0
Darmstadt,Osnabruck,D2,2019,02/02/2020,D,2,2,1,1,D,23.0,16.0,11.0,7.0,13.0,7.0,11.0,12.0,4.0,4.0,0.0,1.0
Heidenheim,Dresden,D2,2019,02/02/2020,D,0,0,0,0,D,11.0,8.0,3.0,1.0,7.0,1.0,12.0,11.0,1.0,1.0,0.0,0.0
Nurnberg,Sandhausen,D2,2019,02/02/2020,H,2,0,1,0,H,12.0,15.0,3.0,2.0,3.0,9.0,10.0,10.0,3.0,1.0,1.0,0.0
Bochum,Hamburg,D2,2019,03/02/2020,A,1,3,0,0,D,17.0,20.0,3.0,5.0,4.0,9.0,11.0,7.0,1.0,1.0,0.0,0.0
Dresden,Darmstadt,D2,2019,07/02/2020,A,2,3,1,3,A,11.0,19.0,7.0,7.0,2.0,4.0,12.0,11.0,3.0,1.0,1.0,0.0
Sandhausen,Heidenheim,D2,2019,07/02/2020,A,0,1,0,1,A,17.0,9.0,3.0,3.0,7.0,8.0,13.0,14.0,2.0,2.0,0.0,0.0
Hamburg,Karlsruhe,D2,2019,08/02/2020,H,2,0,0,0,D,18.0,6.0,5.0,2.0,7.0,3.0,7.0,14.0,1.0,1.0,0.0,0.0
Osnabruck,Nurnberg,D2,2019,08/02/2020,A,0,1,0,0,D,5.0,11.0,1.0,6.0,2.0,2.0,11.0,19.0,3.0,3.0,0.0,0.0
Stuttgart,Erzgebirge Aue,D2,2019,08/02/2020,H,3,0,2,0,H,20.0,10.0,8.0,2.0,6.0,3.0,9.0,12.0,3.0,2.0,0.0,0.0
Bielefeld,Regensburg,D2,2019,09/02/2020,H,6,0,2,0,H,19.0,5.0,9.0,0.0,8.0,2.0,4.0,16.0,0.0,3.0,0.0,0.0
Greuther Furth,Hannover,D2,2019,09/02/2020,A,1,3,0,1,A,17.0,8.0,7.0,4.0,13.0,3.0,13.0,19.0,2.0,5.0,0.0,1.0
Wehen,Bochum,D2,2019,09/02/2020,A,0,1,0,1,A,17.0,12.0,3.0,4.0,11.0,5.0,13.0,12.0,1.0,4.0,0.0,0.0
Holstein Kiel,St Pauli,D2,2019,10/02/2020,H,2,1,1,0,H,12.0,9.0,5.0,4.0,7.0,8.0,6.0,7.0,1.0,2.0,0.0,0.0
Heidenheim,Nurnberg,D2,2019,14/02/2020,D,2,2,1,1,D,16.0,11.0,7.0,4.0,7.0,0.0,11.0,13.0,1.0,3.0,0.0,0.0
St Pauli,Dresden,D2,2019,14/02/2020,D,0,0,0,0,D,20.0,3.0,8.0,1.0,8.0,2.0,8.0,10.0,2.0,3.0,0.0,0.0
Greuther Furth,Bielefeld,D2,2019,15/02/2020,A,2,4,0,2,A,16.0,15.0,5.0,7.0,5.0,3.0,10.0,11.0,0.0,0.0,0.0,0.0
Hannover,Hamburg,D2,2019,15/02/2020,D,1,1,0,0,D,9.0,14.0,1.0,5.0,2.0,6.0,18.0,11.0,4.0,0.0,0.0,0.0
Regensburg,Wehen,D2,2019,15/02/2020,H,1,0,0,0,D,14.0,9.0,5.0,2.0,7.0,6.0,12.0,11.0,2.0,2.0,0.0,0.0
Darmstadt,Sandhausen,D2,2019,16/02/2020,H,1,0,0,0,D,11.0,9.0,6.0,0.0,3.0,5.0,10.0,10.0,3.0,2.0,1.0,0.0
Erzgebirge Aue,Holstein Kiel,D2,2019,16/02/2020,A,1,2,0,1,A,18.0,9.0,4.0,6.0,6.0,1.0,15.0,9.0,3.0,2.0,0.0,0.0
Karlsruhe,Osnabruck,D2,2019,16/02/2020,D,1,1,1,0,H,23.0,13.0,9.0,4.0,6.0,7.0,13.0,10.0,4.0,2.0,0.0,1.0
Bochum,Stuttgart,D2,2019,17/02/2020,A,0,1,0,0,D,12.0,18.0,4.0,7.0,1.0,8.0,10.0,17.0,1.0,1.0,0.0,0.0
Osnabruck,Erzgebirge Aue,D2,2019,21/02/2020,D,0,0,0,0,D,8.0,7.0,2.0,3.0,5.0,2.0,13.0,17.0,1.0,3.0,0.0,0.0
Wehen,Greuther Furth,D2,2019,21/02/2020,D,1,1,1,0,H,9.0,16.0,3.0,5.0,2.0,6.0,14.0,11.0,1.0,1.0,0.0,0.0
Dresden,Bochum,D2,2019,22/02/2020,A,1,2,0,0,D,10.0,10.0,2.0,4.0,6.0,1.0,15.0,17.0,0.0,1.0,0.0,0.0
Hamburg,St Pauli,D2,2019,22/02/2020,A,0,2,0,2,A,19.0,8.0,4.0,4.0,10.0,6.0,3.0,14.0,0.0,4.0,0.0,0.0
Holstein Kiel,Heidenheim,D2,2019,22/02/2020,A,0,1,0,0,D,10.0,13.0,2.0,4.0,6.0,3.0,9.0,18.0,1.0,3.0,0.0,1.0
Stuttgart,Regensburg,D2,2019,22/02/2020,H,2,0,0,0,D,16.0,10.0,7.0,2.0,5.0,7.0,15.0,15.0,3.0,3.0,0.0,0.0
Bielefeld,Hannover,D2,2019,23/02/2020,H,1,0,0,0,D,12.0,11.0,4.0,2.0,5.0,9.0,16.0,9.0,2.0,3.0,0.0,0.0
Nurnberg,Darmstadt,D2,2019,23/02/2020,A,1,2,1,0,H,6.0,11.0,2.0,3.0,3.0,4.0,14.0,11.0,4.0,2.0,2.0,0.0
Sandhausen,Karlsruhe,D2,2019,23/02/2020,A,0,2,0,2,A,12.0,8.0,3.0,3.0,3.0,8.0,16.0,9.0,4.0,3.0,0.0,0.0
Karlsruhe,Nurnberg,D2,2019,28/02/2020,A,0,1,0,0,D,12.0,17.0,0.0,4.0,7.0,6.0,9.0,18.0,3.0,3.0,0.0,0.0
Regensburg,Dresden,D2,2019,28/02/2020,A,1,2,0,0,D,13.0,12.0,5.0,7.0,8.0,4.0,5.0,13.0,1.0,0.0,0.0,0.0
Darmstadt,Heidenheim,D2,2019,29/02/2020,H,2,0,2,0,H,18.0,20.0,4.0,5.0,5.0,9.0,10.0,9.0,2.0,1.0,0.0,1.0
Erzgebirge Aue,Hamburg,D2,2019,29/02/2020,H,3,0,1,0,H,21.0,9.0,6.0,1.0,2.0,8.0,16.0,11.0,2.0,5.0,0.0,1.0
Greuther Furth,Stuttgart,D2,2019,29/02/2020,H,2,0,0,0,D,14.0,18.0,4.0,8.0,9.0,7.0,13.0,13.0,4.0,3.0,0.0,0.0
Bielefeld,Wehen,D2,2019,01/03/2020,H,1,0,0,0,D,15.0,7.0,6.0,1.0,10.0,5.0,8.0,14.0,1.0,3.0,0.0,0.0
Bochum,Sandhausen,D2,2019,01/03/2020,D,4,4,2,2,D,13.0,18.0,5.0,8.0,1.0,8.0,17.0,20.0,2.0,3.0,0.0,0.0
St Pauli,Osnabruck,D2,2019,01/03/2020,H,3,1,2,0,H,13.0,23.0,5.0,6.0,5.0,10.0,18.0,9.0,2.0,3.0,0.0,0.0
Hannover,Holstein Kiel,D2,2019,02/03/2020,H,3,1,1,0,H,17.0,18.0,7.0,8.0,5.0,6.0,8.0,2.0,1.0,0.0,0.0,0.0
Nurnberg,Hannover,D2,2019,06/03/2020,A,0,3,0,2,A,8.0,10.0,3.0,5.0,5.0,5.0,6.0,9.0,1.0,0.0,0.0,0.0
Osnabruck,Wehen,D2,2019,06/03/2020,A,2,6,2,5,A,14.0,15.0,4.0,8.0,2.0,3.0,5.0,20.0,2.0,4.0,0.0,0.0
Darmstadt,Bochum,D2,2019,07/03/2020,D,0,0,0,0,D,15.0,10.0,3.0,0.0,9.0,2.0,9.0,13.0,1.0,2.0,0.0,0.0
Hamburg,Regensburg,D2,2019,07/03/2020,H,2,1,1,1,D,11.0,16.0,5.0,5.0,4.0,8.0,14.0,13.0,3.0,4.0,0.0,0.0
Heidenheim,Karlsruhe,D2,2019,07/03/2020,H,3,1,3,0,H,15.0,14.0,7.0,4.0,5.0,6.0,8.0,12.0,1.0,1.0,0.0,1.0
Dresden,Erzgebirge Aue,D2,2019,08/03/2020,H,2,1,1,1,D,16.0,11.0,12.0,4.0,5.0,3.0,9.0,10.0,2.0,4.0,0.0,1.0
Holstein Kiel,Greuther Furth,D2,2019,08/03/2020,D,1,1,1,1,D,10.0,10.0,5.0,6.0,7.0,2.0,9.0,10.0,2.0,3.0,0.0,0.0
Sandhausen,St Pauli,D2,2019,08/03/2020,D,2,2,1,1,D,19.0,6.0,6.0,4.0,5.0,0.0,22.0,16.0,2.0,2.0,0.0,0.0
Stuttgart,Bielefeld,D2,2019,09/03/2020,D,1,1,0,0,D,8.0,14.0,4.0,5.0,2.0,5.0,10.0,11.0,1.0,2.0,0.0,0.0
Bochum,Heidenheim,D2,2019,16/05/2020,H,3,0,2,0,H,10.0,11.0,3.0,3.0,2.0,6.0,15.0,12.0,4.0,0.0,0.0,0.0
Erzgebirge Aue,Sandhausen,D2,2019,16/05/2020,H,3,1,1,0,H,13.0,15.0,7.0,6.0,4.0,2.0,11.0,10.0,1.0,3.0,0.0,1.0
Karlsruhe,Darmstadt,D2,2019,16/05/2020,H,2,0,0,0,D,16.0,11.0,5.0,0.0,7.0,2.0,20.0,13.0,3.0,1.0,0.0,0.0
Regensburg,Holstein Kiel,D2,2019,16/05/2020,D,2,2,0,1,A,7.0,17.0,4.0,6.0,5.0,3.0,16.0,14.0,5.0,1.0,0.0,0.0
Bielefeld,Osnabruck,D2,2019,17/05/2020,D,1,1,1,0,H,6.0,10.0,3.0,4.0,0.0,6.0,9.0,6.0,3.0,0.0,0.0,0.0
Greuther Furth,Hamburg,D2,2019,17/05/2020,D,2,2,1,1,D,14.0,11.0,5.0,8.0,6.0,4.0,14.0,14.0,2.0,3.0,0.0,0.0
St Pauli,Nurnberg,D2,2019,17/05/2020,H,1,0,0,0,D,13.0,14.0,7.0,5.0,7.0,4.0,14.0,8.0,1.0,0.0,0.0,1.0
Wehen,Stuttgart,D2,2019,17/05/2020,H,2,1,0,0,D,12.0,21.0,6.0,6.0,2.0,6.0,16.0,14.0,2.0,1.0,0.0,0.0
Heidenheim,Wehen,D2,2019,22/05/2020,H,1,0,0,0,D,17.0,7.0,8.0,1.0,7.0,6.0,11.0,13.0,1.0,2.0,0.0,0.0
Nurnberg,Erzgebirge Aue,D2,2019,22/05/2020,D,1,1,0,0,D,13.0,7.0,3.0,2.0,10.0,3.0,12.0,11.0,5.0,3.0,0.0,0.0
Darmstadt,St Pauli,D2,2019,23/05/2020,H,4,0,1,0,H,21.0,13.0,9.0,4.0,5.0,8.0,8.0,16.0,0.0,2.0,0.0,0.0
Osnabruck,Hannover,D2,2019,23/05/2020,A,2,4,1,1,D,8.0,12.0,4.0,5.0,3.0,3.0,16.0,18.0,3.0,2.0,0.0,0.0
Sandhausen,Regensburg,D2,2019,23/05/2020,D,0,0,0,0,D,13.0,7.0,5.0,0.0,7.0,7.0,20.0,15.0,3.0,3.0,0.0,0.0
Hamburg,Bielefeld,D2,2019,24/05/2020,D,0,0,0,0,D,13.0,8.0,7.0,2.0,5.0,5.0,7.0,6.0,1.0,1.0,0.0,0.0
Holstein Kiel,Stuttgart,D2,2019,24/05/2020,H,3,2,1,0,H,15.0,18.0,7.0,9.0,4.0,5.0,10.0,13.0,2.0,3.0,0.0,1.0
Karlsruhe,Bochum,D2,2019,24/05/2020,D,0,0,0,0,D,10.0,18.0,4.0,4.0,4.0,7.0,13.0,13.0,3.0,2.0,0.0,0.0
Erzgebirge Aue,Darmstadt,D2,2019,26/05/2020,A,1,3,1,1,D,6.0,17.0,3.0,13.0,3.0,10.0,15.0,10.0,3.0,2.0,0.0,0.0
Greuther Furth,Osnabruck,D2,2019,26/05/2020,A,0,2,0,1,A,23.0,10.0,7.0,5.0,9.0,3.0,16.0,15.0,2.0,3.0,0.0,0.0
Regensburg,Nurnberg,D2,2019,26/05/2020,D,2,2,1,1,D,11.0,17.0,3.0,5.0,6.0,1.0,19.0,12.0,2.0,3.0,0.0,0.0
Wehen,Sandhausen,D2,2019,26/05/2020,A,0,1,0,1,A,9.0,19.0,2.0,5.0,8.0,3.0,22.0,14.0,6.0,3.0,1.0,0.0
Bochum,Holstein Kiel,D2,2019,27/05/2020,H,2,1,0,0,D,11.0,14.0,7.0,4.0,4.0,11.0,9.0,5.0,3.0,1.0,0.0,0.0
Hannover,Karlsruhe,D2,2019,27/05/2020,D,1,1,0,0,D,19.0,13.0,4.0,3.0,5.0,2.0,12.0,18.0,2.0,0.0,0.0,0.0
St Pauli,Heidenheim,D2,2019,27/05/2020,D,0,0,0,0,D,11.0,9.0,0.0,3.0,1.0,3.0,16.0,16.0,3.0,3.0,0.0,0.0
Stuttgart,Hamburg,D2,2019,28/05/2020,H,3,2,0,2,A,13.0,9.0,7.0,4.0,5.0,4.0,15.0,14.0,3.0,2.0,0.0,0.0
Darmstadt,Greuther Furth,D2,2019,29/05/2020,D,1,1,0,0,D,15.0,14.0,3.0,2.0,7.0,7.0,14.0,14.0,2.0,2.0,0.0,0.0
Osnabruck,Regensburg,D2,2019,29/05/2020,D,2,2,0,2,A,14.0,10.0,4.0,3.0,3.0,8.0,21.0,20.0,3.0,2.0,0.0,0.0
Holstein Kiel,Bielefeld,D2,2019,30/05/2020,A,1,2,0,1,A,11.0,20.0,3.0,8.0,5.0,8.0,17.0,10.0,1.0,2.0,0.0,0.0
Karlsruhe,St Pauli,D2,2019,30/05/2020,D,1,1,0,0,D,9.0,6.0,5.0,3.0,4.0,2.0,15.0,13.0,3.0,1.0,0.0,0.0
Nurnberg,Bochum,D2,2019,30/05/2020,D,0,0,0,0,D,12.0,9.0,0.0,2.0,7.0,5.0,14.0,11.0,1.0,2.0,0.0,0.0
Sandhausen,Hannover,D2,2019,30/05/2020,H,3,1,0,0,D,15.0,16.0,6.0,3.0,10.0,5.0,15.0,9.0,3.0,2.0,0.0,0.0
Dresden,Stuttgart,D2,2019,31/05/2020,A,0,2,0,1,A,10.0,15.0,2.0,8.0,3.0,1.0,11.0,16.0,2.0,2.0,0.0,0.0
Hamburg,Wehen,D2,2019,31/05/2020,H,3,2,2,1,H,13.0,13.0,7.0,6.0,6.0,10.0,11.0,17.0,2.0,2.0,0.0,0.0
Heidenheim,Erzgebirge Aue,D2,2019,31/05/2020,H,3,0,0,0,D,16.0,13.0,8.0,5.0,4.0,4.0,11.0,12.0,1.0,3.0,0.0,0.0
Hannover,Dresden,D2,2019,03/06/2020,H,3,0,3,0,H,12.0,7.0,6.0,1.0,5.0,2.0,6.0,7.0,0.0,2.0,0.0,0.0
Bochum,St Pauli,D2,2019,05/06/2020,H,2,0,1,0,H,16.0,5.0,7.0,1.0,6.0,6.0,14.0,12.0,3.0,3.0,0.0,0.0
Greuther Furth,Sandhausen,D2,2019,05/06/2020,A,1,2,0,2,A,13.0,10.0,3.0,3.0,4.0,3.0,12.0,21.0,2.0,2.0,0.0,0.0
Bielefeld,Nurnberg,D2,2019,06/06/2020,D,1,1,1,1,D,14.0,12.0,4.0,8.0,5.0,5.0,16.0,10.0,2.0,2.0,0.0,0.0
Regensburg,Darmstadt,D2,2019,06/06/2020,H,3,0,1,0,H,7.0,22.0,3.0,4.0,3.0,6.0,16.0,16.0,5.0,1.0,1.0,0.0
Wehen,Dresden,D2,2019,06/06/2020,A,2,3,2,2,D,19.0,10.0,4.0,5.0,9.0,1.0,13.0,16.0,2.0,3.0,0.0,1.0
Erzgebirge Aue,Karlsruhe,D2,2019,07/06/2020,H,1,0,1,0,H,10.0,14.0,3.0,2.0,4.0,2.0,10.0,9.0,1.0,2.0,0.0,0.0
Hannover,Heidenheim,D2,2019,07/06/2020,H,2,1,2,0,H,16.0,9.0,6.0,2.0,5.0,5.0,16.0,12.0,4.0,2.0,0.0,0.0
Stuttgart,Osnabruck,D2,2019,07/06/2020,D,0,0,0,0,D,16.0,7.0,4.0,1.0,6.0,2.0,16.0,10.0,3.0,3.0,0.0,0.0
Hamburg,Holstein Kiel,D2,2019,08/06/2020,D,3,3,2,1,H,8.0,15.0,5.0,7.0,4.0,6.0,14.0,6.0,5.0,1.0,0.0,0.0
Dresden,Greuther Furth,D2,2019,09/06/2020,D,1,1,0,1,A,7.0,10.0,1.0,3.0,2.0,5.0,16.0,12.0,4.0,1.0,0.0,0.0
Dresden,Hamburg,D2,2019,12/06/2020,A,0,1,0,0,D,7.0,20.0,3.0,5.0,4.0,8.0,9.0,12.0,2.0,1.0,0.0,0.0
Sandhausen,Bielefeld,D2,2019,12/06/2020,D,0,0,0,0,D,21.0,9.0,3.0,0.0,9.0,0.0,16.0,9.0,0.0,0.0,0.0,0.0
Heidenheim,Regensburg,D2,2019,13/06/2020,H,4,1,1,0,H,15.0,14.0,7.0,4.0,4.0,4.0,12.0,10.0,3.0,2.0,0.0,0.0
Holstein Kiel,Wehen,D2,2019,13/06/2020,A,1,2,1,1,D,13.0,12.0,6.0,3.0,9.0,1.0,12.0,14.0,2.0,2.0,0.0,1.0
Nurnberg,Greuther Furth,D2,2019,13/06/2020,A,0,1,0,0,D,16.0,12.0,5.0,1.0,12.0,2.0,21.0,15.0,3.0,3.0,0.0,0.0
Osnabruck,Bochum,D2,2019,13/06/2020,A,0,2,0,1,A,11.0,16.0,3.0,6.0,6.0,7.0,9.0,17.0,1.0,3.0,0.0,0.0
Darmstadt,Hannover,D2,2019,14/06/2020,H,3,2,1,0,H,11.0,14.0,4.0,7.0,7.0,4.0,8.0,8.0,3.0,0.0,0.0,0.0
Karlsruhe,Stuttgart,D2,2019,14/06/2020,H,2,1,1,1,D,12.0,14.0,3.0,6.0,8.0,7.0,14.0,18.0,2.0,3.0,0.0,0.0
St Pauli,Erzgebirge Aue,D2,2019,14/06/2020,H,2,1,2,0,H,8.0,18.0,4.0,4.0,4.0,4.0,20.0,17.0,2.0,2.0,0.0,0.0
Bielefeld,Dresden,D2,2019,15/06/2020,H,4,0,1,0,H,13.0,8.0,4.0,2.0,7.0,5.0,12.0,15.0,1.0,4.0,0.0,0.0
Greuther Furth,Heidenheim,D2,2019,16/06/2020,D,0,0,0,0,D,10.0,11.0,1.0,3.0,4.0,2.0,16.0,24.0,0.0,0.0,0.0,0.0
Hamburg,Osnabruck,D2,2019,16/06/2020,D,1,1,1,0,H,6.0,8.0,2.0,3.0,5.0,1.0,15.0,12.0,1.0,3.0,0.0,0.0
Wehen,Nurnberg,D2,2019,16/06/2020,A,0,6,0,3,A,10.0,21.0,4.0,9.0,4.0,7.0,10.0,12.0,2.0,1.0,0.0,0.0
Erzgebirge Aue,Bochum,D2,2019,17/06/2020,A,1,2,0,2,A,16.0,9.0,7.0,2.0,5.0,4.0,21.0,15.0,5.0,3.0,1.0,1.0
Hannover,St Pauli,D2,2019,17/06/2020,H,4,0,2,0,H,12.0,5.0,6.0,0.0,4.0,2.0,13.0,6.0,1.0,1.0,0.0,0.0
Regensburg,Karlsruhe,D2,2019,17/06/2020,H,2,1,1,0,H,9.0,14.0,6.0,6.0,5.0,7.0,20.0,15.0,3.0,3.0,0.0,0.0
Stuttgart,Sandhausen,D2,2019,17/06/2020,H,5,1,4,0,H,18.0,16.0,11.0,5.0,9.0,4.0,14.0,15.0,4.0,1.0,0.0,0.0
Holstein Kiel,Dresden,D2,2019,18/06/2020,H,2,0,1,0,H,21.0,8.0,8.0,2.0,6.0,2.0,11.0,15.0,1.0,4.0,0.0,1.0
Bielefeld,Darmstadt,D2,2019,18/06/2020,H,1,0,0,0,D,13.0,15.0,6.0,6.0,10.0,7.0,7.0,10.0,2.0,1.0,0.0,0.0
Bochum,Greuther Furth,D2,2019,21/06/2020,D,2,2,1,1,D,8.0,10.0,7.0,2.0,3.0,5.0,13.0,18.0,1.0,2.0,0.0,0.0
Darmstadt,Wehen,D2,2019,21/06/2020,H,3,1,0,1,A,16.0,10.0,7.0,4.0,6.0,5.0,9.0,16.0,2.0,4.0,0.0,0.0
Erzgebirge Aue,Hannover,D2,2019,21/06/2020,H,2,1,1,0,H,9.0,16.0,3.0,7.0,0.0,7.0,5.0,13.0,1.0,3.0,0.0,0.0
Heidenheim,Hamburg,D2,2019,21/06/2020,H,2,1,0,0,D,15.0,13.0,5.0,4.0,3.0,8.0,17.0,8.0,2.0,3.0,0.0,0.0
Karlsruhe,Bielefeld,D2,2019,21/06/2020,D,3,3,1,3,A,11.0,10.0,5.0,4.0,5.0,4.0,17.0,12.0,2.0,1.0,0.0,0.0
Nurnberg,Stuttgart,D2,2019,21/06/2020,A,0,6,0,3,A,5.0,15.0,0.0,9.0,1.0,7.0,15.0,15.0,2.0,1.0,0.0,0.0
Osnabruck,Holstein Kiel,D2,2019,21/06/2020,H,4,1,2,0,H,21.0,8.0,9.0,1.0,4.0,3.0,8.0,3.0,0.0,2.0,0.0,1.0
Sandhausen,Dresden,D2,2019,21/06/2020,A,0,1,0,0,D,11.0,17.0,5.0,4.0,5.0,6.0,21.0,16.0,6.0,3.0,1.0,1.0
St Pauli,Regensburg,D2,2019,21/06/2020,D,1,1,1,1,D,13.0,6.0,6.0,2.0,4.0,5.0,12.0,12.0,3.0,0.0,0.0,0.0
Bielefeld,Heidenheim,D2,2019,28/06/2020,H,3,0,2,0,H,14.0,6.0,9.0,1.0,4.0,4.0,4.0,9.0,0.0,1.0,0.0,0.0
Dresden,Osnabruck,D2,2019,28/06/2020,D,2,2,1,0,H,21.0,15.0,5.0,7.0,9.0,4.0,17.0,9.0,3.0,2.0,0.0,0.0
Greuther Furth,Karlsruhe,D2,2019,28/06/2020,A,1,2,1,1,D,9.0,14.0,4.0,6.0,6.0,3.0,17.0,13.0,3.0,2.0,0.0,0.0
Hamburg,Sandhausen,D2,2019,28/06/2020,A,1,5,0,2,A,7.0,8.0,2.0,2.0,6.0,3.0,8.0,17.0,0.0,2.0,0.0,0.0
Hannover,Bochum,D2,2019,28/06/2020,H,2,0,1,0,H,11.0,20.0,2.0,5.0,2.0,6.0,13.0,12.0,2.0,0.0,0.0,0.0
Holstein Kiel,Nurnberg,D2,2019,28/06/2020,D,1,1,0,1,A,13.0,13.0,5.0,1.0,7.0,5.0,15.0,16.0,0.0,4.0,0.0,0.0
Regensburg,Erzgebirge Aue,D2,2019,28/06/2020,A,1,2,1,1,D,19.0,16.0,6.0,4.0,3.0,4.0,16.0,15.0,4.0,4.0,0.0,0.0
Stuttgart,Darmstadt,D2,2019,28/06/2020,A,1,3,1,1,D,11.0,6.0,3.0,4.0,8.0,1.0,13.0,12.0,2.0,3.0,0.0,1.0
Wehen,St Pauli,D2,2019,28/06/2020,H,5,3,3,2,H,23.0,12.0,8.0,5.0,5.0,4.0,11.0,9.0,0.0,1.0,0.0,0.0
Hamburg,Fortuna Dusseldorf,D2,2020,18/09/2020,H,2,1,1,0,H,7.0,12.0,4.0,4.0,7.0,8.0,20.0,11.0,2.0,3.0,0.0,1.0
Regensburg,Nurnberg,D2,2020,18/09/2020,D,1,1,0,1,A,13.0,8.0,6.0,5.0,8.0,4.0,16.0,14.0,2.0,3.0,0.0,0.0
Hannover,Karlsruhe,D2,2020,19/09/2020,H,2,0,1,0,H,13.0,15.0,6.0,5.0,4.0,7.0,14.0,12.0,0.0,1.0,0.0,0.0
Sandhausen,Darmstadt,D2,2020,19/09/2020,H,3,2,2,1,H,11.0,17.0,6.0,9.0,4.0,9.0,18.0,14.0,5.0,1.0,0.0,0.0
Wurzburger Kickers,Erzgebirge Aue,D2,2020,19/09/2020,A,0,3,0,0,D,13.0,14.0,1.0,6.0,5.0,5.0,9.0,19.0,1.0,0.0,0.0,0.0
Greuther Furth,Osnabruck,D2,2020,20/09/2020,D,1,1,1,1,D,18.0,14.0,4.0,5.0,6.0,6.0,21.0,17.0,4.0,3.0,0.0,0.0
Heidenheim,Braunschweig,D2,2020,20/09/2020,H,2,0,1,0,H,10.0,14.0,3.0,4.0,4.0,5.0,21.0,10.0,1.0,2.0,0.0,0.0
Holstein Kiel,Paderborn,D2,2020,20/09/2020,H,1,0,0,0,D,11.0,11.0,4.0,4.0,3.0,4.0,14.0,15.0,3.0,1.0,0.0,0.0
Bochum,St Pauli,D2,2020,21/09/2020,D,2,2,1,0,H,16.0,11.0,8.0,4.0,7.0,0.0,15.0,12.0,1.0,3.0,0.0,0.0
Erzgebirge Aue,Greuther Furth,D2,2020,25/09/2020,D,1,1,1,1,D,7.0,15.0,2.0,2.0,5.0,4.0,14.0,6.0,2.0,1.0,0.0,0.0
Osnabruck,Hannover,D2,2020,25/09/2020,H,2,1,1,0,H,13.0,10.0,5.0,3.0,5.0,4.0,13.0,20.0,2.0,5.0,0.0,0.0
Braunschweig,Holstein Kiel,D2,2020,26/09/2020,D,0,0,0,0,D,13.0,15.0,2.0,3.0,3.0,6.0,10.0,13.0,0.0,5.0,0.0,0.0
Darmstadt,Regensburg,D2,2020,26/09/2020,D,0,0,0,0,D,15.0,16.0,6.0,3.0,8.0,7.0,13.0,20.0,1.0,3.0,0.0,0.0
Fortuna Dusseldorf,Wurzburger Kickers,D2,2020,26/09/2020,H,1,0,0,0,D,12.0,15.0,4.0,5.0,5.0,5.0,15.0,11.0,6.0,2.0,0.0,0.0
Karlsruhe,Bochum,D2,2020,27/09/2020,A,0,1,0,1,A,21.0,6.0,4.0,2.0,5.0,4.0,10.0,17.0,4.0,4.0,0.0,1.0
Nurnberg,Sandhausen,D2,2020,27/09/2020,H,1,0,0,0,D,26.0,6.0,12.0,3.0,14.0,10.0,9.0,12.0,3.0,1.0,0.0,0.0
St Pauli,Heidenheim,D2,2020,27/09/2020,H,4,2,2,0,H,9.0,19.0,4.0,6.0,2.0,9.0,7.0,11.0,1.0,1.0,0.0,0.0
Paderborn,Hamburg,D2,2020,28/09/2020,A,3,4,3,2,H,9.0,15.0,5.0,9.0,7.0,6.0,12.0,9.0,3.0,2.0,0.0,0.0
Bochum,Osnabruck,D2,2020,02/10/2020,D,0,0,0,0,D,18.0,12.0,3.0,1.0,3.0,7.0,8.0,12.0,3.0,3.0,0.0,1.0
Sandhausen,St Pauli,D2,2020,02/10/2020,H,1,0,1,0,H,10.0,22.0,3.0,4.0,5.0,11.0,16.0,12.0,2.0,2.0,0.0,0.0
Hannover,Braunschweig,D2,2020,03/10/2020,H,4,1,0,0,D,23.0,7.0,8.0,3.0,4.0,4.0,12.0,10.0,2.0,3.0,0.0,0.0
Heidenheim,Paderborn,D2,2020,03/10/2020,D,0,0,0,0,D,11.0,6.0,3.0,3.0,4.0,4.0,8.0,11.0,0.0,1.0,0.0,0.0
Regensburg,Karlsruhe,D2,2020,03/10/2020,H,1,0,1,0,H,9.0,11.0,3.0,4.0,1.0,3.0,17.0,18.0,4.0,5.0,1.0,0.0
Holstein Kiel,Fortuna Dusseldorf,D2,2020,04/10/2020,H,2,1,1,0,H,9.0,14.0,6.0,2.0,5.0,4.0,9.0,15.0,0.0,4.0,0.0,1.0
Wurzburger Kickers,Greuther Furth,D2,2020,04/10/2020,D,2,2,1,1,D,15.0,10.0,5.0,2.0,6.0,5.0,17.0,16.0,1.0,3.0,0.0,0.0
Nurnberg,Darmstadt,D2,2020,05/10/2020,A,2,3,1,0,H,13.0,17.0,4.0,6.0,3.0,7.0,13.0,18.0,2.0,2.0,0.0,0.0
Braunschweig,Bochum,D2,2020,17/10/2020,H,2,1,1,1,D,14.0,12.0,7.0,4.0,6.0,4.0,10.0,12.0,3.0,2.0,1.0,0.0
Greuther Furth,Hamburg,D2,2020,17/10/2020,A,0,1,0,1,A,19.0,9.0,6.0,4.0,6.0,7.0,22.0,14.0,5.0,1.0,0.0,1.0
Karlsruhe,Sandhausen,D2,2020,17/10/2020,H,3,0,2,0,H,20.0,10.0,10.0,5.0,6.0,6.0,16.0,18.0,3.0,4.0,0.0,0.0
Erzgebirge Aue,Heidenheim,D2,2020,18/10/2020,H,2,1,0,0,D,13.0,25.0,7.0,10.0,2.0,6.0,12.0,14.0,1.0,2.0,0.0,0.0
Fortuna Dusseldorf,Regensburg,D2,2020,18/10/2020,D,2,2,0,2,A,8.0,20.0,3.0,8.0,6.0,7.0,12.0,14.0,1.0,3.0,0.0,0.0
Paderborn,Hannover,D2,2020,18/10/2020,H,1,0,1,0,H,15.0,15.0,4.0,3.0,3.0,2.0,8.0,8.0,2.0,0.0,0.0,0.0
Wurzburger Kickers,Holstein Kiel,D2,2020,18/10/2020,A,0,2,0,1,A,11.0,6.0,2.0,1.0,4.0,1.0,14.0,15.0,4.0,4.0,0.0,0.0
St Pauli,Nurnberg,D2,2020,19/10/2020,D,2,2,1,1,D,20.0,10.0,9.0,4.0,7.0,1.0,17.0,21.0,3.0,6.0,0.0,0.0
Hamburg,Erzgebirge Aue,D2,2020,21/10/2020,H,3,0,1,0,H,9.0,2.0,6.0,2.0,7.0,1.0,9.0,12.0,0.0,1.0,0.0,0.0
Nurnberg,Karlsruhe,D2,2020,23/10/2020,D,1,1,1,0,H,13.0,8.0,3.0,2.0,5.0,5.0,11.0,14.0,1.0,5.0,0.0,1.0
Regensburg,Braunschweig,D2,2020,23/10/2020,H,3,0,1,0,H,23.0,13.0,7.0,4.0,8.0,6.0,9.0,10.0,1.0,2.0,0.0,1.0
Darmstadt,St Pauli,D2,2020,24/10/2020,D,2,2,1,0,H,16.0,12.0,5.0,7.0,5.0,2.0,11.0,22.0,2.0,4.0,0.0,0.0
Hamburg,Wurzburger Kickers,D2,2020,24/10/2020,H,3,1,0,1,A,22.0,8.0,3.0,1.0,9.0,3.0,9.0,7.0,1.0,3.0,0.0,0.0
Hannover,Fortuna Dusseldorf,D2,2020,24/10/2020,H,3,0,0,0,D,12.0,0.0,5.0,0.0,5.0,0.0,13.0,15.0,2.0,2.0,0.0,1.0
Holstein Kiel,Greuther Furth,D2,2020,24/10/2020,A,1,3,0,2,A,10.0,22.0,3.0,8.0,4.0,7.0,11.0,16.0,4.0,1.0,1.0,0.0
Bochum,Erzgebirge Aue,D2,2020,25/10/2020,H,2,0,0,0,D,18.0,5.0,7.0,2.0,12.0,0.0,13.0,9.0,2.0,2.0,0.0,1.0
Heidenheim,Osnabruck,D2,2020,25/10/2020,D,1,1,0,0,D,15.0,17.0,5.0,5.0,11.0,7.0,11.0,11.0,0.0,2.0,0.0,0.0
Sandhausen,Paderborn,D2,2020,25/10/2020,D,1,1,1,1,D,9.0,15.0,3.0,4.0,4.0,5.0,14.0,18.0,4.0,3.0,0.0,0.0
Osnabruck,Darmstadt,D2,2020,28/10/2020,D,1,1,0,1,A,13.0,12.0,6.0,5.0,2.0,8.0,10.0,16.0,2.0,2.0,0.0,0.0
Fortuna Dusseldorf,Heidenheim,D2,2020,30/10/2020,H,1,0,1,0,H,11.0,10.0,3.0,2.0,4.0,5.0,12.0,14.0,2.0,4.0,0.0,0.0
Hamburg,St Pauli,D2,2020,30/10/2020,D,2,2,1,1,D,17.0,13.0,4.0,3.0,11.0,2.0,11.0,17.0,1.0,1.0,0.0,0.0
Braunschweig,Nurnberg,D2,2020,31/10/2020,H,3,2,1,2,A,12.0,17.0,3.0,5.0,1.0,6.0,14.0,12.0,2.0,1.0,0.0,0.0
Erzgebirge Aue,Holstein Kiel,D2,2020,31/10/2020,D,1,1,1,1,D,18.0,7.0,8.0,1.0,6.0,1.0,15.0,7.0,2.0,3.0,0.0,1.0
Osnabruck,Sandhausen,D2,2020,31/10/2020,H,2,1,2,0,H,18.0,4.0,9.0,3.0,6.0,4.0,12.0,21.0,1.0,3.0,0.0,0.0
Paderborn,Regensburg,D2,2020,31/10/2020,H,3,1,1,1,D,9.0,7.0,3.0,3.0,8.0,1.0,9.0,17.0,1.0,2.0,0.0,0.0
Greuther Furth,Hannover,D2,2020,01/11/2020,H,4,1,2,0,H,19.0,5.0,12.0,1.0,2.0,5.0,16.0,13.0,0.0,1.0,0.0,0.0
Karlsruhe,Darmstadt,D2,2020,01/11/2020,A,3,4,2,1,H,14.0,15.0,7.0,7.0,7.0,5.0,17.0,12.0,3.0,1.0,1.0,0.0
Wurzburger Kickers,Bochum,D2,2020,01/11/2020,A,2,3,2,2,D,12.0,9.0,5.0,4.0,3.0,8.0,13.0,21.0,2.0,6.0,0.0,0.0
Heidenheim,Wurzburger Kickers,D2,2020,06/11/2020,H,4,1,1,0,H,17.0,13.0,9.0,3.0,7.0,0.0,17.0,19.0,1.0,3.0,0.0,0.0
Sandhausen,Braunschweig,D2,2020,06/11/2020,D,2,2,2,0,H,14.0,9.0,10.0,4.0,5.0,7.0,16.0,15.0,2.0,2.0,0.0,0.0
Bochum,Greuther Furth,D2,2020,07/11/2020,A,0,2,0,2,A,11.0,13.0,1.0,6.0,5.0,4.0,17.0,14.0,1.0,3.0,0.0,0.0
Hannover,Erzgebirge Aue,D2,2020,07/11/2020,D,0,0,0,0,D,15.0,10.0,8.0,3.0,3.0,3.0,14.0,11.0,3.0,4.0,0.0,1.0
Nurnberg,Fortuna Dusseldorf,D2,2020,07/11/2020,D,1,1,1,1,D,9.0,8.0,2.0,2.0,8.0,6.0,13.0,14.0,2.0,2.0,0.0,0.0
Darmstadt,Paderborn,D2,2020,08/11/2020,A,0,4,0,3,A,4.0,25.0,2.0,13.0,1.0,8.0,11.0,13.0,5.0,3.0,1.0,0.0
Regensburg,Osnabruck,D2,2020,08/11/2020,A,2,4,1,2,A,14.0,11.0,6.0,7.0,6.0,2.0,15.0,15.0,2.0,2.0,0.0,0.0
St Pauli,Karlsruhe,D2,2020,08/11/2020,A,0,3,0,1,A,17.0,14.0,3.0,3.0,10.0,5.0,12.0,14.0,1.0,1.0,0.0,0.0
Holstein Kiel,Hamburg,D2,2020,09/11/2020,D,1,1,0,1,A,8.0,8.0,5.0,3.0,3.0,7.0,12.0,9.0,1.0,0.0,0.0,0.0
Braunschweig,Karlsruhe,D2,2020,21/11/2020,A,1,3,1,2,A,10.0,11.0,4.0,3.0,6.0,4.0,16.0,20.0,2.0,5.0,0.0,0.0
Fortuna Dusseldorf,Sandhausen,D2,2020,21/11/2020,H,1,0,0,0,D,9.0,3.0,7.0,1.0,4.0,3.0,17.0,15.0,5.0,4.0,0.0,0.0
Holstein Kiel,Heidenheim,D2,2020,21/11/2020,D,2,2,1,0,H,13.0,10.0,4.0,4.0,5.0,4.0,9.0,13.0,3.0,1.0,1.0,0.0
Paderborn,St Pauli,D2,2020,21/11/2020,H,2,0,1,0,H,25.0,14.0,8.0,2.0,3.0,7.0,11.0,17.0,1.0,2.0,0.0,0.0
Erzgebirge Aue,Darmstadt,D2,2020,22/11/2020,H,3,0,1,0,H,17.0,9.0,9.0,2.0,5.0,8.0,14.0,16.0,1.0,2.0,0.0,0.0
Greuther Furth,Regensburg,D2,2020,22/11/2020,H,3,1,1,1,D,20.0,21.0,10.0,4.0,5.0,7.0,12.0,18.0,1.0,3.0,0.0,0.0
Hamburg,Bochum,D2,2020,22/11/2020,A,1,3,0,1,A,11.0,15.0,3.0,9.0,4.0,8.0,15.0,15.0,1.0,2.0,0.0,0.0
Wurzburger Kickers,Hannover,D2,2020,22/11/2020,H,2,1,0,1,A,11.0,6.0,6.0,3.0,1.0,1.0,15.0,16.0,4.0,1.0,0.0,0.0
Osnabruck,Nurnberg,D2,2020,23/11/2020,A,1,4,0,3,A,13.0,10.0,4.0,6.0,1.0,2.0,15.0,10.0,2.0,2.0,0.0,0.0
Darmstadt,Braunschweig,D2,2020,27/11/2020,H,4,0,4,0,H,12.0,10.0,7.0,1.0,5.0,3.0,10.0,13.0,0.0,4.0,0.0,0.0
St Pauli,Osnabruck,D2,2020,27/11/2020,A,0,1,0,0,D,19.0,10.0,4.0,4.0,7.0,3.0,9.0,10.0,1.0,4.0,0.0,0.0
Karlsruhe,Paderborn,D2,2020,28/11/2020,H,1,0,1,0,H,16.0,13.0,6.0,3.0,8.0,6.0,10.0,12.0,3.0,2.0,0.0,0.0
Regensburg,Wurzburger Kickers,D2,2020,28/11/2020,H,2,1,0,0,D,14.0,8.0,7.0,3.0,8.0,6.0,20.0,15.0,6.0,2.0,0.0,1.0
Sandhausen,Erzgebirge Aue,D2,2020,28/11/2020,A,1,4,1,2,A,14.0,16.0,3.0,7.0,9.0,4.0,11.0,11.0,2.0,2.0,0.0,1.0
Hannover,Holstein Kiel,D2,2020,29/11/2020,A,0,3,0,0,D,16.0,7.0,3.0,3.0,8.0,1.0,15.0,2.0,3.0,1.0,1.0,0.0
Heidenheim,Hamburg,D2,2020,29/11/2020,H,3,2,2,2,D,14.0,7.0,5.0,2.0,8.0,5.0,13.0,9.0,1.0,3.0,0.0,0.0
Nurnberg,Greuther Furth,D2,2020,29/11/2020,A,2,3,1,2,A,18.0,10.0,6.0,6.0,5.0,0.0,13.0,11.0,0.0,0.0,0.0,0.0
Bochum,Fortuna Dusseldorf,D2,2020,30/11/2020,H,5,0,1,0,H,16.0,7.0,9.0,0.0,6.0,3.0,12.0,7.0,2.0,2.0,0.0,1.0
Fortuna Dusseldorf,Darmstadt,D2,2020,04/12/2020,H,3,2,0,0,D,13.0,9.0,4.0,5.0,1.0,5.0,11.0,11.0,1.0,2.0,0.0,0.0
Holstein Kiel,Bochum,D2,2020,04/12/2020,H,3,1,1,1,D,12.0,17.0,6.0,7.0,4.0,5.0,11.0,18.0,0.0,1.0,0.0,0.0
Braunschweig,St Pauli,D2,2020,05/12/2020,H,2,1,0,1,A,13.0,10.0,3.0,4.0,4.0,7.0,15.0,19.0,3.0,1.0,0.0,0.0
Greuther Furth,Heidenheim,D2,2020,05/12/2020,A,0,1,0,0,D,9.0,6.0,3.0,3.0,3.0,5.0,9.0,16.0,1.0,2.0,0.0,0.0
Hamburg,Hannover,D2,2020,05/12/2020,A,0,1,0,1,A,12.0,11.0,5.0,3.0,3.0,4.0,14.0,22.0,2.0,1.0,1.0,0.0
Osnabruck,Karlsruhe,D2,2020,05/12/2020,A,1,2,1,0,H,11.0,17.0,5.0,5.0,9.0,3.0,11.0,21.0,0.0,3.0,0.0,0.0
Erzgebirge Aue,Regensburg,D2,2020,06/12/2020,A,0,2,0,2,A,13.0,12.0,3.0,6.0,2.0,6.0,13.0,10.0,3.0,2.0,0.0,0.0
Paderborn,Nurnberg,D2,2020,06/12/2020,A,0,2,0,1,A,13.0,7.0,2.0,3.0,5.0,3.0,15.0,13.0,4.0,3.0,0.0,0.0
Wurzburger Kickers,Sandhausen,D2,2020,06/12/2020,A,2,3,1,1,D,6.0,14.0,3.0,5.0,6.0,3.0,11.0,19.0,1.0,5.0,1.0,0.0
Bochum,Paderborn,D2,2020,11/12/2020,H,3,0,0,0,D,17.0,11.0,9.0,4.0,6.0,5.0,12.0,12.0,2.0,1.0,0.0,0.0
Sandhausen,Greuther Furth,D2,2020,11/12/2020,A,0,3,0,2,A,8.0,14.0,2.0,7.0,8.0,5.0,17.0,17.0,3.0,0.0,0.0,0.0
Darmstadt,Hamburg,D2,2020,12/12/2020,A,1,2,0,0,D,5.0,11.0,2.0,6.0,3.0,7.0,19.0,14.0,3.0,3.0,1.0,0.0
Heidenheim,Hannover,D2,2020,12/12/2020,H,1,0,1,0,H,15.0,10.0,5.0,0.0,4.0,6.0,11.0,10.0,1.0,4.0,0.0,0.0
Regensburg,Holstein Kiel,D2,2020,12/12/2020,A,2,3,1,2,A,8.0,9.0,2.0,6.0,6.0,3.0,20.0,9.0,4.0,2.0,0.0,0.0
Braunschweig,Osnabruck,D2,2020,13/12/2020,A,0,2,0,1,A,5.0,14.0,0.0,10.0,2.0,4.0,14.0,20.0,2.0,3.0,0.0,0.0
Karlsruhe,Fortuna Dusseldorf,D2,2020,13/12/2020,A,1,2,0,1,A,19.0,8.0,8.0,4.0,8.0,2.0,12.0,12.0,1.0,3.0,0.0,1.0
Nurnberg,Wurzburger Kickers,D2,2020,13/12/2020,H,2,1,1,0,H,17.0,10.0,7.0,3.0,5.0,3.0,7.0,10.0,0.0,3.0,0.0,0.0
St Pauli,Erzgebirge Aue,D2,2020,13/12/2020,D,2,2,0,1,A,20.0,9.0,7.0,5.0,8.0,2.0,12.0,8.0,4.0,1.0,0.0,0.0
Greuther Furth,Darmstadt,D2,2020,15/12/2020,A,0,4,0,2,A,14.0,14.0,4.0,10.0,8.0,4.0,11.0,15.0,1.0,4.0,0.0,1.0
Hamburg,Sandhausen,D2,2020,15/12/2020,H,4,0,1,0,H,10.0,17.0,4.0,5.0,4.0,10.0,19.0,10.0,5.0,1.0,0.0,0.0
Hannover,Bochum,D2,2020,15/12/2020,H,2,0,1,0,H,17.0,9.0,11.0,2.0,5.0,4.0,24.0,13.0,2.0,3.0,0.0,0.0
Heidenheim,Regensburg,D2,2020,15/12/2020,D,0,0,0,0,D,10.0,10.0,3.0,4.0,3.0,5.0,7.0,8.0,0.0,0.0,0.0,0.0
Fortuna Dusseldorf,Osnabruck,D2,2020,16/12/2020,H,3,0,1,0,H,16.0,9.0,5.0,3.0,5.0,1.0,10.0,14.0,1.0,3.0,0.0,0.0
Holstein Kiel,Nurnberg,D2,2020,16/12/2020,H,1,0,0,0,D,12.0,8.0,3.0,1.0,7.0,5.0,9.0,11.0,1.0,1.0,0.0,0.0
Paderborn,Braunschweig,D2,2020,16/12/2020,D,2,2,2,1,H,7.0,11.0,3.0,4.0,2.0,2.0,17.0,13.0,5.0,2.0,1.0,1.0
Erzgebirge Aue,Karlsruhe,D2,2020,17/12/2020,H,4,1,2,0,H,15.0,17.0,7.0,5.0,1.0,10.0,11.0,10.0,1.0,0.0,0.0,0.0
Bochum,Heidenheim,D2,2020,18/12/2020,H,3,0,2,0,H,7.0,12.0,5.0,2.0,3.0,4.0,8.0,7.0,1.0,0.0,0.0,0.0
Regensburg,Hannover,D2,2020,18/12/2020,D,0,0,0,0,D,10.0,7.0,3.0,3.0,8.0,5.0,12.0,10.0,3.0,1.0,0.0,0.0
Braunschweig,Greuther Furth,D2,2020,19/12/2020,A,0,3,0,0,D,10.0,10.0,6.0,5.0,5.0,8.0,13.0,22.0,5.0,1.0,0.0,0.0
Darmstadt,Wurzburger Kickers,D2,2020,19/12/2020,H,2,0,0,0,D,24.0,7.0,8.0,4.0,5.0,4.0,14.0,15.0,2.0,2.0,0.0,0.0
Osnabruck,Paderborn,D2,2020,19/12/2020,A,0,1,0,0,D,10.0,19.0,3.0,7.0,1.0,9.0,14.0,14.0,1.0,5.0,1.0,1.0
Nurnberg,Erzgebirge Aue,D2,2020,20/12/2020,H,1,0,1,0,H,12.0,16.0,4.0,3.0,3.0,5.0,18.0,13.0,2.0,2.0,0.0,0.0
Sandhausen,Holstein Kiel,D2,2020,20/12/2020,A,0,2,0,0,D,5.0,13.0,0.0,5.0,4.0,6.0,15.0,10.0,1.0,1.0,1.0,0.0
St Pauli,Fortuna Dusseldorf,D2,2020,20/12/2020,A,0,3,0,1,A,9.0,18.0,5.0,9.0,4.0,5.0,10.0,13.0,1.0,2.0,0.0,0.0
Karlsruhe,Hamburg,D2,2020,21/12/2020,A,1,2,1,1,D,12.0,17.0,4.0,5.0,5.0,7.0,15.0,13.0,3.0,2.0,1.0,0.0
Bochum,Darmstadt,D2,2020,02/01/2021,H,2,1,0,0,D,13.0,15.0,2.0,6.0,5.0,4.0,14.0,16.0,3.0,0.0,0.0,0.0
Heidenheim,Nurnberg,D2,2020,02/01/2021,H,2,0,1,0,H,16.0,11.0,5.0,5.0,3.0,2.0,15.0,5.0,2.0,2.0,0.0,1.0
Wurzburger Kickers,Karlsruhe,D2,2020,02/01/2021,A,2,4,1,3,A,15.0,9.0,4.0,5.0,7.0,4.0,12.0,17.0,2.0,6.0,0.0,1.0
Erzgebirge Aue,Braunschweig,D2,2020,03/01/2021,H,3,1,1,1,D,9.0,12.0,6.0,3.0,4.0,6.0,11.0,12.0,2.0,4.0,0.0,0.0
Greuther Furth,St Pauli,D2,2020,03/01/2021,H,2,1,2,0,H,23.0,3.0,5.0,2.0,13.0,2.0,13.0,23.0,1.0,4.0,0.0,0.0
Hamburg,Regensburg,D2,2020,03/01/2021,H,3,1,2,1,H,23.0,13.0,11.0,8.0,6.0,7.0,9.0,23.0,2.0,4.0,0.0,0.0
Hannover,Sandhausen,D2,2020,03/01/2021,H,4,0,1,0,H,18.0,8.0,11.0,2.0,8.0,5.0,12.0,18.0,2.0,5.0,0.0,0.0
Holstein Kiel,Osnabruck,D2,2020,03/01/2021,A,1,2,0,2,A,21.0,11.0,4.0,7.0,6.0,1.0,12.0,10.0,1.0,0.0,0.0,0.0
Fortuna Dusseldorf,Paderborn,D2,2020,04/01/2021,H,2,1,1,0,H,15.0,12.0,9.0,4.0,7.0,10.0,11.0,13.0,4.0,2.0,0.0,0.0
Wurzburger Kickers,St Pauli,D2,2020,06/01/2021,D,1,1,1,0,H,11.0,11.0,3.0,3.0,2.0,5.0,19.0,22.0,2.0,6.0,0.0,1.0
Karlsruhe,Greuther Furth,D2,2020,08/01/2021,H,3,2,2,2,D,10.0,16.0,6.0,8.0,6.0,5.0,13.0,15.0,3.0,1.0,0.0,0.0
Sandhausen,Heidenheim,D2,2020,08/01/2021,H,4,0,2,0,H,24.0,9.0,11.0,5.0,7.0,2.0,9.0,11.0,1.0,2.0,0.0,1.0
Nurnberg,Hamburg,D2,2020,09/01/2021,D,1,1,1,1,D,13.0,11.0,3.0,4.0,1.0,5.0,13.0,12.0,2.0,2.0,0.0,0.0
Osnabruck,Wurzburger Kickers,D2,2020,09/01/2021,A,2,3,1,0,H,12.0,14.0,5.0,6.0,6.0,2.0,18.0,9.0,2.0,0.0,0.0,0.0
St Pauli,Holstein Kiel,D2,2020,09/01/2021,D,1,1,0,0,D,19.0,12.0,5.0,3.0,7.0,5.0,10.0,13.0,2.0,1.0,0.0,0.0
Darmstadt,Hannover,D2,2020,10/01/2021,A,1,2,0,1,A,16.0,15.0,11.0,5.0,7.0,8.0,12.0,12.0,2.0,1.0,0.0,0.0
Paderborn,Erzgebirge Aue,D2,2020,10/01/2021,H,2,1,1,1,D,16.0,9.0,8.0,3.0,8.0,2.0,12.0,16.0,3.0,1.0,0.0,0.0
Regensburg,Bochum,D2,2020,10/01/2021,A,0,2,0,0,D,9.0,11.0,1.0,7.0,4.0,8.0,16.0,15.0,2.0,2.0,0.0,0.0
Braunschweig,Fortuna Dusseldorf,D2,2020,11/01/2021,D,0,0,0,0,D,2.0,7.0,0.0,4.0,3.0,2.0,15.0,16.0,4.0,2.0,0.0,0.0
Greuther Furth,Paderborn,D2,2020,15/01/2021,D,1,1,1,1,D,22.0,11.0,5.0,5.0,6.0,3.0,17.0,19.0,3.0,0.0,0.0,0.0
Wurzburger Kickers,Braunschweig,D2,2020,15/01/2021,D,0,0,0,0,D,15.0,5.0,3.0,4.0,6.0,2.0,14.0,17.0,3.0,6.0,0.0,2.0
Bochum,Nurnberg,D2,2020,16/01/2021,H,3,1,1,1,D,14.0,12.0,6.0,3.0,5.0,2.0,16.0,17.0,2.0,1.0,0.0,0.0
Erzgebirge Aue,Fortuna Dusseldorf,D2,2020,16/01/2021,A,0,3,0,1,A,12.0,17.0,1.0,8.0,2.0,3.0,9.0,18.0,1.0,3.0,0.0,0.0
Hannover,St Pauli,D2,2020,16/01/2021,A,2,3,0,2,A,16.0,14.0,7.0,9.0,6.0,3.0,19.0,18.0,6.0,1.0,1.0,0.0
Heidenheim,Darmstadt,D2,2020,17/01/2021,H,3,0,0,0,D,13.0,13.0,7.0,4.0,5.0,4.0,11.0,4.0,1.0,0.0,0.0,0.0
Holstein Kiel,Karlsruhe,D2,2020,17/01/2021,A,2,3,0,2,A,15.0,18.0,5.0,6.0,11.0,7.0,7.0,9.0,4.0,2.0,0.0,0.0
Regensburg,Sandhausen,D2,2020,17/01/2021,H,3,1,0,1,A,12.0,9.0,6.0,4.0,3.0,4.0,15.0,13.0,3.0,1.0,0.0,0.0
Hamburg,Osnabruck,D2,2020,18/01/2021,H,5,0,2,0,H,7.0,11.0,5.0,2.0,9.0,6.0,9.0,14.0,0.0,1.0,0.0,0.0
Fortuna Dusseldorf,Greuther Furth,D2,2020,22/01/2021,D,3,3,1,2,A,10.0,6.0,4.0,3.0,3.0,1.0,15.0,11.0,3.0,2.0,0.0,0.0
Osnabruck,Erzgebirge Aue,D2,2020,22/01/2021,A,0,1,0,1,A,8.0,8.0,5.0,3.0,3.0,4.0,16.0,12.0,3.0,2.0,1.0,0.0
Braunschweig,Hamburg,D2,2020,23/01/2021,A,2,4,2,1,H,8.0,11.0,2.0,6.0,9.0,5.0,18.0,15.0,3.0,0.0,0.0,0.0
Karlsruhe,Heidenheim,D2,2020,23/01/2021,D,1,1,1,0,H,12.0,11.0,3.0,3.0,5.0,6.0,7.0,19.0,1.0,1.0,0.0,0.0
Paderborn,Wurzburger Kickers,D2,2020,23/01/2021,H,1,0,1,0,H,9.0,5.0,5.0,2.0,1.0,4.0,8.0,21.0,1.0,3.0,0.0,0.0
Darmstadt,Holstein Kiel,D2,2020,24/01/2021,A,0,2,0,1,A,16.0,15.0,6.0,5.0,8.0,7.0,16.0,9.0,5.0,0.0,0.0,0.0
Nurnberg,Hannover,D2,2020,24/01/2021,A,2,5,1,2,A,18.0,11.0,8.0,7.0,5.0,3.0,10.0,10.0,2.0,1.0,0.0,0.0
Sandhausen,Bochum,D2,2020,24/01/2021,D,1,1,1,0,H,8.0,12.0,3.0,4.0,7.0,7.0,20.0,9.0,5.0,1.0,1.0,0.0
St Pauli,Regensburg,D2,2020,24/01/2021,H,2,0,1,0,H,8.0,11.0,3.0,3.0,2.0,7.0,14.0,19.0,3.0,3.0,0.0,0.0
Erzgebirge Aue,Wurzburger Kickers,D2,2020,26/01/2021,H,2,1,0,0,D,16.0,12.0,4.0,6.0,6.0,3.0,8.0,15.0,2.0,4.0,0.0,0.0
Braunschweig,Heidenheim,D2,2020,26/01/2021,H,1,0,1,0,H,17.0,9.0,6.0,5.0,9.0,9.0,7.0,10.0,1.0,2.0,0.0,0.0
Fortuna Dusseldorf,Hamburg,D2,2020,26/01/2021,D,0,0,0,0,D,12.0,8.0,4.0,0.0,3.0,4.0,17.0,15.0,3.0,3.0,0.0,0.0
Osnabruck,Greuther Furth,D2,2020,26/01/2021,A,0,1,0,1,A,3.0,12.0,0.0,3.0,4.0,4.0,24.0,14.0,3.0,1.0,0.0,0.0
Darmstadt,Sandhausen,D2,2020,27/01/2021,H,2,1,1,1,D,17.0,11.0,5.0,4.0,6.0,10.0,18.0,9.0,1.0,4.0,0.0,0.0
Karlsruhe,Hannover,D2,2020,27/01/2021,H,1,0,0,0,D,9.0,15.0,3.0,4.0,6.0,4.0,13.0,19.0,1.0,1.0,0.0,0.0
Nurnberg,Regensburg,D2,2020,27/01/2021,A,0,1,0,0,D,8.0,13.0,4.0,2.0,2.0,6.0,12.0,20.0,3.0,3.0,0.0,0.0
Paderborn,Holstein Kiel,D2,2020,27/01/2021,D,1,1,1,1,D,10.0,9.0,2.0,3.0,5.0,2.0,9.0,13.0,1.0,2.0,0.0,0.0
St Pauli,Bochum,D2,2020,28/01/2021,A,2,3,2,2,D,6.0,18.0,3.0,5.0,1.0,5.0,16.0,10.0,0.0,1.0,0.0,0.0
Greuther Furth,Erzgebirge Aue,D2,2020,29/01/2021,H,3,0,2,0,H,12.0,7.0,6.0,2.0,2.0,4.0,13.0,16.0,3.0,2.0,0.0,0.0
Wurzburger Kickers,Fortuna Dusseldorf,D2,2020,29/01/2021,H,2,1,1,1,D,10.0,10.0,2.0,3.0,5.0,9.0,10.0,11.0,4.0,2.0,0.0,0.0
Hamburg,Paderborn,D2,2020,30/01/2021,H,3,1,2,1,H,20.0,15.0,12.0,5.0,8.0,8.0,3.0,9.0,0.0,2.0,0.0,0.0
Holstein Kiel,Braunschweig,D2,2020,30/01/2021,H,3,1,3,0,H,12.0,6.0,5.0,1.0,8.0,2.0,11.0,5.0,2.0,3.0,0.0,1.0
Regensburg,Darmstadt,D2,2020,30/01/2021,D,1,1,0,1,A,16.0,9.0,4.0,2.0,7.0,2.0,18.0,24.0,4.0,3.0,0.0,0.0
Bochum,Karlsruhe,D2,2020,31/01/2021,A,1,2,0,1,A,14.0,15.0,6.0,6.0,8.0,7.0,19.0,9.0,6.0,1.0,0.0,0.0
Heidenheim,St Pauli,D2,2020,31/01/2021,A,3,4,1,2,A,21.0,14.0,4.0,7.0,6.0,0.0,20.0,13.0,5.0,2.0,0.0,0.0
Sandhausen,Nurnberg,D2,2020,31/01/2021,H,2,0,1,0,H,9.0,19.0,3.0,5.0,6.0,10.0,19.0,5.0,3.0,0.0,0.0,0.0
Hannover,Osnabruck,D2,2020,01/02/2021,H,1,0,0,0,D,15.0,6.0,8.0,1.0,12.0,3.0,9.0,6.0,0.0,2.0,0.0,0.0
Erzgebirge Aue,Hamburg,D2,2020,05/02/2021,D,3,3,1,3,A,10.0,7.0,5.0,3.0,0.0,6.0,10.0,10.0,1.0,1.0,0.0,0.0
St Pauli,Sandhausen,D2,2020,05/02/2021,H,2,1,0,0,D,14.0,8.0,7.0,2.0,7.0,3.0,14.0,12.0,1.0,3.0,0.0,0.0
Braunschweig,Hannover,D2,2020,06/02/2021,A,1,2,1,2,A,14.0,13.0,6.0,7.0,7.0,3.0,16.0,21.0,2.0,4.0,0.0,0.0
Darmstadt,Nurnberg,D2,2020,06/02/2021,A,1,2,0,0,D,18.0,12.0,7.0,7.0,2.0,5.0,9.0,11.0,1.0,1.0,0.0,1.0
Osnabruck,Bochum,D2,2020,06/02/2021,A,1,2,0,2,A,13.0,14.0,5.0,11.0,5.0,7.0,15.0,16.0,2.0,6.0,0.0,0.0
Greuther Furth,Wurzburger Kickers,D2,2020,07/02/2021,H,4,1,1,1,D,12.0,14.0,7.0,9.0,11.0,6.0,12.0,12.0,3.0,3.0,0.0,0.0
Karlsruhe,Regensburg,D2,2020,07/02/2021,D,0,0,0,0,D,15.0,14.0,7.0,3.0,7.0,4.0,20.0,16.0,2.0,5.0,0.0,1.0
Fortuna Dusseldorf,Holstein Kiel,D2,2020,08/02/2021,A,0,2,0,1,A,12.0,8.0,1.0,7.0,9.0,3.0,12.0,10.0,2.0,1.0,0.0,0.0
Hannover,Paderborn,D2,2020,12/02/2021,D,0,0,0,0,D,11.0,11.0,2.0,3.0,6.0,5.0,13.0,11.0,2.0,0.0,0.0,0.0
Holstein Kiel,Wurzburger Kickers,D2,2020,12/02/2021,H,1,0,0,0,D,16.0,8.0,7.0,1.0,3.0,2.0,6.0,15.0,2.0,0.0,0.0,0.0
Hamburg,Greuther Furth,D2,2020,13/02/2021,D,0,0,0,0,D,18.0,5.0,3.0,1.0,9.0,5.0,13.0,16.0,3.0,4.0,0.0,1.0
Heidenheim,Erzgebirge Aue,D2,2020,13/02/2021,H,2,0,1,0,H,22.0,9.0,13.0,1.0,8.0,4.0,16.0,12.0,5.0,4.0,0.0,1.0
Regensburg,Fortuna Dusseldorf,D2,2020,13/02/2021,D,1,1,1,0,H,11.0,15.0,4.0,5.0,6.0,1.0,11.0,10.0,1.0,2.0,0.0,0.0
Sandhausen,Karlsruhe,D2,2020,13/02/2021,A,2,3,2,0,H,14.0,16.0,8.0,5.0,2.0,6.0,15.0,15.0,1.0,2.0,0.0,0.0
Bochum,Braunschweig,D2,2020,14/02/2021,H,2,0,2,0,H,14.0,8.0,6.0,2.0,7.0,2.0,12.0,15.0,0.0,2.0,0.0,0.0
Darmstadt,Osnabruck,D2,2020,14/02/2021,H,1,0,1,0,H,16.0,13.0,6.0,5.0,6.0,7.0,15.0,11.0,1.0,1.0,0.0,0.0
Nurnberg,St Pauli,D2,2020,14/02/2021,A,1,2,0,1,A,16.0,21.0,6.0,5.0,4.0,8.0,16.0,7.0,2.0,3.0,0.0,0.0
Braunschweig,Regensburg,D2,2020,19/02/2021,H,2,0,0,0,D,12.0,19.0,3.0,6.0,3.0,10.0,18.0,13.0,1.0,1.0,0.0,0.0
Erzgebirge Aue,Bochum,D2,2020,19/02/2021,H,1,0,1,0,H,19.0,17.0,9.0,6.0,4.0,8.0,9.0,13.0,0.0,2.0,0.0,0.0
Osnabruck,Heidenheim,D2,2020,20/02/2021,A,1,2,0,1,A,9.0,17.0,4.0,4.0,8.0,8.0,13.0,16.0,3.0,1.0,0.0,0.0
Paderborn,Sandhausen,D2,2020,20/02/2021,H,2,1,1,1,D,13.0,17.0,2.0,4.0,3.0,4.0,15.0,12.0,1.0,2.0,0.0,0.0
St Pauli,Darmstadt,D2,2020,20/02/2021,H,3,2,1,0,H,15.0,16.0,6.0,5.0,2.0,4.0,13.0,21.0,2.0,2.0,0.0,0.0
Fortuna Dusseldorf,Hannover,D2,2020,21/02/2021,H,3,2,1,1,D,6.0,10.0,3.0,5.0,1.0,4.0,9.0,13.0,5.0,3.0,1.0,0.0
Karlsruhe,Nurnberg,D2,2020,21/02/2021,A,0,1,0,0,D,11.0,12.0,5.0,4.0,7.0,2.0,8.0,17.0,1.0,2.0,0.0,0.0
Wurzburger Kickers,Hamburg,D2,2020,21/02/2021,H,3,2,2,0,H,11.0,8.0,6.0,5.0,5.0,5.0,16.0,10.0,0.0,2.0,0.0,1.0
Greuther Furth,Holstein Kiel,D2,2020,22/02/2021,H,2,1,1,1,D,13.0,16.0,1.0,5.0,5.0,6.0,13.0,11.0,0.0,1.0,0.0,0.0
Paderborn,Heidenheim,D2,2020,23/02/2021,D,2,2,1,1,D,19.0,10.0,7.0,5.0,4.0,4.0,8.0,15.0,2.0,2.0,0.0,0.0
Darmstadt,Karlsruhe,D2,2020,26/02/2021,A,0,1,0,0,D,12.0,13.0,4.0,5.0,2.0,6.0,17.0,14.0,1.0,3.0,0.0,0.0
Regensburg,Paderborn,D2,2020,26/02/2021,H,1,0,0,0,D,3.0,17.0,1.0,7.0,1.0,4.0,18.0,14.0,2.0,1.0,0.0,0.0
Bochum,Wurzburger Kickers,D2,2020,27/02/2021,H,3,0,1,0,H,21.0,11.0,13.0,3.0,6.0,5.0,15.0,5.0,2.0,0.0,0.0,0.0
Hannover,Greuther Furth,D2,2020,27/02/2021,D,2,2,1,0,H,5.0,9.0,4.0,4.0,1.0,7.0,14.0,15.0,4.0,2.0,0.0,0.0
Holstein Kiel,Erzgebirge Aue,D2,2020,27/02/2021,H,1,0,0,0,D,10.0,8.0,6.0,2.0,3.0,6.0,3.0,15.0,0.0,2.0,0.0,0.0
Heidenheim,Fortuna Dusseldorf,D2,2020,28/02/2021,H,3,2,1,0,H,9.0,17.0,4.0,8.0,4.0,6.0,16.0,7.0,1.0,1.0,0.0,0.0
Nurnberg,Braunschweig,D2,2020,28/02/2021,D,0,0,0,0,D,9.0,9.0,1.0,0.0,3.0,4.0,15.0,16.0,1.0,3.0,0.0,0.0
Sandhausen,Osnabruck,D2,2020,28/02/2021,H,3,0,1,0,H,13.0,7.0,4.0,4.0,5.0,4.0,15.0,14.0,1.0,1.0,0.0,1.0
St Pauli,Hamburg,D2,2020,01/03/2021,H,1,0,0,0,D,14.0,10.0,4.0,3.0,5.0,4.0,14.0,14.0,5.0,1.0,0.0,1.0
Paderborn,Darmstadt,D2,2020,05/03/2021,A,2,3,1,1,D,17.0,18.0,2.0,8.0,7.0,4.0,10.0,18.0,3.0,5.0,0.0,0.0
Wurzburger Kickers,Heidenheim,D2,2020,05/03/2021,A,1,2,0,0,D,12.0,16.0,3.0,3.0,6.0,6.0,8.0,7.0,0.0,1.0,0.0,0.0
Erzgebirge Aue,Hannover,D2,2020,06/03/2021,D,1,1,0,1,A,7.0,12.0,3.0,4.0,4.0,8.0,10.0,17.0,0.0,2.0,0.0,0.0
Greuther Furth,Bochum,D2,2020,06/03/2021,A,1,2,1,1,D,12.0,9.0,3.0,3.0,9.0,3.0,19.0,10.0,1.0,2.0,0.0,0.0
Karlsruhe,St Pauli,D2,2020,06/03/2021,D,0,0,0,0,D,12.0,11.0,3.0,4.0,5.0,2.0,14.0,15.0,1.0,1.0,0.0,0.0
Braunschweig,Sandhausen,D2,2020,07/03/2021,H,1,0,0,0,D,12.0,11.0,5.0,0.0,6.0,3.0,12.0,16.0,3.0,3.0,0.0,1.0
Fortuna Dusseldorf,Nurnberg,D2,2020,07/03/2021,H,3,1,0,0,D,17.0,17.0,6.0,8.0,6.0,5.0,13.0,11.0,2.0,1.0,0.0,0.0
Hamburg,Holstein Kiel,D2,2020,08/03/2021,D,1,1,1,1,D,18.0,3.0,8.0,2.0,9.0,5.0,11.0,13.0,2.0,2.0,0.0,0.0
Bochum,Hamburg,D2,2020,12/03/2021,A,0,2,0,1,A,7.0,8.0,1.0,3.0,10.0,1.0,19.0,16.0,2.0,3.0,1.0,0.0
Darmstadt,Erzgebirge Aue,D2,2020,13/03/2021,H,4,1,2,0,H,18.0,13.0,6.0,5.0,6.0,3.0,15.0,7.0,3.0,3.0,0.0,1.0
Sandhausen,Fortuna Dusseldorf,D2,2020,13/03/2021,D,0,0,0,0,D,4.0,19.0,0.0,8.0,4.0,12.0,10.0,13.0,4.0,2.0,0.0,0.0
Karlsruhe,Braunschweig,D2,2020,14/03/2021,D,0,0,0,0,D,13.0,16.0,6.0,4.0,7.0,6.0,10.0,12.0,3.0,3.0,0.0,0.0
Nurnberg,Osnabruck,D2,2020,14/03/2021,D,1,1,0,0,D,13.0,5.0,4.0,2.0,7.0,3.0,14.0,12.0,1.0,3.0,0.0,0.0
St Pauli,Paderborn,D2,2020,15/03/2021,A,0,2,0,1,A,17.0,11.0,3.0,7.0,7.0,4.0,10.0,15.0,2.0,2.0,0.0,0.0
Regensburg,Greuther Furth,D2,2020,17/03/2021,A,1,2,0,1,A,8.0,16.0,3.0,8.0,2.0,7.0,18.0,8.0,0.0,1.0,0.0,0.0
Paderborn,Karlsruhe,D2,2020,19/03/2021,D,2,2,0,1,A,11.0,19.0,5.0,6.0,2.0,4.0,16.0,15.0,3.0,1.0,1.0,0.0
Braunschweig,Darmstadt,D2,2020,20/03/2021,D,1,1,1,1,D,11.0,12.0,5.0,6.0,2.0,9.0,13.0,14.0,6.0,4.0,0.0,0.0
Erzgebirge Aue,Sandhausen,D2,2020,20/03/2021,H,2,0,0,0,D,14.0,15.0,5.0,2.0,3.0,7.0,14.0,10.0,1.0,3.0,0.0,0.0
Hamburg,Heidenheim,D2,2020,20/03/2021,H,2,0,1,0,H,18.0,11.0,6.0,3.0,4.0,7.0,8.0,12.0,0.0,1.0,0.0,0.0
Greuther Furth,Nurnberg,D2,2020,21/03/2021,D,2,2,1,0,H,11.0,20.0,4.0,8.0,9.0,4.0,10.0,8.0,5.0,4.0,0.0,0.0
Osnabruck,St Pauli,D2,2020,21/03/2021,A,1,2,0,0,D,13.0,14.0,3.0,4.0,3.0,6.0,14.0,15.0,1.0,1.0,0.0,0.0
Wurzburger Kickers,Regensburg,D2,2020,21/03/2021,D,1,1,1,0,H,6.0,20.0,4.0,7.0,3.0,9.0,15.0,16.0,1.0,4.0,0.0,0.0
Fortuna Dusseldorf,Bochum,D2,2020,22/03/2021,A,0,3,0,2,A,18.0,15.0,5.0,7.0,4.0,4.0,6.0,15.0,1.0,1.0,0.0,0.0
Bochum,Holstein Kiel,D2,2020,03/04/2021,H,2,1,1,0,H,10.0,10.0,4.0,5.0,8.0,3.0,17.0,10.0,3.0,1.0,0.0,0.0
Heidenheim,Greuther Furth,D2,2020,03/04/2021,A,0,1,0,0,D,5.0,12.0,0.0,5.0,4.0,4.0,15.0,9.0,3.0,4.0,0.0,0.0
Karlsruhe,Osnabruck,D2,2020,03/04/2021,A,0,1,0,0,D,13.0,7.0,4.0,2.0,9.0,1.0,13.0,12.0,1.0,1.0,0.0,0.0
Darmstadt,Fortuna Dusseldorf,D2,2020,04/04/2021,A,1,2,1,1,D,16.0,9.0,8.0,4.0,5.0,4.0,11.0,15.0,1.0,1.0,0.0,0.0
Hannover,Hamburg,D2,2020,04/04/2021,D,3,3,0,2,A,10.0,13.0,7.0,5.0,3.0,5.0,9.0,9.0,0.0,2.0,0.0,0.0
Nurnberg,Paderborn,D2,2020,04/04/2021,H,2,1,1,1,D,16.0,9.0,5.0,5.0,6.0,4.0,11.0,14.0,2.0,4.0,0.0,0.0
Regensburg,Erzgebirge Aue,D2,2020,04/04/2021,D,1,1,1,0,H,22.0,11.0,10.0,4.0,5.0,2.0,11.0,11.0,0.0,3.0,0.0,0.0
Sandhausen,Wurzburger Kickers,D2,2020,04/04/2021,H,1,0,1,0,H,14.0,8.0,7.0,1.0,3.0,3.0,18.0,13.0,1.0,2.0,0.0,0.0
St Pauli,Braunschweig,D2,2020,05/04/2021,H,2,0,2,0,H,14.0,7.0,7.0,0.0,4.0,5.0,16.0,13.0,2.0,1.0,0.0,0.0
Heidenheim,Holstein Kiel,D2,2020,06/04/2021,H,1,0,1,0,H,13.0,13.0,3.0,3.0,7.0,7.0,15.0,2.0,2.0,0.0,0.0,0.0
Hannover,Wurzburger Kickers,D2,2020,08/04/2021,A,1,2,0,0,D,12.0,12.0,3.0,6.0,5.0,4.0,18.0,13.0,3.0,2.0,0.0,0.0
Hamburg,Darmstadt,D2,2020,09/04/2021,A,1,2,0,0,D,20.0,14.0,8.0,7.0,9.0,5.0,11.0,16.0,4.0,3.0,0.0,0.0
Erzgebirge Aue,St Pauli,D2,2020,10/04/2021,A,1,3,0,1,A,10.0,15.0,6.0,10.0,1.0,5.0,9.0,13.0,2.0,0.0,0.0,0.0
Paderborn,Bochum,D2,2020,10/04/2021,H,3,0,2,0,H,14.0,16.0,11.0,2.0,0.0,5.0,10.0,8.0,0.0,1.0,0.0,0.0
Hannover,Heidenheim,D2,2020,11/04/2021,A,1,3,0,1,A,9.0,8.0,5.0,4.0,4.0,3.0,3.0,18.0,0.0,0.0,0.0,0.0
Osnabruck,Braunschweig,D2,2020,11/04/2021,A,0,4,0,1,A,8.0,10.0,1.0,5.0,5.0,5.0,8.0,11.0,0.0,2.0,0.0,0.0
Wurzburger Kickers,Nurnberg,D2,2020,11/04/2021,D,1,1,0,1,A,14.0,13.0,4.0,6.0,3.0,6.0,8.0,21.0,3.0,4.0,0.0,0.0
Osnabruck,Regensburg,D2,2020,14/04/2021,A,0,1,0,1,A,10.0,10.0,4.0,4.0,4.0,1.0,12.0,14.0,2.0,5.0,0.0,1.0
Braunschweig,Paderborn,D2,2020,16/04/2021,D,0,0,0,0,D,4.0,11.0,0.0,3.0,4.0,12.0,11.0,17.0,1.0,3.0,0.0,0.0
Darmstadt,Greuther Furth,D2,2020,16/04/2021,D,2,2,2,0,H,8.0,15.0,3.0,9.0,5.0,7.0,11.0,16.0,1.0,2.0,0.0,0.0
St Pauli,Wurzburger Kickers,D2,2020,17/04/2021,H,4,0,3,0,H,16.0,1.0,7.0,0.0,7.0,0.0,9.0,7.0,1.0,0.0,0.0,0.0
Bochum,Hannover,D2,2020,18/04/2021,H,4,3,2,1,H,11.0,14.0,7.0,8.0,8.0,9.0,16.0,16.0,1.0,1.0,0.0,0.0
Osnabruck,Fortuna Dusseldorf,D2,2020,18/04/2021,A,0,3,0,1,A,11.0,18.0,3.0,9.0,3.0,6.0,19.0,10.0,2.0,0.0,0.0,0.0
Regensburg,Heidenheim,D2,2020,18/04/2021,A,0,3,0,2,A,8.0,14.0,2.0,10.0,5.0,6.0,13.0,16.0,3.0,2.0,0.0,0.0
Erzgebirge Aue,Nurnberg,D2,2020,20/04/2021,A,0,1,0,0,D,6.0,21.0,0.0,10.0,1.0,3.0,15.0,5.0,0.0,2.0,0.0,0.0
Greuther Furth,Braunschweig,D2,2020,20/04/2021,H,3,0,3,0,H,15.0,4.0,9.0,0.0,7.0,1.0,14.0,9.0,0.0,0.0,0.0,0.0
Wurzburger Kickers,Darmstadt,D2,2020,20/04/2021,A,1,3,0,1,A,13.0,13.0,7.0,3.0,10.0,3.0,9.0,8.0,5.0,1.0,1.0,0.0
Fortuna Dusseldorf,St Pauli,D2,2020,21/04/2021,H,2,0,1,0,H,22.0,9.0,10.0,3.0,6.0,5.0,19.0,8.0,2.0,4.0,0.0,0.0
Hannover,Regensburg,D2,2020,21/04/2021,H,3,1,2,0,H,15.0,14.0,8.0,5.0,2.0,6.0,6.0,13.0,2.0,2.0,0.0,0.0
Heidenheim,Bochum,D2,2020,21/04/2021,A,0,2,0,1,A,15.0,11.0,3.0,3.0,4.0,2.0,8.0,13.0,1.0,0.0,0.0,0.0
Paderborn,Osnabruck,D2,2020,21/04/2021,D,2,2,1,1,D,13.0,5.0,6.0,2.0,4.0,1.0,12.0,9.0,2.0,4.0,0.0,0.0
Sandhausen,Hamburg,D2,2020,22/04/2021,H,2,1,0,0,D,19.0,11.0,6.0,4.0,7.0,6.0,13.0,11.0,0.0,4.0,0.0,0.0
Braunschweig,Erzgebirge Aue,D2,2020,23/04/2021,A,0,2,0,0,D,7.0,7.0,3.0,3.0,2.0,1.0,15.0,11.0,2.0,3.0,0.0,0.0
Karlsruhe,Wurzburger Kickers,D2,2020,23/04/2021,D,2,2,2,1,H,13.0,9.0,4.0,3.0,3.0,2.0,8.0,14.0,0.0,0.0,0.0,0.0
Nurnberg,Heidenheim,D2,2020,24/04/2021,H,3,1,2,1,H,17.0,10.0,7.0,4.0,3.0,4.0,8.0,15.0,0.0,5.0,0.0,1.0
Osnabruck,Holstein Kiel,D2,2020,24/04/2021,A,1,3,0,3,A,9.0,8.0,2.0,3.0,6.0,3.0,15.0,11.0,2.0,3.0,0.0,0.0
Paderborn,Fortuna Dusseldorf,D2,2020,24/04/2021,H,2,1,0,0,D,16.0,14.0,4.0,3.0,3.0,11.0,8.0,11.0,3.0,0.0,0.0,0.0
Regensburg,Hamburg,D2,2020,25/04/2021,D,1,1,1,0,H,9.0,17.0,4.0,10.0,6.0,7.0,32.0,16.0,2.0,2.0,0.0,0.0
Sandhausen,Hannover,D2,2020,25/04/2021,H,4,2,1,1,D,17.0,22.0,10.0,6.0,4.0,3.0,15.0,13.0,4.0,4.0,0.0,0.0
St Pauli,Greuther Furth,D2,2020,25/04/2021,H,2,1,1,0,H,14.0,15.0,7.0,3.0,4.0,4.0,15.0,17.0,0.0,2.0,0.0,0.0
Karlsruhe,Erzgebirge Aue,D2,2020,26/04/2021,D,0,0,0,0,D,14.0,16.0,6.0,6.0,8.0,4.0,9.0,9.0,2.0,1.0,0.0,0.0
Darmstadt,Bochum,D2,2020,26/04/2021,H,3,1,0,0,D,13.0,7.0,6.0,2.0,4.0,1.0,15.0,4.0,4.0,0.0,0.0,0.0
Nurnberg,Holstein Kiel,D2,2020,27/04/2021,D,1,1,1,0,H,9.0,9.0,2.0,4.0,3.0,2.0,10.0,13.0,3.0,1.0,0.0,0.0
Greuther Furth,Sandhausen,D2,2020,28/04/2021,H,3,2,1,1,D,18.0,11.0,4.0,7.0,3.0,6.0,11.0,14.0,3.0,2.0,0.0,0.0
Hamburg,Karlsruhe,D2,2020,29/04/2021,D,1,1,0,0,D,14.0,13.0,4.0,4.0,7.0,5.0,16.0,14.0,3.0,2.0,0.0,0.0
Fortuna Dusseldorf,Karlsruhe,D2,2020,03/05/2021,H,3,2,1,1,D,16.0,8.0,8.0,1.0,4.0,2.0,11.0,13.0,2.0,2.0,0.0,0.0
Holstein Kiel,Sandhausen,D2,2020,04/05/2021,H,2,0,1,0,H,16.0,10.0,5.0,3.0,2.0,7.0,8.0,11.0,0.0,1.0,0.0,0.0
Hannover,Darmstadt,D2,2020,07/05/2021,A,1,2,0,0,D,6.0,10.0,2.0,3.0,2.0,10.0,14.0,9.0,3.0,2.0,0.0,0.0
Holstein Kiel,St Pauli,D2,2020,07/05/2021,H,4,0,2,0,H,10.0,13.0,6.0,3.0,3.0,7.0,9.0,9.0,2.0,0.0,0.0,0.0
Fortuna Dusseldorf,Braunschweig,D2,2020,08/05/2021,D,2,2,1,0,H,10.0,13.0,5.0,6.0,4.0,5.0,9.0,14.0,1.0,3.0,0.0,0.0
Greuther Furth,Karlsruhe,D2,2020,08/05/2021,D,2,2,1,2,A,15.0,6.0,5.0,3.0,8.0,2.0,10.0,14.0,2.0,3.0,0.0,0.0
Wurzburger Kickers,Osnabruck,D2,2020,08/05/2021,A,1,3,0,0,D,9.0,18.0,1.0,6.0,4.0,6.0,12.0,16.0,1.0,2.0,0.0,0.0
Bochum,Regensburg,D2,2020,09/05/2021,H,5,1,2,1,H,13.0,3.0,8.0,2.0,5.0,1.0,11.0,11.0,1.0,1.0,0.0,1.0
Erzgebirge Aue,Paderborn,D2,2020,09/05/2021,A,3,8,2,4,A,13.0,22.0,5.0,10.0,1.0,6.0,6.0,9.0,2.0,4.0,0.0,0.0
Heidenheim,Sandhausen,D2,2020,09/05/2021,H,2,1,0,1,A,10.0,15.0,6.0,2.0,9.0,4.0,12.0,12.0,3.0,2.0,0.0,0.0
Holstein Kiel,Hannover,D2,2020,10/05/2021,H,1,0,1,0,H,7.0,14.0,1.0,6.0,7.0,7.0,7.0,7.0,0.0,0.0,0.0,0.0
Hamburg,Nurnberg,D2,2020,10/05/2021,H,5,2,3,1,H,13.0,13.0,7.0,5.0,6.0,5.0,8.0,10.0,1.0,0.0,0.0,0.0
Holstein Kiel,Regensburg,D2,2020,13/05/2021,H,3,2,1,1,D,9.0,16.0,6.0,2.0,3.0,2.0,8.0,20.0,2.0,2.0,0.0,0.0
Braunschweig,Wurzburger Kickers,D2,2020,16/05/2021,A,1,2,0,2,A,18.0,11.0,6.0,5.0,10.0,3.0,11.0,14.0,2.0,2.0,1.0,0.0
Darmstadt,Heidenheim,D2,2020,16/05/2021,H,5,1,2,1,H,8.0,12.0,7.0,5.0,3.0,7.0,8.0,5.0,0.0,2.0,0.0,0.0
Fortuna Dusseldorf,Erzgebirge Aue,D2,2020,16/05/2021,H,3,0,2,0,H,12.0,2.0,5.0,1.0,4.0,5.0,4.0,10.0,1.0,2.0,0.0,0.0
Karlsruhe,Holstein Kiel,D2,2020,16/05/2021,H,3,2,0,1,A,11.0,8.0,5.0,1.0,2.0,9.0,12.0,8.0,2.0,0.0,0.0,0.0
Nurnberg,Bochum,D2,2020,16/05/2021,D,1,1,1,0,H,12.0,8.0,7.0,2.0,10.0,4.0,12.0,15.0,1.0,2.0,0.0,0.0
Osnabruck,Hamburg,D2,2020,16/05/2021,H,3,2,1,1,D,10.0,24.0,5.0,10.0,5.0,7.0,14.0,10.0,2.0,0.0,0.0,0.0
Paderborn,Greuther Furth,D2,2020,16/05/2021,A,2,4,2,2,D,6.0,12.0,2.0,5.0,5.0,4.0,15.0,13.0,2.0,0.0,0.0,0.0
Sandhausen,Regensburg,D2,2020,16/05/2021,H,2,0,2,0,H,10.0,7.0,3.0,3.0,3.0,8.0,12.0,10.0,5.0,1.0,0.0,0.0
St Pauli,Hannover,D2,2020,16/05/2021,A,1,2,0,1,A,12.0,12.0,4.0,5.0,4.0,4.0,10.0,7.0,4.0,2.0,1.0,0.0
Bochum,Sandhausen,D2,2020,23/05/2021,H,3,1,1,0,H,14.0,11.0,6.0,5.0,3.0,6.0,13.0,11.0,1.0,1.0,0.0,0.0
Erzgebirge Aue,Osnabruck,D2,2020,23/05/2021,H,2,1,0,1,A,18.0,12.0,6.0,4.0,12.0,6.0,17.0,8.0,3.0,0.0,0.0,0.0
Greuther Furth,Fortuna Dusseldorf,D2,2020,23/05/2021,H,3,2,0,1,A,16.0,4.0,8.0,3.0,5.0,4.0,12.0,12.0,3.0,3.0,1.0,0.0
Hamburg,Braunschweig,D2,2020,23/05/2021,H,4,0,3,0,H,13.0,15.0,7.0,4.0,4.0,4.0,17.0,8.0,0.0,0.0,0.0,0.0
Hannover,Nurnberg,D2,2020,23/05/2021,A,1,2,1,1,D,18.0,13.0,7.0,8.0,10.0,2.0,6.0,13.0,0.0,1.0,0.0,0.0
Heidenheim,Karlsruhe,D2,2020,23/05/2021,A,1,2,0,1,A,12.0,7.0,4.0,3.0,8.0,8.0,14.0,11.0,1.0,3.0,0.0,0.0
Holstein Kiel,Darmstadt,D2,2020,23/05/2021,A,2,3,1,0,H,19.0,11.0,7.0,4.0,3.0,2.0,12.0,21.0,2.0,2.0,0.0,0.0
Regensburg,St Pauli,D2,2020,23/05/2021,H,3,0,2,0,H,22.0,3.0,8.0,2.0,4.0,3.0,10.0,10.0,0.0,3.0,0.0,1.0
Wurzburger Kickers,Paderborn,D2,2020,23/05/2021,D,1,1,0,1,A,16.0,23.0,4.0,6.0,3.0,12.0,6.0,12.0,1.0,1.0,0.0,0.0
Schalke 04,Hamburg,D2,2021,23/07/2021,A,1,3,1,0,H,14.0,14.0,8.0,6.0,3.0,5.0,22.0,13.0,2.0,2.0,0.0,0.0
Darmstadt,Regensburg,D2,2021,24/07/2021,A,0,2,0,1,A,9.0,15.0,0.0,6.0,1.0,5.0,25.0,14.0,2.0,0.0,0.0,0.0
Dresden,Ingolstadt,D2,2021,24/07/2021,H,3,0,1,0,H,17.0,9.0,8.0,1.0,5.0,0.0,7.0,12.0,0.0,2.0,0.0,0.0
Hansa Rostock,Karlsruhe,D2,2021,24/07/2021,A,1,3,0,2,A,9.0,12.0,5.0,5.0,6.0,3.0,12.0,10.0,3.0,2.0,0.0,0.0
Heidenheim,Paderborn,D2,2021,24/07/2021,D,0,0,0,0,D,14.0,8.0,5.0,3.0,4.0,5.0,5.0,5.0,3.0,3.0,0.0,0.0
Werder Bremen,Hannover,D2,2021,24/07/2021,D,1,1,0,0,D,9.0,13.0,3.0,4.0,7.0,5.0,13.0,12.0,1.0,1.0,0.0,0.0
Nurnberg,Erzgebirge Aue,D2,2021,25/07/2021,D,0,0,0,0,D,19.0,6.0,3.0,3.0,7.0,1.0,8.0,17.0,0.0,3.0,0.0,0.0
Sandhausen,Fortuna Dusseldorf,D2,2021,25/07/2021,A,0,2,0,0,D,10.0,18.0,4.0,7.0,9.0,6.0,6.0,13.0,0.0,2.0,0.0,0.0
St Pauli,Holstein Kiel,D2,2021,25/07/2021,H,3,0,1,0,H,12.0,12.0,3.0,2.0,4.0,3.0,11.0,15.0,0.0,1.0,0.0,0.0
Karlsruhe,Darmstadt,D2,2021,30/07/2021,H,3,0,1,0,H,18.0,5.0,5.0,2.0,5.0,1.0,5.0,16.0,1.0,3.0,0.0,0.0
Paderborn,Nurnberg,D2,2021,30/07/2021,D,2,2,1,0,H,4.0,12.0,3.0,4.0,3.0,6.0,17.0,10.0,1.0,4.0,0.0,0.0
Hannover,Hansa Rostock,D2,2021,31/07/2021,A,0,3,0,1,A,12.0,12.0,6.0,7.0,5.0,5.0,7.0,12.0,2.0,0.0,0.0,0.0
Ingolstadt,Heidenheim,D2,2021,31/07/2021,A,1,2,0,0,D,18.0,12.0,4.0,3.0,4.0,4.0,9.0,18.0,1.0,1.0,0.0,0.0
Regensburg,Sandhausen,D2,2021,31/07/2021,H,3,0,1,0,H,27.0,15.0,13.0,4.0,5.0,8.0,9.0,14.0,1.0,3.0,0.0,1.0
Fortuna Dusseldorf,Werder Bremen,D2,2021,31/07/2021,A,2,3,0,1,A,15.0,16.0,6.0,7.0,3.0,5.0,13.0,8.0,4.0,3.0,0.0,0.0
Erzgebirge Aue,St Pauli,D2,2021,01/08/2021,D,0,0,0,0,D,11.0,12.0,4.0,3.0,4.0,4.0,15.0,12.0,1.0,2.0,0.0,0.0
Hamburg,Dresden,D2,2021,01/08/2021,D,1,1,1,0,H,17.0,7.0,8.0,3.0,8.0,3.0,10.0,11.0,4.0,2.0,0.0,0.0
Holstein Kiel,Schalke 04,D2,2021,01/08/2021,A,0,3,0,2,A,21.0,10.0,4.0,5.0,8.0,3.0,10.0,12.0,3.0,3.0,0.0,0.0
Schalke 04,Erzgebirge Aue,D2,2021,13/08/2021,D,1,1,1,0,H,14.0,10.0,3.0,5.0,3.0,1.0,14.0,16.0,1.0,2.0,0.0,0.0
St Pauli,Hamburg,D2,2021,13/08/2021,H,3,2,1,1,D,15.0,9.0,4.0,2.0,3.0,3.0,9.0,12.0,2.0,3.0,0.0,0.0
Holstein Kiel,Regensburg,D2,2021,14/08/2021,A,0,3,0,2,A,10.0,11.0,2.0,4.0,4.0,2.0,15.0,17.0,1.0,3.0,0.0,0.0
Nurnberg,Fortuna Dusseldorf,D2,2021,14/08/2021,H,2,0,0,0,D,15.0,13.0,6.0,2.0,6.0,6.0,10.0,18.0,3.0,3.0,0.0,0.0
Sandhausen,Karlsruhe,D2,2021,14/08/2021,D,0,0,0,0,D,9.0,9.0,3.0,3.0,3.0,4.0,15.0,8.0,3.0,1.0,0.0,0.0
Dresden,Hannover,D2,2021,14/08/2021,H,2,0,0,0,D,13.0,14.0,6.0,2.0,4.0,6.0,9.0,11.0,2.0,3.0,0.0,0.0
Darmstadt,Ingolstadt,D2,2021,15/08/2021,H,6,1,4,0,H,20.0,6.0,9.0,2.0,5.0,1.0,10.0,16.0,2.0,3.0,0.0,0.0
Heidenheim,Hansa Rostock,D2,2021,15/08/2021,D,1,1,0,0,D,12.0,7.0,3.0,6.0,6.0,3.0,10.0,11.0,0.0,3.0,0.0,0.0
Werder Bremen,Paderborn,D2,2021,15/08/2021,A,1,4,0,3,A,18.0,14.0,7.0,7.0,7.0,2.0,10.0,9.0,2.0,2.0,0.0,0.0
Fortuna Dusseldorf,Holstein Kiel,D2,2021,20/08/2021,D,2,2,1,1,D,19.0,9.0,4.0,5.0,9.0,2.0,8.0,7.0,1.0,3.0,0.0,0.0
Hannover,Heidenheim,D2,2021,20/08/2021,H,1,0,0,0,D,11.0,13.0,3.0,4.0,10.0,4.0,7.0,18.0,2.0,1.0,0.0,0.0
Karlsruhe,Werder Bremen,D2,2021,21/08/2021,D,0,0,0,0,D,8.0,18.0,2.0,4.0,5.0,8.0,11.0,12.0,3.0,3.0,1.0,0.0
Paderborn,St Pauli,D2,2021,21/08/2021,H,3,1,1,1,D,19.0,10.0,5.0,4.0,4.0,4.0,12.0,6.0,1.0,1.0,0.0,1.0
Regensburg,Schalke 04,D2,2021,21/08/2021,H,4,1,1,0,H,16.0,15.0,6.0,4.0,8.0,2.0,11.0,10.0,2.0,1.0,0.0,0.0
Hansa Rostock,Dresden,D2,2021,21/08/2021,A,1,3,1,1,D,14.0,15.0,4.0,9.0,8.0,3.0,8.0,19.0,2.0,4.0,0.0,0.0
Erzgebirge Aue,Sandhausen,D2,2021,22/08/2021,A,1,3,0,0,D,17.0,14.0,7.0,6.0,5.0,7.0,6.0,14.0,1.0,2.0,0.0,0.0
Hamburg,Darmstadt,D2,2021,22/08/2021,D,2,2,2,2,D,19.0,16.0,5.0,6.0,5.0,1.0,7.0,11.0,2.0,4.0,0.0,0.0
Ingolstadt,Nurnberg,D2,2021,22/08/2021,D,0,0,0,0,D,14.0,13.0,3.0,6.0,7.0,7.0,19.0,9.0,4.0,2.0,0.0,0.0
Nurnberg,Karlsruhe,D2,2021,27/08/2021,H,2,1,0,0,D,14.0,15.0,6.0,5.0,3.0,7.0,10.0,5.0,1.0,2.0,0.0,0.0
Sandhausen,Ingolstadt,D2,2021,27/08/2021,A,0,2,0,1,A,12.0,10.0,2.0,5.0,4.0,4.0,8.0,9.0,2.0,3.0,0.0,0.0
Darmstadt,Hannover,D2,2021,28/08/2021,H,4,0,2,0,H,14.0,10.0,7.0,3.0,4.0,9.0,11.0,10.0,1.0,2.0,0.0,0.0
Heidenheim,Hamburg,D2,2021,28/08/2021,D,0,0,0,0,D,18.0,14.0,4.0,5.0,15.0,3.0,9.0,8.0,3.0,2.0,0.0,0.0
Holstein Kiel,Erzgebirge Aue,D2,2021,28/08/2021,H,3,0,2,0,H,18.0,17.0,9.0,1.0,6.0,5.0,13.0,14.0,0.0,5.0,0.0,0.0
Schalke 04,Fortuna Dusseldorf,D2,2021,28/08/2021,H,3,1,1,1,D,18.0,17.0,11.0,6.0,10.0,7.0,7.0,6.0,2.0,3.0,0.0,0.0
Dresden,Paderborn,D2,2021,29/08/2021,A,0,3,0,3,A,14.0,10.0,8.0,5.0,6.0,1.0,9.0,10.0,2.0,2.0,1.0,0.0
St Pauli,Regensburg,D2,2021,29/08/2021,H,2,0,0,0,D,22.0,8.0,5.0,3.0,11.0,4.0,4.0,8.0,1.0,2.0,0.0,0.0
Werder Bremen,Hansa Rostock,D2,2021,29/08/2021,H,3,0,1,0,H,21.0,4.0,7.0,2.0,8.0,0.0,11.0,18.0,0.0,4.0,0.0,0.0
Hannover,St Pauli,D2,2021,11/09/2021,H,1,0,1,0,H,14.0,9.0,5.0,3.0,6.0,5.0,15.0,10.0,3.0,3.0,0.0,0.0
Ingolstadt,Werder Bremen,D2,2021,11/09/2021,A,0,3,0,2,A,11.0,18.0,2.0,8.0,4.0,5.0,9.0,4.0,1.0,2.0,0.0,0.0
Karlsruhe,Holstein Kiel,D2,2021,11/09/2021,D,2,2,1,0,H,22.0,14.0,7.0,5.0,6.0,5.0,9.0,9.0,2.0,0.0,0.0,0.0
Hamburg,Sandhausen,D2,2021,11/09/2021,H,2,1,0,0,D,25.0,9.0,9.0,3.0,15.0,3.0,4.0,10.0,0.0,4.0,0.0,1.0
Erzgebirge Aue,Fortuna Dusseldorf,D2,2021,12/09/2021,A,0,1,0,1,A,15.0,18.0,4.0,4.0,5.0,7.0,9.0,13.0,2.0,2.0,0.0,0.0
Hansa Rostock,Darmstadt,D2,2021,12/09/2021,H,2,1,1,0,H,13.0,12.0,5.0,5.0,7.0,4.0,11.0,16.0,2.0,4.0,0.0,0.0
Heidenheim,Dresden,D2,2021,12/09/2021,H,2,1,1,0,H,21.0,14.0,6.0,2.0,10.0,6.0,11.0,4.0,2.0,1.0,0.0,0.0
Paderborn,Schalke 04,D2,2021,12/09/2021,A,0,1,0,0,D,14.0,17.0,3.0,8.0,5.0,4.0,15.0,9.0,2.0,1.0,0.0,0.0
Regensburg,Nurnberg,D2,2021,12/09/2021,D,2,2,1,1,D,15.0,14.0,6.0,5.0,5.0,3.0,12.0,16.0,4.0,3.0,0.0,1.0
Nurnberg,Hansa Rostock,D2,2021,17/09/2021,H,1,0,0,0,D,10.0,15.0,4.0,4.0,6.0,4.0,9.0,16.0,0.0,4.0,0.0,0.0
Schalke 04,Karlsruhe,D2,2021,17/09/2021,A,1,2,1,1,D,12.0,9.0,3.0,4.0,2.0,8.0,10.0,9.0,3.0,1.0,1.0,0.0
Fortuna Dusseldorf,Regensburg,D2,2021,18/09/2021,D,1,1,1,1,D,15.0,8.0,5.0,2.0,3.0,3.0,18.0,15.0,1.0,4.0,0.0,0.0
Holstein Kiel,Hannover,D2,2021,18/09/2021,A,0,3,0,3,A,8.0,17.0,3.0,4.0,3.0,4.0,5.0,16.0,0.0,1.0,1.0,0.0
Sandhausen,Heidenheim,D2,2021,18/09/2021,A,1,3,0,2,A,9.0,17.0,2.0,7.0,6.0,7.0,6.0,7.0,1.0,0.0,0.0,0.0
Werder Bremen,Hamburg,D2,2021,18/09/2021,A,0,2,0,2,A,19.0,5.0,4.0,4.0,5.0,3.0,16.0,15.0,7.0,4.0,1.0,1.0
Darmstadt,Dresden,D2,2021,19/09/2021,H,1,0,1,0,H,13.0,9.0,5.0,3.0,3.0,6.0,12.0,18.0,2.0,6.0,1.0,1.0
Erzgebirge Aue,Paderborn,D2,2021,19/09/2021,A,1,4,0,3,A,14.0,15.0,5.0,7.0,3.0,3.0,10.0,5.0,0.0,0.0,0.0,0.0
St Pauli,Ingolstadt,D2,2021,19/09/2021,H,4,1,1,0,H,20.0,9.0,10.0,1.0,8.0,3.0,5.0,17.0,0.0,1.0,0.0,0.0
Heidenheim,Darmstadt,D2,2021,24/09/2021,H,2,1,1,0,H,18.0,15.0,4.0,6.0,11.0,7.0,10.0,14.0,2.0,2.0,0.0,0.0
Regensburg,Erzgebirge Aue,D2,2021,24/09/2021,H,3,2,2,0,H,17.0,14.0,7.0,6.0,6.0,3.0,7.0,21.0,1.0,4.0,0.0,0.0
Ingolstadt,Fortuna Dusseldorf,D2,2021,25/09/2021,A,1,2,0,0,D,11.0,13.0,3.0,2.0,4.0,8.0,15.0,13.0,4.0,3.0,0.0,1.0
Karlsruhe,St Pauli,D2,2021,25/09/2021,A,1,3,0,2,A,17.0,15.0,5.0,6.0,7.0,1.0,17.0,6.0,6.0,2.0,0.0,0.0
Paderborn,Holstein Kiel,D2,2021,25/09/2021,A,1,2,1,0,H,12.0,22.0,5.0,6.0,3.0,11.0,11.0,9.0,5.0,2.0,1.0,0.0
Hansa Rostock,Schalke 04,D2,2021,25/09/2021,A,0,2,0,1,A,14.0,14.0,3.0,6.0,3.0,5.0,13.0,17.0,3.0,2.0,0.0,0.0
Dresden,Werder Bremen,D2,2021,26/09/2021,H,3,0,1,0,H,12.0,14.0,5.0,3.0,4.0,8.0,5.0,8.0,1.0,3.0,0.0,0.0
Hamburg,Nurnberg,D2,2021,26/09/2021,D,2,2,1,1,D,16.0,8.0,6.0,3.0,12.0,3.0,12.0,9.0,3.0,2.0,0.0,0.0
Hannover,Sandhausen,D2,2021,26/09/2021,A,1,2,0,0,D,18.0,10.0,7.0,4.0,4.0,3.0,11.0,19.0,3.0,2.0,0.0,0.0
Erzgebirge Aue,Hamburg,D2,2021,01/10/2021,D,1,1,1,0,H,10.0,9.0,3.0,2.0,3.0,7.0,11.0,13.0,2.0,3.0,1.0,0.0
Werder Bremen,Heidenheim,D2,2021,01/10/2021,H,3,0,0,0,D,11.0,9.0,4.0,3.0,9.0,2.0,9.0,8.0,0.0,0.0,0.0,0.0
Fortuna Dusseldorf,Paderborn,D2,2021,02/10/2021,A,2,3,1,1,D,22.0,22.0,12.0,7.0,5.0,4.0,14.0,10.0,3.0,1.0,0.0,0.0
Holstein Kiel,Hansa Rostock,D2,2021,02/10/2021,A,0,2,0,2,A,12.0,7.0,5.0,3.0,9.0,1.0,12.0,10.0,4.0,4.0,0.0,0.0
Regensburg,Karlsruhe,D2,2021,02/10/2021,D,2,2,0,1,A,15.0,14.0,6.0,4.0,0.0,5.0,16.0,12.0,1.0,3.0,0.0,0.0
Nurnberg,Hannover,D2,2021,02/10/2021,D,0,0,0,0,D,18.0,12.0,4.0,1.0,6.0,7.0,10.0,13.0,2.0,1.0,1.0,0.0
Sandhausen,Darmstadt,D2,2021,03/10/2021,A,1,6,1,2,A,6.0,17.0,3.0,9.0,3.0,1.0,11.0,5.0,3.0,1.0,0.0,0.0
Schalke 04,Ingolstadt,D2,2021,03/10/2021,H,3,0,1,0,H,11.0,9.0,5.0,0.0,3.0,1.0,7.0,7.0,1.0,1.0,0.0,0.0
St Pauli,Dresden,D2,2021,03/10/2021,H,3,0,1,0,H,17.0,6.0,7.0,0.0,6.0,0.0,11.0,10.0,1.0,2.0,0.0,0.0
Hannover,Schalke 04,D2,2021,15/10/2021,A,0,1,0,0,D,1.0,22.0,0.0,6.0,2.0,8.0,15.0,9.0,2.0,2.0,0.0,0.0
Paderborn,Regensburg,D2,2021,15/10/2021,D,1,1,0,1,A,16.0,15.0,6.0,5.0,7.0,2.0,16.0,12.0,1.0,3.0,0.0,0.0
Heidenheim,St Pauli,D2,2021,16/10/2021,A,2,4,1,0,H,10.0,11.0,4.0,7.0,3.0,7.0,12.0,10.0,3.0,2.0,0.0,0.0
Ingolstadt,Holstein Kiel,D2,2021,16/10/2021,D,1,1,0,1,A,15.0,6.0,3.0,1.0,5.0,3.0,11.0,13.0,4.0,2.0,0.0,0.0
Karlsruhe,Erzgebirge Aue,D2,2021,16/10/2021,H,2,1,0,0,D,11.0,13.0,3.0,4.0,3.0,5.0,11.0,22.0,1.0,4.0,1.0,0.0
Hamburg,Fortuna Dusseldorf,D2,2021,16/10/2021,D,1,1,1,0,H,21.0,7.0,7.0,2.0,10.0,4.0,13.0,10.0,2.0,1.0,0.0,1.0
Darmstadt,Werder Bremen,D2,2021,17/10/2021,H,3,0,1,0,H,10.0,14.0,5.0,3.0,3.0,3.0,11.0,16.0,4.0,3.0,0.0,0.0
Dresden,Nurnberg,D2,2021,17/10/2021,A,0,1,0,1,A,15.0,9.0,5.0,3.0,4.0,5.0,6.0,10.0,2.0,4.0,0.0,0.0
Hansa Rostock,Sandhausen,D2,2021,17/10/2021,D,1,1,0,1,A,17.0,4.0,3.0,3.0,9.0,0.0,7.0,12.0,2.0,4.0,0.0,0.0
Erzgebirge Aue,Ingolstadt,D2,2021,22/10/2021,H,1,0,0,0,D,19.0,9.0,5.0,2.0,7.0,3.0,11.0,12.0,3.0,2.0,1.0,0.0
Paderborn,Hamburg,D2,2021,22/10/2021,A,1,2,1,1,D,13.0,24.0,9.0,9.0,8.0,10.0,15.0,11.0,2.0,5.0,0.0,0.0
Fortuna Dusseldorf,Karlsruhe,D2,2021,23/10/2021,H,3,1,1,1,D,22.0,10.0,7.0,2.0,11.0,1.0,10.0,7.0,0.0,1.0,0.0,0.0
Holstein Kiel,Darmstadt,D2,2021,23/10/2021,D,1,1,1,1,D,18.0,15.0,6.0,6.0,4.0,6.0,15.0,11.0,4.0,3.0,0.0,0.0
Nurnberg,Heidenheim,D2,2021,23/10/2021,H,4,0,1,0,H,10.0,10.0,4.0,3.0,5.0,5.0,10.0,13.0,0.0,3.0,0.0,0.0
Schalke 04,Dresden,D2,2021,23/10/2021,H,3,0,1,0,H,12.0,18.0,8.0,5.0,2.0,9.0,12.0,8.0,2.0,2.0,0.0,0.0
Regensburg,Hannover,D2,2021,24/10/2021,H,3,1,2,0,H,13.0,16.0,5.0,4.0,4.0,7.0,15.0,15.0,0.0,2.0,0.0,0.0
Sandhausen,Werder Bremen,D2,2021,24/10/2021,D,2,2,1,1,D,12.0,18.0,4.0,7.0,0.0,7.0,19.0,11.0,5.0,4.0,0.0,0.0
St Pauli,Hansa Rostock,D2,2021,24/10/2021,H,4,0,2,0,H,17.0,5.0,10.0,1.0,6.0,0.0,6.0,10.0,0.0,2.0,0.0,0.0
Darmstadt,Nurnberg,D2,2021,29/10/2021,H,2,0,1,0,H,12.0,15.0,2.0,4.0,4.0,4.0,11.0,6.0,2.0,3.0,0.0,0.0
Heidenheim,Schalke 04,D2,2021,29/10/2021,H,1,0,0,0,D,17.0,12.0,4.0,5.0,13.0,4.0,10.0,8.0,3.0,1.0,0.0,0.0
Dresden,Sandhausen,D2,2021,30/10/2021,A,0,1,0,0,D,17.0,11.0,5.0,3.0,10.0,5.0,7.0,19.0,1.0,2.0,0.0,0.0
Hannover,Erzgebirge Aue,D2,2021,30/10/2021,D,1,1,1,1,D,11.0,18.0,5.0,3.0,5.0,7.0,15.0,9.0,4.0,2.0,0.0,0.0
Werder Bremen,St Pauli,D2,2021,30/10/2021,D,1,1,0,0,D,13.0,15.0,2.0,3.0,7.0,2.0,16.0,12.0,4.0,2.0,0.0,0.0
Hamburg,Holstein Kiel,D2,2021,30/10/2021,D,1,1,1,0,H,15.0,13.0,3.0,6.0,5.0,8.0,14.0,9.0,3.0,4.0,0.0,0.0
Hansa Rostock,Fortuna Dusseldorf,D2,2021,31/10/2021,H,2,1,1,0,H,11.0,7.0,7.0,3.0,4.0,2.0,10.0,18.0,1.0,1.0,0.0,0.0
Ingolstadt,Regensburg,D2,2021,31/10/2021,A,0,3,0,1,A,12.0,7.0,3.0,5.0,2.0,6.0,12.0,19.0,1.0,1.0,0.0,0.0
Karlsruhe,Paderborn,D2,2021,31/10/2021,A,2,4,0,4,A,19.0,11.0,8.0,8.0,5.0,3.0,14.0,10.0,5.0,0.0,0.0,0.0
Holstein Kiel,Dresden,D2,2021,05/11/2021,H,2,1,0,1,A,19.0,17.0,7.0,4.0,5.0,7.0,6.0,11.0,1.0,3.0,0.0,0.0
Nurnberg,Werder Bremen,D2,2021,05/11/2021,A,1,2,1,0,H,8.0,18.0,2.0,8.0,2.0,9.0,12.0,11.0,5.0,3.0,0.0,0.0
Fortuna Dusseldorf,Hannover,D2,2021,06/11/2021,D,1,1,1,0,H,16.0,11.0,4.0,5.0,8.0,5.0,14.0,11.0,1.0,1.0,0.0,0.0
Paderborn,Ingolstadt,D2,2021,06/11/2021,H,2,1,0,0,D,20.0,14.0,7.0,4.0,9.0,3.0,11.0,11.0,0.0,1.0,0.0,0.0
Regensburg,Hansa Rostock,D2,2021,06/11/2021,A,2,3,1,1,D,15.0,11.0,6.0,4.0,5.0,4.0,16.0,16.0,1.0,6.0,0.0,0.0
Karlsruhe,Hamburg,D2,2021,06/11/2021,D,1,1,1,1,D,22.0,14.0,7.0,3.0,9.0,3.0,14.0,14.0,3.0,1.0,0.0,0.0
Erzgebirge Aue,Heidenheim,D2,2021,07/11/2021,H,2,0,2,0,H,12.0,12.0,5.0,5.0,3.0,7.0,8.0,17.0,1.0,3.0,0.0,0.0
Schalke 04,Darmstadt,D2,2021,07/11/2021,A,2,4,1,2,A,19.0,17.0,8.0,6.0,9.0,4.0,7.0,21.0,2.0,2.0,0.0,0.0
Hannover,Paderborn,D2,2021,19/11/2021,D,0,0,0,0,D,17.0,15.0,5.0,3.0,8.0,3.0,9.0,16.0,2.0,2.0,1.0,0.0
Sandhausen,Nurnberg,D2,2021,19/11/2021,A,1,2,0,0,D,10.0,15.0,6.0,8.0,6.0,10.0,15.0,6.0,3.0,1.0,0.0,0.0
Darmstadt,St Pauli,D2,2021,20/11/2021,H,4,0,4,0,H,12.0,12.0,8.0,4.0,5.0,3.0,24.0,10.0,3.0,1.0,0.0,0.0
Hamburg,Regensburg,D2,2021,20/11/2021,H,4,1,2,1,H,15.0,16.0,7.0,6.0,8.0,8.0,13.0,15.0,1.0,2.0,0.0,0.0
Hansa Rostock,Erzgebirge Aue,D2,2021,20/11/2021,A,1,2,1,1,D,17.0,8.0,6.0,2.0,6.0,3.0,12.0,26.0,5.0,2.0,0.0,0.0
Werder Bremen,Schalke 04,D2,2021,20/11/2021,D,1,1,0,0,D,15.0,15.0,4.0,3.0,4.0,8.0,8.0,20.0,1.0,4.0,0.0,0.0
Dresden,Fortuna Dusseldorf,D2,2021,21/11/2021,H,1,0,1,0,H,7.0,10.0,3.0,2.0,4.0,5.0,12.0,13.0,3.0,2.0,0.0,0.0
Heidenheim,Holstein Kiel,D2,2021,21/11/2021,H,2,1,1,1,D,14.0,17.0,5.0,4.0,5.0,3.0,7.0,8.0,1.0,2.0,0.0,0.0
Ingolstadt,Karlsruhe,D2,2021,21/11/2021,D,1,1,1,1,D,18.0,18.0,2.0,3.0,7.0,5.0,12.0,10.0,0.0,1.0,0.0,0.0
St Pauli,Sandhausen,D2,2021,24/11/2021,H,3,1,2,0,H,20.0,5.0,9.0,2.0,8.0,2.0,10.0,11.0,1.0,3.0,0.0,0.0
Fortuna Dusseldorf,Heidenheim,D2,2021,26/11/2021,A,0,1,0,0,D,15.0,17.0,4.0,5.0,11.0,5.0,9.0,13.0,3.0,0.0,0.0,0.0
Regensburg,Dresden,D2,2021,26/11/2021,H,3,1,1,0,H,16.0,14.0,6.0,5.0,4.0,5.0,10.0,17.0,2.0,3.0,0.0,0.0
Erzgebirge Aue,Darmstadt,D2,2021,27/11/2021,A,1,2,0,0,D,9.0,17.0,5.0,7.0,1.0,7.0,10.0,11.0,0.0,1.0,0.0,0.0
Karlsruhe,Hannover,D2,2021,27/11/2021,H,4,0,3,0,H,14.0,13.0,9.0,2.0,5.0,5.0,5.0,11.0,1.0,2.0,0.0,0.0
Schalke 04,Sandhausen,D2,2021,27/11/2021,H,5,2,0,0,D,26.0,7.0,9.0,3.0,9.0,2.0,7.0,14.0,1.0,1.0,0.0,0.0
Holstein Kiel,Werder Bremen,D2,2021,27/11/2021,H,2,1,1,0,H,18.0,17.0,8.0,6.0,5.0,9.0,6.0,10.0,2.0,1.0,0.0,0.0
Hamburg,Ingolstadt,D2,2021,28/11/2021,H,3,0,2,0,H,21.0,13.0,8.0,5.0,7.0,5.0,10.0,8.0,1.0,0.0,0.0,0.0
Nurnberg,St Pauli,D2,2021,28/11/2021,A,2,3,1,2,A,19.0,13.0,10.0,7.0,6.0,10.0,7.0,10.0,0.0,2.0,0.0,0.0
Paderborn,Hansa Rostock,D2,2021,28/11/2021,D,1,1,0,1,A,18.0,10.0,5.0,3.0,6.0,7.0,10.0,9.0,2.0,1.0,0.0,0.0
Darmstadt,Fortuna Dusseldorf,D2,2021,03/12/2021,A,1,3,0,2,A,20.0,9.0,8.0,3.0,6.0,4.0,20.0,8.0,2.0,1.0,0.0,0.0
Werder Bremen,Erzgebirge Aue,D2,2021,03/12/2021,H,4,0,2,0,H,15.0,9.0,8.0,3.0,6.0,2.0,14.0,16.0,2.0,2.0,0.0,0.0
Hansa Rostock,Ingolstadt,D2,2021,04/12/2021,D,1,1,0,1,A,21.0,6.0,5.0,3.0,6.0,0.0,15.0,12.0,3.0,2.0,0.0,0.0
Nurnberg,Holstein Kiel,D2,2021,04/12/2021,H,2,1,1,0,H,17.0,15.0,6.0,4.0,6.0,3.0,9.0,6.0,2.0,1.0,0.0,0.0
Sandhausen,Paderborn,D2,2021,04/12/2021,D,1,1,0,1,A,15.0,8.0,4.0,2.0,4.0,1.0,14.0,12.0,3.0,4.0,0.0,0.0
St Pauli,Schalke 04,D2,2021,04/12/2021,H,2,1,2,0,H,15.0,13.0,7.0,5.0,8.0,4.0,9.0,15.0,1.0,2.0,0.0,0.0
Dresden,Karlsruhe,D2,2021,05/12/2021,H,3,1,0,0,D,19.0,9.0,9.0,2.0,5.0,3.0,9.0,14.0,1.0,3.0,0.0,1.0
Hannover,Hamburg,D2,2021,05/12/2021,H,1,0,1,0,H,7.0,10.0,2.0,3.0,4.0,4.0,11.0,6.0,2.0,2.0,0.0,0.0
Heidenheim,Regensburg,D2,2021,05/12/2021,H,3,0,1,0,H,19.0,10.0,8.0,2.0,4.0,7.0,16.0,9.0,2.0,1.0,0.0,1.0
Regensburg,Werder Bremen,D2,2021,10/12/2021,A,2,3,1,1,D,17.0,17.0,6.0,6.0,5.0,2.0,15.0,12.0,2.0,2.0,0.0,0.0
Schalke 04,Nurnberg,D2,2021,10/12/2021,H,4,1,1,0,H,25.0,9.0,8.0,3.0,7.0,3.0,15.0,6.0,2.0,1.0,0.0,0.0
Holstein Kiel,Sandhausen,D2,2021,11/12/2021,D,2,2,1,1,D,19.0,7.0,8.0,2.0,6.0,3.0,5.0,12.0,2.0,5.0,0.0,0.0
Ingolstadt,Hannover,D2,2021,11/12/2021,A,1,2,1,2,A,8.0,13.0,3.0,5.0,2.0,1.0,10.0,14.0,4.0,2.0,0.0,0.0
Paderborn,Darmstadt,D2,2021,11/12/2021,A,0,1,0,0,D,9.0,17.0,2.0,4.0,3.0,8.0,12.0,15.0,2.0,4.0,0.0,0.0
Fortuna Dusseldorf,St Pauli,D2,2021,11/12/2021,D,1,1,0,0,D,7.0,13.0,3.0,7.0,4.0,6.0,11.0,10.0,2.0,1.0,0.0,0.0
Erzgebirge Aue,Dresden,D2,2021,12/12/2021,A,0,1,0,0,D,18.0,10.0,9.0,3.0,5.0,6.0,10.0,14.0,1.0,1.0,0.0,0.0
Hamburg,Hansa Rostock,D2,2021,12/12/2021,H,3,0,2,0,H,17.0,13.0,10.0,6.0,10.0,3.0,12.0,12.0,4.0,4.0,0.0,0.0
Karlsruhe,Heidenheim,D2,2021,12/12/2021,H,3,2,2,1,H,12.0,19.0,4.0,7.0,5.0,4.0,10.0,16.0,1.0,2.0,0.0,0.0
Fortuna Dusseldorf,Sandhausen,D2,2021,17/12/2021,A,0,1,0,1,A,14.0,4.0,3.0,1.0,10.0,3.0,10.0,8.0,0.0,0.0,0.0,0.0
Holstein Kiel,St Pauli,D2,2021,17/12/2021,H,3,0,3,0,H,22.0,10.0,11.0,3.0,5.0,6.0,13.0,12.0,2.0,4.0,0.0,0.0
Erzgebirge Aue,Nurnberg,D2,2021,18/12/2021,A,1,3,1,2,A,19.0,19.0,3.0,8.0,2.0,3.0,9.0,16.0,1.0,2.0,0.0,0.0
Ingolstadt,Dresden,D2,2021,18/12/2021,H,3,0,2,0,H,13.0,5.0,5.0,1.0,6.0,1.0,21.0,14.0,3.0,1.0,0.0,0.0
Paderborn,Heidenheim,D2,2021,18/12/2021,A,1,2,0,0,D,12.0,19.0,3.0,6.0,3.0,11.0,14.0,12.0,3.0,3.0,0.0,0.0
Hamburg,Schalke 04,D2,2021,18/12/2021,D,1,1,1,0,H,8.0,30.0,3.0,7.0,6.0,13.0,10.0,8.0,2.0,5.0,0.0,0.0
Hannover,Werder Bremen,D2,2021,19/12/2021,A,1,4,1,1,D,8.0,19.0,7.0,6.0,5.0,5.0,10.0,9.0,1.0,3.0,0.0,0.0
Karlsruhe,Hansa Rostock,D2,2021,19/12/2021,D,2,2,2,1,H,9.0,18.0,4.0,7.0,0.0,6.0,7.0,14.0,1.0,2.0,0.0,0.0
Regensburg,Darmstadt,D2,2021,19/12/2021,A,0,2,0,0,D,14.0,12.0,5.0,3.0,3.0,2.0,14.0,10.0,1.0,2.0,0.0,0.0
Dresden,Hamburg,D2,2021,14/01/2022,D,1,1,0,1,A,19.0,10.0,8.0,5.0,4.0,5.0,11.0,14.0,2.0,0.0,0.0,0.0
Hansa Rostock,Hannover,D2,2021,14/01/2022,A,0,1,0,0,D,13.0,5.0,5.0,2.0,3.0,4.0,13.0,14.0,3.0,2.0,0.0,0.0
Nurnberg,Paderborn,D2,2021,15/01/2022,A,1,2,0,2,A,14.0,16.0,5.0,5.0,3.0,6.0,11.0,12.0,2.0,3.0,0.0,0.0
St Pauli,Erzgebirge Aue,D2,2021,15/01/2022,D,2,2,1,1,D,12.0,7.0,6.0,3.0,5.0,2.0,8.0,17.0,0.0,2.0,0.0,0.0
Werder Bremen,Fortuna Dusseldorf,D2,2021,15/01/2022,H,3,0,0,0,D,18.0,4.0,8.0,0.0,10.0,3.0,16.0,12.0,1.0,0.0,0.0,1.0
Darmstadt,Karlsruhe,D2,2021,15/01/2022,D,2,2,0,1,A,27.0,12.0,11.0,2.0,8.0,7.0,8.0,9.0,1.0,1.0,0.0,0.0
Heidenheim,Ingolstadt,D2,2021,16/01/2022,H,2,1,1,0,H,11.0,14.0,5.0,3.0,5.0,3.0,13.0,8.0,1.0,3.0,0.0,0.0
Sandhausen,Regensburg,D2,2021,16/01/2022,A,0,3,0,2,A,6.0,15.0,1.0,6.0,0.0,9.0,20.0,15.0,2.0,2.0,0.0,0.0
Schalke 04,Holstein Kiel,D2,2021,16/01/2022,D,1,1,0,0,D,21.0,10.0,4.0,5.0,6.0,4.0,13.0,11.0,0.0,0.0,0.0,0.0
Fortuna Dusseldorf,Nurnberg,D2,2021,21/01/2022,A,0,1,0,1,A,20.0,15.0,5.0,7.0,7.0,6.0,15.0,10.0,4.0,1.0,0.0,0.0
Hamburg,St Pauli,D2,2021,21/01/2022,H,2,1,0,1,A,15.0,12.0,7.0,5.0,7.0,3.0,11.0,7.0,2.0,4.0,0.0,0.0
Hansa Rostock,Heidenheim,D2,2021,22/01/2022,D,0,0,0,0,D,15.0,6.0,3.0,2.0,7.0,5.0,10.0,4.0,1.0,0.0,0.0,0.0
Ingolstadt,Darmstadt,D2,2021,22/01/2022,A,0,2,0,1,A,9.0,33.0,3.0,10.0,1.0,6.0,13.0,18.0,2.0,3.0,0.0,0.0
Paderborn,Werder Bremen,D2,2021,22/01/2022,A,3,4,2,1,H,16.0,19.0,8.0,8.0,3.0,12.0,11.0,11.0,3.0,2.0,0.0,0.0
Erzgebirge Aue,Schalke 04,D2,2021,22/01/2022,A,0,5,0,2,A,7.0,18.0,3.0,10.0,0.0,8.0,8.0,11.0,4.0,2.0,0.0,0.0
Hannover,Dresden,D2,2021,23/01/2022,D,0,0,0,0,D,16.0,6.0,6.0,1.0,6.0,5.0,13.0,6.0,2.0,3.0,0.0,1.0
Regensburg,Holstein Kiel,D2,2021,23/01/2022,A,1,2,1,1,D,18.0,16.0,5.0,4.0,9.0,3.0,16.0,14.0,2.0,3.0,0.0,0.0
Heidenheim,Hannover,D2,2021,04/02/2022,H,3,1,2,1,H,15.0,7.0,6.0,1.0,8.0,2.0,12.0,8.0,1.0,2.0,0.0,0.0
Nurnberg,Ingolstadt,D2,2021,04/02/2022,A,0,5,0,3,A,15.0,20.0,3.0,9.0,8.0,4.0,7.0,14.0,1.0,1.0,0.0,0.0
Sandhausen,Erzgebirge Aue,D2,2021,05/02/2022,H,2,0,1,0,H,17.0,12.0,8.0,5.0,8.0,1.0,21.0,15.0,4.0,5.0,0.0,0.0
Schalke 04,Regensburg,D2,2021,05/02/2022,H,2,1,0,1,A,11.0,13.0,6.0,2.0,4.0,6.0,13.0,7.0,2.0,3.0,0.0,0.0
Werder Bremen,Karlsruhe,D2,2021,05/02/2022,H,2,1,0,0,D,21.0,12.0,7.0,3.0,3.0,5.0,8.0,16.0,0.0,2.0,0.0,0.0
St Pauli,Paderborn,D2,2021,05/02/2022,D,2,2,2,1,H,8.0,14.0,3.0,5.0,2.0,4.0,9.0,10.0,1.0,1.0,0.0,0.0
Darmstadt,Hamburg,D2,2021,06/02/2022,A,0,5,0,3,A,14.0,15.0,2.0,9.0,9.0,5.0,13.0,5.0,1.0,0.0,0.0,0.0
Dresden,Hansa Rostock,D2,2021,06/02/2022,A,1,4,0,4,A,10.0,22.0,4.0,13.0,8.0,5.0,13.0,10.0,3.0,2.0,0.0,0.0
Holstein Kiel,Fortuna Dusseldorf,D2,2021,06/02/2022,H,1,0,0,0,D,8.0,11.0,3.0,2.0,4.0,3.0,10.0,15.0,1.0,2.0,0.0,0.0
Karlsruhe,Sandhausen,D2,2021,08/02/2022,A,0,2,0,1,A,15.0,12.0,0.0,6.0,2.0,0.0,8.0,14.0,0.0,3.0,0.0,0.0
Erzgebirge Aue,Holstein Kiel,D2,2021,11/02/2022,A,2,3,0,2,A,12.0,12.0,5.0,4.0,5.0,3.0,14.0,11.0,4.0,3.0,1.0,0.0
Hansa Rostock,Werder Bremen,D2,2021,11/02/2022,A,1,2,0,0,D,13.0,12.0,4.0,3.0,4.0,3.0,19.0,11.0,5.0,4.0,0.0,0.0
Hamburg,Heidenheim,D2,2021,12/02/2022,H,2,0,0,0,D,13.0,10.0,6.0,5.0,3.0,3.0,9.0,16.0,1.0,2.0,0.0,0.0
Karlsruhe,Nurnberg,D2,2021,12/02/2022,H,4,1,1,1,D,20.0,14.0,7.0,4.0,12.0,7.0,12.0,11.0,2.0,4.0,0.0,0.0
Paderborn,Dresden,D2,2021,12/02/2022,D,0,0,0,0,D,18.0,11.0,4.0,2.0,8.0,8.0,5.0,4.0,2.0,1.0,0.0,0.0
Regensburg,St Pauli,D2,2021,12/02/2022,A,2,3,0,2,A,22.0,12.0,8.0,6.0,7.0,3.0,7.0,15.0,1.0,2.0,0.0,0.0
Fortuna Dusseldorf,Schalke 04,D2,2021,13/02/2022,H,2,1,0,1,A,21.0,11.0,6.0,4.0,8.0,2.0,9.0,14.0,2.0,0.0,0.0,0.0
Hannover,Darmstadt,D2,2021,13/02/2022,D,2,2,1,1,D,17.0,16.0,5.0,4.0,7.0,4.0,12.0,21.0,2.0,5.0,0.0,0.0
Ingolstadt,Sandhausen,D2,2021,13/02/2022,D,0,0,0,0,D,7.0,11.0,1.0,4.0,2.0,2.0,15.0,17.0,5.0,2.0,1.0,0.0
Dresden,Heidenheim,D2,2021,18/02/2022,D,1,1,0,0,D,9.0,7.0,2.0,2.0,0.0,5.0,10.0,7.0,1.0,5.0,0.0,0.0
Schalke 04,Paderborn,D2,2021,18/02/2022,H,2,0,1,0,H,15.0,14.0,3.0,6.0,4.0,2.0,14.0,10.0,5.0,1.0,0.0,0.0
Holstein Kiel,Karlsruhe,D2,2021,19/02/2022,A,0,2,0,1,A,10.0,15.0,2.0,7.0,9.0,2.0,6.0,10.0,2.0,0.0,0.0,0.0
Sandhausen,Hamburg,D2,2021,19/02/2022,D,1,1,1,0,H,4.0,10.0,1.0,2.0,4.0,3.0,12.0,7.0,3.0,1.0,0.0,0.0
Werder Bremen,Ingolstadt,D2,2021,19/02/2022,D,1,1,0,0,D,22.0,13.0,9.0,1.0,12.0,7.0,7.0,15.0,0.0,1.0,0.0,0.0
Nurnberg,Regensburg,D2,2021,19/02/2022,H,2,0,1,0,H,21.0,18.0,11.0,3.0,6.0,4.0,11.0,13.0,3.0,2.0,0.0,0.0
Darmstadt,Hansa Rostock,D2,2021,20/02/2022,D,1,1,1,0,H,21.0,5.0,3.0,3.0,5.0,2.0,10.0,21.0,2.0,3.0,0.0,0.0
Fortuna Dusseldorf,Erzgebirge Aue,D2,2021,20/02/2022,H,3,1,1,0,H,18.0,5.0,7.0,2.0,6.0,0.0,11.0,11.0,3.0,1.0,0.0,0.0
St Pauli,Hannover,D2,2021,20/02/2022,A,0,3,0,1,A,11.0,17.0,3.0,9.0,7.0,13.0,11.0,9.0,1.0,2.0,0.0,0.0
Hannover,Holstein Kiel,D2,2021,25/02/2022,H,2,0,0,0,D,25.0,20.0,10.0,5.0,4.0,8.0,8.0,11.0,2.0,2.0,0.0,0.0
Paderborn,Erzgebirge Aue,D2,2021,25/02/2022,D,3,3,1,0,H,11.0,25.0,9.0,7.0,7.0,11.0,14.0,14.0,3.0,1.0,0.0,0.0
Hansa Rostock,Nurnberg,D2,2021,26/02/2022,A,0,2,0,1,A,17.0,12.0,4.0,7.0,9.0,3.0,12.0,11.0,2.0,0.0,0.0,0.0
Ingolstadt,St Pauli,D2,2021,26/02/2022,A,1,3,1,2,A,10.0,12.0,3.0,5.0,4.0,2.0,14.0,12.0,3.0,2.0,0.0,0.0
Karlsruhe,Schalke 04,D2,2021,26/02/2022,D,1,1,1,1,D,18.0,16.0,4.0,2.0,5.0,4.0,11.0,12.0,2.0,1.0,0.0,0.0
Dresden,Darmstadt,D2,2021,26/02/2022,A,0,1,0,0,D,13.0,23.0,3.0,9.0,7.0,5.0,7.0,10.0,3.0,1.0,0.0,0.0
Hamburg,Werder Bremen,D2,2021,27/02/2022,A,2,3,0,1,A,13.0,15.0,8.0,6.0,2.0,4.0,9.0,11.0,2.0,1.0,0.0,0.0
Heidenheim,Sandhausen,D2,2021,27/02/2022,D,1,1,1,1,D,18.0,9.0,1.0,6.0,11.0,4.0,6.0,12.0,0.0,2.0,0.0,0.0
Regensburg,Fortuna Dusseldorf,D2,2021,27/02/2022,D,0,0,0,0,D,9.0,10.0,3.0,4.0,0.0,6.0,13.0,15.0,1.0,1.0,0.0,0.0
Darmstadt,Heidenheim,D2,2021,04/03/2022,H,3,2,0,1,A,23.0,12.0,9.0,5.0,7.0,1.0,14.0,13.0,3.0,1.0,0.0,0.0
Holstein Kiel,Paderborn,D2,2021,04/03/2022,A,3,4,1,1,D,16.0,12.0,6.0,6.0,4.0,4.0,9.0,12.0,2.0,2.0,0.0,0.0
Sandhausen,Hannover,D2,2021,05/03/2022,H,3,1,2,1,H,18.0,7.0,8.0,2.0,10.0,6.0,14.0,10.0,3.0,1.0,0.0,0.0
Schalke 04,Hansa Rostock,D2,2021,05/03/2022,A,3,4,2,2,D,26.0,9.0,10.0,4.0,4.0,2.0,9.0,7.0,0.0,1.0,0.0,0.0
St Pauli,Karlsruhe,D2,2021,05/03/2022,H,3,1,3,0,H,15.0,11.0,5.0,2.0,6.0,5.0,12.0,11.0,4.0,2.0,0.0,0.0
Nurnberg,Hamburg,D2,2021,05/03/2022,H,2,1,1,1,D,10.0,14.0,4.0,4.0,4.0,9.0,10.0,17.0,3.0,5.0,0.0,0.0
Erzgebirge Aue,Regensburg,D2,2021,06/03/2022,H,1,0,1,0,H,17.0,13.0,7.0,3.0,4.0,8.0,12.0,10.0,2.0,1.0,0.0,0.0
Fortuna Dusseldorf,Ingolstadt,D2,2021,06/03/2022,H,3,0,2,0,H,23.0,12.0,5.0,4.0,8.0,5.0,9.0,14.0,3.0,4.0,0.0,1.0
Werder Bremen,Dresden,D2,2021,06/03/2022,H,2,1,2,1,H,16.0,15.0,6.0,7.0,10.0,9.0,10.0,11.0,1.0,2.0,0.0,0.0
Darmstadt,Sandhausen,D2,2021,11/03/2022,D,1,1,1,0,H,18.0,9.0,7.0,4.0,4.0,1.0,13.0,16.0,3.0,3.0,0.0,0.0
Hansa Rostock,Holstein Kiel,D2,2021,11/03/2022,H,3,2,1,0,H,13.0,10.0,6.0,2.0,6.0,3.0,9.0,11.0,2.0,2.0,0.0,0.0
Dresden,St Pauli,D2,2021,12/03/2022,D,1,1,1,1,D,13.0,22.0,5.0,6.0,4.0,8.0,10.0,7.0,0.0,0.0,0.0,0.0
Paderborn,Fortuna Dusseldorf,D2,2021,12/03/2022,D,1,1,0,1,A,18.0,15.0,8.0,5.0,7.0,5.0,14.0,9.0,4.0,4.0,0.0,0.0
Heidenheim,Werder Bremen,D2,2021,12/03/2022,H,2,1,1,0,H,11.0,19.0,4.0,8.0,6.0,6.0,13.0,8.0,3.0,2.0,1.0,0.0
Hannover,Nurnberg,D2,2021,13/03/2022,A,0,3,0,1,A,13.0,19.0,4.0,5.0,2.0,5.0,5.0,10.0,0.0,1.0,0.0,0.0
Ingolstadt,Schalke 04,D2,2021,13/03/2022,A,0,3,0,0,D,9.0,17.0,3.0,4.0,7.0,3.0,18.0,10.0,3.0,2.0,0.0,0.0
Karlsruhe,Regensburg,D2,2021,13/03/2022,D,1,1,0,1,A,16.0,15.0,4.0,6.0,7.0,3.0,14.0,13.0,2.0,2.0,0.0,0.0
Erzgebirge Aue,Karlsruhe,D2,2021,18/03/2022,A,0,3,0,0,D,15.0,9.0,4.0,3.0,6.0,3.0,9.0,6.0,1.0,4.0,0.0,0.0
St Pauli,Heidenheim,D2,2021,18/03/2022,H,1,0,0,0,D,20.0,9.0,7.0,2.0,7.0,0.0,12.0,10.0,3.0,3.0,0.0,0.0
Fortuna Dusseldorf,Hamburg,D2,2021,19/03/2022,D,1,1,0,0,D,17.0,13.0,4.0,3.0,6.0,4.0,10.0,8.0,2.0,1.0,0.0,0.0
Sandhausen,Hansa Rostock,D2,2021,19/03/2022,A,0,1,0,0,D,16.0,8.0,2.0,3.0,14.0,5.0,10.0,11.0,4.0,1.0,0.0,0.0
Schalke 04,Hannover,D2,2021,19/03/2022,H,2,1,1,0,H,18.0,8.0,9.0,4.0,12.0,2.0,17.0,7.0,1.0,2.0,0.0,0.0
Werder Bremen,Darmstadt,D2,2021,19/03/2022,H,1,0,0,0,D,26.0,12.0,10.0,3.0,6.0,1.0,12.0,13.0,2.0,1.0,0.0,1.0
Holstein Kiel,Ingolstadt,D2,2021,20/03/2022,H,1,0,1,0,H,21.0,17.0,4.0,4.0,5.0,4.0,12.0,18.0,1.0,5.0,0.0,0.0
Nurnberg,Dresden,D2,2021,20/03/2022,D,1,1,1,1,D,19.0,11.0,6.0,1.0,11.0,2.0,11.0,16.0,2.0,1.0,0.0,0.0
Regensburg,Paderborn,D2,2021,20/03/2022,H,1,0,0,0,D,10.0,11.0,3.0,2.0,3.0,5.0,11.0,9.0,2.0,1.0,0.0,0.0
Dresden,Schalke 04,D2,2021,01/04/2022,A,1,2,0,1,A,9.0,9.0,1.0,5.0,3.0,1.0,13.0,10.0,2.0,4.0,0.0,0.0
Ingolstadt,Erzgebirge Aue,D2,2021,01/04/2022,H,3,2,2,0,H,10.0,5.0,5.0,2.0,8.0,2.0,15.0,18.0,1.0,2.0,0.0,1.0
Darmstadt,Holstein Kiel,D2,2021,02/04/2022,H,3,1,2,0,H,21.0,8.0,5.0,2.0,7.0,3.0,10.0,8.0,3.0,2.0,0.0,0.0
Hamburg,Paderborn,D2,2021,02/04/2022,A,1,2,0,1,A,13.0,4.0,6.0,2.0,5.0,0.0,7.0,11.0,0.0,1.0,0.0,0.0
Hannover,Regensburg,D2,2021,02/04/2022,D,1,1,1,1,D,18.0,11.0,5.0,5.0,5.0,6.0,12.0,12.0,2.0,2.0,0.0,1.0
Hansa Rostock,St Pauli,D2,2021,02/04/2022,H,1,0,0,0,D,22.0,11.0,6.0,2.0,2.0,6.0,11.0,12.0,2.0,0.0,0.0,0.0
Heidenheim,Nurnberg,D2,2021,03/04/2022,H,3,1,2,0,H,18.0,11.0,5.0,5.0,5.0,9.0,10.0,6.0,0.0,1.0,0.0,0.0
Karlsruhe,Fortuna Dusseldorf,D2,2021,03/04/2022,D,2,2,0,2,A,11.0,11.0,4.0,6.0,2.0,3.0,8.0,17.0,1.0,1.0,0.0,0.0
Werder Bremen,Sandhausen,D2,2021,03/04/2022,D,1,1,0,0,D,21.0,3.0,8.0,1.0,5.0,1.0,7.0,17.0,1.0,2.0,0.0,0.0
Hamburg,Erzgebirge Aue,D2,2021,05/04/2022,H,4,0,2,0,H,20.0,7.0,8.0,6.0,9.0,2.0,11.0,9.0,0.0,1.0,0.0,0.0
Fortuna Dusseldorf,Hansa Rostock,D2,2021,08/04/2022,H,3,0,1,0,H,13.0,6.0,5.0,2.0,4.0,7.0,12.0,11.0,1.0,4.0,0.0,0.0
Regensburg,Ingolstadt,D2,2021,08/04/2022,D,1,1,0,1,A,17.0,5.0,6.0,2.0,4.0,5.0,10.0,17.0,2.0,3.0,0.0,0.0
Erzgebirge Aue,Hannover,D2,2021,09/04/2022,A,1,3,0,2,A,13.0,12.0,4.0,6.0,7.0,4.0,11.0,17.0,3.0,1.0,0.0,0.0
Schalke 04,Heidenheim,D2,2021,09/04/2022,H,3,0,1,0,H,21.0,19.0,11.0,7.0,6.0,6.0,6.0,7.0,2.0,1.0,0.0,0.0
St Pauli,Werder Bremen,D2,2021,09/04/2022,D,1,1,1,0,H,11.0,15.0,4.0,2.0,5.0,4.0,7.0,8.0,1.0,0.0,0.0,0.0
Nurnberg,Darmstadt,D2,2021,09/04/2022,H,3,1,1,0,H,14.0,18.0,4.0,5.0,4.0,4.0,10.0,15.0,3.0,0.0,0.0,0.0
Holstein Kiel,Hamburg,D2,2021,10/04/2022,H,1,0,1,0,H,4.0,16.0,1.0,6.0,1.0,5.0,7.0,10.0,2.0,3.0,0.0,0.0
Paderborn,Karlsruhe,D2,2021,10/04/2022,D,2,2,1,1,D,13.0,14.0,3.0,6.0,2.0,5.0,6.0,12.0,2.0,3.0,1.0,0.0
Sandhausen,Dresden,D2,2021,10/04/2022,H,2,1,1,0,H,10.0,10.0,6.0,3.0,5.0,7.0,15.0,8.0,6.0,3.0,0.0,0.0
Dresden,Holstein Kiel,D2,2021,16/04/2022,D,0,0,0,0,D,14.0,11.0,3.0,5.0,4.0,3.0,15.0,16.0,2.0,2.0,0.0,0.0
Hannover,Fortuna Dusseldorf,D2,2021,16/04/2022,D,0,0,0,0,D,11.0,12.0,2.0,1.0,5.0,8.0,15.0,11.0,0.0,1.0,1.0,0.0
Sandhausen,St Pauli,D2,2021,16/04/2022,D,1,1,0,1,A,7.0,6.0,2.0,3.0,9.0,4.0,16.0,6.0,1.0,0.0,0.0,0.0
Hamburg,Karlsruhe,D2,2021,16/04/2022,H,3,0,2,0,H,24.0,3.0,6.0,1.0,6.0,2.0,13.0,7.0,0.0,3.0,0.0,1.0
Darmstadt,Schalke 04,D2,2021,17/04/2022,A,2,5,2,3,A,21.0,14.0,7.0,8.0,7.0,4.0,15.0,13.0,3.0,2.0,0.0,0.0
Hansa Rostock,Regensburg,D2,2021,17/04/2022,D,1,1,1,0,H,10.0,10.0,2.0,3.0,4.0,5.0,16.0,13.0,2.0,2.0,1.0,0.0
Heidenheim,Erzgebirge Aue,D2,2021,17/04/2022,A,0,2,0,0,D,8.0,10.0,2.0,3.0,6.0,7.0,14.0,10.0,0.0,1.0,0.0,0.0
Ingolstadt,Paderborn,D2,2021,17/04/2022,A,0,1,0,0,D,8.0,15.0,3.0,5.0,2.0,5.0,12.0,10.0,4.0,1.0,0.0,0.0
Werder Bremen,Nurnberg,D2,2021,17/04/2022,D,1,1,0,1,A,16.0,7.0,6.0,5.0,8.0,2.0,12.0,9.0,2.0,1.0,0.0,0.0
Fortuna Dusseldorf,Dresden,D2,2021,22/04/2022,D,2,2,2,0,H,20.0,9.0,7.0,3.0,3.0,5.0,12.0,18.0,1.0,4.0,0.0,0.0
Karlsruhe,Ingolstadt,D2,2021,22/04/2022,D,2,2,0,1,A,24.0,11.0,10.0,5.0,9.0,2.0,13.0,14.0,2.0,5.0,0.0,0.0
Holstein Kiel,Heidenheim,D2,2021,23/04/2022,D,1,1,0,0,D,9.0,13.0,6.0,4.0,8.0,10.0,6.0,7.0,1.0,3.0,0.0,0.0
Regensburg,Hamburg,D2,2021,23/04/2022,A,2,4,0,1,A,19.0,17.0,11.0,8.0,4.0,4.0,21.0,16.0,6.0,2.0,0.0,0.0
Schalke 04,Werder Bremen,D2,2021,23/04/2022,A,1,4,0,2,A,18.0,15.0,3.0,7.0,5.0,2.0,11.0,13.0,2.0,3.0,0.0,0.0
St Pauli,Darmstadt,D2,2021,23/04/2022,A,1,2,0,2,A,22.0,9.0,8.0,4.0,5.0,2.0,9.0,12.0,3.0,4.0,0.0,0.0
Erzgebirge Aue,Hansa Rostock,D2,2021,24/04/2022,D,2,2,2,1,H,9.0,12.0,4.0,4.0,2.0,4.0,17.0,9.0,3.0,2.0,0.0,0.0
Nurnberg,Sandhausen,D2,2021,24/04/2022,A,2,4,1,1,D,19.0,9.0,8.0,5.0,12.0,6.0,10.0,14.0,0.0,3.0,0.0,0.0
Paderborn,Hannover,D2,2021,24/04/2022,H,3,0,2,0,H,15.0,17.0,5.0,4.0,4.0,10.0,11.0,6.0,1.0,1.0,0.0,0.0
Hannover,Karlsruhe,D2,2021,29/04/2022,H,2,0,1,0,H,12.0,11.0,3.0,2.0,1.0,3.0,14.0,9.0,2.0,1.0,0.0,0.0
Heidenheim,Fortuna Dusseldorf,D2,2021,29/04/2022,A,1,3,0,2,A,14.0,13.0,3.0,8.0,9.0,2.0,12.0,11.0,1.0,1.0,0.0,0.0
Sandhausen,Schalke 04,D2,2021,29/04/2022,A,1,2,0,0,D,9.0,18.0,3.0,10.0,2.0,6.0,18.0,8.0,1.0,2.0,1.0,0.0
St Pauli,Nurnberg,D2,2021,29/04/2022,D,1,1,0,0,D,15.0,10.0,2.0,2.0,7.0,1.0,18.0,12.0,2.0,0.0,0.0,0.0
Werder Bremen,Holstein Kiel,D2,2021,29/04/2022,A,2,3,2,1,H,20.0,10.0,7.0,5.0,5.0,2.0,11.0,13.0,2.0,4.0,0.0,0.0
Dresden,Regensburg,D2,2021,30/04/2022,D,1,1,0,0,D,11.0,10.0,3.0,3.0,5.0,1.0,16.0,14.0,0.0,0.0,0.0,0.0
Hansa Rostock,Paderborn,D2,2021,30/04/2022,D,0,0,0,0,D,13.0,13.0,3.0,6.0,4.0,7.0,13.0,10.0,2.0,1.0,0.0,0.0
Ingolstadt,Hamburg,D2,2021,30/04/2022,A,0,4,0,2,A,7.0,19.0,3.0,7.0,0.0,9.0,10.0,10.0,1.0,2.0,0.0,0.0
Darmstadt,Erzgebirge Aue,D2,2021,30/04/2022,H,6,0,4,0,H,19.0,3.0,9.0,0.0,12.0,2.0,6.0,8.0,0.0,0.0,0.0,0.0
Fortuna Dusseldorf,Darmstadt,D2,2021,06/05/2022,H,2,1,2,0,H,8.0,19.0,5.0,7.0,1.0,8.0,11.0,13.0,1.0,5.0,1.0,1.0
Paderborn,Sandhausen,D2,2021,06/05/2022,H,2,0,1,0,H,16.0,12.0,9.0,5.0,7.0,8.0,4.0,16.0,2.0,5.0,0.0,0.0
Hamburg,Hannover,D2,2021,07/05/2022,H,2,1,2,1,H,21.0,9.0,6.0,3.0,3.0,8.0,15.0,12.0,1.0,3.0,0.0,0.0
Ingolstadt,Hansa Rostock,D2,2021,07/05/2022,D,0,0,0,0,D,9.0,11.0,4.0,4.0,4.0,4.0,15.0,13.0,1.0,1.0,0.0,0.0
Regensburg,Heidenheim,D2,2021,07/05/2022,A,0,2,0,0,D,20.0,14.0,9.0,4.0,2.0,9.0,6.0,12.0,3.0,2.0,0.0,0.0
Schalke 04,St Pauli,D2,2021,07/05/2022,H,3,2,0,2,A,22.0,5.0,10.0,3.0,4.0,3.0,13.0,16.0,3.0,5.0,0.0,2.0
Erzgebirge Aue,Werder Bremen,D2,2021,08/05/2022,A,0,3,0,0,D,10.0,12.0,4.0,5.0,6.0,10.0,9.0,14.0,2.0,2.0,0.0,0.0
Holstein Kiel,Nurnberg,D2,2021,08/05/2022,H,3,0,2,0,H,14.0,12.0,7.0,0.0,9.0,3.0,12.0,10.0,2.0,2.0,0.0,0.0
Karlsruhe,Dresden,D2,2021,08/05/2022,D,2,2,0,1,A,14.0,14.0,7.0,5.0,6.0,7.0,15.0,23.0,1.0,5.0,0.0,0.0
Darmstadt,Paderborn,D2,2021,15/05/2022,H,3,0,3,0,H,12.0,11.0,6.0,4.0,1.0,4.0,18.0,8.0,3.0,0.0,0.0,1.0
Dresden,Erzgebirge Aue,D2,2021,15/05/2022,A,0,1,0,0,D,10.0,13.0,4.0,3.0,4.0,3.0,12.0,18.0,2.0,3.0,0.0,0.0
Hannover,Ingolstadt,D2,2021,15/05/2022,H,3,2,1,1,D,12.0,17.0,6.0,4.0,6.0,3.0,10.0,12.0,1.0,4.0,0.0,0.0
Hansa Rostock,Hamburg,D2,2021,15/05/2022,A,2,3,1,0,H,12.0,18.0,5.0,6.0,4.0,9.0,13.0,8.0,2.0,1.0,0.0,0.0
Heidenheim,Karlsruhe,D2,2021,15/05/2022,H,2,0,2,0,H,15.0,12.0,6.0,4.0,0.0,8.0,6.0,4.0,1.0,1.0,0.0,0.0
Nurnberg,Schalke 04,D2,2021,15/05/2022,A,1,2,0,1,A,17.0,12.0,5.0,6.0,10.0,3.0,8.0,17.0,1.0,1.0,0.0,0.0
Sandhausen,Holstein Kiel,D2,2021,15/05/2022,H,3,1,3,0,H,16.0,11.0,7.0,3.0,3.0,3.0,12.0,6.0,3.0,1.0,0.0,0.0
St Pauli,Fortuna Dusseldorf,D2,2021,15/05/2022,H,2,0,0,0,D,15.0,9.0,5.0,5.0,7.0,5.0,11.0,17.0,2.0,2.0,0.0,0.0
Werder Bremen,Regensburg,D2,2021,15/05/2022,H,2,0,1,0,H,10.0,15.0,4.0,5.0,5.0,5.0,15.0,15.0,2.0,4.0,0.0,0.0
Kaiserslautern,Hannover,D2,2022,15/07/2022,H,2,1,1,0,H,11.0,13.0,4.0,5.0,4.0,3.0,15.0,16.0,6.0,3.0,0.0,0.0
Greuther Furth,Holstein Kiel,D2,2022,16/07/2022,D,2,2,0,1,A,24.0,4.0,10.0,2.0,12.0,1.0,14.0,9.0,5.0,2.0,0.0,0.0
Regensburg,Darmstadt,D2,2022,16/07/2022,H,2,0,1,0,H,17.0,13.0,4.0,2.0,3.0,5.0,17.0,12.0,3.0,4.0,0.0,1.0
Sandhausen,Bielefeld,D2,2022,16/07/2022,H,2,1,1,0,H,13.0,14.0,6.0,6.0,5.0,6.0,21.0,15.0,7.0,3.0,0.0,1.0
St Pauli,Nurnberg,D2,2022,16/07/2022,H,3,2,3,0,H,16.0,12.0,7.0,4.0,4.0,4.0,17.0,10.0,3.0,4.0,0.0,0.0
Magdeburg,Fortuna Dusseldorf,D2,2022,16/07/2022,A,1,2,0,1,A,13.0,16.0,5.0,3.0,6.0,3.0,12.0,14.0,1.0,2.0,0.0,0.0
Braunschweig,Hamburg,D2,2022,17/07/2022,A,0,2,0,0,D,24.0,15.0,8.0,6.0,9.0,4.0,7.0,15.0,0.0,2.0,0.0,0.0
Hansa Rostock,Heidenheim,D2,2022,17/07/2022,A,0,1,0,0,D,12.0,9.0,4.0,3.0,2.0,4.0,10.0,11.0,2.0,1.0,0.0,0.0
Paderborn,Karlsruhe,D2,2022,17/07/2022,H,5,0,0,0,D,16.0,8.0,9.0,4.0,2.0,7.0,9.0,9.0,0.0,2.0,0.0,0.0
Darmstadt,Sandhausen,D2,2022,22/07/2022,H,2,1,1,1,D,10.0,7.0,2.0,4.0,8.0,3.0,11.0,12.0,2.0,3.0,0.0,0.0
Fortuna Dusseldorf,Paderborn,D2,2022,22/07/2022,H,2,1,2,1,H,6.0,11.0,4.0,4.0,3.0,1.0,13.0,9.0,2.0,2.0,0.0,0.0
Heidenheim,Braunschweig,D2,2022,23/07/2022,H,3,0,1,0,H,20.0,15.0,6.0,3.0,7.0,3.0,9.0,9.0,1.0,0.0,0.0,0.0
Holstein Kiel,Kaiserslautern,D2,2022,23/07/2022,D,2,2,0,1,A,11.0,13.0,2.0,5.0,3.0,4.0,13.0,10.0,1.0,1.0,0.0,0.0
Nurnberg,Greuther Furth,D2,2022,23/07/2022,H,2,0,1,0,H,17.0,9.0,10.0,5.0,6.0,6.0,20.0,10.0,4.0,2.0,0.0,0.0
Hannover,St Pauli,D2,2022,23/07/2022,D,2,2,1,1,D,14.0,16.0,4.0,5.0,2.0,6.0,11.0,13.0,1.0,3.0,0.0,0.0
Bielefeld,Regensburg,D2,2022,24/07/2022,A,0,3,0,1,A,9.0,13.0,4.0,5.0,4.0,1.0,10.0,19.0,0.0,0.0,0.0,0.0
Hamburg,Hansa Rostock,D2,2022,24/07/2022,A,0,1,0,0,D,17.0,12.0,2.0,2.0,5.0,7.0,9.0,12.0,1.0,5.0,0.0,0.0
Karlsruhe,Magdeburg,D2,2022,24/07/2022,A,2,3,0,3,A,27.0,15.0,8.0,4.0,9.0,4.0,13.0,10.0,2.0,3.0,0.0,0.0
Greuther Furth,Karlsruhe,D2,2022,05/08/2022,D,1,1,0,0,D,10.0,9.0,3.0,3.0,7.0,3.0,11.0,16.0,4.0,3.0,0.0,0.0
Sandhausen,Fortuna Dusseldorf,D2,2022,05/08/2022,H,1,0,0,0,D,9.0,13.0,5.0,6.0,5.0,8.0,18.0,13.0,4.0,1.0,0.0,0.0
Hamburg,Heidenheim,D2,2022,06/08/2022,H,1,0,1,0,H,12.0,15.0,4.0,3.0,2.0,15.0,10.0,13.0,1.0,2.0,0.0,0.0
Paderborn,Hannover,D2,2022,06/08/2022,H,4,2,1,2,A,29.0,18.0,11.0,8.0,3.0,3.0,10.0,9.0,2.0,4.0,0.0,0.0
Regensburg,Nurnberg,D2,2022,06/08/2022,D,0,0,0,0,D,7.0,13.0,2.0,1.0,6.0,4.0,24.0,13.0,3.0,1.0,0.0,0.0
Hansa Rostock,Bielefeld,D2,2022,06/08/2022,H,2,1,1,0,H,17.0,14.0,4.0,4.0,7.0,7.0,7.0,8.0,1.0,0.0,0.0,0.0
Braunschweig,Darmstadt,D2,2022,07/08/2022,A,0,1,0,0,D,8.0,23.0,3.0,5.0,2.0,5.0,15.0,12.0,2.0,3.0,0.0,0.0
Kaiserslautern,St Pauli,D2,2022,07/08/2022,H,2,1,1,0,H,10.0,14.0,3.0,4.0,8.0,4.0,9.0,11.0,1.0,1.0,0.0,0.0
Magdeburg,Holstein Kiel,D2,2022,07/08/2022,A,1,2,1,1,D,9.0,17.0,3.0,6.0,3.0,9.0,10.0,15.0,4.0,4.0,1.0,0.0
Kaiserslautern,Paderborn,D2,2022,12/08/2022,A,0,1,0,0,D,7.0,17.0,2.0,6.0,3.0,3.0,11.0,9.0,3.0,3.0,1.0,0.0
Nurnberg,Heidenheim,D2,2022,12/08/2022,A,0,3,0,1,A,10.0,17.0,3.0,5.0,2.0,6.0,5.0,11.0,0.0,1.0,0.0,0.0
Bielefeld,Hamburg,D2,2022,13/08/2022,A,0,2,0,1,A,14.0,15.0,5.0,10.0,6.0,4.0,8.0,8.0,4.0,1.0,0.0,0.0
Holstein Kiel,Braunschweig,D2,2022,13/08/2022,H,3,0,1,0,H,16.0,18.0,7.0,6.0,4.0,4.0,9.0,10.0,2.0,2.0,0.0,0.0
Karlsruhe,Sandhausen,D2,2022,13/08/2022,H,3,2,1,1,D,28.0,8.0,8.0,2.0,10.0,2.0,13.0,17.0,2.0,3.0,0.0,0.0
Darmstadt,Hansa Rostock,D2,2022,13/08/2022,H,4,0,2,0,H,13.0,8.0,8.0,1.0,3.0,2.0,12.0,12.0,3.0,3.0,0.0,0.0
Fortuna Dusseldorf,Greuther Furth,D2,2022,14/08/2022,D,2,2,0,1,A,14.0,7.0,4.0,4.0,5.0,2.0,16.0,16.0,3.0,4.0,0.0,0.0
Hannover,Regensburg,D2,2022,14/08/2022,H,1,0,0,0,D,15.0,15.0,6.0,7.0,5.0,3.0,18.0,15.0,3.0,2.0,0.0,0.0
St Pauli,Magdeburg,D2,2022,14/08/2022,H,3,0,2,0,H,19.0,7.0,8.0,1.0,7.0,3.0,7.0,8.0,3.0,0.0,0.0,0.0
Hamburg,Darmstadt,D2,2022,19/08/2022,A,1,2,0,2,A,15.0,22.0,5.0,7.0,6.0,7.0,15.0,17.0,3.0,5.0,2.0,1.0
Magdeburg,Hannover,D2,2022,19/08/2022,A,0,4,0,2,A,21.0,16.0,5.0,9.0,6.0,4.0,13.0,20.0,3.0,4.0,0.0,0.0
Paderborn,Holstein Kiel,D2,2022,20/08/2022,H,7,2,5,2,H,17.0,16.0,9.0,6.0,2.0,9.0,4.0,9.0,1.0,4.0,0.0,0.0
Regensburg,Karlsruhe,D2,2022,20/08/2022,A,0,6,0,3,A,6.0,17.0,2.0,8.0,4.0,7.0,12.0,12.0,3.0,2.0,0.0,0.0
Sandhausen,Nurnberg,D2,2022,20/08/2022,A,1,2,1,0,H,6.0,17.0,2.0,8.0,4.0,7.0,21.0,9.0,2.0,3.0,0.0,0.0
Braunschweig,Fortuna Dusseldorf,D2,2022,20/08/2022,D,2,2,0,0,D,12.0,19.0,6.0,6.0,7.0,6.0,15.0,10.0,1.0,5.0,0.0,0.0
Greuther Furth,Kaiserslautern,D2,2022,21/08/2022,A,1,3,1,0,H,24.0,10.0,7.0,6.0,8.0,3.0,9.0,11.0,0.0,3.0,0.0,0.0
Hansa Rostock,St Pauli,D2,2022,21/08/2022,H,2,0,2,0,H,12.0,14.0,3.0,1.0,3.0,7.0,16.0,12.0,3.0,2.0,0.0,0.0
Heidenheim,Bielefeld,D2,2022,21/08/2022,D,1,1,1,1,D,16.0,6.0,6.0,1.0,6.0,2.0,10.0,13.0,1.0,4.0,0.0,1.0
Bielefeld,Braunschweig,D2,2022,26/08/2022,H,4,1,3,0,H,13.0,18.0,6.0,3.0,4.0,4.0,13.0,9.0,3.0,3.0,0.0,0.0
Fortuna Dusseldorf,Regensburg,D2,2022,26/08/2022,H,4,0,0,0,D,15.0,12.0,9.0,2.0,3.0,3.0,17.0,14.0,2.0,3.0,0.0,0.0
Darmstadt,Heidenheim,D2,2022,27/08/2022,D,2,2,1,0,H,16.0,8.0,6.0,4.0,12.0,2.0,8.0,18.0,2.0,6.0,0.0,0.0
Karlsruhe,Hansa Rostock,D2,2022,27/08/2022,H,2,0,2,0,H,21.0,10.0,10.0,3.0,8.0,2.0,10.0,12.0,2.0,4.0,0.0,0.0
St Pauli,Paderborn,D2,2022,27/08/2022,D,2,2,0,1,A,20.0,13.0,5.0,5.0,7.0,2.0,8.0,9.0,2.0,1.0,0.0,0.0
Nurnberg,Hamburg,D2,2022,27/08/2022,A,0,2,0,1,A,16.0,12.0,5.0,3.0,4.0,6.0,7.0,13.0,1.0,2.0,0.0,0.0
Hannover,Greuther Furth,D2,2022,28/08/2022,H,2,1,0,0,D,11.0,16.0,6.0,5.0,2.0,5.0,12.0,13.0,4.0,0.0,0.0,0.0
Holstein Kiel,Sandhausen,D2,2022,28/08/2022,H,1,0,0,0,D,8.0,11.0,3.0,3.0,7.0,5.0,11.0,9.0,2.0,2.0,0.0,0.0
Kaiserslautern,Magdeburg,D2,2022,28/08/2022,D,4,4,2,3,A,12.0,13.0,4.0,5.0,5.0,5.0,5.0,10.0,1.0,3.0,0.0,0.0
Braunschweig,Nurnberg,D2,2022,02/09/2022,H,4,2,2,2,D,18.0,15.0,8.0,5.0,9.0,3.0,13.0,7.0,4.0,1.0,0.0,0.0
Heidenheim,Fortuna Dusseldorf,D2,2022,02/09/2022,H,2,1,1,0,H,15.0,15.0,3.0,4.0,8.0,5.0,12.0,9.0,1.0,4.0,0.0,0.0
Greuther Furth,St Pauli,D2,2022,03/09/2022,D,2,2,0,1,A,10.0,15.0,5.0,4.0,6.0,6.0,13.0,13.0,1.0,5.0,0.0,0.0
Paderborn,Magdeburg,D2,2022,03/09/2022,H,1,0,0,0,D,26.0,6.0,13.0,2.0,8.0,2.0,11.0,10.0,2.0,4.0,0.0,1.0
Regensburg,Holstein Kiel,D2,2022,03/09/2022,D,0,0,0,0,D,8.0,11.0,2.0,3.0,6.0,9.0,12.0,12.0,2.0,0.0,0.0,0.0
Hamburg,Karlsruhe,D2,2022,03/09/2022,H,1,0,1,0,H,16.0,11.0,5.0,7.0,5.0,4.0,8.0,17.0,1.0,2.0,0.0,0.0
Darmstadt,Bielefeld,D2,2022,04/09/2022,D,1,1,1,0,H,14.0,12.0,2.0,5.0,9.0,4.0,14.0,16.0,0.0,3.0,0.0,0.0
Hansa Rostock,Hannover,D2,2022,04/09/2022,A,0,1,0,1,A,16.0,11.0,4.0,4.0,10.0,3.0,19.0,11.0,4.0,2.0,0.0,0.0
Sandhausen,Kaiserslautern,D2,2022,04/09/2022,D,0,0,0,0,D,11.0,11.0,3.0,2.0,2.0,7.0,14.0,4.0,3.0,3.0,0.0,0.0
Holstein Kiel,Hamburg,D2,2022,09/09/2022,A,2,3,0,1,A,22.0,12.0,9.0,7.0,10.0,4.0,11.0,10.0,0.0,2.0,0.0,0.0
Nurnberg,Bielefeld,D2,2022,09/09/2022,H,1,0,0,0,D,20.0,6.0,6.0,3.0,9.0,1.0,8.0,8.0,1.0,2.0,0.0,0.0
Hannover,Braunschweig,D2,2022,10/09/2022,D,1,1,0,0,D,11.0,14.0,4.0,6.0,5.0,4.0,12.0,18.0,3.0,5.0,0.0,0.0
Karlsruhe,Heidenheim,D2,2022,10/09/2022,D,0,0,0,0,D,13.0,10.0,3.0,1.0,6.0,7.0,6.0,16.0,1.0,1.0,0.0,0.0
Paderborn,Regensburg,D2,2022,10/09/2022,H,3,0,1,0,H,23.0,6.0,11.0,1.0,8.0,2.0,8.0,13.0,2.0,2.0,0.0,1.0
Fortuna Dusseldorf,Hansa Rostock,D2,2022,10/09/2022,H,3,1,2,0,H,12.0,10.0,4.0,3.0,1.0,1.0,13.0,11.0,2.0,0.0,0.0,0.0
Kaiserslautern,Darmstadt,D2,2022,11/09/2022,D,3,3,0,1,A,14.0,8.0,8.0,4.0,3.0,0.0,13.0,18.0,1.0,3.0,0.0,0.0
Magdeburg,Greuther Furth,D2,2022,11/09/2022,H,2,1,1,1,D,13.0,5.0,5.0,2.0,6.0,3.0,16.0,13.0,0.0,4.0,0.0,0.0
St Pauli,Sandhausen,D2,2022,11/09/2022,D,1,1,1,0,H,22.0,6.0,5.0,3.0,11.0,1.0,6.0,12.0,0.0,2.0,0.0,0.0
Braunschweig,Karlsruhe,D2,2022,16/09/2022,H,2,1,1,0,H,15.0,8.0,10.0,2.0,4.0,2.0,9.0,15.0,3.0,1.0,0.0,0.0
Sandhausen,Hannover,D2,2022,16/09/2022,A,2,3,0,1,A,20.0,14.0,10.0,6.0,9.0,2.0,10.0,12.0,2.0,2.0,0.0,0.0
Bielefeld,Holstein Kiel,D2,2022,17/09/2022,H,4,2,2,0,H,12.0,32.0,7.0,8.0,3.0,6.0,10.0,7.0,3.0,2.0,0.0,0.0
Darmstadt,Nurnberg,D2,2022,17/09/2022,H,2,0,2,0,H,6.0,11.0,5.0,1.0,5.0,3.0,12.0,13.0,1.0,3.0,0.0,0.0
Hansa Rostock,Magdeburg,D2,2022,17/09/2022,H,3,1,2,0,H,17.0,17.0,7.0,5.0,5.0,9.0,16.0,13.0,2.0,2.0,0.0,0.0
Hamburg,Fortuna Dusseldorf,D2,2022,17/09/2022,H,2,0,1,0,H,19.0,4.0,10.0,0.0,8.0,3.0,13.0,12.0,2.0,3.0,0.0,0.0
Greuther Furth,Paderborn,D2,2022,18/09/2022,H,2,1,1,0,H,10.0,16.0,4.0,5.0,5.0,4.0,17.0,13.0,5.0,4.0,0.0,0.0
Heidenheim,Kaiserslautern,D2,2022,18/09/2022,D,2,2,2,1,H,12.0,9.0,6.0,3.0,5.0,3.0,4.0,8.0,1.0,2.0,0.0,1.0
Regensburg,St Pauli,D2,2022,18/09/2022,H,2,0,2,0,H,7.0,14.0,4.0,4.0,1.0,5.0,11.0,12.0,2.0,5.0,0.0,0.0
Hannover,Hamburg,D2,2022,30/09/2022,A,1,2,1,1,D,8.0,18.0,4.0,7.0,5.0,5.0,12.0,13.0,3.0,4.0,0.0,0.0
Paderborn,Darmstadt,D2,2022,30/09/2022,A,1,2,1,2,A,17.0,13.0,6.0,6.0,7.0,2.0,12.0,12.0,0.0,2.0,0.0,0.0
Fortuna Dusseldorf,Bielefeld,D2,2022,01/10/2022,H,4,1,1,1,D,20.0,12.0,10.0,2.0,12.0,5.0,10.0,11.0,1.0,2.0,0.0,0.0
Greuther Furth,Sandhausen,D2,2022,01/10/2022,D,1,1,0,1,A,12.0,6.0,4.0,4.0,8.0,0.0,7.0,22.0,1.0,5.0,0.0,1.0
Holstein Kiel,Hansa Rostock,D2,2022,01/10/2022,D,1,1,1,0,H,15.0,13.0,7.0,4.0,12.0,4.0,9.0,13.0,2.0,3.0,0.0,0.0
St Pauli,Heidenheim,D2,2022,01/10/2022,D,0,0,0,0,D,11.0,8.0,5.0,5.0,2.0,5.0,10.0,16.0,2.0,5.0,0.0,0.0
Kaiserslautern,Braunschweig,D2,2022,02/10/2022,D,1,1,0,0,D,19.0,10.0,10.0,3.0,9.0,8.0,14.0,11.0,2.0,1.0,0.0,0.0
Karlsruhe,Nurnberg,D2,2022,02/10/2022,H,3,0,1,0,H,20.0,12.0,7.0,6.0,8.0,3.0,15.0,13.0,2.0,2.0,0.0,0.0
Magdeburg,Regensburg,D2,2022,02/10/2022,H,1,0,0,0,D,14.0,9.0,5.0,5.0,5.0,7.0,6.0,17.0,1.0,4.0,0.0,0.0
Bielefeld,Karlsruhe,D2,2022,07/10/2022,A,1,2,0,1,A,11.0,10.0,5.0,3.0,7.0,6.0,9.0,7.0,0.0,0.0,0.0,0.0
Regensburg,Greuther Furth,D2,2022,07/10/2022,D,2,2,1,1,D,13.0,9.0,3.0,3.0,8.0,2.0,16.0,11.0,1.0,3.0,0.0,0.0
Braunschweig,St Pauli,D2,2022,08/10/2022,H,2,1,0,0,D,11.0,14.0,3.0,2.0,7.0,4.0,14.0,8.0,5.0,1.0,0.0,0.0
Darmstadt,Fortuna Dusseldorf,D2,2022,08/10/2022,H,1,0,0,0,D,11.0,11.0,5.0,1.0,6.0,2.0,11.0,15.0,6.0,4.0,0.0,0.0
Hansa Rostock,Paderborn,D2,2022,08/10/2022,A,0,3,0,1,A,8.0,14.0,2.0,5.0,6.0,8.0,10.0,4.0,2.0,1.0,0.0,0.0
Hamburg,Kaiserslautern,D2,2022,08/10/2022,D,1,1,1,0,H,14.0,10.0,10.0,4.0,5.0,4.0,11.0,7.0,0.0,0.0,0.0,0.0
Heidenheim,Hannover,D2,2022,09/10/2022,H,2,1,1,0,H,15.0,14.0,8.0,3.0,3.0,4.0,21.0,8.0,0.0,2.0,0.0,0.0
Nurnberg,Holstein Kiel,D2,2022,09/10/2022,A,2,3,1,0,H,24.0,12.0,9.0,4.0,6.0,3.0,8.0,12.0,1.0,4.0,0.0,0.0
Sandhausen,Magdeburg,D2,2022,09/10/2022,H,1,0,0,0,D,12.0,14.0,4.0,3.0,4.0,5.0,12.0,8.0,4.0,2.0,0.0,0.0
Greuther Furth,Hansa Rostock,D2,2022,14/10/2022,D,2,2,1,0,H,21.0,13.0,5.0,6.0,8.0,4.0,10.0,19.0,0.0,6.0,0.0,1.0
St Pauli,Hamburg,D2,2022,14/10/2022,H,3,0,0,0,D,23.0,7.0,7.0,2.0,7.0,2.0,15.0,6.0,3.0,1.0,0.0,1.0
Fortuna Dusseldorf,Nurnberg,D2,2022,15/10/2022,A,0,1,0,0,D,16.0,10.0,1.0,5.0,7.0,4.0,6.0,12.0,2.0,7.0,0.0,0.0
Karlsruhe,Darmstadt,D2,2022,15/10/2022,A,1,2,1,0,H,8.0,11.0,4.0,3.0,12.0,2.0,11.0,12.0,2.0,4.0,0.0,0.0
Magdeburg,Braunschweig,D2,2022,15/10/2022,A,0,2,0,0,D,9.0,9.0,4.0,5.0,4.0,2.0,12.0,12.0,2.0,4.0,0.0,0.0
Hannover,Bielefeld,D2,2022,15/10/2022,H,2,0,1,0,H,10.0,17.0,3.0,3.0,1.0,5.0,16.0,14.0,2.0,3.0,0.0,0.0
Holstein Kiel,Heidenheim,D2,2022,16/10/2022,H,3,1,1,1,D,15.0,9.0,5.0,4.0,6.0,7.0,7.0,10.0,0.0,1.0,0.0,0.0
Kaiserslautern,Regensburg,D2,2022,16/10/2022,A,0,3,0,1,A,17.0,17.0,4.0,8.0,11.0,5.0,11.0,15.0,1.0,3.0,0.0,0.0
Paderborn,Sandhausen,D2,2022,16/10/2022,H,3,0,1,0,H,16.0,8.0,4.0,1.0,7.0,2.0,14.0,12.0,1.0,2.0,0.0,0.0
Darmstadt,Holstein Kiel,D2,2022,21/10/2022,D,1,1,0,1,A,20.0,13.0,3.0,4.0,6.0,7.0,12.0,14.0,3.0,2.0,0.0,0.0
Hansa Rostock,Kaiserslautern,D2,2022,21/10/2022,A,0,2,0,0,D,12.0,18.0,1.0,10.0,8.0,6.0,10.0,7.0,2.0,2.0,0.0,0.0
Braunschweig,Paderborn,D2,2022,22/10/2022,D,0,0,0,0,D,15.0,17.0,3.0,1.0,8.0,7.0,5.0,9.0,1.0,3.0,0.0,0.0
Nurnberg,Hannover,D2,2022,22/10/2022,D,0,0,0,0,D,9.0,8.0,1.0,2.0,5.0,5.0,17.0,12.0,2.0,0.0,0.0,0.0
Regensburg,Sandhausen,D2,2022,22/10/2022,H,2,1,1,1,D,10.0,7.0,4.0,3.0,3.0,1.0,10.0,15.0,2.0,1.0,0.0,0.0
Bielefeld,St Pauli,D2,2022,22/10/2022,H,2,0,0,0,D,10.0,10.0,3.0,6.0,2.0,3.0,8.0,7.0,1.0,2.0,0.0,0.0
Hamburg,Magdeburg,D2,2022,23/10/2022,A,2,3,0,1,A,23.0,8.0,3.0,4.0,11.0,1.0,10.0,15.0,1.0,2.0,0.0,0.0
Heidenheim,Greuther Furth,D2,2022,23/10/2022,H,3,1,2,0,H,13.0,9.0,5.0,3.0,5.0,3.0,14.0,14.0,1.0,2.0,0.0,0.0
Karlsruhe,Fortuna Dusseldorf,D2,2022,23/10/2022,A,0,2,0,2,A,12.0,17.0,2.0,7.0,11.0,3.0,13.0,9.0,1.0,0.0,0.0,0.0
Greuther Furth,Bielefeld,D2,2022,28/10/2022,H,1,0,1,0,H,17.0,9.0,7.0,1.0,6.0,3.0,12.0,13.0,2.0,2.0,0.0,0.0
Magdeburg,Heidenheim,D2,2022,28/10/2022,D,1,1,0,1,A,15.0,12.0,2.0,4.0,7.0,4.0,11.0,11.0,2.0,1.0,0.0,0.0
Holstein Kiel,Fortuna Dusseldorf,D2,2022,29/10/2022,A,1,2,0,1,A,14.0,11.0,2.0,5.0,2.0,7.0,10.0,7.0,2.0,3.0,0.0,1.0
Kaiserslautern,Nurnberg,D2,2022,29/10/2022,D,0,0,0,0,D,18.0,5.0,7.0,0.0,7.0,3.0,16.0,12.0,2.0,1.0,0.0,0.0
Regensburg,Hansa Rostock,D2,2022,29/10/2022,A,0,3,0,2,A,17.0,10.0,3.0,3.0,9.0,3.0,11.0,11.0,5.0,3.0,0.0,0.0
St Pauli,Darmstadt,D2,2022,29/10/2022,D,1,1,0,0,D,23.0,15.0,7.0,6.0,6.0,6.0,14.0,9.0,3.0,1.0,0.0,0.0
Hannover,Karlsruhe,D2,2022,30/10/2022,H,1,0,0,0,D,18.0,17.0,7.0,3.0,6.0,1.0,15.0,11.0,1.0,3.0,0.0,1.0
Paderborn,Hamburg,D2,2022,30/10/2022,A,2,3,1,2,A,17.0,15.0,6.0,8.0,5.0,4.0,11.0,10.0,2.0,0.0,0.0,0.0
Sandhausen,Braunschweig,D2,2022,30/10/2022,D,2,2,0,0,D,20.0,4.0,7.0,2.0,9.0,0.0,11.0,15.0,3.0,3.0,0.0,0.0
Darmstadt,Hannover,D2,2022,04/11/2022,H,1,0,0,0,D,22.0,8.0,5.0,2.0,12.0,6.0,10.0,18.0,0.0,3.0,0.0,1.0
Hansa Rostock,Sandhausen,D2,2022,04/11/2022,A,0,1,0,1,A,17.0,16.0,7.0,6.0,8.0,2.0,14.0,9.0,4.0,1.0,0.0,0.0
Fortuna Dusseldorf,St Pauli,D2,2022,05/11/2022,H,1,0,1,0,H,13.0,14.0,6.0,6.0,5.0,10.0,9.0,10.0,2.0,1.0,0.0,1.0
Heidenheim,Paderborn,D2,2022,05/11/2022,H,3,0,1,0,H,15.0,6.0,3.0,0.0,9.0,4.0,9.0,10.0,1.0,2.0,0.0,0.0
Karlsruhe,Holstein Kiel,D2,2022,05/11/2022,A,1,4,0,2,A,15.0,15.0,4.0,6.0,5.0,2.0,6.0,6.0,0.0,0.0,0.0,0.0
Bielefeld,Kaiserslautern,D2,2022,05/11/2022,A,2,3,0,0,D,15.0,11.0,7.0,6.0,3.0,7.0,18.0,9.0,4.0,1.0,1.0,0.0
Braunschweig,Greuther Furth,D2,2022,06/11/2022,A,0,1,0,1,A,6.0,7.0,2.0,2.0,5.0,4.0,13.0,14.0,2.0,2.0,0.0,0.0
Hamburg,Regensburg,D2,2022,06/11/2022,H,3,1,1,1,D,23.0,11.0,11.0,5.0,8.0,4.0,9.0,8.0,1.0,3.0,0.0,0.0
Nurnberg,Magdeburg,D2,2022,06/11/2022,A,1,2,0,0,D,12.0,21.0,1.0,7.0,5.0,5.0,14.0,11.0,4.0,4.0,0.0,0.0
Hannover,Fortuna Dusseldorf,D2,2022,08/11/2022,H,2,0,2,0,H,12.0,22.0,6.0,10.0,4.0,9.0,12.0,11.0,1.0,4.0,0.0,0.0
Kaiserslautern,Karlsruhe,D2,2022,08/11/2022,H,2,0,1,0,H,8.0,19.0,5.0,5.0,2.0,8.0,5.0,10.0,1.0,3.0,0.0,0.0
Paderborn,Bielefeld,D2,2022,08/11/2022,A,0,2,0,2,A,11.0,18.0,4.0,5.0,7.0,2.0,14.0,12.0,2.0,6.0,1.0,1.0
St Pauli,Holstein Kiel,D2,2022,08/11/2022,D,0,0,0,0,D,14.0,21.0,2.0,7.0,3.0,10.0,8.0,10.0,2.0,0.0,0.0,0.0
Greuther Furth,Hamburg,D2,2022,09/11/2022,H,1,0,1,0,H,8.0,12.0,4.0,2.0,5.0,4.0,15.0,11.0,4.0,6.0,1.0,0.0
Hansa Rostock,Nurnberg,D2,2022,09/11/2022,D,1,1,0,1,A,18.0,8.0,5.0,4.0,4.0,9.0,21.0,14.0,3.0,3.0,0.0,0.0
Regensburg,Braunschweig,D2,2022,09/11/2022,D,1,1,1,1,D,17.0,7.0,3.0,1.0,8.0,5.0,9.0,12.0,0.0,3.0,0.0,0.0
Sandhausen,Heidenheim,D2,2022,09/11/2022,A,3,4,0,2,A,13.0,17.0,6.0,7.0,5.0,2.0,10.0,13.0,1.0,4.0,0.0,0.0
Magdeburg,Darmstadt,D2,2022,10/11/2022,A,0,1,0,0,D,10.0,20.0,1.0,6.0,2.0,6.0,10.0,11.0,3.0,4.0,1.0,0.0
Fortuna Dusseldorf,Kaiserslautern,D2,2022,11/11/2022,A,1,2,1,0,H,18.0,9.0,8.0,3.0,3.0,3.0,13.0,12.0,2.0,1.0,0.0,0.0
Holstein Kiel,Hannover,D2,2022,11/11/2022,D,1,1,1,1,D,16.0,11.0,4.0,4.0,6.0,5.0,17.0,17.0,3.0,4.0,0.0,0.0
Hamburg,Sandhausen,D2,2022,12/11/2022,H,4,2,1,0,H,18.0,9.0,6.0,4.0,4.0,0.0,11.0,16.0,1.0,4.0,0.0,0.0
Heidenheim,Regensburg,D2,2022,12/11/2022,H,5,4,3,2,H,9.0,16.0,6.0,4.0,4.0,3.0,17.0,11.0,1.0,4.0,0.0,0.0
Karlsruhe,St Pauli,D2,2022,12/11/2022,D,4,4,3,3,D,9.0,18.0,5.0,7.0,3.0,6.0,7.0,7.0,1.0,1.0,0.0,0.0
Braunschweig,Hansa Rostock,D2,2022,12/11/2022,A,0,1,0,0,D,16.0,7.0,3.0,1.0,6.0,1.0,10.0,9.0,2.0,3.0,0.0,0.0
Bielefeld,Magdeburg,D2,2022,13/11/2022,H,3,1,1,0,H,18.0,21.0,4.0,9.0,3.0,13.0,17.0,7.0,2.0,1.0,0.0,0.0
Darmstadt,Greuther Furth,D2,2022,13/11/2022,D,1,1,1,1,D,10.0,9.0,4.0,6.0,4.0,5.0,17.0,11.0,2.0,3.0,0.0,1.0
Nurnberg,Paderborn,D2,2022,13/11/2022,H,2,1,1,0,H,19.0,18.0,4.0,3.0,10.0,6.0,11.0,11.0,4.0,2.0,0.0,1.0
Fortuna Dusseldorf,Magdeburg,D2,2022,27/01/2023,H,3,2,2,1,H,22.0,9.0,8.0,3.0,11.0,2.0,14.0,13.0,4.0,4.0,0.0,0.0
Karlsruhe,Paderborn,D2,2022,27/01/2023,A,0,1,0,0,D,12.0,14.0,5.0,4.0,5.0,5.0,15.0,12.0,2.0,3.0,0.0,0.0
Darmstadt,Regensburg,D2,2022,28/01/2023,H,2,0,2,0,H,12.0,4.0,2.0,0.0,4.0,3.0,16.0,17.0,1.0,1.0,0.0,1.0
Heidenheim,Hansa Rostock,D2,2022,28/01/2023,H,2,0,0,0,D,13.0,9.0,5.0,0.0,5.0,0.0,7.0,9.0,1.0,0.0,0.0,0.0
Holstein Kiel,Greuther Furth,D2,2022,28/01/2023,H,2,1,0,1,A,18.0,14.0,6.0,4.0,12.0,6.0,14.0,6.0,1.0,1.0,0.0,0.0
Hannover,Kaiserslautern,D2,2022,28/01/2023,A,1,3,1,0,H,13.0,10.0,4.0,6.0,7.0,5.0,9.0,10.0,1.0,3.0,0.0,0.0
Bielefeld,Sandhausen,D2,2022,29/01/2023,A,1,2,1,2,A,18.0,6.0,6.0,4.0,3.0,4.0,9.0,11.0,2.0,3.0,0.0,0.0
Hamburg,Braunschweig,D2,2022,29/01/2023,H,4,2,2,1,H,16.0,11.0,5.0,4.0,8.0,7.0,13.0,5.0,1.0,0.0,0.0,0.0
Nurnberg,St Pauli,D2,2022,29/01/2023,A,0,1,0,1,A,23.0,9.0,5.0,2.0,2.0,2.0,8.0,13.0,1.0,2.0,0.0,0.0
Paderborn,Fortuna Dusseldorf,D2,2022,03/02/2023,H,4,1,1,0,H,20.0,10.0,12.0,7.0,6.0,4.0,5.0,11.0,0.0,1.0,0.0,0.0
Sandhausen,Darmstadt,D2,2022,03/02/2023,A,0,4,0,2,A,17.0,11.0,4.0,6.0,3.0,7.0,11.0,9.0,3.0,1.0,0.0,0.0
Braunschweig,Heidenheim,D2,2022,04/02/2023,H,2,0,0,0,D,9.0,17.0,3.0,6.0,3.0,6.0,7.0,12.0,0.0,1.0,0.0,0.0
Kaiserslautern,Holstein Kiel,D2,2022,04/02/2023,H,2,1,1,1,D,16.0,11.0,4.0,3.0,8.0,3.0,9.0,9.0,3.0,3.0,0.0,0.0
Regensburg,Bielefeld,D2,2022,04/02/2023,A,1,3,1,1,D,13.0,16.0,3.0,6.0,2.0,2.0,14.0,22.0,2.0,3.0,0.0,0.0
Greuther Furth,Nurnberg,D2,2022,04/02/2023,H,1,0,0,0,D,19.0,8.0,6.0,3.0,4.0,3.0,13.0,16.0,1.0,3.0,0.0,0.0
Hansa Rostock,Hamburg,D2,2022,05/02/2023,A,0,2,0,1,A,11.0,19.0,4.0,7.0,3.0,7.0,12.0,12.0,3.0,4.0,1.0,0.0
Magdeburg,Karlsruhe,D2,2022,05/02/2023,D,1,1,0,1,A,21.0,10.0,5.0,5.0,8.0,4.0,9.0,17.0,1.0,2.0,0.0,0.0
St Pauli,Hannover,D2,2022,05/02/2023,H,2,0,2,0,H,17.0,6.0,4.0,1.0,8.0,3.0,11.0,14.0,1.0,3.0,0.0,1.0
Bielefeld,Hansa Rostock,D2,2022,10/02/2023,A,0,1,0,0,D,10.0,15.0,2.0,6.0,6.0,10.0,10.0,16.0,1.0,3.0,0.0,0.0
Karlsruhe,Greuther Furth,D2,2022,10/02/2023,H,2,1,1,1,D,19.0,12.0,7.0,4.0,4.0,5.0,11.0,18.0,3.0,2.0,1.0,0.0
Hannover,Paderborn,D2,2022,11/02/2023,A,3,4,2,2,D,10.0,13.0,6.0,9.0,4.0,1.0,16.0,9.0,3.0,4.0,0.0,0.0
Holstein Kiel,Magdeburg,D2,2022,11/02/2023,A,2,3,1,1,D,27.0,14.0,11.0,5.0,6.0,2.0,13.0,18.0,6.0,6.0,0.0,0.0
Nurnberg,Regensburg,D2,2022,11/02/2023,H,1,0,0,0,D,7.0,9.0,4.0,1.0,3.0,4.0,9.0,12.0,3.0,2.0,0.0,0.0
Heidenheim,Hamburg,D2,2022,11/02/2023,D,3,3,3,0,H,24.0,14.0,9.0,7.0,4.0,5.0,8.0,9.0,3.0,2.0,0.0,0.0
Darmstadt,Braunschweig,D2,2022,12/02/2023,H,2,1,0,0,D,21.0,9.0,6.0,4.0,8.0,1.0,13.0,21.0,5.0,7.0,0.0,1.0
Fortuna Dusseldorf,Sandhausen,D2,2022,12/02/2023,H,2,0,0,0,D,25.0,4.0,8.0,0.0,8.0,1.0,8.0,14.0,0.0,4.0,0.0,0.0
St Pauli,Kaiserslautern,D2,2022,12/02/2023,H,1,0,0,0,D,17.0,9.0,3.0,1.0,4.0,4.0,12.0,22.0,5.0,6.0,0.0,0.0
Braunschweig,Holstein Kiel,D2,2022,17/02/2023,A,2,3,0,2,A,19.0,10.0,6.0,5.0,12.0,3.0,9.0,17.0,3.0,3.0,0.0,0.0
Paderborn,Kaiserslautern,D2,2022,17/02/2023,H,1,0,0,0,D,13.0,16.0,6.0,2.0,3.0,6.0,8.0,16.0,0.0,3.0,0.0,0.0
Greuther Furth,Fortuna Dusseldorf,D2,2022,18/02/2023,H,2,1,1,0,H,14.0,15.0,4.0,3.0,5.0,4.0,12.0,11.0,1.0,5.0,0.0,1.0
Magdeburg,St Pauli,D2,2022,18/02/2023,A,1,2,1,0,H,12.0,19.0,4.0,3.0,3.0,9.0,9.0,10.0,2.0,1.0,0.0,0.0
Regensburg,Hannover,D2,2022,18/02/2023,D,1,1,1,0,H,19.0,14.0,10.0,6.0,9.0,6.0,14.0,11.0,4.0,2.0,0.0,0.0
Hansa Rostock,Darmstadt,D2,2022,18/02/2023,A,0,1,0,0,D,14.0,17.0,0.0,7.0,9.0,5.0,12.0,6.0,0.0,1.0,0.0,0.0
Hamburg,Bielefeld,D2,2022,19/02/2023,H,2,1,1,0,H,10.0,11.0,4.0,5.0,2.0,4.0,10.0,16.0,2.0,3.0,0.0,0.0
Heidenheim,Nurnberg,D2,2022,19/02/2023,H,5,0,3,0,H,17.0,6.0,7.0,2.0,5.0,5.0,8.0,8.0,0.0,1.0,0.0,1.0
Sandhausen,Karlsruhe,D2,2022,19/02/2023,A,0,3,0,1,A,7.0,17.0,0.0,8.0,4.0,6.0,13.0,13.0,0.0,2.0,0.0,0.0
Fortuna Dusseldorf,Braunschweig,D2,2022,24/02/2023,H,3,1,2,0,H,13.0,18.0,7.0,4.0,6.0,3.0,14.0,17.0,3.0,4.0,0.0,0.0
Karlsruhe,Regensburg,D2,2022,24/02/2023,H,1,0,1,0,H,16.0,15.0,4.0,4.0,2.0,4.0,14.0,12.0,2.0,5.0,0.0,0.0
Holstein Kiel,Paderborn,D2,2022,25/02/2023,D,1,1,0,1,A,18.0,7.0,6.0,3.0,4.0,3.0,8.0,10.0,1.0,2.0,0.0,0.0
Kaiserslautern,Greuther Furth,D2,2022,25/02/2023,H,3,1,1,0,H,14.0,14.0,6.0,2.0,2.0,7.0,13.0,10.0,3.0,3.0,0.0,1.0
Nurnberg,Sandhausen,D2,2022,25/02/2023,H,1,0,0,0,D,7.0,8.0,4.0,1.0,1.0,2.0,13.0,23.0,1.0,3.0,0.0,0.0
Darmstadt,Hamburg,D2,2022,25/02/2023,D,1,1,0,1,A,12.0,13.0,6.0,2.0,6.0,5.0,9.0,19.0,1.0,5.0,0.0,0.0
Bielefeld,Heidenheim,D2,2022,26/02/2023,A,0,1,0,0,D,14.0,4.0,4.0,3.0,6.0,0.0,9.0,14.0,3.0,2.0,0.0,0.0
Hannover,Magdeburg,D2,2022,26/02/2023,A,1,2,0,0,D,18.0,17.0,6.0,6.0,8.0,6.0,18.0,8.0,5.0,3.0,1.0,0.0
St Pauli,Hansa Rostock,D2,2022,26/02/2023,H,1,0,1,0,H,16.0,10.0,7.0,2.0,4.0,4.0,12.0,20.0,2.0,5.0,0.0,0.0
Magdeburg,Kaiserslautern,D2,2022,03/03/2023,H,2,0,1,0,H,21.0,12.0,10.0,5.0,4.0,2.0,14.0,16.0,4.0,4.0,0.0,0.0
Paderborn,St Pauli,D2,2022,03/03/2023,A,1,2,0,2,A,18.0,12.0,5.0,6.0,5.0,1.0,13.0,8.0,4.0,2.0,1.0,0.0
Hamburg,Nurnberg,D2,2022,04/03/2023,H,3,0,1,0,H,17.0,15.0,7.0,4.0,4.0,4.0,12.0,12.0,2.0,1.0,0.0,0.0
Regensburg,Fortuna Dusseldorf,D2,2022,04/03/2023,A,0,1,0,0,D,10.0,15.0,4.0,3.0,4.0,3.0,15.0,16.0,2.0,1.0,0.0,0.0
Sandhausen,Holstein Kiel,D2,2022,04/03/2023,D,1,1,0,0,D,15.0,11.0,5.0,6.0,9.0,4.0,8.0,14.0,3.0,1.0,0.0,0.0
Heidenheim,Darmstadt,D2,2022,04/03/2023,H,1,0,0,0,D,17.0,10.0,4.0,2.0,9.0,2.0,18.0,11.0,3.0,1.0,1.0,0.0
Braunschweig,Bielefeld,D2,2022,05/03/2023,D,3,3,2,3,A,21.0,11.0,6.0,7.0,7.0,1.0,14.0,18.0,2.0,2.0,0.0,0.0
Greuther Furth,Hannover,D2,2022,05/03/2023,D,1,1,0,0,D,15.0,15.0,2.0,4.0,4.0,5.0,14.0,19.0,4.0,2.0,0.0,0.0
Hansa Rostock,Karlsruhe,D2,2022,05/03/2023,A,0,2,0,2,A,14.0,11.0,4.0,6.0,6.0,5.0,7.0,11.0,1.0,2.0,0.0,0.0
Kaiserslautern,Sandhausen,D2,2022,10/03/2023,D,2,2,1,1,D,10.0,7.0,5.0,2.0,8.0,5.0,13.0,16.0,1.0,3.0,0.0,0.0
Nurnberg,Braunschweig,D2,2022,10/03/2023,H,2,0,0,0,D,17.0,7.0,7.0,3.0,5.0,3.0,6.0,16.0,2.0,4.0,0.0,0.0
Bielefeld,Darmstadt,D2,2022,11/03/2023,H,3,1,0,0,D,20.0,12.0,9.0,4.0,6.0,4.0,7.0,13.0,0.0,0.0,0.0,0.0
Magdeburg,Paderborn,D2,2022,11/03/2023,D,0,0,0,0,D,13.0,16.0,5.0,5.0,7.0,4.0,9.0,20.0,3.0,1.0,0.0,0.0
St Pauli,Greuther Furth,D2,2022,11/03/2023,H,2,1,1,1,D,11.0,5.0,6.0,2.0,3.0,4.0,14.0,8.0,4.0,1.0,0.0,1.0
Fortuna Dusseldorf,Heidenheim,D2,2022,11/03/2023,D,1,1,1,1,D,13.0,10.0,5.0,3.0,3.0,1.0,11.0,10.0,3.0,2.0,0.0,1.0
Hannover,Hansa Rostock,D2,2022,12/03/2023,D,1,1,0,1,A,10.0,20.0,6.0,7.0,5.0,6.0,11.0,16.0,1.0,3.0,0.0,0.0
Holstein Kiel,Regensburg,D2,2022,12/03/2023,A,1,2,1,1,D,15.0,8.0,3.0,4.0,9.0,0.0,8.0,10.0,2.0,4.0,0.0,0.0
Karlsruhe,Hamburg,D2,2022,12/03/2023,H,4,2,3,0,H,15.0,15.0,8.0,3.0,5.0,2.0,17.0,8.0,2.0,2.0,0.0,1.0
Bielefeld,Nurnberg,D2,2022,17/03/2023,D,2,2,2,0,H,14.0,14.0,6.0,5.0,1.0,7.0,16.0,3.0,2.0,1.0,0.0,0.0
Heidenheim,Karlsruhe,D2,2022,17/03/2023,H,5,2,2,2,D,14.0,13.0,8.0,5.0,4.0,2.0,9.0,8.0,2.0,1.0,0.0,0.0
Greuther Furth,Magdeburg,D2,2022,18/03/2023,H,3,0,0,0,D,12.0,8.0,6.0,3.0,2.0,2.0,13.0,14.0,2.0,2.0,0.0,0.0
Hamburg,Holstein Kiel,D2,2022,18/03/2023,D,0,0,0,0,D,22.0,4.0,10.0,1.0,17.0,3.0,15.0,13.0,3.0,4.0,0.0,0.0
Regensburg,Paderborn,D2,2022,18/03/2023,H,1,0,0,0,D,8.0,10.0,2.0,1.0,4.0,7.0,12.0,9.0,1.0,0.0,0.0,0.0
Darmstadt,Kaiserslautern,D2,2022,18/03/2023,H,2,0,2,0,H,19.0,11.0,7.0,2.0,5.0,3.0,13.0,10.0,4.0,1.0,0.0,0.0
Braunschweig,Hannover,D2,2022,19/03/2023,H,1,0,0,0,D,19.0,3.0,8.0,1.0,7.0,4.0,15.0,14.0,2.0,2.0,0.0,0.0
Hansa Rostock,Fortuna Dusseldorf,D2,2022,19/03/2023,A,2,5,0,3,A,9.0,12.0,4.0,8.0,3.0,2.0,17.0,11.0,1.0,2.0,0.0,0.0
Sandhausen,St Pauli,D2,2022,19/03/2023,A,0,5,0,4,A,3.0,16.0,0.0,8.0,3.0,9.0,10.0,7.0,2.0,0.0,1.0,0.0
Fortuna Dusseldorf,Hamburg,D2,2022,31/03/2023,D,2,2,2,1,H,17.0,10.0,5.0,4.0,4.0,1.0,16.0,9.0,4.0,4.0,0.0,1.0
Nurnberg,Darmstadt,D2,2022,31/03/2023,A,0,1,0,1,A,10.0,14.0,3.0,1.0,9.0,3.0,10.0,15.0,1.0,5.0,0.0,0.0
Hannover,Sandhausen,D2,2022,01/04/2023,H,3,1,1,1,D,14.0,17.0,6.0,5.0,7.0,9.0,10.0,13.0,4.0,2.0,0.0,0.0
Karlsruhe,Braunschweig,D2,2022,01/04/2023,D,1,1,0,1,A,19.0,6.0,7.0,2.0,13.0,1.0,12.0,9.0,2.0,6.0,0.0,1.0
St Pauli,Regensburg,D2,2022,01/04/2023,H,1,0,1,0,H,9.0,16.0,2.0,4.0,0.0,4.0,5.0,8.0,2.0,4.0,0.0,0.0
Kaiserslautern,Heidenheim,D2,2022,01/04/2023,D,2,2,0,0,D,11.0,13.0,4.0,2.0,3.0,5.0,10.0,16.0,2.0,2.0,0.0,0.0
Holstein Kiel,Bielefeld,D2,2022,02/04/2023,A,2,3,1,2,A,20.0,18.0,5.0,8.0,4.0,8.0,12.0,12.0,3.0,2.0,0.0,0.0
Magdeburg,Hansa Rostock,D2,2022,02/04/2023,H,3,0,1,0,H,21.0,6.0,10.0,2.0,2.0,1.0,2.0,15.0,0.0,4.0,0.0,1.0
Paderborn,Greuther Furth,D2,2022,02/04/2023,H,3,2,1,0,H,12.0,17.0,7.0,7.0,2.0,3.0,14.0,10.0,1.0,1.0,0.0,0.0
Braunschweig,Kaiserslautern,D2,2022,08/04/2023,H,1,0,0,0,D,16.0,8.0,5.0,4.0,9.0,3.0,8.0,15.0,1.0,2.0,0.0,0.0
Hamburg,Hannover,D2,2022,08/04/2023,H,6,1,2,0,H,17.0,6.0,8.0,2.0,6.0,3.0,11.0,5.0,3.0,1.0,0.0,0.0
Nurnberg,Karlsruhe,D2,2022,08/04/2023,D,1,1,0,1,A,19.0,9.0,8.0,1.0,10.0,2.0,4.0,9.0,2.0,6.0,0.0,1.0
Heidenheim,St Pauli,D2,2022,08/04/2023,A,0,1,0,1,A,11.0,10.0,1.0,4.0,5.0,3.0,11.0,11.0,2.0,2.0,0.0,0.0
Bielefeld,Fortuna Dusseldorf,D2,2022,09/04/2023,D,2,2,1,0,H,11.0,16.0,4.0,6.0,3.0,3.0,17.0,13.0,3.0,1.0,0.0,0.0
Darmstadt,Paderborn,D2,2022,09/04/2023,H,2,1,1,1,D,15.0,15.0,3.0,6.0,7.0,3.0,12.0,11.0,1.0,3.0,0.0,0.0
Hansa Rostock,Holstein Kiel,D2,2022,09/04/2023,A,2,3,1,2,A,19.0,11.0,4.0,7.0,14.0,2.0,20.0,16.0,1.0,1.0,0.0,0.0
Regensburg,Magdeburg,D2,2022,09/04/2023,D,2,2,0,1,A,10.0,22.0,6.0,10.0,2.0,7.0,16.0,13.0,4.0,1.0,0.0,1.0
Sandhausen,Greuther Furth,D2,2022,09/04/2023,A,0,2,0,2,A,4.0,12.0,0.0,6.0,2.0,6.0,18.0,12.0,4.0,1.0,0.0,0.0
Greuther Furth,Regensburg,D2,2022,14/04/2023,H,2,1,0,0,D,9.0,14.0,4.0,4.0,5.0,4.0,8.0,6.0,2.0,1.0,0.0,0.0
Hannover,Heidenheim,D2,2022,14/04/2023,A,0,3,0,3,A,14.0,12.0,6.0,4.0,6.0,8.0,11.0,13.0,3.0,1.0,0.0,0.0
Holstein Kiel,Nurnberg,D2,2022,15/04/2023,H,2,1,2,0,H,21.0,15.0,5.0,2.0,4.0,2.0,20.0,17.0,3.0,6.0,0.0,1.0
Magdeburg,Sandhausen,D2,2022,15/04/2023,A,1,2,0,1,A,17.0,8.0,6.0,5.0,5.0,6.0,7.0,25.0,2.0,5.0,0.0,0.0
Paderborn,Hansa Rostock,D2,2022,15/04/2023,H,3,0,0,0,D,29.0,1.0,6.0,0.0,11.0,4.0,7.0,8.0,1.0,1.0,0.0,1.0
Kaiserslautern,Hamburg,D2,2022,15/04/2023,H,2,0,0,0,D,13.0,8.0,6.0,1.0,4.0,4.0,12.0,13.0,3.0,1.0,0.0,0.0
Fortuna Dusseldorf,Darmstadt,D2,2022,16/04/2023,H,1,0,0,0,D,6.0,21.0,4.0,4.0,2.0,13.0,13.0,7.0,1.0,3.0,0.0,0.0
Karlsruhe,Bielefeld,D2,2022,16/04/2023,H,4,2,0,1,A,18.0,22.0,8.0,5.0,7.0,6.0,13.0,11.0,3.0,1.0,0.0,0.0
St Pauli,Braunschweig,D2,2022,16/04/2023,A,1,2,0,2,A,21.0,10.0,7.0,2.0,4.0,1.0,7.0,12.0,1.0,2.0,0.0,0.0
Darmstadt,Karlsruhe,D2,2022,21/04/2023,H,2,1,1,1,D,9.0,18.0,5.0,7.0,2.0,4.0,6.0,12.0,1.0,2.0,0.0,0.0
Hamburg,St Pauli,D2,2022,21/04/2023,H,4,3,1,1,D,11.0,16.0,5.0,7.0,3.0,3.0,12.0,10.0,4.0,3.0,0.0,0.0
Bielefeld,Hannover,D2,2022,22/04/2023,A,1,3,1,2,A,14.0,7.0,5.0,4.0,4.0,6.0,14.0,9.0,3.0,2.0,0.0,1.0
Hansa Rostock,Greuther Furth,D2,2022,22/04/2023,H,2,0,0,0,D,9.0,13.0,4.0,3.0,2.0,11.0,16.0,9.0,1.0,1.0,0.0,0.0
Nurnberg,Fortuna Dusseldorf,D2,2022,22/04/2023,H,2,0,1,0,H,8.0,9.0,3.0,2.0,13.0,3.0,10.0,10.0,1.0,2.0,0.0,0.0
Braunschweig,Magdeburg,D2,2022,22/04/2023,A,1,2,0,1,A,17.0,10.0,7.0,3.0,4.0,1.0,18.0,14.0,4.0,3.0,0.0,0.0
Heidenheim,Holstein Kiel,D2,2022,23/04/2023,H,3,0,1,0,H,19.0,6.0,6.0,2.0,12.0,1.0,11.0,11.0,2.0,2.0,0.0,0.0
Regensburg,Kaiserslautern,D2,2022,23/04/2023,D,0,0,0,0,D,10.0,9.0,4.0,2.0,4.0,3.0,11.0,13.0,0.0,4.0,1.0,0.0
Sandhausen,Paderborn,D2,2022,23/04/2023,D,2,2,1,2,A,6.0,12.0,3.0,3.0,3.0,3.0,16.0,13.0,1.0,1.0,0.0,0.0
Greuther Furth,Heidenheim,D2,2022,28/04/2023,A,0,2,0,1,A,19.0,14.0,5.0,10.0,9.0,4.0,7.0,14.0,0.0,2.0,0.0,0.0
Paderborn,Braunschweig,D2,2022,28/04/2023,H,5,1,2,0,H,15.0,11.0,6.0,3.0,4.0,0.0,9.0,9.0,2.0,4.0,0.0,0.0
Kaiserslautern,Hansa Rostock,D2,2022,29/04/2023,A,0,1,0,1,A,14.0,10.0,5.0,3.0,14.0,6.0,7.0,10.0,4.0,3.0,0.0,0.0
Magdeburg,Hamburg,D2,2022,29/04/2023,H,3,2,1,1,D,11.0,13.0,4.0,7.0,2.0,12.0,11.0,17.0,2.0,3.0,0.0,0.0
St Pauli,Bielefeld,D2,2022,29/04/2023,H,2,1,0,0,D,21.0,10.0,6.0,4.0,5.0,5.0,8.0,20.0,2.0,3.0,0.0,0.0
Hannover,Nurnberg,D2,2022,29/04/2023,H,3,0,1,0,H,12.0,14.0,7.0,2.0,3.0,9.0,13.0,6.0,1.0,1.0,0.0,0.0
Fortuna Dusseldorf,Karlsruhe,D2,2022,30/04/2023,H,3,2,1,1,D,21.0,12.0,10.0,5.0,8.0,6.0,3.0,9.0,1.0,1.0,0.0,0.0
Holstein Kiel,Darmstadt,D2,2022,30/04/2023,A,0,3,0,2,A,11.0,16.0,5.0,5.0,4.0,4.0,17.0,14.0,1.0,1.0,0.0,0.0
Sandhausen,Regensburg,D2,2022,30/04/2023,H,2,1,1,0,H,9.0,11.0,5.0,3.0,9.0,5.0,16.0,9.0,2.0,2.0,0.0,1.0
Bielefeld,Greuther Furth,D2,2022,05/05/2023,D,1,1,1,1,D,18.0,10.0,6.0,4.0,8.0,5.0,14.0,16.0,0.0,1.0,0.0,0.0
Hamburg,Paderborn,D2,2022,05/05/2023,D,2,2,1,1,D,11.0,11.0,3.0,6.0,3.0,4.0,18.0,8.0,4.0,1.0,0.0,0.0
Fortuna Dusseldorf,Holstein Kiel,D2,2022,06/05/2023,H,3,0,3,0,H,14.0,14.0,8.0,6.0,4.0,3.0,7.0,18.0,0.0,1.0,0.0,0.0
Hansa Rostock,Regensburg,D2,2022,06/05/2023,H,2,0,1,0,H,8.0,8.0,4.0,0.0,2.0,3.0,13.0,11.0,1.0,2.0,0.0,0.0
Karlsruhe,Hannover,D2,2022,06/05/2023,H,2,1,2,1,H,10.0,18.0,5.0,4.0,4.0,6.0,14.0,6.0,1.0,0.0,0.0,0.0
Darmstadt,St Pauli,D2,2022,06/05/2023,A,0,3,0,1,A,18.0,12.0,3.0,7.0,2.0,1.0,13.0,15.0,2.0,1.0,0.0,0.0
Braunschweig,Sandhausen,D2,2022,07/05/2023,H,2,1,0,0,D,12.0,10.0,6.0,5.0,3.0,12.0,15.0,8.0,1.0,0.0,0.0,0.0
Heidenheim,Magdeburg,D2,2022,07/05/2023,D,0,0,0,0,D,19.0,11.0,7.0,2.0,8.0,3.0,11.0,8.0,2.0,2.0,0.0,0.0
Nurnberg,Kaiserslautern,D2,2022,07/05/2023,D,3,3,2,1,H,6.0,16.0,3.0,7.0,3.0,10.0,7.0,7.0,2.0,2.0,0.0,0.0
Magdeburg,Nurnberg,D2,2022,12/05/2023,D,2,2,1,0,H,13.0,18.0,4.0,6.0,6.0,6.0,10.0,12.0,0.0,4.0,0.0,0.0
Sandhausen,Hansa Rostock,D2,2022,12/05/2023,A,1,2,0,2,A,16.0,10.0,2.0,4.0,7.0,5.0,11.0,12.0,3.0,2.0,0.0,0.0
Greuther Furth,Braunschweig,D2,2022,13/05/2023,D,2,2,1,1,D,14.0,10.0,7.0,4.0,8.0,1.0,6.0,9.0,0.0,2.0,0.0,0.0
Holstein Kiel,Karlsruhe,D2,2022,13/05/2023,H,2,1,1,0,H,9.0,11.0,3.0,2.0,1.0,6.0,13.0,8.0,1.0,2.0,0.0,0.0
Kaiserslautern,Bielefeld,D2,2022,13/05/2023,A,1,2,0,1,A,12.0,13.0,5.0,8.0,5.0,5.0,7.0,16.0,1.0,4.0,0.0,0.0
St Pauli,Fortuna Dusseldorf,D2,2022,13/05/2023,D,0,0,0,0,D,20.0,2.0,2.0,0.0,7.0,0.0,10.0,13.0,1.0,4.0,0.0,0.0
Hannover,Darmstadt,D2,2022,14/05/2023,H,2,1,2,1,H,11.0,12.0,4.0,1.0,2.0,7.0,15.0,15.0,2.0,5.0,0.0,2.0
Paderborn,Heidenheim,D2,2022,14/05/2023,H,3,2,1,2,A,16.0,13.0,8.0,3.0,5.0,3.0,9.0,8.0,2.0,1.0,0.0,0.0
Regensburg,Hamburg,D2,2022,14/05/2023,A,1,5,0,4,A,13.0,15.0,6.0,8.0,6.0,4.0,13.0,10.0,3.0,1.0,0.0,0.0
Darmstadt,Magdeburg,D2,2022,19/05/2023,H,1,0,1,0,H,15.0,11.0,5.0,4.0,5.0,4.0,14.0,17.0,2.0,3.0,0.0,0.0
Holstein Kiel,St Pauli,D2,2022,19/05/2023,A,3,4,1,1,D,14.0,12.0,7.0,5.0,9.0,5.0,12.0,10.0,4.0,2.0,0.0,1.0
Bielefeld,Paderborn,D2,2022,20/05/2023,D,2,2,2,1,H,19.0,13.0,7.0,5.0,6.0,2.0,7.0,11.0,1.0,0.0,0.0,0.0
Braunschweig,Regensburg,D2,2022,20/05/2023,A,1,2,1,1,D,15.0,16.0,6.0,5.0,8.0,5.0,11.0,13.0,2.0,5.0,0.0,1.0
Heidenheim,Sandhausen,D2,2022,20/05/2023,H,1,0,0,0,D,20.0,3.0,6.0,0.0,13.0,1.0,11.0,11.0,2.0,3.0,0.0,0.0
Hamburg,Greuther Furth,D2,2022,20/05/2023,H,2,1,1,0,H,13.0,16.0,3.0,3.0,1.0,7.0,18.0,12.0,5.0,2.0,1.0,1.0
Fortuna Dusseldorf,Hannover,D2,2022,21/05/2023,D,3,3,1,2,A,17.0,14.0,10.0,7.0,5.0,4.0,9.0,10.0,3.0,2.0,0.0,0.0
Karlsruhe,Kaiserslautern,D2,2022,21/05/2023,H,2,0,0,0,D,8.0,16.0,4.0,4.0,1.0,8.0,15.0,14.0,3.0,3.0,0.0,0.0
Nurnberg,Hansa Rostock,D2,2022,21/05/2023,D,0,0,0,0,D,16.0,4.0,2.0,2.0,5.0,1.0,6.0,17.0,1.0,5.0,0.0,0.0
Greuther Furth,Darmstadt,D2,2022,28/05/2023,H,4,0,0,0,D,10.0,3.0,7.0,0.0,5.0,3.0,15.0,14.0,0.0,3.0,0.0,1.0
Hannover,Holstein Kiel,D2,2022,28/05/2023,A,1,5,0,3,A,9.0,14.0,1.0,8.0,6.0,2.0,6.0,11.0,0.0,1.0,0.0,0.0
Hansa Rostock,Braunschweig,D2,2022,28/05/2023,H,2,1,0,0,D,21.0,8.0,3.0,2.0,8.0,6.0,11.0,10.0,2.0,3.0,0.0,1.0
Kaiserslautern,Fortuna Dusseldorf,D2,2022,28/05/2023,A,0,3,0,1,A,15.0,12.0,4.0,6.0,6.0,3.0,11.0,12.0,1.0,3.0,1.0,0.0
Magdeburg,Bielefeld,D2,2022,28/05/2023,H,4,0,2,0,H,17.0,6.0,8.0,2.0,7.0,4.0,10.0,14.0,2.0,1.0,0.0,0.0
Paderborn,Nurnberg,D2,2022,28/05/2023,A,0,1,0,1,A,23.0,12.0,5.0,4.0,6.0,1.0,15.0,11.0,2.0,2.0,0.0,0.0
Regensburg,Heidenheim,D2,2022,28/05/2023,A,2,3,0,0,D,10.0,20.0,5.0,11.0,5.0,4.0,21.0,11.0,6.0,0.0,0.0,0.0
Sandhausen,Hamburg,D2,2022,28/05/2023,A,0,1,0,1,A,8.0,11.0,1.0,3.0,2.0,8.0,8.0,10.0,1.0,3.0,0.0,0.0
St Pauli,Karlsruhe,D2,2022,28/05/2023,D,1,1,0,1,A,14.0,7.0,7.0,2.0,4.0,4.0,5.0,13.0,3.0,3.0,0.0,0.0
Hamburg,Schalke 04,D2,2023,28/07/2023,H,5,3,1,2,A,31.0,11.0,14.0,6.0,9.0,3.0,10.0,13.0,3.0,3.0,0.0,1.0
Hannover,Elversberg,D2,2023,29/07/2023,D,2,2,1,2,A,10.0,23.0,4.0,9.0,3.0,6.0,5.0,18.0,3.0,4.0,0.0,0.0
Kaiserslautern,St Pauli,D2,2023,29/07/2023,A,1,2,0,0,D,10.0,14.0,3.0,5.0,3.0,5.0,11.0,10.0,2.0,1.0,0.0,0.0
Osnabruck,Karlsruhe,D2,2023,29/07/2023,A,2,3,1,2,A,18.0,14.0,7.0,8.0,4.0,9.0,11.0,9.0,3.0,2.0,1.0,0.0
Wehen,Magdeburg,D2,2023,29/07/2023,D,1,1,0,1,A,9.0,11.0,1.0,3.0,3.0,2.0,10.0,18.0,2.0,3.0,1.0,0.0
Fortuna Dusseldorf,Hertha,D2,2023,29/07/2023,H,1,0,0,0,D,9.0,12.0,2.0,4.0,7.0,8.0,13.0,11.0,3.0,2.0,0.0,0.0
Braunschweig,Holstein Kiel,D2,2023,30/07/2023,A,0,1,0,0,D,9.0,15.0,2.0,4.0,4.0,10.0,10.0,13.0,3.0,1.0,1.0,0.0
Greuther Furth,Paderborn,D2,2023,30/07/2023,H,5,0,3,0,H,24.0,7.0,11.0,0.0,5.0,2.0,9.0,5.0,1.0,1.0,0.0,1.0
Hansa Rostock,Nurnberg,D2,2023,30/07/2023,H,2,0,1,0,H,14.0,18.0,4.0,7.0,6.0,6.0,15.0,13.0,3.0,4.0,0.0,0.0
Hertha,Wehen,D2,2023,04/08/2023,A,0,1,0,0,D,21.0,12.0,8.0,5.0,6.0,4.0,9.0,9.0,2.0,3.0,0.0,0.0
Paderborn,Osnabruck,D2,2023,04/08/2023,D,1,1,0,0,D,15.0,15.0,5.0,5.0,7.0,7.0,11.0,12.0,1.0,0.0,0.0,0.0
Elversberg,Hansa Rostock,D2,2023,05/08/2023,A,1,2,0,0,D,13.0,17.0,4.0,5.0,7.0,2.0,12.0,15.0,3.0,4.0,0.0,0.0
Holstein Kiel,Greuther Furth,D2,2023,05/08/2023,H,2,1,0,0,D,9.0,15.0,4.0,2.0,8.0,5.0,14.0,16.0,2.0,2.0,0.0,0.0
St Pauli,Fortuna Dusseldorf,D2,2023,05/08/2023,D,0,0,0,0,D,13.0,10.0,5.0,3.0,4.0,8.0,11.0,8.0,2.0,1.0,1.0,0.0
Schalke 04,Kaiserslautern,D2,2023,05/08/2023,H,3,0,1,0,H,16.0,10.0,8.0,4.0,8.0,7.0,14.0,12.0,1.0,3.0,0.0,2.0
Karlsruhe,Hamburg,D2,2023,06/08/2023,D,2,2,1,0,H,17.0,13.0,4.0,7.0,7.0,3.0,6.0,14.0,3.0,2.0,0.0,0.0
Magdeburg,Braunschweig,D2,2023,06/08/2023,H,2,1,2,0,H,14.0,9.0,5.0,4.0,1.0,5.0,7.0,20.0,1.0,3.0,0.0,0.0
Nurnberg,Hannover,D2,2023,06/08/2023,D,2,2,0,2,A,8.0,19.0,3.0,6.0,5.0,7.0,20.0,14.0,6.0,2.0,0.0,0.0
Kaiserslautern,Elversberg,D2,2023,18/08/2023,H,3,2,1,0,H,20.0,21.0,8.0,9.0,4.0,6.0,11.0,12.0,3.0,1.0,0.0,0.0
Wehen,Karlsruhe,D2,2023,18/08/2023,H,1,0,1,0,H,11.0,15.0,4.0,7.0,2.0,7.0,14.0,2.0,3.0,1.0,0.0,0.0
Fortuna Dusseldorf,Paderborn,D2,2023,19/08/2023,A,1,2,0,1,A,26.0,10.0,6.0,6.0,12.0,1.0,6.0,20.0,0.0,3.0,0.0,0.0
Greuther Furth,St Pauli,D2,2023,19/08/2023,D,0,0,0,0,D,16.0,6.0,2.0,1.0,2.0,1.0,11.0,17.0,1.0,5.0,0.0,0.0
Hansa Rostock,Hannover,D2,2023,19/08/2023,A,1,2,0,1,A,10.0,8.0,2.0,2.0,4.0,5.0,13.0,11.0,3.0,1.0,0.0,0.0
Hamburg,Hertha,D2,2023,19/08/2023,H,3,0,2,0,H,27.0,11.0,7.0,2.0,4.0,2.0,10.0,7.0,2.0,2.0,0.0,0.0
Braunschweig,Schalke 04,D2,2023,20/08/2023,H,1,0,1,0,H,17.0,11.0,6.0,3.0,6.0,4.0,15.0,12.0,3.0,0.0,1.0,0.0
Holstein Kiel,Magdeburg,D2,2023,20/08/2023,A,2,4,1,2,A,17.0,18.0,8.0,10.0,6.0,3.0,23.0,12.0,1.0,2.0,0.0,0.0
Osnabruck,Nurnberg,D2,2023,20/08/2023,A,2,3,0,1,A,15.0,20.0,3.0,7.0,3.0,12.0,13.0,8.0,2.0,2.0,0.0,0.0
Paderborn,Kaiserslautern,D2,2023,25/08/2023,A,1,2,0,0,D,15.0,12.0,5.0,3.0,1.0,2.0,17.0,12.0,2.0,5.0,0.0,0.0
Schalke 04,Holstein Kiel,D2,2023,25/08/2023,A,0,2,0,1,A,13.0,14.0,4.0,5.0,3.0,7.0,11.0,13.0,1.0,1.0,1.0,0.0
Elversberg,Fortuna Dusseldorf,D2,2023,26/08/2023,A,0,5,0,3,A,13.0,15.0,4.0,8.0,8.0,6.0,6.0,9.0,1.0,3.0,0.0,0.0
Hansa Rostock,Osnabruck,D2,2023,26/08/2023,H,2,1,1,1,D,12.0,13.0,5.0,3.0,4.0,5.0,17.0,10.0,3.0,0.0,0.0,0.0
Hertha,Greuther Furth,D2,2023,26/08/2023,H,5,0,2,0,H,14.0,17.0,7.0,6.0,5.0,8.0,18.0,9.0,1.0,1.0,0.0,0.0
Hannover,Hamburg,D2,2023,26/08/2023,A,0,1,0,0,D,19.0,11.0,5.0,4.0,3.0,3.0,13.0,13.0,1.0,4.0,0.0,1.0
Karlsruhe,Braunschweig,D2,2023,27/08/2023,H,2,0,1,0,H,22.0,9.0,9.0,0.0,6.0,4.0,11.0,4.0,1.0,1.0,0.0,1.0
Nurnberg,Wehen,D2,2023,27/08/2023,H,2,1,0,0,D,13.0,15.0,4.0,2.0,10.0,6.0,12.0,17.0,2.0,6.0,1.0,2.0
St Pauli,Magdeburg,D2,2023,27/08/2023,D,0,0,0,0,D,26.0,5.0,12.0,2.0,11.0,3.0,9.0,9.0,2.0,3.0,0.0,0.0
Braunschweig,St Pauli,D2,2023,01/09/2023,D,1,1,0,0,D,9.0,19.0,1.0,5.0,3.0,5.0,11.0,11.0,2.0,3.0,0.0,0.0
Fortuna Dusseldorf,Karlsruhe,D2,2023,01/09/2023,H,3,1,1,1,D,19.0,10.0,5.0,8.0,7.0,7.0,8.0,10.0,1.0,3.0,0.0,0.0
Holstein Kiel,Paderborn,D2,2023,02/09/2023,H,2,1,1,1,D,19.0,13.0,6.0,2.0,6.0,8.0,9.0,9.0,3.0,3.0,0.0,0.0
Magdeburg,Hertha,D2,2023,02/09/2023,H,6,4,2,3,A,23.0,12.0,12.0,7.0,4.0,3.0,6.0,9.0,2.0,3.0,0.0,0.0
Wehen,Schalke 04,D2,2023,02/09/2023,D,1,1,0,0,D,14.0,15.0,3.0,5.0,3.0,7.0,17.0,10.0,4.0,2.0,0.0,0.0
Kaiserslautern,Nurnberg,D2,2023,02/09/2023,H,3,1,3,1,H,12.0,18.0,4.0,4.0,4.0,7.0,12.0,14.0,1.0,2.0,0.0,1.0
Greuther Furth,Hannover,D2,2023,03/09/2023,A,1,3,0,2,A,19.0,6.0,5.0,5.0,9.0,2.0,11.0,11.0,1.0,2.0,0.0,0.0
Hamburg,Hansa Rostock,D2,2023,03/09/2023,H,2,0,1,0,H,17.0,7.0,11.0,3.0,3.0,5.0,14.0,15.0,2.0,5.0,0.0,0.0
Osnabruck,Elversberg,D2,2023,03/09/2023,A,0,1,0,0,D,9.0,10.0,4.0,2.0,6.0,2.0,16.0,13.0,1.0,2.0,0.0,0.0
Nurnberg,Greuther Furth,D2,2023,15/09/2023,D,1,1,1,1,D,18.0,9.0,4.0,2.0,6.0,5.0,14.0,17.0,2.0,3.0,0.0,0.0
Paderborn,Wehen,D2,2023,15/09/2023,H,2,1,0,1,A,17.0,12.0,7.0,5.0,5.0,1.0,14.0,12.0,3.0,2.0,0.0,0.0
Elversberg,Hamburg,D2,2023,16/09/2023,H,2,1,1,0,H,16.0,13.0,7.0,6.0,7.0,6.0,12.0,9.0,3.0,2.0,0.0,0.0
Hansa Rostock,Fortuna Dusseldorf,D2,2023,16/09/2023,A,1,3,1,2,A,23.0,20.0,4.0,5.0,10.0,8.0,11.0,9.0,2.0,2.0,0.0,0.0
Karlsruhe,Kaiserslautern,D2,2023,16/09/2023,D,1,1,1,1,D,19.0,14.0,6.0,7.0,9.0,3.0,10.0,14.0,0.0,1.0,0.0,0.0
Schalke 04,Magdeburg,D2,2023,16/09/2023,H,4,3,1,2,A,19.0,12.0,9.0,6.0,9.0,4.0,22.0,12.0,4.0,4.0,0.0,1.0
Hannover,Osnabruck,D2,2023,17/09/2023,H,7,0,2,0,H,24.0,6.0,15.0,3.0,5.0,3.0,13.0,9.0,0.0,2.0,0.0,1.0
Hertha,Braunschweig,D2,2023,17/09/2023,H,3,0,2,0,H,15.0,14.0,8.0,4.0,4.0,9.0,11.0,11.0,2.0,0.0,0.0,0.0
St Pauli,Holstein Kiel,D2,2023,17/09/2023,H,5,1,3,0,H,18.0,13.0,7.0,4.0,3.0,1.0,13.0,16.0,3.0,3.0,0.0,0.0
Magdeburg,Paderborn,D2,2023,22/09/2023,D,1,1,0,1,A,11.0,14.0,3.0,4.0,2.0,6.0,14.0,12.0,4.0,1.0,0.0,0.0
Osnabruck,Hamburg,D2,2023,22/09/2023,H,2,1,2,1,H,18.0,8.0,9.0,3.0,13.0,7.0,10.0,15.0,5.0,6.0,0.0,0.0
Braunschweig,Nurnberg,D2,2023,23/09/2023,D,2,2,1,2,A,14.0,11.0,5.0,5.0,2.0,3.0,17.0,15.0,2.0,2.0,0.0,0.0
Greuther Furth,Karlsruhe,D2,2023,23/09/2023,H,4,3,3,3,D,9.0,17.0,6.0,5.0,9.0,4.0,10.0,12.0,3.0,5.0,1.0,0.0
Wehen,Elversberg,D2,2023,23/09/2023,A,0,2,0,1,A,16.0,13.0,3.0,5.0,7.0,3.0,13.0,17.0,4.0,4.0,0.0,0.0
St Pauli,Schalke 04,D2,2023,23/09/2023,H,3,1,1,1,D,19.0,10.0,8.0,3.0,4.0,2.0,3.0,19.0,1.0,4.0,0.0,0.0
Fortuna Dusseldorf,Hannover,D2,2023,24/09/2023,D,1,1,0,1,A,17.0,6.0,5.0,2.0,5.0,2.0,7.0,10.0,2.0,3.0,0.0,0.0
Holstein Kiel,Hertha,D2,2023,24/09/2023,A,2,3,0,2,A,16.0,11.0,5.0,7.0,2.0,4.0,19.0,13.0,4.0,3.0,1.0,0.0
Kaiserslautern,Hansa Rostock,D2,2023,24/09/2023,H,3,1,2,1,H,22.0,18.0,11.0,2.0,6.0,10.0,9.0,15.0,2.0,2.0,0.0,0.0
Hamburg,Fortuna Dusseldorf,D2,2023,29/09/2023,H,1,0,0,0,D,10.0,8.0,4.0,2.0,8.0,3.0,10.0,14.0,3.0,6.0,0.0,1.0
Paderborn,Schalke 04,D2,2023,29/09/2023,H,3,1,1,0,H,11.0,13.0,6.0,2.0,2.0,10.0,10.0,9.0,1.0,3.0,0.0,0.0
Hannover,Wehen,D2,2023,30/09/2023,H,2,0,1,0,H,17.0,12.0,5.0,3.0,4.0,6.0,13.0,15.0,0.0,2.0,0.0,0.0
Hansa Rostock,Braunschweig,D2,2023,30/09/2023,H,1,0,0,0,D,19.0,20.0,6.0,0.0,7.0,5.0,20.0,10.0,3.0,1.0,0.0,0.0
Karlsruhe,Holstein Kiel,D2,2023,30/09/2023,A,0,2,0,2,A,14.0,12.0,4.0,5.0,7.0,9.0,4.0,16.0,0.0,4.0,0.0,0.0
Hertha,St Pauli,D2,2023,30/09/2023,A,1,2,0,1,A,8.0,24.0,3.0,5.0,7.0,3.0,11.0,5.0,2.0,0.0,0.0,0.0
Elversberg,Greuther Furth,D2,2023,01/10/2023,D,1,1,1,1,D,11.0,15.0,4.0,5.0,2.0,8.0,13.0,19.0,1.0,1.0,0.0,0.0
Nurnberg,Magdeburg,D2,2023,01/10/2023,H,1,0,0,0,D,16.0,13.0,6.0,1.0,7.0,3.0,14.0,21.0,6.0,5.0,0.0,0.0
Osnabruck,Kaiserslautern,D2,2023,01/10/2023,D,2,2,2,1,H,9.0,32.0,4.0,13.0,4.0,13.0,15.0,13.0,4.0,3.0,0.0,0.0
Fortuna Dusseldorf,Osnabruck,D2,2023,06/10/2023,D,1,1,0,0,D,19.0,9.0,4.0,3.0,8.0,1.0,13.0,11.0,5.0,3.0,0.0,0.0
Kaiserslautern,Hannover,D2,2023,06/10/2023,H,3,1,1,1,D,16.0,11.0,11.0,4.0,5.0,2.0,13.0,17.0,4.0,2.0,0.0,1.0
Greuther Furth,Hansa Rostock,D2,2023,07/10/2023,H,1,0,1,0,H,9.0,8.0,4.0,2.0,8.0,2.0,11.0,16.0,1.0,7.0,0.0,0.0
Magdeburg,Karlsruhe,D2,2023,07/10/2023,D,1,1,0,1,A,19.0,2.0,5.0,2.0,7.0,1.0,4.0,12.0,3.0,2.0,0.0,0.0
Wehen,Hamburg,D2,2023,07/10/2023,D,1,1,0,0,D,6.0,23.0,2.0,5.0,4.0,13.0,11.0,3.0,2.0,2.0,0.0,0.0
St Pauli,Nurnberg,D2,2023,07/10/2023,H,5,1,1,1,D,20.0,7.0,7.0,3.0,8.0,4.0,7.0,11.0,4.0,1.0,0.0,0.0
Braunschweig,Paderborn,D2,2023,08/10/2023,A,1,3,1,2,A,24.0,11.0,4.0,6.0,13.0,4.0,9.0,9.0,3.0,0.0,0.0,0.0
Holstein Kiel,Elversberg,D2,2023,08/10/2023,D,1,1,1,0,H,23.0,9.0,7.0,4.0,11.0,2.0,13.0,16.0,1.0,1.0,0.0,0.0
Schalke 04,Hertha,D2,2023,08/10/2023,A,1,2,0,1,A,16.0,16.0,6.0,4.0,11.0,5.0,15.0,14.0,2.0,3.0,1.0,0.0
Elversberg,Braunschweig,D2,2023,20/10/2023,H,3,0,2,0,H,13.0,7.0,7.0,4.0,6.0,1.0,12.0,9.0,0.0,1.0,0.0,0.0
Hannover,Magdeburg,D2,2023,20/10/2023,H,2,1,1,0,H,14.0,13.0,4.0,8.0,6.0,9.0,9.0,14.0,2.0,3.0,0.0,0.0
Hamburg,Greuther Furth,D2,2023,21/10/2023,H,2,0,2,0,H,17.0,14.0,4.0,3.0,6.0,7.0,12.0,12.0,2.0,4.0,0.0,0.0
Osnabruck,Wehen,D2,2023,21/10/2023,A,0,2,0,1,A,19.0,14.0,5.0,5.0,2.0,3.0,14.0,17.0,3.0,1.0,0.0,0.0
Paderborn,St Pauli,D2,2023,21/10/2023,D,2,2,1,0,H,6.0,17.0,3.0,3.0,3.0,6.0,7.0,11.0,0.0,1.0,0.0,0.0
Fortuna Dusseldorf,Kaiserslautern,D2,2023,21/10/2023,H,4,3,1,3,A,20.0,16.0,5.0,8.0,6.0,5.0,12.0,8.0,4.0,1.0,0.0,0.0
Hansa Rostock,Holstein Kiel,D2,2023,22/10/2023,A,1,3,1,1,D,22.0,10.0,9.0,5.0,9.0,2.0,13.0,14.0,1.0,4.0,0.0,1.0
Karlsruhe,Schalke 04,D2,2023,22/10/2023,H,3,0,2,0,H,12.0,9.0,5.0,3.0,7.0,5.0,13.0,13.0,1.0,1.0,0.0,0.0
Nurnberg,Hertha,D2,2023,22/10/2023,H,3,1,0,1,A,18.0,14.0,7.0,6.0,11.0,5.0,13.0,11.0,3.0,2.0,1.0,1.0
Braunschweig,Fortuna Dusseldorf,D2,2023,27/10/2023,A,1,4,0,2,A,16.0,12.0,5.0,6.0,8.0,4.0,12.0,6.0,2.0,1.0,0.0,0.0
Greuther Furth,Osnabruck,D2,2023,27/10/2023,H,4,0,1,0,H,13.0,5.0,6.0,2.0,10.0,1.0,15.0,15.0,0.0,3.0,0.0,0.0
Hertha,Paderborn,D2,2023,28/10/2023,H,3,1,2,0,H,11.0,16.0,5.0,6.0,3.0,9.0,13.0,14.0,5.0,1.0,1.0,0.0
Schalke 04,Hannover,D2,2023,28/10/2023,H,3,2,1,0,H,11.0,14.0,6.0,3.0,4.0,5.0,15.0,15.0,4.0,1.0,0.0,0.0
St Pauli,Karlsruhe,D2,2023,28/10/2023,H,2,1,0,1,A,20.0,6.0,9.0,3.0,7.0,3.0,10.0,10.0,1.0,2.0,0.0,0.0
Kaiserslautern,Hamburg,D2,2023,28/10/2023,D,3,3,2,1,H,13.0,20.0,5.0,9.0,3.0,4.0,8.0,15.0,1.0,4.0,0.0,0.0
Holstein Kiel,Nurnberg,D2,2023,29/10/2023,A,0,2,0,0,D,14.0,21.0,1.0,5.0,7.0,3.0,12.0,8.0,2.0,4.0,0.0,0.0
Magdeburg,Elversberg,D2,2023,29/10/2023,A,1,2,0,2,A,18.0,8.0,5.0,4.0,5.0,3.0,12.0,14.0,2.0,2.0,0.0,0.0
Wehen,Hansa Rostock,D2,2023,29/10/2023,H,1,0,0,0,D,16.0,16.0,6.0,4.0,9.0,11.0,7.0,9.0,1.0,0.0,0.0,0.0
Elversberg,St Pauli,D2,2023,03/11/2023,A,0,2,0,2,A,7.0,10.0,2.0,4.0,6.0,3.0,10.0,7.0,2.0,1.0,0.0,0.0
Fortuna Dusseldorf,Wehen,D2,2023,03/11/2023,A,1,3,0,3,A,25.0,11.0,7.0,5.0,6.0,6.0,14.0,6.0,4.0,5.0,0.0,0.0
Kaiserslautern,Greuther Furth,D2,2023,04/11/2023,A,0,2,0,1,A,18.0,13.0,2.0,6.0,9.0,3.0,8.0,13.0,3.0,2.0,1.0,0.0
Nurnberg,Schalke 04,D2,2023,04/11/2023,A,1,2,0,1,A,15.0,11.0,4.0,4.0,4.0,7.0,9.0,18.0,4.0,2.0,0.0,0.0
Osnabruck,Holstein Kiel,D2,2023,04/11/2023,D,1,1,0,0,D,14.0,16.0,4.0,9.0,6.0,5.0,19.0,15.0,1.0,3.0,0.0,0.0
Hamburg,Magdeburg,D2,2023,04/11/2023,H,2,0,1,0,H,16.0,13.0,7.0,4.0,4.0,6.0,18.0,10.0,1.0,2.0,0.0,1.0
Hannover,Braunschweig,D2,2023,05/11/2023,H,2,0,2,0,H,12.0,0.0,6.0,0.0,2.0,5.0,10.0,13.0,2.0,7.0,0.0,1.0
Hansa Rostock,Hertha,D2,2023,05/11/2023,D,0,0,0,0,D,8.0,16.0,2.0,2.0,7.0,5.0,17.0,11.0,2.0,2.0,0.0,0.0
Karlsruhe,Paderborn,D2,2023,05/11/2023,A,0,3,0,1,A,16.0,11.0,7.0,5.0,2.0,3.0,10.0,10.0,4.0,1.0,0.0,0.0
Schalke 04,Elversberg,D2,2023,10/11/2023,A,1,2,1,2,A,22.0,13.0,3.0,5.0,8.0,2.0,11.0,11.0,3.0,2.0,0.0,0.0
St Pauli,Hannover,D2,2023,10/11/2023,D,0,0,0,0,D,13.0,2.0,2.0,0.0,7.0,1.0,12.0,15.0,2.0,4.0,0.0,0.0
Braunschweig,Osnabruck,D2,2023,11/11/2023,H,3,2,1,1,D,16.0,6.0,8.0,3.0,4.0,4.0,18.0,12.0,3.0,5.0,0.0,1.0
Holstein Kiel,Hamburg,D2,2023,11/11/2023,H,4,2,1,0,H,16.0,15.0,8.0,7.0,7.0,6.0,13.0,13.0,2.0,2.0,0.0,0.0
Paderborn,Nurnberg,D2,2023,11/11/2023,A,1,3,0,3,A,24.0,12.0,9.0,8.0,12.0,2.0,17.0,8.0,2.0,1.0,0.0,1.0
Hertha,Karlsruhe,D2,2023,11/11/2023,D,2,2,2,1,H,10.0,12.0,3.0,4.0,6.0,9.0,17.0,13.0,0.0,2.0,0.0,0.0
Greuther Furth,Fortuna Dusseldorf,D2,2023,12/11/2023,H,1,0,0,0,D,9.0,12.0,4.0,3.0,3.0,7.0,16.0,13.0,4.0,3.0,0.0,0.0
Magdeburg,Hansa Rostock,D2,2023,12/11/2023,A,1,2,1,0,H,16.0,16.0,8.0,5.0,13.0,2.0,6.0,15.0,3.0,2.0,0.0,0.0
Wehen,Kaiserslautern,D2,2023,12/11/2023,H,2,1,0,1,A,12.0,5.0,6.0,1.0,5.0,2.0,16.0,14.0,0.0,2.0,0.0,0.0
Hamburg,Braunschweig,D2,2023,24/11/2023,H,2,1,2,0,H,16.0,14.0,5.0,3.0,7.0,4.0,11.0,10.0,1.0,2.0,0.0,0.0
Hannover,Hertha,D2,2023,24/11/2023,D,2,2,0,2,A,18.0,8.0,6.0,4.0,9.0,1.0,10.0,16.0,0.0,1.0,0.0,0.0
Elversberg,Paderborn,D2,2023,25/11/2023,H,4,1,1,1,D,15.0,9.0,9.0,4.0,4.0,3.0,10.0,13.0,2.0,3.0,0.0,0.0
Hansa Rostock,St Pauli,D2,2023,25/11/2023,A,2,3,1,3,A,16.0,18.0,4.0,9.0,2.0,1.0,19.0,10.0,2.0,1.0,0.0,0.0
Osnabruck,Magdeburg,D2,2023,25/11/2023,A,0,2,0,0,D,12.0,13.0,3.0,6.0,5.0,8.0,10.0,13.0,2.0,2.0,0.0,0.0
Fortuna Dusseldorf,Schalke 04,D2,2023,25/11/2023,H,5,3,3,0,H,13.0,11.0,9.0,7.0,6.0,8.0,8.0,9.0,1.0,2.0,0.0,0.0
Greuther Furth,Wehen,D2,2023,26/11/2023,H,2,0,1,0,H,23.0,14.0,7.0,6.0,7.0,6.0,7.0,18.0,3.0,5.0,0.0,0.0
Kaiserslautern,Holstein Kiel,D2,2023,26/11/2023,A,0,3,0,2,A,13.0,11.0,5.0,6.0,6.0,10.0,9.0,11.0,1.0,1.0,0.0,0.0
Karlsruhe,Nurnberg,D2,2023,26/11/2023,H,4,1,1,0,H,19.0,12.0,8.0,3.0,6.0,8.0,10.0,9.0,2.0,3.0,0.0,0.0
Schalke 04,Osnabruck,D2,2023,01/12/2023,H,4,0,1,0,H,14.0,8.0,5.0,2.0,3.0,0.0,15.0,11.0,2.0,2.0,0.0,0.0
St Pauli,Hamburg,D2,2023,01/12/2023,D,2,2,2,0,H,16.0,6.0,5.0,3.0,9.0,3.0,5.0,13.0,1.0,3.0,0.0,0.0
Braunschweig,Greuther Furth,D2,2023,02/12/2023,A,0,1,0,1,A,13.0,7.0,6.0,1.0,2.0,5.0,7.0,16.0,4.0,3.0,0.0,0.0
Holstein Kiel,Wehen,D2,2023,02/12/2023,H,3,2,2,0,H,23.0,13.0,9.0,4.0,11.0,3.0,7.0,10.0,1.0,2.0,0.0,0.0
Nurnberg,Fortuna Dusseldorf,D2,2023,02/12/2023,A,0,5,0,3,A,4.0,14.0,1.0,7.0,2.0,5.0,10.0,6.0,2.0,3.0,0.0,0.0
Magdeburg,Kaiserslautern,D2,2023,02/12/2023,H,4,1,1,1,D,18.0,19.0,11.0,5.0,6.0,2.0,9.0,14.0,3.0,1.0,0.0,0.0
Hertha,Elversberg,D2,2023,03/12/2023,H,5,1,2,1,H,14.0,15.0,6.0,5.0,3.0,4.0,7.0,8.0,0.0,2.0,0.0,0.0
Karlsruhe,Hansa Rostock,D2,2023,03/12/2023,D,2,2,1,2,A,17.0,17.0,7.0,7.0,8.0,5.0,6.0,11.0,2.0,1.0,0.0,0.0
Paderborn,Hannover,D2,2023,03/12/2023,H,1,0,0,0,D,21.0,8.0,6.0,1.0,6.0,5.0,18.0,13.0,1.0,2.0,0.0,1.0
Hannover,Karlsruhe,D2,2023,08/12/2023,D,2,2,0,1,A,18.0,15.0,7.0,7.0,5.0,4.0,10.0,13.0,1.0,0.0,0.0,0.0
Wehen,Braunschweig,D2,2023,08/12/2023,A,1,3,1,0,H,10.0,13.0,2.0,8.0,4.0,7.0,10.0,7.0,2.0,1.0,0.0,0.0
Greuther Furth,Magdeburg,D2,2023,09/12/2023,D,1,1,0,0,D,16.0,11.0,6.0,8.0,7.0,3.0,20.0,17.0,1.0,4.0,0.0,0.0
Hamburg,Paderborn,D2,2023,09/12/2023,A,1,2,1,1,D,18.0,11.0,6.0,4.0,8.0,4.0,16.0,8.0,2.0,1.0,1.0,1.0
Kaiserslautern,Hertha,D2,2023,09/12/2023,A,1,2,1,0,H,12.0,10.0,4.0,5.0,9.0,6.0,8.0,21.0,1.0,3.0,1.0,0.0
Osnabruck,St Pauli,D2,2023,09/12/2023,D,1,1,0,1,A,9.0,19.0,3.0,4.0,9.0,10.0,11.0,10.0,4.0,0.0,1.0,0.0
Elversberg,Nurnberg,D2,2023,10/12/2023,A,0,1,0,0,D,19.0,10.0,3.0,3.0,9.0,4.0,11.0,13.0,3.0,4.0,0.0,0.0
Fortuna Dusseldorf,Holstein Kiel,D2,2023,10/12/2023,A,0,1,0,1,A,15.0,12.0,2.0,6.0,9.0,3.0,11.0,10.0,2.0,0.0,0.0,0.0
Hansa Rostock,Schalke 04,D2,2023,10/12/2023,A,0,2,0,0,D,3.0,18.0,0.0,3.0,3.0,4.0,16.0,13.0,1.0,2.0,1.0,0.0
Paderborn,Hansa Rostock,D2,2023,15/12/2023,H,3,0,1,0,H,24.0,8.0,11.0,1.0,12.0,2.0,7.0,13.0,4.0,3.0,0.0,1.0
Schalke 04,Greuther Furth,D2,2023,15/12/2023,D,2,2,1,0,H,12.0,11.0,8.0,8.0,2.0,3.0,14.0,14.0,4.0,1.0,1.0,0.0
Hertha,Osnabruck,D2,2023,16/12/2023,D,0,0,0,0,D,12.0,8.0,6.0,2.0,4.0,7.0,18.0,16.0,3.0,3.0,1.0,0.0
Magdeburg,Fortuna Dusseldorf,D2,2023,16/12/2023,A,2,3,2,0,H,19.0,12.0,6.0,5.0,7.0,2.0,9.0,17.0,2.0,3.0,0.0,0.0
Nurnberg,Hamburg,D2,2023,16/12/2023,A,0,2,0,0,D,12.0,14.0,2.0,4.0,4.0,6.0,9.0,18.0,1.0,5.0,0.0,0.0
Holstein Kiel,Hannover,D2,2023,16/12/2023,H,3,0,3,0,H,11.0,11.0,6.0,1.0,2.0,4.0,11.0,12.0,2.0,2.0,0.0,1.0
Braunschweig,Kaiserslautern,D2,2023,17/12/2023,H,2,1,1,1,D,17.0,11.0,6.0,0.0,4.0,6.0,7.0,11.0,1.0,3.0,0.0,0.0
Karlsruhe,Elversberg,D2,2023,17/12/2023,H,3,2,2,1,H,17.0,11.0,7.0,5.0,5.0,1.0,9.0,14.0,2.0,2.0,0.0,0.0
St Pauli,Wehen,D2,2023,17/12/2023,D,1,1,0,0,D,28.0,5.0,5.0,2.0,12.0,2.0,8.0,9.0,2.0,3.0,0.0,0.0
Holstein Kiel,Braunschweig,D2,2023,19/01/2024,A,1,2,1,1,D,22.0,15.0,9.0,5.0,6.0,3.0,12.0,6.0,1.0,2.0,0.0,0.0
Karlsruhe,Osnabruck,D2,2023,19/01/2024,H,2,1,1,1,D,16.0,14.0,4.0,4.0,7.0,2.0,13.0,10.0,1.0,2.0,0.0,0.0
Elversberg,Hannover,D2,2023,20/01/2024,D,2,2,0,1,A,8.0,9.0,2.0,3.0,6.0,4.0,6.0,12.0,1.0,0.0,0.0,0.0
Nurnberg,Hansa Rostock,D2,2023,20/01/2024,H,3,0,2,0,H,8.0,9.0,4.0,2.0,2.0,5.0,7.0,18.0,0.0,0.0,0.0,0.0
St Pauli,Kaiserslautern,D2,2023,20/01/2024,H,2,0,1,0,H,20.0,13.0,9.0,3.0,4.0,4.0,7.0,10.0,3.0,2.0,0.0,0.0
Schalke 04,Hamburg,D2,2023,20/01/2024,A,0,2,0,2,A,27.0,8.0,4.0,6.0,11.0,5.0,13.0,10.0,3.0,2.0,0.0,0.0
Hertha,Fortuna Dusseldorf,D2,2023,21/01/2024,D,2,2,2,1,H,10.0,9.0,4.0,2.0,1.0,4.0,22.0,13.0,6.0,1.0,0.0,0.0
Magdeburg,Wehen,D2,2023,21/01/2024,H,1,0,0,0,D,12.0,9.0,3.0,3.0,9.0,1.0,12.0,15.0,3.0,5.0,0.0,1.0
Paderborn,Greuther Furth,D2,2023,21/01/2024,A,0,1,0,1,A,17.0,13.0,8.0,3.0,6.0,5.0,8.0,11.0,1.0,2.0,0.0,0.0
Hannover,Nurnberg,D2,2023,26/01/2024,H,3,0,2,0,H,30.0,12.0,11.0,1.0,7.0,5.0,14.0,8.0,2.0,1.0,0.0,0.0
Kaiserslautern,Schalke 04,D2,2023,26/01/2024,H,4,1,1,0,H,15.0,11.0,6.0,5.0,4.0,1.0,14.0,13.0,1.0,3.0,0.0,0.0
Hansa Rostock,Elversberg,D2,2023,27/01/2024,H,2,1,0,1,A,11.0,21.0,4.0,2.0,2.0,11.0,14.0,9.0,2.0,3.0,0.0,1.0
Osnabruck,Paderborn,D2,2023,27/01/2024,D,0,0,0,0,D,17.0,8.0,2.0,2.0,11.0,6.0,9.0,15.0,3.0,4.0,0.0,1.0
Wehen,Hertha,D2,2023,27/01/2024,H,3,1,1,0,H,17.0,15.0,7.0,7.0,3.0,10.0,8.0,7.0,0.0,2.0,0.0,0.0
Fortuna Dusseldorf,St Pauli,D2,2023,27/01/2024,A,1,2,0,2,A,11.0,14.0,4.0,8.0,2.0,4.0,12.0,10.0,2.0,2.0,0.0,0.0
Braunschweig,Magdeburg,D2,2023,28/01/2024,H,1,0,1,0,H,14.0,8.0,7.0,4.0,3.0,2.0,8.0,15.0,1.0,5.0,0.0,1.0
Greuther Furth,Holstein Kiel,D2,2023,28/01/2024,H,2,1,0,0,D,22.0,11.0,6.0,2.0,10.0,5.0,9.0,15.0,3.0,5.0,0.0,0.0
Hamburg,Karlsruhe,D2,2023,28/01/2024,A,3,4,2,2,D,18.0,13.0,10.0,6.0,11.0,2.0,8.0,11.0,1.0,2.0,0.0,0.0
Karlsruhe,Wehen,D2,2023,02/02/2024,D,2,2,1,0,H,11.0,22.0,4.0,7.0,4.0,3.0,8.0,8.0,1.0,2.0,0.0,0.0
Magdeburg,Holstein Kiel,D2,2023,02/02/2024,D,1,1,0,1,A,21.0,8.0,9.0,3.0,12.0,4.0,7.0,12.0,2.0,3.0,0.0,0.0
Nurnberg,Osnabruck,D2,2023,03/02/2024,D,2,2,1,1,D,15.0,20.0,8.0,7.0,5.0,6.0,11.0,10.0,3.0,2.0,0.0,0.0
Schalke 04,Braunschweig,D2,2023,03/02/2024,H,1,0,0,0,D,18.0,8.0,7.0,1.0,3.0,5.0,8.0,7.0,2.0,2.0,0.0,0.0
St Pauli,Greuther Furth,D2,2023,03/02/2024,H,3,2,2,1,H,19.0,7.0,13.0,3.0,7.0,3.0,17.0,17.0,1.0,2.0,0.0,0.0
Hertha,Hamburg,D2,2023,03/02/2024,A,1,2,0,0,D,7.0,16.0,3.0,5.0,4.0,6.0,21.0,13.0,5.0,2.0,0.0,0.0
Elversberg,Kaiserslautern,D2,2023,04/02/2024,H,2,1,1,1,D,8.0,13.0,4.0,3.0,3.0,4.0,11.0,10.0,3.0,1.0,0.0,0.0
Hannover,Hansa Rostock,D2,2023,04/02/2024,H,2,1,1,1,D,15.0,10.0,5.0,4.0,6.0,6.0,13.0,13.0,4.0,2.0,1.0,0.0
Paderborn,Fortuna Dusseldorf,D2,2023,04/02/2024,H,4,3,3,0,H,11.0,13.0,4.0,6.0,5.0,7.0,8.0,10.0,1.0,1.0,0.0,0.0
Hamburg,Hannover,D2,2023,09/02/2024,A,3,4,1,3,A,17.0,13.0,3.0,4.0,10.0,7.0,13.0,14.0,2.0,2.0,2.0,0.0
Wehen,Nurnberg,D2,2023,09/02/2024,D,1,1,0,0,D,8.0,16.0,3.0,7.0,2.0,11.0,9.0,10.0,1.0,1.0,0.0,0.0
Braunschweig,Karlsruhe,D2,2023,10/02/2024,H,2,0,1,0,H,13.0,15.0,8.0,7.0,5.0,11.0,6.0,13.0,2.0,2.0,0.0,0.0
Fortuna Dusseldorf,Elversberg,D2,2023,10/02/2024,D,1,1,1,0,H,13.0,9.0,4.0,3.0,5.0,2.0,14.0,9.0,2.0,1.0,0.0,0.0
Magdeburg,St Pauli,D2,2023,10/02/2024,H,1,0,0,0,D,9.0,11.0,5.0,4.0,2.0,4.0,6.0,11.0,1.0,2.0,0.0,0.0
Kaiserslautern,Paderborn,D2,2023,10/02/2024,A,1,2,1,0,H,12.0,8.0,3.0,2.0,4.0,2.0,14.0,11.0,3.0,2.0,0.0,0.0
Greuther Furth,Hertha,D2,2023,11/02/2024,A,1,2,0,1,A,16.0,13.0,7.0,7.0,2.0,3.0,10.0,14.0,2.0,4.0,0.0,1.0
Holstein Kiel,Schalke 04,D2,2023,11/02/2024,H,1,0,0,0,D,22.0,7.0,6.0,2.0,10.0,4.0,7.0,9.0,1.0,3.0,0.0,0.0
Osnabruck,Hansa Rostock,D2,2023,11/02/2024,D,0,0,0,0,D,25.0,8.0,7.0,1.0,9.0,2.0,9.0,23.0,3.0,2.0,0.0,0.0
Hannover,Greuther Furth,D2,2023,16/02/2024,H,2,1,0,1,A,9.0,14.0,3.0,5.0,7.0,5.0,16.0,14.0,2.0,1.0,0.0,0.0
Hertha,Magdeburg,D2,2023,16/02/2024,H,3,2,2,1,H,22.0,14.0,12.0,7.0,9.0,4.0,16.0,8.0,2.0,4.0,0.0,1.0
Hansa Rostock,Hamburg,D2,2023,17/02/2024,D,2,2,0,1,A,10.0,13.0,7.0,4.0,1.0,1.0,20.0,13.0,4.0,2.0,0.0,0.0
Paderborn,Holstein Kiel,D2,2023,17/02/2024,A,0,4,0,2,A,10.0,12.0,3.0,6.0,6.0,6.0,11.0,12.0,3.0,3.0,1.0,0.0
Schalke 04,Wehen,D2,2023,17/02/2024,H,1,0,0,0,D,10.0,11.0,3.0,3.0,8.0,3.0,10.0,8.0,2.0,2.0,0.0,0.0
Karlsruhe,Fortuna Dusseldorf,D2,2023,17/02/2024,D,2,2,0,1,A,10.0,9.0,2.0,3.0,7.0,4.0,7.0,13.0,2.0,2.0,0.0,0.0
Elversberg,Osnabruck,D2,2023,18/02/2024,H,3,1,3,0,H,11.0,11.0,5.0,4.0,5.0,5.0,12.0,13.0,3.0,2.0,0.0,0.0
Nurnberg,Kaiserslautern,D2,2023,18/02/2024,D,1,1,0,1,A,7.0,20.0,4.0,4.0,8.0,9.0,13.0,12.0,5.0,3.0,0.0,0.0
St Pauli,Braunschweig,D2,2023,18/02/2024,H,1,0,1,0,H,10.0,9.0,4.0,2.0,5.0,4.0,7.0,11.0,3.0,2.0,1.0,0.0
Holstein Kiel,St Pauli,D2,2023,23/02/2024,A,3,4,0,3,A,12.0,11.0,6.0,5.0,3.0,1.0,8.0,8.0,1.0,1.0,0.0,0.0
Wehen,Paderborn,D2,2023,23/02/2024,A,1,2,1,1,D,5.0,16.0,1.0,4.0,2.0,7.0,11.0,7.0,2.0,2.0,0.0,0.0
Braunschweig,Hertha,D2,2023,24/02/2024,D,1,1,1,0,H,9.0,12.0,3.0,2.0,5.0,4.0,13.0,11.0,2.0,0.0,1.0,0.0
Kaiserslautern,Karlsruhe,D2,2023,24/02/2024,A,0,4,0,0,D,8.0,8.0,4.0,6.0,6.0,4.0,8.0,13.0,3.0,1.0,0.0,0.0
Osnabruck,Hannover,D2,2023,24/02/2024,H,1,0,0,0,D,9.0,16.0,4.0,6.0,3.0,8.0,15.0,11.0,2.0,3.0,0.0,0.0
Magdeburg,Schalke 04,D2,2023,24/02/2024,H,3,0,3,0,H,17.0,15.0,4.0,4.0,4.0,4.0,4.0,12.0,0.0,0.0,0.0,0.0
Fortuna Dusseldorf,Hansa Rostock,D2,2023,25/02/2024,H,2,0,2,0,H,17.0,14.0,10.0,3.0,2.0,7.0,3.0,10.0,1.0,0.0,0.0,0.0
Greuther Furth,Nurnberg,D2,2023,25/02/2024,H,2,1,1,1,D,18.0,3.0,7.0,1.0,13.0,0.0,16.0,11.0,3.0,4.0,0.0,1.0
Hamburg,Elversberg,D2,2023,25/02/2024,H,1,0,0,0,D,16.0,12.0,7.0,4.0,5.0,5.0,8.0,6.0,2.0,1.0,0.0,0.0
Hertha,Holstein Kiel,D2,2023,01/03/2024,D,2,2,2,0,H,11.0,15.0,7.0,3.0,5.0,5.0,10.0,9.0,3.0,3.0,0.0,0.0
Schalke 04,St Pauli,D2,2023,01/03/2024,H,3,1,1,0,H,14.0,7.0,6.0,4.0,6.0,4.0,14.0,12.0,3.0,0.0,0.0,0.0
Hannover,Fortuna Dusseldorf,D2,2023,02/03/2024,D,2,2,0,2,A,21.0,7.0,8.0,3.0,8.0,4.0,10.0,10.0,4.0,0.0,0.0,0.0
Hansa Rostock,Kaiserslautern,D2,2023,02/03/2024,A,0,3,0,1,A,7.0,20.0,2.0,10.0,2.0,7.0,15.0,9.0,3.0,1.0,1.0,0.0
Nurnberg,Braunschweig,D2,2023,02/03/2024,H,2,1,2,0,H,15.0,10.0,5.0,2.0,5.0,4.0,5.0,11.0,3.0,2.0,0.0,0.0
Karlsruhe,Greuther Furth,D2,2023,02/03/2024,H,4,0,1,0,H,19.0,11.0,8.0,5.0,5.0,4.0,13.0,12.0,3.0,1.0,0.0,0.0
Elversberg,Wehen,D2,2023,03/03/2024,A,0,3,0,1,A,10.0,14.0,3.0,5.0,8.0,4.0,10.0,12.0,3.0,2.0,0.0,0.0
Hamburg,Osnabruck,D2,2023,03/03/2024,A,1,2,1,1,D,13.0,3.0,3.0,2.0,11.0,5.0,16.0,10.0,4.0,4.0,0.0,1.0
Paderborn,Magdeburg,D2,2023,03/03/2024,D,0,0,0,0,D,16.0,4.0,5.0,1.0,13.0,3.0,14.0,12.0,1.0,1.0,0.0,1.0
Braunschweig,Hansa Rostock,D2,2023,08/03/2024,A,0,1,0,0,D,12.0,15.0,3.0,2.0,4.0,4.0,15.0,15.0,4.0,3.0,0.0,0.0
Fortuna Dusseldorf,Hamburg,D2,2023,08/03/2024,H,2,0,1,0,H,8.0,11.0,4.0,0.0,4.0,1.0,14.0,6.0,2.0,2.0,0.0,1.0
Holstein Kiel,Karlsruhe,D2,2023,09/03/2024,H,1,0,0,0,D,18.0,14.0,9.0,4.0,8.0,8.0,15.0,14.0,1.0,2.0,0.0,0.0
Schalke 04,Paderborn,D2,2023,09/03/2024,D,3,3,1,0,H,17.0,15.0,5.0,6.0,7.0,4.0,17.0,8.0,2.0,1.0,0.0,0.0
Wehen,Hannover,D2,2023,09/03/2024,D,1,1,1,0,H,10.0,14.0,4.0,2.0,2.0,3.0,8.0,7.0,1.0,1.0,0.0,0.0
Magdeburg,Nurnberg,D2,2023,09/03/2024,A,0,1,0,0,D,13.0,6.0,4.0,1.0,8.0,2.0,7.0,11.0,1.0,1.0,0.0,0.0
Greuther Furth,Elversberg,D2,2023,10/03/2024,A,1,4,0,1,A,7.0,19.0,3.0,12.0,2.0,2.0,16.0,11.0,4.0,2.0,1.0,0.0
Kaiserslautern,Osnabruck,D2,2023,10/03/2024,H,3,2,0,0,D,13.0,6.0,9.0,4.0,11.0,6.0,14.0,13.0,2.0,2.0,0.0,0.0
St Pauli,Hertha,D2,2023,10/03/2024,H,2,0,2,0,H,15.0,4.0,3.0,0.0,7.0,6.0,6.0,12.0,1.0,1.0,0.0,0.0
Osnabruck,Fortuna Dusseldorf,D2,2023,15/03/2024,A,0,4,0,1,A,11.0,16.0,0.0,9.0,4.0,3.0,9.0,12.0,1.0,2.0,0.0,0.0
Paderborn,Braunschweig,D2,2023,15/03/2024,A,1,2,0,0,D,21.0,11.0,6.0,3.0,10.0,1.0,13.0,7.0,1.0,2.0,0.0,0.0
Elversberg,Holstein Kiel,D2,2023,16/03/2024,A,0,2,0,1,A,11.0,14.0,3.0,5.0,4.0,7.0,11.0,7.0,1.0,1.0,0.0,0.0
Hansa Rostock,Greuther Furth,D2,2023,16/03/2024,H,1,0,1,0,H,13.0,16.0,4.0,4.0,3.0,8.0,19.0,11.0,1.0,1.0,0.0,0.0
Nurnberg,St Pauli,D2,2023,16/03/2024,A,0,2,0,1,A,2.0,16.0,1.0,4.0,1.0,11.0,7.0,10.0,0.0,2.0,0.0,0.0
Hannover,Kaiserslautern,D2,2023,16/03/2024,D,1,1,0,0,D,9.0,7.0,2.0,6.0,3.0,3.0,13.0,8.0,3.0,2.0,0.0,0.0
Hamburg,Wehen,D2,2023,17/03/2024,H,3,0,1,0,H,17.0,10.0,8.0,4.0,9.0,2.0,12.0,12.0,1.0,1.0,0.0,0.0
Hertha,Schalke 04,D2,2023,17/03/2024,H,5,2,3,2,H,17.0,12.0,10.0,7.0,8.0,5.0,10.0,7.0,0.0,1.0,0.0,0.0
Karlsruhe,Magdeburg,D2,2023,17/03/2024,H,7,0,4,0,H,24.0,8.0,11.0,2.0,9.0,4.0,12.0,9.0,0.0,1.0,0.0,0.0
Braunschweig,Elversberg,D2,2023,30/03/2024,H,5,0,2,0,H,21.0,14.0,11.0,2.0,6.0,4.0,15.0,12.0,4.0,1.0,0.0,0.0
Holstein Kiel,Hansa Rostock,D2,2023,30/03/2024,H,2,0,1,0,H,11.0,13.0,4.0,2.0,7.0,4.0,16.0,17.0,6.0,4.0,0.0,0.0
Kaiserslautern,Fortuna Dusseldorf,D2,2023,30/03/2024,A,1,3,1,0,H,13.0,12.0,2.0,4.0,8.0,3.0,10.0,13.0,0.0,1.0,0.0,0.0
Hertha,Nurnberg,D2,2023,30/03/2024,D,3,3,1,2,A,18.0,17.0,7.0,8.0,5.0,2.0,15.0,7.0,4.0,2.0,0.0,0.0
Greuther Furth,Hamburg,D2,2023,31/03/2024,D,1,1,0,0,D,4.0,16.0,1.0,6.0,3.0,7.0,8.0,15.0,2.0,3.0,0.0,0.0
Magdeburg,Hannover,D2,2023,31/03/2024,A,0,3,0,1,A,14.0,21.0,3.0,8.0,4.0,5.0,16.0,16.0,1.0,2.0,0.0,0.0
Schalke 04,Karlsruhe,D2,2023,31/03/2024,D,0,0,0,0,D,14.0,11.0,5.0,5.0,6.0,9.0,2.0,11.0,2.0,1.0,0.0,0.0
St Pauli,Paderborn,D2,2023,31/03/2024,H,2,1,1,0,H,12.0,10.0,6.0,5.0,1.0,3.0,5.0,15.0,2.0,2.0,0.0,1.0
Wehen,Osnabruck,D2,2023,31/03/2024,A,0,1,0,1,A,28.0,4.0,4.0,2.0,12.0,2.0,14.0,13.0,2.0,5.0,0.0,1.0
Hansa Rostock,Wehen,D2,2023,05/04/2024,H,3,1,0,0,D,16.0,10.0,4.0,6.0,5.0,5.0,12.0,15.0,1.0,2.0,0.0,1.0
Paderborn,Hertha,D2,2023,05/04/2024,A,2,3,1,1,D,19.0,10.0,8.0,4.0,9.0,3.0,4.0,13.0,1.0,1.0,0.0,0.0
Elversberg,Magdeburg,D2,2023,06/04/2024,D,0,0,0,0,D,9.0,11.0,3.0,4.0,5.0,3.0,12.0,6.0,3.0,1.0,0.0,0.0
Hamburg,Kaiserslautern,D2,2023,06/04/2024,H,2,1,1,1,D,15.0,20.0,6.0,4.0,7.0,6.0,12.0,11.0,1.0,1.0,0.0,0.0
Nurnberg,Holstein Kiel,D2,2023,06/04/2024,A,0,4,0,3,A,6.0,19.0,1.0,7.0,4.0,9.0,7.0,11.0,4.0,1.0,1.0,0.0
Karlsruhe,St Pauli,D2,2023,06/04/2024,H,2,1,1,1,D,11.0,11.0,5.0,3.0,4.0,8.0,6.0,1.0,4.0,2.0,0.0,1.0
Fortuna Dusseldorf,Braunschweig,D2,2023,07/04/2024,H,2,0,1,0,H,12.0,14.0,3.0,5.0,3.0,6.0,9.0,7.0,3.0,1.0,0.0,0.0
Hannover,Schalke 04,D2,2023,07/04/2024,D,1,1,0,1,A,6.0,11.0,3.0,5.0,8.0,4.0,11.0,7.0,3.0,1.0,0.0,0.0
Osnabruck,Greuther Furth,D2,2023,07/04/2024,H,2,0,2,0,H,7.0,13.0,3.0,3.0,5.0,8.0,5.0,12.0,0.0,3.0,0.0,0.0
Greuther Furth,Kaiserslautern,D2,2023,12/04/2024,H,2,1,0,1,A,9.0,10.0,4.0,3.0,2.0,4.0,16.0,13.0,2.0,4.0,0.0,0.0
Hertha,Hansa Rostock,D2,2023,12/04/2024,H,4,0,2,0,H,16.0,12.0,8.0,3.0,5.0,1.0,8.0,12.0,1.0,2.0,0.0,0.0
Holstein Kiel,Osnabruck,D2,2023,13/04/2024,H,4,0,2,0,H,12.0,7.0,7.0,2.0,4.0,5.0,15.0,13.0,2.0,4.0,0.0,0.0
Paderborn,Karlsruhe,D2,2023,13/04/2024,D,1,1,1,1,D,12.0,12.0,3.0,5.0,8.0,2.0,14.0,3.0,2.0,1.0,0.0,0.0
Wehen,Fortuna Dusseldorf,D2,2023,13/04/2024,A,0,2,0,1,A,5.0,11.0,1.0,4.0,2.0,6.0,6.0,9.0,2.0,2.0,1.0,0.0
Schalke 04,Nurnberg,D2,2023,13/04/2024,H,2,0,1,0,H,19.0,17.0,7.0,7.0,7.0,6.0,12.0,14.0,4.0,4.0,0.0,0.0
Braunschweig,Hannover,D2,2023,14/04/2024,D,0,0,0,0,D,9.0,14.0,4.0,6.0,5.0,5.0,8.0,5.0,2.0,0.0,0.0,0.0
Magdeburg,Hamburg,D2,2023,14/04/2024,D,2,2,2,0,H,14.0,23.0,8.0,8.0,3.0,9.0,12.0,12.0,2.0,0.0,0.0,1.0
St Pauli,Elversberg,D2,2023,14/04/2024,A,3,4,1,0,H,19.0,14.0,8.0,10.0,5.0,1.0,12.0,8.0,4.0,2.0,0.0,0.0
Elversberg,Schalke 04,D2,2023,19/04/2024,D,1,1,1,0,H,14.0,15.0,5.0,5.0,3.0,7.0,8.0,13.0,0.0,0.0,0.0,0.0
Nurnberg,Paderborn,D2,2023,19/04/2024,A,0,2,0,1,A,16.0,12.0,6.0,5.0,8.0,5.0,10.0,13.0,2.0,4.0,0.0,0.0
Fortuna Dusseldorf,Greuther Furth,D2,2023,20/04/2024,H,1,0,0,0,D,9.0,12.0,4.0,4.0,3.0,4.0,12.0,11.0,1.0,2.0,0.0,0.0
Kaiserslautern,Wehen,D2,2023,20/04/2024,D,1,1,1,0,H,11.0,10.0,3.0,4.0,7.0,7.0,12.0,17.0,2.0,3.0,0.0,0.0
Osnabruck,Braunschweig,D2,2023,20/04/2024,A,0,3,0,2,A,16.0,10.0,5.0,7.0,6.0,2.0,13.0,16.0,1.0,2.0,0.0,0.0
Hamburg,Holstein Kiel,D2,2023,20/04/2024,A,0,1,0,0,D,21.0,12.0,4.0,3.0,13.0,4.0,12.0,8.0,1.0,2.0,0.0,1.0
Hannover,St Pauli,D2,2023,21/04/2024,A,1,2,1,1,D,17.0,8.0,10.0,5.0,7.0,4.0,10.0,12.0,0.0,3.0,0.0,0.0
Hansa Rostock,Magdeburg,D2,2023,21/04/2024,A,0,2,0,2,A,10.0,11.0,3.0,3.0,6.0,1.0,17.0,11.0,4.0,3.0,0.0,0.0
Karlsruhe,Hertha,D2,2023,21/04/2024,H,3,2,2,1,H,9.0,18.0,5.0,7.0,3.0,7.0,14.0,12.0,3.0,0.0,0.0,0.0
Hertha,Hannover,D2,2023,26/04/2024,D,1,1,1,0,H,7.0,15.0,2.0,4.0,2.0,10.0,9.0,10.0,0.0,1.0,0.0,0.0
St Pauli,Hansa Rostock,D2,2023,26/04/2024,H,1,0,0,0,D,7.0,7.0,2.0,5.0,6.0,6.0,8.0,19.0,0.0,4.0,0.0,0.0
Braunschweig,Hamburg,D2,2023,27/04/2024,A,0,4,0,2,A,5.0,17.0,2.0,6.0,1.0,6.0,8.0,10.0,0.0,1.0,0.0,0.0
Holstein Kiel,Kaiserslautern,D2,2023,27/04/2024,A,1,3,1,2,A,14.0,15.0,10.0,9.0,6.0,4.0,14.0,9.0,4.0,0.0,0.0,0.0
Paderborn,Elversberg,D2,2023,27/04/2024,H,3,1,0,0,D,16.0,9.0,5.0,2.0,5.0,1.0,3.0,12.0,1.0,4.0,0.0,0.0
Schalke 04,Fortuna Dusseldorf,D2,2023,27/04/2024,D,1,1,0,0,D,15.0,14.0,3.0,6.0,4.0,4.0,14.0,7.0,4.0,2.0,0.0,0.0
Magdeburg,Osnabruck,D2,2023,28/04/2024,D,1,1,1,1,D,12.0,11.0,6.0,4.0,10.0,5.0,14.0,15.0,2.0,4.0,0.0,0.0
Nurnberg,Karlsruhe,D2,2023,28/04/2024,A,0,1,0,1,A,8.0,20.0,3.0,4.0,3.0,8.0,10.0,11.0,2.0,0.0,0.0,0.0
Wehen,Greuther Furth,D2,2023,28/04/2024,A,3,5,2,3,A,18.0,16.0,10.0,7.0,8.0,5.0,17.0,7.0,3.0,4.0,0.0,0.0
Fortuna Dusseldorf,Nurnberg,D2,2023,03/05/2024,H,3,1,2,0,H,35.0,15.0,10.0,4.0,5.0,7.0,11.0,9.0,0.0,2.0,0.0,0.0
Hamburg,St Pauli,D2,2023,03/05/2024,H,1,0,0,0,D,15.0,14.0,6.0,4.0,5.0,1.0,15.0,11.0,2.0,3.0,0.0,1.0
Greuther Furth,Braunschweig,D2,2023,04/05/2024,D,3,3,1,2,A,18.0,6.0,8.0,3.0,12.0,2.0,15.0,15.0,1.0,2.0,0.0,1.0
Hansa Rostock,Karlsruhe,D2,2023,04/05/2024,A,1,2,1,0,H,17.0,16.0,6.0,5.0,2.0,3.0,20.0,17.0,2.0,0.0,0.0,0.0
Kaiserslautern,Magdeburg,D2,2023,04/05/2024,H,4,1,2,0,H,11.0,11.0,6.0,5.0,3.0,8.0,10.0,15.0,3.0,2.0,0.0,0.0
Elversberg,Hertha,D2,2023,05/05/2024,H,4,2,1,1,D,16.0,19.0,9.0,7.0,7.0,5.0,3.0,12.0,2.0,1.0,0.0,0.0
Hannover,Paderborn,D2,2023,05/05/2024,H,3,2,3,2,H,19.0,19.0,6.0,10.0,5.0,4.0,16.0,7.0,2.0,3.0,0.0,0.0
Wehen,Holstein Kiel,D2,2023,05/05/2024,A,0,1,0,0,D,13.0,10.0,6.0,3.0,4.0,2.0,8.0,14.0,1.0,2.0,0.0,0.0
Osnabruck,Schalke 04,D2,2023,07/05/2024,A,0,4,0,2,A,14.0,22.0,4.0,9.0,2.0,5.0,7.0,20.0,1.0,1.0,0.0,0.0
Magdeburg,Greuther Furth,D2,2023,10/05/2024,D,0,0,0,0,D,10.0,9.0,2.0,5.0,1.0,2.0,14.0,13.0,2.0,1.0,0.0,0.0
Paderborn,Hamburg,D2,2023,10/05/2024,H,1,0,1,0,H,15.0,10.0,3.0,2.0,4.0,9.0,10.0,10.0,3.0,2.0,0.0,0.0
Hertha,Kaiserslautern,D2,2023,11/05/2024,H,3,1,2,1,H,15.0,13.0,5.0,2.0,2.0,6.0,9.0,9.0,2.0,3.0,0.0,0.0
Nurnberg,Elversberg,D2,2023,11/05/2024,H,3,0,1,0,H,13.0,4.0,6.0,1.0,4.0,4.0,9.0,8.0,2.0,2.0,0.0,0.0
Schalke 04,Hansa Rostock,D2,2023,11/05/2024,H,2,1,2,1,H,10.0,10.0,6.0,3.0,5.0,4.0,7.0,18.0,2.0,2.0,0.0,1.0
Holstein Kiel,Fortuna Dusseldorf,D2,2023,11/05/2024,D,1,1,1,0,H,8.0,19.0,2.0,6.0,2.0,13.0,12.0,7.0,1.0,3.0,0.0,0.0
Braunschweig,Wehen,D2,2023,12/05/2024,H,1,0,1,0,H,11.0,14.0,5.0,5.0,3.0,8.0,8.0,14.0,3.0,1.0,0.0,0.0
Karlsruhe,Hannover,D2,2023,12/05/2024,A,1,2,1,1,D,17.0,14.0,7.0,4.0,8.0,6.0,16.0,13.0,6.0,2.0,0.0,0.0
St Pauli,Osnabruck,D2,2023,12/05/2024,H,3,1,1,0,H,19.0,3.0,7.0,1.0,4.0,3.0,11.0,2.0,2.0,0.0,0.0,0.0
Elversberg,Karlsruhe,D2,2023,19/05/2024,A,0,3,0,0,D,10.0,20.0,6.0,7.0,2.0,5.0,7.0,8.0,1.0,0.0,0.0,0.0
Fortuna Dusseldorf,Magdeburg,D2,2023,19/05/2024,H,3,2,2,1,H,18.0,11.0,7.0,8.0,6.0,11.0,8.0,8.0,4.0,2.0,0.0,0.0
Greuther Furth,Schalke 04,D2,2023,19/05/2024,H,2,0,0,0,D,14.0,13.0,3.0,6.0,3.0,3.0,5.0,19.0,0.0,5.0,0.0,0.0
Hamburg,Nurnberg,D2,2023,19/05/2024,H,4,1,3,1,H,12.0,16.0,5.0,2.0,4.0,6.0,13.0,11.0,2.0,2.0,0.0,0.0
Hannover,Holstein Kiel,D2,2023,19/05/2024,A,1,2,0,2,A,26.0,12.0,7.0,8.0,10.0,3.0,10.0,9.0,2.0,2.0,0.0,0.0
Hansa Rostock,Paderborn,D2,2023,19/05/2024,A,1,2,0,0,D,16.0,13.0,5.0,7.0,1.0,6.0,14.0,9.0,1.0,1.0,0.0,0.0
Kaiserslautern,Braunschweig,D2,2023,19/05/2024,H,5,0,1,0,H,12.0,14.0,6.0,5.0,3.0,6.0,13.0,14.0,1.0,2.0,1.0,0.0
Osnabruck,Hertha,D2,2023,19/05/2024,H,2,1,1,1,D,14.0,15.0,4.0,5.0,7.0,5.0,7.0,15.0,1.0,4.0,0.0,0.0
Wehen,St Pauli,D2,2023,19/05/2024,A,1,2,1,0,H,13.0,21.0,5.0,9.0,8.0,8.0,5.0,6.0,1.0,2.0,0.0,0.0
FC Koln,Hamburg,D2,2024,02/08/2024,A,1,2,0,2,A,26.0,9.0,4.0,6.0,6.0,3.0,18.0,7.0,2.0,2.0,0.0,0.0
Hannover,Regensburg,D2,2024,03/08/2024,H,2,0,2,0,H,16.0,10.0,5.0,3.0,5.0,3.0,12.0,17.0,1.0,0.0,0.0,0.0
Hertha,Paderborn,D2,2024,03/08/2024,A,1,2,0,1,A,10.0,11.0,3.0,5.0,1.0,8.0,16.0,7.0,2.0,1.0,0.0,0.0
Karlsruhe,Nurnberg,D2,2024,03/08/2024,H,3,2,1,2,A,15.0,14.0,5.0,5.0,7.0,3.0,15.0,12.0,2.0,4.0,0.0,0.0
Magdeburg,Elversberg,D2,2024,03/08/2024,D,0,0,0,0,D,21.0,9.0,6.0,3.0,11.0,1.0,11.0,8.0,3.0,2.0,0.0,0.0
Schalke 04,Braunschweig,D2,2024,03/08/2024,H,5,1,2,1,H,14.0,10.0,8.0,5.0,3.0,3.0,13.0,11.0,2.0,2.0,0.0,0.0
Darmstadt,Fortuna Dusseldorf,D2,2024,04/08/2024,A,0,2,0,0,D,11.0,11.0,6.0,4.0,7.0,6.0,16.0,7.0,2.0,2.0,1.0,0.0
Greuther Furth,Preußen Münster,D2,2024,04/08/2024,H,3,1,1,1,D,22.0,15.0,9.0,5.0,6.0,5.0,9.0,11.0,1.0,2.0,0.0,0.0
Ulm,Kaiserslautern,D2,2024,04/08/2024,A,1,2,0,0,D,12.0,13.0,3.0,4.0,6.0,7.0,12.0,16.0,2.0,3.0,0.0,0.0
Kaiserslautern,Greuther Furth,D2,2024,09/08/2024,D,2,2,1,2,A,13.0,15.0,7.0,8.0,8.0,5.0,10.0,14.0,3.0,1.0,0.0,0.0
Regensburg,Ulm,D2,2024,09/08/2024,H,1,0,1,0,H,8.0,11.0,1.0,5.0,5.0,4.0,22.0,16.0,3.0,2.0,0.0,0.0
Elversberg,FC Koln,D2,2024,10/08/2024,D,2,2,0,1,A,10.0,23.0,3.0,9.0,4.0,13.0,13.0,13.0,3.0,2.0,0.0,0.0
Fortuna Dusseldorf,Karlsruhe,D2,2024,10/08/2024,D,0,0,0,0,D,20.0,9.0,6.0,2.0,7.0,4.0,6.0,6.0,2.0,1.0,0.0,0.0
Nurnberg,Schalke 04,D2,2024,10/08/2024,H,3,1,0,1,A,8.0,17.0,5.0,5.0,1.0,7.0,11.0,12.0,3.0,4.0,1.0,1.0
Hamburg,Hertha,D2,2024,10/08/2024,D,1,1,1,0,H,13.0,13.0,3.0,4.0,9.0,11.0,9.0,8.0,2.0,2.0,0.0,0.0
Braunschweig,Magdeburg,D2,2024,11/08/2024,A,1,3,0,1,A,20.0,11.0,8.0,6.0,10.0,2.0,9.0,15.0,0.0,1.0,0.0,0.0
Paderborn,Darmstadt,D2,2024,11/08/2024,H,3,1,0,1,A,18.0,15.0,5.0,7.0,7.0,6.0,8.0,11.0,1.0,1.0,0.0,0.0
Preußen Münster,Hannover,D2,2024,11/08/2024,D,0,0,0,0,D,11.0,9.0,4.0,1.0,7.0,6.0,13.0,11.0,3.0,1.0,0.0,0.0
Hannover,Hamburg,D2,2024,23/08/2024,H,1,0,0,0,D,9.0,8.0,3.0,1.0,1.0,3.0,20.0,18.0,4.0,4.0,0.0,1.0
Karlsruhe,Elversberg,D2,2024,23/08/2024,H,3,2,1,1,D,11.0,11.0,8.0,3.0,7.0,3.0,8.0,6.0,2.0,0.0,0.0,0.0
Greuther Furth,Paderborn,D2,2024,24/08/2024,D,1,1,0,0,D,14.0,13.0,3.0,4.0,7.0,5.0,12.0,16.0,2.0,4.0,0.0,0.0
Hertha,Regensburg,D2,2024,24/08/2024,H,2,0,0,0,D,11.0,13.0,2.0,2.0,8.0,2.0,12.0,9.0,4.0,2.0,0.0,1.0
Preußen Münster,Kaiserslautern,D2,2024,24/08/2024,A,0,1,0,0,D,14.0,8.0,7.0,5.0,4.0,2.0,15.0,18.0,4.0,4.0,0.0,0.0
FC Koln,Braunschweig,D2,2024,24/08/2024,H,5,0,2,0,H,22.0,6.0,13.0,3.0,8.0,2.0,14.0,7.0,2.0,1.0,0.0,0.0
Darmstadt,Nurnberg,D2,2024,25/08/2024,D,1,1,1,0,H,19.0,5.0,7.0,4.0,13.0,2.0,13.0,11.0,2.0,3.0,0.0,0.0
Magdeburg,Schalke 04,D2,2024,25/08/2024,D,2,2,2,1,H,14.0,13.0,8.0,7.0,9.0,4.0,9.0,12.0,4.0,2.0,0.0,0.0
Ulm,Fortuna Dusseldorf,D2,2024,25/08/2024,A,1,2,1,0,H,21.0,12.0,8.0,5.0,6.0,5.0,10.0,13.0,2.0,5.0,0.0,0.0
Fortuna Dusseldorf,Hannover,D2,2024,30/08/2024,H,1,0,0,0,D,23.0,14.0,5.0,2.0,8.0,2.0,12.0,11.0,3.0,5.0,0.0,0.0
Regensburg,Greuther Furth,D2,2024,30/08/2024,A,0,4,0,1,A,17.0,21.0,7.0,9.0,7.0,4.0,14.0,8.0,3.0,2.0,0.0,0.0
Elversberg,Darmstadt,D2,2024,31/08/2024,H,4,0,2,0,H,17.0,13.0,4.0,5.0,8.0,11.0,10.0,17.0,2.0,3.0,0.0,0.0
Hamburg,Preußen Münster,D2,2024,31/08/2024,H,4,1,3,0,H,10.0,15.0,7.0,7.0,7.0,10.0,13.0,8.0,0.0,0.0,0.0,0.0
Nurnberg,Magdeburg,D2,2024,31/08/2024,A,0,4,0,1,A,7.0,14.0,3.0,7.0,3.0,9.0,7.0,12.0,0.0,1.0,0.0,0.0
Kaiserslautern,Hertha,D2,2024,31/08/2024,A,3,4,2,1,H,24.0,17.0,9.0,8.0,11.0,7.0,6.0,10.0,1.0,1.0,0.0,0.0
Braunschweig,Karlsruhe,D2,2024,01/09/2024,A,1,2,1,0,H,7.0,11.0,1.0,3.0,1.0,6.0,9.0,10.0,2.0,1.0,0.0,0.0
Paderborn,Ulm,D2,2024,01/09/2024,D,0,0,0,0,D,18.0,11.0,1.0,3.0,4.0,4.0,13.0,12.0,3.0,3.0,0.0,0.0
Schalke 04,FC Koln,D2,2024,01/09/2024,A,1,3,0,2,A,15.0,11.0,7.0,6.0,6.0,3.0,6.0,17.0,2.0,4.0,0.0,0.0
Karlsruhe,Schalke 04,D2,2024,13/09/2024,H,2,0,1,0,H,14.0,8.0,4.0,2.0,4.0,3.0,8.0,14.0,4.0,1.0,0.0,0.0
Preußen Münster,Paderborn,D2,2024,13/09/2024,D,3,3,1,1,D,11.0,20.0,4.0,9.0,7.0,6.0,6.0,10.0,2.0,3.0,0.0,0.0
Darmstadt,Braunschweig,D2,2024,14/09/2024,D,1,1,1,0,H,15.0,14.0,3.0,3.0,2.0,10.0,10.0,13.0,1.0,7.0,0.0,0.0
Hannover,Kaiserslautern,D2,2024,14/09/2024,H,3,1,1,0,H,18.0,14.0,9.0,4.0,10.0,3.0,20.0,8.0,5.0,3.0,0.0,0.0
Ulm,Nurnberg,D2,2024,14/09/2024,A,1,2,0,0,D,12.0,15.0,3.0,8.0,2.0,6.0,11.0,13.0,5.0,6.0,0.0,1.0
FC Koln,Magdeburg,D2,2024,14/09/2024,A,1,2,0,0,D,33.0,11.0,13.0,4.0,10.0,2.0,13.0,10.0,4.0,3.0,0.0,0.0
Greuther Furth,Elversberg,D2,2024,15/09/2024,D,0,0,0,0,D,10.0,15.0,2.0,6.0,8.0,6.0,10.0,13.0,3.0,1.0,0.0,0.0
Hamburg,Regensburg,D2,2024,15/09/2024,H,5,0,2,0,H,16.0,4.0,8.0,1.0,5.0,4.0,12.0,11.0,4.0,5.0,0.0,0.0
Hertha,Fortuna Dusseldorf,D2,2024,15/09/2024,A,0,2,0,1,A,12.0,11.0,5.0,7.0,6.0,4.0,15.0,12.0,4.0,3.0,0.0,0.0
Paderborn,Hannover,D2,2024,20/09/2024,H,2,1,1,1,D,14.0,17.0,5.0,9.0,5.0,11.0,15.0,11.0,2.0,2.0,0.0,0.0
Schalke 04,Darmstadt,D2,2024,20/09/2024,A,3,5,3,1,H,18.0,11.0,7.0,9.0,3.0,3.0,13.0,14.0,4.0,7.0,0.0,0.0
Braunschweig,Greuther Furth,D2,2024,21/09/2024,H,2,0,1,0,H,20.0,9.0,11.0,1.0,8.0,1.0,13.0,18.0,3.0,6.0,0.0,0.0
Fortuna Dusseldorf,FC Koln,D2,2024,21/09/2024,D,2,2,1,1,D,9.0,24.0,5.0,13.0,4.0,8.0,9.0,11.0,2.0,2.0,0.0,0.0
Nurnberg,Hertha,D2,2024,21/09/2024,A,0,2,0,1,A,7.0,19.0,3.0,9.0,7.0,4.0,13.0,20.0,2.0,3.0,0.0,0.0
Kaiserslautern,Hamburg,D2,2024,21/09/2024,D,2,2,1,0,H,10.0,17.0,4.0,8.0,3.0,10.0,9.0,13.0,2.0,3.0,0.0,0.0
Elversberg,Ulm,D2,2024,22/09/2024,A,1,3,0,1,A,19.0,18.0,4.0,4.0,9.0,8.0,9.0,13.0,3.0,2.0,0.0,0.0
Magdeburg,Karlsruhe,D2,2024,22/09/2024,D,2,2,1,2,A,13.0,7.0,4.0,3.0,2.0,5.0,9.0,9.0,3.0,3.0,0.0,0.0
Regensburg,Preußen Münster,D2,2024,22/09/2024,A,0,3,0,1,A,20.0,11.0,3.0,7.0,7.0,4.0,13.0,23.0,3.0,1.0,0.0,0.0
Greuther Furth,Fortuna Dusseldorf,D2,2024,27/09/2024,A,1,2,1,1,D,15.0,12.0,1.0,3.0,6.0,0.0,15.0,10.0,1.0,1.0,0.0,0.0
Ulm,Braunschweig,D2,2024,27/09/2024,H,3,1,2,0,H,18.0,9.0,6.0,1.0,3.0,5.0,11.0,15.0,2.0,5.0,0.0,1.0
Darmstadt,Magdeburg,D2,2024,28/09/2024,A,1,2,1,1,D,17.0,11.0,7.0,3.0,8.0,4.0,12.0,16.0,4.0,5.0,0.0,1.0
Hamburg,Paderborn,D2,2024,28/09/2024,D,2,2,0,0,D,17.0,12.0,7.0,6.0,7.0,3.0,18.0,12.0,3.0,3.0,0.0,0.0
Regensburg,Kaiserslautern,D2,2024,28/09/2024,D,0,0,0,0,D,7.0,9.0,2.0,4.0,4.0,4.0,9.0,14.0,2.0,4.0,0.0,0.0
Preußen Münster,Schalke 04,D2,2024,28/09/2024,A,1,2,0,0,D,19.0,14.0,4.0,4.0,7.0,4.0,11.0,9.0,3.0,3.0,0.0,0.0
FC Koln,Karlsruhe,D2,2024,29/09/2024,D,4,4,4,2,H,16.0,19.0,5.0,7.0,3.0,8.0,8.0,9.0,0.0,3.0,0.0,0.0
Hannover,Nurnberg,D2,2024,29/09/2024,H,2,0,0,0,D,13.0,10.0,6.0,4.0,7.0,4.0,16.0,16.0,2.0,2.0,0.0,0.0
Hertha,Elversberg,D2,2024,29/09/2024,A,1,4,0,2,A,11.0,11.0,4.0,9.0,7.0,7.0,17.0,7.0,3.0,5.0,0.0,0.0
Karlsruhe,Darmstadt,D2,2024,04/10/2024,D,3,3,2,1,H,13.0,18.0,5.0,9.0,3.0,6.0,10.0,6.0,4.0,1.0,0.0,0.0
Paderborn,Regensburg,D2,2024,04/10/2024,H,3,0,1,0,H,22.0,10.0,9.0,1.0,9.0,6.0,9.0,8.0,2.0,3.0,0.0,0.0
Elversberg,Kaiserslautern,D2,2024,05/10/2024,H,1,0,0,0,D,13.0,16.0,3.0,3.0,6.0,5.0,17.0,18.0,3.0,2.0,0.0,0.0
FC Koln,Ulm,D2,2024,05/10/2024,H,2,0,1,0,H,21.0,3.0,4.0,0.0,7.0,4.0,15.0,7.0,4.0,1.0,0.0,1.0
Nurnberg,Preußen Münster,D2,2024,05/10/2024,H,3,2,1,2,A,17.0,15.0,7.0,4.0,7.0,3.0,13.0,19.0,1.0,3.0,0.0,0.0
Schalke 04,Hertha,D2,2024,05/10/2024,D,2,2,2,1,H,14.0,17.0,3.0,5.0,2.0,6.0,8.0,16.0,4.0,4.0,0.0,0.0
Braunschweig,Hannover,D2,2024,06/10/2024,H,2,0,1,0,H,22.0,17.0,12.0,1.0,6.0,8.0,16.0,13.0,2.0,4.0,0.0,0.0
Fortuna Dusseldorf,Hamburg,D2,2024,06/10/2024,A,0,3,0,1,A,22.0,18.0,7.0,5.0,10.0,3.0,8.0,9.0,2.0,2.0,1.0,0.0
Magdeburg,Greuther Furth,D2,2024,06/10/2024,D,2,2,2,1,H,15.0,18.0,6.0,3.0,5.0,7.0,16.0,16.0,3.0,0.0,0.0,0.0
Darmstadt,FC Koln,D2,2024,18/10/2024,H,5,1,2,1,H,11.0,15.0,6.0,6.0,3.0,6.0,11.0,10.0,2.0,3.0,0.0,0.0
Hertha,Braunschweig,D2,2024,18/10/2024,H,3,1,0,1,A,16.0,5.0,7.0,2.0,7.0,5.0,9.0,7.0,4.0,1.0,0.0,1.0
Hannover,Schalke 04,D2,2024,19/10/2024,H,1,0,1,0,H,15.0,7.0,3.0,2.0,7.0,2.0,15.0,14.0,0.0,4.0,0.0,0.0
Preußen Münster,Elversberg,D2,2024,19/10/2024,D,1,1,1,0,H,5.0,17.0,1.0,4.0,3.0,8.0,13.0,7.0,4.0,2.0,0.0,0.0
Regensburg,Fortuna Dusseldorf,D2,2024,19/10/2024,A,0,3,0,1,A,10.0,15.0,5.0,4.0,4.0,8.0,19.0,11.0,4.0,1.0,2.0,0.0
Kaiserslautern,Paderborn,D2,2024,19/10/2024,H,3,0,1,0,H,13.0,13.0,8.0,2.0,5.0,5.0,12.0,15.0,3.0,3.0,0.0,1.0
Greuther Furth,Nurnberg,D2,2024,20/10/2024,A,0,4,0,3,A,9.0,13.0,4.0,7.0,3.0,3.0,20.0,10.0,3.0,2.0,0.0,0.0
Hamburg,Magdeburg,D2,2024,20/10/2024,H,3,1,3,0,H,13.0,14.0,5.0,3.0,4.0,7.0,7.0,10.0,2.0,2.0,1.0,0.0
Ulm,Karlsruhe,D2,2024,20/10/2024,A,0,1,0,0,D,11.0,16.0,2.0,3.0,5.0,12.0,5.0,6.0,3.0,3.0,0.0,0.0
FC Koln,Paderborn,D2,2024,25/10/2024,A,1,2,0,0,D,12.0,9.0,3.0,4.0,6.0,3.0,6.0,11.0,1.0,4.0,0.0,0.0
Nurnberg,Regensburg,D2,2024,25/10/2024,H,8,3,3,2,H,20.0,16.0,12.0,7.0,3.0,3.0,13.0,13.0,0.0,3.0,0.0,0.0
Elversberg,Hamburg,D2,2024,26/10/2024,H,4,2,1,1,D,18.0,9.0,10.0,4.0,6.0,3.0,10.0,14.0,0.0,0.0,0.0,0.0
Karlsruhe,Hertha,D2,2024,26/10/2024,A,1,3,1,1,D,13.0,10.0,4.0,8.0,7.0,2.0,12.0,13.0,6.0,4.0,0.0,0.0
Schalke 04,Greuther Furth,D2,2024,26/10/2024,A,3,4,1,3,A,21.0,18.0,6.0,7.0,6.0,5.0,13.0,13.0,6.0,3.0,1.0,0.0
Fortuna Dusseldorf,Kaiserslautern,D2,2024,26/10/2024,A,3,4,1,1,D,14.0,12.0,7.0,6.0,4.0,3.0,10.0,8.0,2.0,3.0,0.0,0.0
Braunschweig,Preußen Münster,D2,2024,27/10/2024,D,1,1,1,1,D,9.0,8.0,2.0,4.0,2.0,4.0,8.0,16.0,2.0,2.0,0.0,0.0
Darmstadt,Ulm,D2,2024,27/10/2024,D,1,1,1,1,D,15.0,5.0,5.0,3.0,4.0,2.0,9.0,14.0,2.0,3.0,0.0,0.0
Magdeburg,Hannover,D2,2024,27/10/2024,A,0,3,0,2,A,20.0,12.0,5.0,6.0,10.0,3.0,9.0,16.0,3.0,3.0,0.0,0.0
Preußen Münster,Fortuna Dusseldorf,D2,2024,01/11/2024,H,1,0,1,0,H,6.0,11.0,4.0,2.0,3.0,11.0,9.0,10.0,0.0,2.0,0.0,0.0
Ulm,Schalke 04,D2,2024,01/11/2024,D,0,0,0,0,D,17.0,10.0,5.0,2.0,2.0,3.0,6.0,13.0,2.0,3.0,0.0,0.0
Greuther Furth,Darmstadt,D2,2024,02/11/2024,A,1,5,0,3,A,21.0,18.0,6.0,9.0,0.0,3.0,5.0,9.0,1.0,0.0,0.0,0.0
Hannover,Karlsruhe,D2,2024,02/11/2024,H,2,1,0,1,A,16.0,9.0,9.0,4.0,6.0,5.0,13.0,16.0,3.0,2.0,0.0,0.0
Regensburg,Elversberg,D2,2024,02/11/2024,H,1,0,1,0,H,9.0,14.0,2.0,5.0,6.0,10.0,9.0,8.0,1.0,2.0,1.0,0.0
Hertha,FC Koln,D2,2024,02/11/2024,A,0,1,0,1,A,10.0,12.0,4.0,2.0,6.0,3.0,10.0,16.0,4.0,2.0,0.0,0.0
Hamburg,Nurnberg,D2,2024,03/11/2024,D,1,1,1,0,H,12.0,18.0,4.0,11.0,5.0,11.0,10.0,12.0,1.0,3.0,0.0,0.0
Kaiserslautern,Magdeburg,D2,2024,03/11/2024,D,2,2,1,2,A,22.0,7.0,6.0,4.0,11.0,1.0,10.0,15.0,2.0,5.0,0.0,2.0
Paderborn,Braunschweig,D2,2024,03/11/2024,D,0,0,0,0,D,9.0,18.0,2.0,3.0,8.0,6.0,8.0,11.0,0.0,2.0,1.0,0.0
Braunschweig,Hamburg,D2,2024,08/11/2024,H,3,1,1,0,H,18.0,24.0,4.0,7.0,3.0,7.0,9.0,18.0,3.0,2.0,0.0,0.0
Nurnberg,Kaiserslautern,D2,2024,08/11/2024,D,0,0,0,0,D,13.0,12.0,5.0,2.0,12.0,1.0,9.0,13.0,1.0,3.0,0.0,0.0
Darmstadt,Hertha,D2,2024,09/11/2024,H,3,1,1,1,D,13.0,12.0,3.0,6.0,1.0,9.0,14.0,18.0,5.0,3.0,0.0,0.0
FC Koln,Greuther Furth,D2,2024,09/11/2024,H,1,0,0,0,D,23.0,4.0,2.0,1.0,10.0,4.0,9.0,7.0,2.0,4.0,0.0,0.0
Magdeburg,Ulm,D2,2024,09/11/2024,D,0,0,0,0,D,20.0,6.0,8.0,1.0,14.0,1.0,14.0,13.0,2.0,4.0,0.0,1.0
Fortuna Dusseldorf,Paderborn,D2,2024,09/11/2024,D,1,1,0,0,D,11.0,8.0,3.0,3.0,5.0,4.0,10.0,7.0,2.0,0.0,0.0,0.0
Elversberg,Hannover,D2,2024,10/11/2024,H,3,1,2,0,H,22.0,7.0,9.0,2.0,15.0,2.0,12.0,14.0,1.0,1.0,0.0,0.0
Karlsruhe,Preußen Münster,D2,2024,10/11/2024,D,1,1,1,0,H,13.0,14.0,2.0,6.0,8.0,7.0,14.0,10.0,1.0,3.0,0.0,0.0
Schalke 04,Regensburg,D2,2024,10/11/2024,H,2,0,1,0,H,15.0,8.0,4.0,1.0,6.0,2.0,8.0,7.0,1.0,3.0,0.0,0.0
Paderborn,Nurnberg,D2,2024,22/11/2024,H,3,2,1,1,D,11.0,12.0,6.0,4.0,7.0,5.0,11.0,12.0,0.0,0.0,0.0,0.0
Preußen Münster,FC Koln,D2,2024,22/11/2024,A,0,1,0,0,D,9.0,11.0,1.0,4.0,3.0,5.0,7.0,7.0,3.0,1.0,0.0,0.0
Fortuna Dusseldorf,Elversberg,D2,2024,23/11/2024,A,0,2,0,0,D,22.0,11.0,6.0,5.0,12.0,6.0,8.0,9.0,2.0,1.0,0.0,0.0
Greuther Furth,Karlsruhe,D2,2024,23/11/2024,A,2,3,1,0,H,13.0,14.0,5.0,3.0,7.0,5.0,10.0,11.0,2.0,2.0,0.0,0.0
Hannover,Darmstadt,D2,2024,23/11/2024,A,1,2,0,0,D,20.0,14.0,8.0,8.0,5.0,4.0,12.0,11.0,1.0,3.0,0.0,0.0
Hertha,Ulm,D2,2024,23/11/2024,D,2,2,1,1,D,14.0,13.0,6.0,5.0,4.0,5.0,13.0,11.0,0.0,0.0,0.0,0.0
Hamburg,Schalke 04,D2,2024,23/11/2024,D,2,2,2,0,H,19.0,7.0,6.0,2.0,2.0,4.0,8.0,11.0,2.0,2.0,0.0,0.0
Kaiserslautern,Braunschweig,D2,2024,24/11/2024,H,3,2,3,1,H,14.0,10.0,7.0,6.0,7.0,6.0,15.0,14.0,1.0,4.0,0.0,0.0
Regensburg,Magdeburg,D2,2024,24/11/2024,A,0,1,0,1,A,11.0,9.0,1.0,3.0,7.0,4.0,11.0,13.0,4.0,4.0,0.0,0.0
Magdeburg,Hertha,D2,2024,29/11/2024,A,1,3,0,0,D,12.0,12.0,2.0,7.0,5.0,1.0,10.0,10.0,3.0,3.0,0.0,0.0
Schalke 04,Kaiserslautern,D2,2024,29/11/2024,A,0,3,0,1,A,16.0,16.0,6.0,9.0,7.0,3.0,14.0,18.0,1.0,4.0,0.0,0.0
Braunschweig,Regensburg,D2,2024,30/11/2024,D,0,0,0,0,D,8.0,18.0,1.0,5.0,2.0,10.0,16.0,11.0,3.0,3.0,0.0,0.0
Elversberg,Paderborn,D2,2024,30/11/2024,A,1,3,1,1,D,6.0,17.0,2.0,6.0,1.0,6.0,10.0,11.0,0.0,0.0,0.0,0.0
FC Koln,Hannover,D2,2024,30/11/2024,D,2,2,0,1,A,15.0,5.0,3.0,3.0,10.0,4.0,15.0,10.0,1.0,1.0,0.0,1.0
Darmstadt,Preußen Münster,D2,2024,30/11/2024,D,0,0,0,0,D,15.0,4.0,2.0,2.0,6.0,1.0,10.0,18.0,3.0,4.0,0.0,0.0
Karlsruhe,Hamburg,D2,2024,01/12/2024,A,1,3,1,1,D,18.0,19.0,4.0,8.0,7.0,7.0,8.0,8.0,4.0,4.0,0.0,0.0
Nurnberg,Fortuna Dusseldorf,D2,2024,01/12/2024,D,2,2,1,0,H,14.0,15.0,5.0,6.0,12.0,5.0,8.0,11.0,2.0,5.0,0.0,0.0
Ulm,Greuther Furth,D2,2024,01/12/2024,D,1,1,1,1,D,8.0,14.0,5.0,2.0,4.0,3.0,11.0,15.0,5.0,4.0,0.0,0.0
Elversberg,Nurnberg,D2,2024,06/12/2024,H,2,1,1,1,D,20.0,14.0,5.0,6.0,8.0,8.0,13.0,14.0,2.0,3.0,0.0,0.0
Paderborn,Schalke 04,D2,2024,06/12/2024,A,2,4,1,2,A,5.0,25.0,4.0,10.0,2.0,9.0,10.0,11.0,1.0,3.0,0.0,0.0
Greuther Furth,Hertha,D2,2024,07/12/2024,H,2,1,1,1,D,14.0,13.0,5.0,3.0,6.0,10.0,8.0,11.0,4.0,3.0,1.0,0.0
Hannover,Ulm,D2,2024,07/12/2024,H,3,2,0,1,A,23.0,8.0,8.0,3.0,7.0,2.0,9.0,10.0,3.0,2.0,0.0,0.0
Kaiserslautern,Karlsruhe,D2,2024,07/12/2024,H,3,1,1,0,H,9.0,9.0,5.0,1.0,3.0,3.0,17.0,19.0,5.0,1.0,0.0,0.0
Preußen Münster,Magdeburg,D2,2024,07/12/2024,A,1,2,1,1,D,15.0,15.0,4.0,5.0,3.0,5.0,14.0,13.0,3.0,3.0,0.0,0.0
Fortuna Dusseldorf,Braunschweig,D2,2024,08/12/2024,H,5,0,3,0,H,19.0,14.0,7.0,5.0,7.0,5.0,8.0,10.0,1.0,4.0,0.0,0.0
Hamburg,Darmstadt,D2,2024,08/12/2024,D,2,2,2,1,H,16.0,19.0,7.0,6.0,2.0,8.0,11.0,8.0,2.0,4.0,0.0,0.0
Regensburg,FC Koln,D2,2024,08/12/2024,A,0,1,0,1,A,11.0,13.0,2.0,3.0,4.0,6.0,10.0,17.0,1.0,3.0,0.0,0.0
Hertha,Preußen Münster,D2,2024,13/12/2024,A,1,2,1,0,H,13.0,12.0,4.0,3.0,9.0,2.0,16.0,14.0,2.0,4.0,0.0,0.0
Karlsruhe,Regensburg,D2,2024,13/12/2024,H,4,2,1,1,D,16.0,14.0,8.0,5.0,4.0,0.0,12.0,17.0,4.0,2.0,0.0,0.0
Magdeburg,Paderborn,D2,2024,14/12/2024,D,1,1,0,0,D,13.0,13.0,4.0,6.0,7.0,7.0,12.0,11.0,5.0,1.0,0.0,0.0
Schalke 04,Fortuna Dusseldorf,D2,2024,14/12/2024,D,1,1,0,0,D,17.0,7.0,10.0,3.0,6.0,2.0,7.0,11.0,1.0,4.0,0.0,0.0
Ulm,Hamburg,D2,2024,14/12/2024,D,1,1,1,0,H,15.0,6.0,5.0,2.0,5.0,2.0,14.0,17.0,3.0,6.0,0.0,1.0
Darmstadt,Kaiserslautern,D2,2024,14/12/2024,H,5,1,2,0,H,16.0,10.0,11.0,3.0,3.0,4.0,10.0,12.0,1.0,2.0,0.0,0.0
Braunschweig,Elversberg,D2,2024,15/12/2024,A,0,3,0,0,D,9.0,17.0,3.0,8.0,6.0,5.0,16.0,10.0,4.0,3.0,0.0,0.0
FC Koln,Nurnberg,D2,2024,15/12/2024,H,3,1,3,0,H,14.0,17.0,5.0,4.0,3.0,4.0,13.0,11.0,4.0,2.0,0.0,0.0
Greuther Furth,Hannover,D2,2024,15/12/2024,H,1,0,0,0,D,10.0,8.0,2.0,2.0,4.0,4.0,13.0,14.0,2.0,1.0,0.0,0.0
Elversberg,Schalke 04,D2,2024,20/12/2024,A,1,4,1,1,D,16.0,14.0,5.0,6.0,4.0,1.0,10.0,11.0,3.0,1.0,0.0,0.0
Fortuna Dusseldorf,Magdeburg,D2,2024,20/12/2024,A,2,5,2,1,H,13.0,16.0,6.0,11.0,4.0,1.0,8.0,8.0,3.0,3.0,1.0,0.0
Hamburg,Greuther Furth,D2,2024,21/12/2024,H,5,0,3,0,H,14.0,5.0,9.0,3.0,3.0,4.0,16.0,7.0,2.0,1.0,0.0,0.0
Paderborn,Karlsruhe,D2,2024,21/12/2024,A,1,2,1,2,A,22.0,8.0,9.0,5.0,10.0,2.0,9.0,8.0,2.0,3.0,0.0,0.0
Preußen Münster,Ulm,D2,2024,21/12/2024,D,0,0,0,0,D,6.0,13.0,1.0,4.0,1.0,3.0,19.0,15.0,4.0,1.0,0.0,0.0
Nurnberg,Braunschweig,D2,2024,21/12/2024,H,1,0,0,0,D,15.0,9.0,5.0,2.0,7.0,3.0,12.0,9.0,1.0,3.0,0.0,1.0
Hannover,Hertha,D2,2024,22/12/2024,D,0,0,0,0,D,7.0,17.0,1.0,4.0,7.0,5.0,5.0,14.0,3.0,4.0,1.0,1.0
Kaiserslautern,FC Koln,D2,2024,22/12/2024,A,0,1,0,1,A,10.0,12.0,4.0,7.0,10.0,5.0,8.0,10.0,2.0,3.0,0.0,0.0
Regensburg,Darmstadt,D2,2024,22/12/2024,H,2,1,0,0,D,14.0,21.0,5.0,6.0,6.0,9.0,15.0,9.0,5.0,2.0,0.0,0.0
Fortuna Dusseldorf,Darmstadt,D2,2024,17/01/2025,D,2,2,1,0,H,16.0,15.0,7.0,5.0,7.0,5.0,19.0,9.0,4.0,1.0,0.0,0.0
Regensburg,Hannover,D2,2024,17/01/2025,A,0,1,0,1,A,9.0,11.0,1.0,3.0,4.0,8.0,18.0,16.0,1.0,1.0,0.0,0.0
Braunschweig,Schalke 04,D2,2024,18/01/2025,D,0,0,0,0,D,4.0,18.0,1.0,1.0,0.0,5.0,14.0,14.0,4.0,4.0,1.0,0.0
Kaiserslautern,Ulm,D2,2024,18/01/2025,H,2,1,2,1,H,22.0,15.0,8.0,7.0,7.0,5.0,14.0,15.0,2.0,3.0,0.0,0.0
Preußen Münster,Greuther Furth,D2,2024,18/01/2025,H,2,1,1,1,D,15.0,14.0,4.0,3.0,4.0,3.0,16.0,7.0,3.0,5.0,0.0,1.0
Hamburg,FC Koln,D2,2024,18/01/2025,H,1,0,0,0,D,14.0,7.0,5.0,1.0,6.0,6.0,14.0,16.0,3.0,4.0,0.0,0.0
Elversberg,Magdeburg,D2,2024,19/01/2025,A,2,5,2,0,H,9.0,21.0,4.0,10.0,6.0,3.0,11.0,12.0,2.0,2.0,1.0,0.0
Nurnberg,Karlsruhe,D2,2024,19/01/2025,H,2,1,1,1,D,16.0,4.0,8.0,2.0,9.0,2.0,8.0,12.0,3.0,5.0,0.0,0.0
Paderborn,Hertha,D2,2024,19/01/2025,A,1,2,0,1,A,21.0,10.0,5.0,4.0,7.0,4.0,14.0,7.0,1.0,4.0,0.0,0.0
Greuther Furth,Kaiserslautern,D2,2024,24/01/2025,A,2,4,1,1,D,11.0,15.0,2.0,7.0,2.0,4.0,10.0,13.0,1.0,5.0,1.0,1.0
Magdeburg,Braunschweig,D2,2024,24/01/2025,D,1,1,1,0,H,15.0,8.0,4.0,2.0,10.0,6.0,9.0,13.0,0.0,0.0,0.0,0.0
FC Koln,Elversberg,D2,2024,25/01/2025,H,1,0,0,0,D,14.0,6.0,3.0,1.0,6.0,6.0,14.0,14.0,1.0,6.0,0.0,1.0
Karlsruhe,Fortuna Dusseldorf,D2,2024,25/01/2025,A,2,3,2,0,H,13.0,14.0,5.0,5.0,6.0,9.0,11.0,6.0,3.0,3.0,0.0,0.0
Schalke 04,Nurnberg,D2,2024,25/01/2025,H,3,1,3,1,H,12.0,16.0,4.0,6.0,1.0,5.0,3.0,6.0,0.0,0.0,0.0,0.0
Hertha,Hamburg,D2,2024,25/01/2025,A,2,3,0,1,A,12.0,10.0,4.0,5.0,8.0,4.0,10.0,10.0,1.0,4.0,0.0,0.0
Darmstadt,Paderborn,D2,2024,26/01/2025,A,0,1,0,1,A,13.0,11.0,5.0,4.0,3.0,11.0,11.0,17.0,2.0,6.0,0.0,0.0
Hannover,Preußen Münster,D2,2024,26/01/2025,D,2,2,1,1,D,18.0,11.0,5.0,4.0,6.0,1.0,9.0,5.0,4.0,1.0,0.0,0.0
Ulm,Regensburg,D2,2024,26/01/2025,H,5,1,3,0,H,17.0,5.0,8.0,1.0,9.0,0.0,10.0,17.0,0.0,0.0,0.0,0.0
Elversberg,Karlsruhe,D2,2024,31/01/2025,D,2,2,1,0,H,13.0,13.0,5.0,5.0,7.0,7.0,9.0,8.0,1.0,0.0,0.0,0.0
Nurnberg,Darmstadt,D2,2024,31/01/2025,H,1,0,0,0,D,13.0,11.0,5.0,1.0,6.0,1.0,11.0,8.0,3.0,1.0,0.0,0.0
Braunschweig,FC Koln,D2,2024,01/02/2025,A,1,2,1,2,A,14.0,14.0,4.0,6.0,10.0,4.0,11.0,8.0,4.0,2.0,0.0,0.0
Fortuna Dusseldorf,Ulm,D2,2024,01/02/2025,H,3,2,2,1,H,10.0,21.0,3.0,7.0,0.0,4.0,14.0,10.0,4.0,4.0,0.0,0.0
Regensburg,Hertha,D2,2024,01/02/2025,H,2,0,1,0,H,11.0,13.0,3.0,3.0,4.0,12.0,16.0,13.0,0.0,0.0,0.0,0.0
Schalke 04,Magdeburg,D2,2024,01/02/2025,A,2,5,0,2,A,18.0,18.0,9.0,11.0,5.0,6.0,9.0,7.0,4.0,1.0,0.0,0.0
Hamburg,Hannover,D2,2024,02/02/2025,D,2,2,1,0,H,19.0,16.0,4.0,4.0,6.0,3.0,11.0,17.0,4.0,2.0,0.0,0.0
Kaiserslautern,Preußen Münster,D2,2024,02/02/2025,H,2,1,0,0,D,14.0,18.0,4.0,5.0,4.0,4.0,16.0,14.0,1.0,6.0,0.0,0.0
Paderborn,Greuther Furth,D2,2024,02/02/2025,A,1,2,0,1,A,16.0,10.0,6.0,6.0,6.0,6.0,12.0,12.0,3.0,2.0,1.0,0.0
Greuther Furth,Regensburg,D2,2024,07/02/2025,H,2,1,2,1,H,19.0,12.0,4.0,2.0,9.0,3.0,10.0,14.0,1.0,3.0,0.0,0.0
Preußen Münster,Hamburg,D2,2024,07/02/2025,A,1,2,1,1,D,5.0,14.0,2.0,7.0,3.0,7.0,7.0,14.0,3.0,2.0,0.0,0.0
Darmstadt,Elversberg,D2,2024,08/02/2025,A,0,3,0,2,A,13.0,12.0,2.0,4.0,2.0,5.0,13.0,14.0,2.0,3.0,1.0,0.0
Magdeburg,Nurnberg,D2,2024,08/02/2025,A,3,4,1,3,A,22.0,10.0,8.0,5.0,10.0,2.0,12.0,9.0,1.0,3.0,0.0,0.0
Ulm,Paderborn,D2,2024,08/02/2025,A,0,2,0,0,D,7.0,9.0,3.0,5.0,4.0,5.0,6.0,20.0,1.0,4.0,1.0,0.0
Hertha,Kaiserslautern,D2,2024,08/02/2025,A,0,1,0,0,D,16.0,13.0,4.0,5.0,6.0,7.0,17.0,17.0,0.0,0.0,0.0,0.0
FC Koln,Schalke 04,D2,2024,09/02/2025,H,1,0,1,0,H,12.0,11.0,3.0,2.0,4.0,4.0,14.0,6.0,3.0,0.0,0.0,0.0
Hannover,Fortuna Dusseldorf,D2,2024,09/02/2025,D,1,1,1,1,D,16.0,5.0,3.0,2.0,6.0,1.0,10.0,14.0,1.0,3.0,0.0,0.0
Karlsruhe,Braunschweig,D2,2024,09/02/2025,A,0,2,0,1,A,28.0,12.0,4.0,6.0,10.0,5.0,13.0,14.0,0.0,0.0,0.0,0.0
Magdeburg,FC Koln,D2,2024,14/02/2025,H,3,0,0,0,D,10.0,14.0,5.0,5.0,3.0,14.0,7.0,11.0,0.0,2.0,0.0,0.0
Paderborn,Preußen Münster,D2,2024,14/02/2025,H,2,0,0,0,D,15.0,10.0,5.0,2.0,9.0,1.0,11.0,17.0,1.0,3.0,0.0,0.0
Braunschweig,Darmstadt,D2,2024,15/02/2025,H,1,0,0,0,D,12.0,12.0,9.0,1.0,3.0,1.0,12.0,17.0,3.0,7.0,0.0,1.0
Elversberg,Greuther Furth,D2,2024,15/02/2025,H,2,0,2,0,H,10.0,9.0,5.0,2.0,6.0,3.0,13.0,7.0,2.0,2.0,1.0,0.0
Kaiserslautern,Hannover,D2,2024,15/02/2025,D,0,0,0,0,D,17.0,24.0,5.0,7.0,2.0,9.0,10.0,16.0,2.0,2.0,0.0,0.0
Fortuna Dusseldorf,Hertha,D2,2024,15/02/2025,H,2,1,0,1,A,9.0,21.0,4.0,3.0,4.0,7.0,9.0,10.0,1.0,0.0,0.0,0.0
Nurnberg,Ulm,D2,2024,16/02/2025,H,2,0,0,0,D,18.0,7.0,6.0,1.0,11.0,5.0,14.0,9.0,0.0,0.0,0.0,0.0
Regensburg,Hamburg,D2,2024,16/02/2025,D,1,1,1,0,H,15.0,14.0,4.0,6.0,9.0,7.0,19.0,15.0,1.0,5.0,0.0,1.0
Schalke 04,Karlsruhe,D2,2024,16/02/2025,H,2,1,2,1,H,20.0,14.0,4.0,4.0,7.0,4.0,11.0,8.0,1.0,1.0,0.0,0.0
Hamburg,Kaiserslautern,D2,2024,21/02/2025,H,3,0,1,0,H,15.0,13.0,8.0,2.0,11.0,2.0,11.0,7.0,1.0,1.0,0.0,0.0
Hertha,Nurnberg,D2,2024,21/02/2025,D,0,0,0,0,D,16.0,4.0,3.0,3.0,6.0,4.0,20.0,9.0,2.0,2.0,0.0,0.0
Karlsruhe,Magdeburg,D2,2024,22/02/2025,H,3,1,1,1,D,7.0,14.0,4.0,4.0,3.0,6.0,18.0,15.0,1.0,4.0,0.0,1.0
Preußen Münster,Regensburg,D2,2024,22/02/2025,H,2,0,1,0,H,14.0,8.0,4.0,2.0,4.0,3.0,20.0,11.0,6.0,3.0,0.0,0.0
Ulm,Elversberg,D2,2024,22/02/2025,D,0,0,0,0,D,14.0,11.0,1.0,5.0,4.0,4.0,13.0,11.0,4.0,3.0,0.0,0.0
Hannover,Paderborn,D2,2024,22/02/2025,D,1,1,1,0,H,7.0,17.0,1.0,6.0,4.0,6.0,16.0,19.0,3.0,0.0,1.0,0.0
Darmstadt,Schalke 04,D2,2024,23/02/2025,H,2,0,2,0,H,12.0,5.0,3.0,2.0,3.0,11.0,13.0,15.0,4.0,5.0,0.0,1.0
FC Koln,Fortuna Dusseldorf,D2,2024,23/02/2025,D,1,1,0,0,D,16.0,10.0,4.0,3.0,7.0,0.0,13.0,7.0,2.0,4.0,0.0,0.0
Greuther Furth,Braunschweig,D2,2024,23/02/2025,H,3,0,1,0,H,19.0,8.0,7.0,2.0,3.0,5.0,5.0,10.0,4.0,3.0,0.0,0.0
Fortuna Dusseldorf,Greuther Furth,D2,2024,28/02/2025,A,1,2,1,1,D,8.0,11.0,3.0,5.0,6.0,4.0,10.0,5.0,3.0,1.0,0.0,0.0
Schalke 04,Preußen Münster,D2,2024,28/02/2025,H,1,0,0,0,D,16.0,13.0,6.0,5.0,10.0,7.0,10.0,8.0,1.0,1.0,0.0,0.0
Braunschweig,Ulm,D2,2024,01/03/2025,D,1,1,0,1,A,18.0,11.0,2.0,4.0,8.0,4.0,18.0,14.0,2.0,4.0,0.0,0.0
Kaiserslautern,Regensburg,D2,2024,01/03/2025,H,3,0,0,0,D,18.0,17.0,11.0,5.0,7.0,7.0,11.0,15.0,1.0,4.0,0.0,0.0
Nurnberg,Hannover,D2,2024,01/03/2025,A,1,2,1,1,D,9.0,12.0,1.0,5.0,4.0,2.0,13.0,26.0,2.0,5.0,0.0,0.0
Karlsruhe,FC Koln,D2,2024,01/03/2025,H,1,0,0,0,D,6.0,11.0,1.0,5.0,3.0,2.0,16.0,15.0,4.0,3.0,0.0,0.0
Elversberg,Hertha,D2,2024,02/03/2025,H,4,0,4,0,H,11.0,7.0,5.0,3.0,7.0,6.0,7.0,18.0,0.0,1.0,0.0,0.0
Magdeburg,Darmstadt,D2,2024,02/03/2025,H,4,1,0,1,A,17.0,14.0,10.0,6.0,12.0,4.0,14.0,12.0,1.0,4.0,0.0,0.0
Paderborn,Hamburg,D2,2024,02/03/2025,H,2,0,1,0,H,15.0,15.0,5.0,4.0,9.0,3.0,13.0,11.0,2.0,1.0,0.0,0.0
Darmstadt,Karlsruhe,D2,2024,07/03/2025,H,3,0,1,0,H,24.0,7.0,12.0,2.0,2.0,3.0,6.0,10.0,0.0,2.0,0.0,0.0
Kaiserslautern,Elversberg,D2,2024,07/03/2025,D,1,1,1,0,H,12.0,14.0,4.0,6.0,7.0,3.0,15.0,15.0,4.0,2.0,0.0,0.0
Greuther Furth,Magdeburg,D2,2024,08/03/2025,D,1,1,1,1,D,9.0,12.0,2.0,3.0,1.0,9.0,9.0,10.0,2.0,2.0,0.0,0.0
Hertha,Schalke 04,D2,2024,08/03/2025,A,1,2,0,1,A,15.0,8.0,5.0,3.0,3.0,5.0,13.0,4.0,2.0,3.0,0.0,0.0
Ulm,FC Koln,D2,2024,08/03/2025,A,0,1,0,0,D,15.0,13.0,1.0,3.0,3.0,7.0,9.0,11.0,0.0,1.0,0.0,0.0
Hamburg,Fortuna Dusseldorf,D2,2024,08/03/2025,H,4,1,2,1,H,18.0,9.0,9.0,1.0,8.0,3.0,11.0,9.0,1.0,4.0,0.0,0.0
Hannover,Braunschweig,D2,2024,09/03/2025,D,1,1,0,0,D,15.0,13.0,3.0,7.0,5.0,10.0,12.0,11.0,2.0,3.0,0.0,0.0
Preußen Münster,Nurnberg,D2,2024,09/03/2025,A,0,1,0,0,D,22.0,14.0,5.0,6.0,5.0,3.0,19.0,12.0,4.0,1.0,0.0,0.0
Regensburg,Paderborn,D2,2024,09/03/2025,D,0,0,0,0,D,5.0,13.0,0.0,3.0,3.0,10.0,19.0,17.0,3.0,2.0,0.0,0.0
Magdeburg,Hamburg,D2,2024,14/03/2025,A,0,3,0,2,A,16.0,14.0,2.0,6.0,3.0,3.0,6.0,8.0,1.0,2.0,0.0,0.0
Schalke 04,Hannover,D2,2024,14/03/2025,A,1,2,1,0,H,10.0,12.0,4.0,4.0,5.0,7.0,16.0,9.0,2.0,3.0,0.0,0.0
Elversberg,Preußen Münster,D2,2024,15/03/2025,A,0,1,0,0,D,17.0,6.0,4.0,1.0,4.0,2.0,10.0,16.0,0.0,3.0,0.0,0.0
Fortuna Dusseldorf,Regensburg,D2,2024,15/03/2025,H,1,0,1,0,H,17.0,10.0,8.0,0.0,5.0,4.0,14.0,17.0,1.0,1.0,0.0,0.0
Paderborn,Kaiserslautern,D2,2024,15/03/2025,H,5,3,3,2,H,12.0,14.0,7.0,5.0,4.0,5.0,16.0,12.0,3.0,2.0,0.0,0.0
FC Koln,Darmstadt,D2,2024,15/03/2025,H,2,1,1,1,D,20.0,9.0,6.0,5.0,6.0,3.0,13.0,12.0,1.0,3.0,0.0,1.0
Braunschweig,Hertha,D2,2024,16/03/2025,A,1,5,0,3,A,14.0,14.0,3.0,12.0,4.0,3.0,8.0,11.0,0.0,1.0,0.0,0.0
Karlsruhe,Ulm,D2,2024,16/03/2025,D,0,0,0,0,D,17.0,14.0,5.0,3.0,4.0,2.0,13.0,14.0,1.0,3.0,0.0,0.0
Nurnberg,Greuther Furth,D2,2024,16/03/2025,H,3,0,3,0,H,6.0,7.0,5.0,1.0,1.0,6.0,12.0,10.0,3.0,2.0,0.0,0.0
Hamburg,Elversberg,D2,2024,28/03/2025,D,0,0,0,0,D,15.0,14.0,3.0,3.0,8.0,4.0,12.0,10.0,0.0,3.0,0.0,0.0
Ulm,Darmstadt,D2,2024,28/03/2025,H,2,1,0,0,D,12.0,19.0,4.0,7.0,5.0,4.0,13.0,12.0,5.0,1.0,0.0,0.0
Hannover,Magdeburg,D2,2024,29/03/2025,D,0,0,0,0,D,14.0,13.0,3.0,4.0,12.0,4.0,9.0,14.0,0.0,2.0,0.0,0.0
Hertha,Karlsruhe,D2,2024,29/03/2025,H,3,1,1,0,H,14.0,12.0,4.0,2.0,4.0,5.0,7.0,12.0,3.0,5.0,0.0,0.0
Paderborn,FC Koln,D2,2024,29/03/2025,A,1,2,1,1,D,23.0,18.0,8.0,7.0,6.0,6.0,14.0,12.0,3.0,1.0,0.0,0.0
Kaiserslautern,Fortuna Dusseldorf,D2,2024,29/03/2025,H,3,1,1,0,H,13.0,8.0,7.0,4.0,5.0,5.0,13.0,13.0,2.0,5.0,0.0,0.0
Greuther Furth,Schalke 04,D2,2024,30/03/2025,D,3,3,2,1,H,13.0,12.0,8.0,5.0,4.0,6.0,11.0,10.0,2.0,3.0,0.0,0.0
Preußen Münster,Braunschweig,D2,2024,30/03/2025,D,1,1,1,1,D,14.0,9.0,2.0,2.0,4.0,3.0,16.0,14.0,4.0,2.0,0.0,0.0
Regensburg,Nurnberg,D2,2024,30/03/2025,H,2,1,0,1,A,8.0,13.0,3.0,4.0,3.0,6.0,21.0,14.0,3.0,3.0,0.0,0.0
Braunschweig,Paderborn,D2,2024,04/04/2025,H,3,2,1,1,D,10.0,20.0,5.0,6.0,0.0,4.0,9.0,9.0,1.0,2.0,0.0,0.0
Karlsruhe,Hannover,D2,2024,04/04/2025,H,1,0,0,0,D,13.0,17.0,4.0,1.0,5.0,6.0,12.0,14.0,4.0,1.0,0.0,0.0
Darmstadt,Greuther Furth,D2,2024,05/04/2025,H,1,0,0,0,D,14.0,5.0,4.0,1.0,6.0,3.0,9.0,14.0,0.0,1.0,0.0,0.0
Fortuna Dusseldorf,Preußen Münster,D2,2024,05/04/2025,H,1,0,1,0,H,11.0,24.0,4.0,4.0,5.0,7.0,15.0,13.0,2.0,1.0,1.0,0.0
Nurnberg,Hamburg,D2,2024,05/04/2025,A,0,3,0,2,A,9.0,24.0,3.0,8.0,7.0,7.0,5.0,10.0,4.0,2.0,1.0,0.0
FC Koln,Hertha,D2,2024,05/04/2025,A,0,1,0,0,D,15.0,17.0,4.0,5.0,7.0,5.0,11.0,8.0,1.0,4.0,0.0,0.0
Elversberg,Regensburg,D2,2024,06/04/2025,H,6,0,3,0,H,14.0,11.0,7.0,4.0,0.0,4.0,7.0,22.0,2.0,3.0,0.0,0.0
Magdeburg,Kaiserslautern,D2,2024,06/04/2025,H,2,0,2,0,H,7.0,17.0,4.0,2.0,3.0,5.0,18.0,13.0,3.0,1.0,0.0,0.0
Schalke 04,Ulm,D2,2024,06/04/2025,H,2,1,0,1,A,17.0,13.0,4.0,5.0,4.0,2.0,15.0,10.0,3.0,0.0,1.0,0.0
Greuther Furth,FC Koln,D2,2024,11/04/2025,D,1,1,1,1,D,16.0,14.0,7.0,5.0,5.0,5.0,18.0,15.0,1.0,6.0,0.0,0.0
Hamburg,Braunschweig,D2,2024,11/04/2025,A,2,4,0,2,A,11.0,16.0,5.0,5.0,5.0,4.0,15.0,7.0,3.0,4.0,0.0,0.0
Hannover,Elversberg,D2,2024,12/04/2025,A,1,3,1,0,H,11.0,22.0,3.0,5.0,5.0,5.0,9.0,12.0,1.0,3.0,0.0,0.0
Hertha,Darmstadt,D2,2024,12/04/2025,D,1,1,0,0,D,8.0,12.0,1.0,4.0,6.0,5.0,13.0,11.0,2.0,3.0,0.0,0.0
Ulm,Magdeburg,D2,2024,12/04/2025,H,1,0,1,0,H,7.0,14.0,4.0,3.0,5.0,3.0,16.0,9.0,3.0,2.0,0.0,0.0
Kaiserslautern,Nurnberg,D2,2024,12/04/2025,A,1,2,0,1,A,25.0,5.0,12.0,3.0,12.0,2.0,14.0,12.0,2.0,5.0,0.0,0.0
Paderborn,Fortuna Dusseldorf,D2,2024,13/04/2025,A,1,2,0,1,A,23.0,8.0,7.0,4.0,4.0,2.0,12.0,7.0,2.0,3.0,1.0,0.0
Preußen Münster,Karlsruhe,D2,2024,13/04/2025,D,1,1,0,1,A,11.0,12.0,5.0,6.0,8.0,6.0,18.0,11.0,5.0,1.0,0.0,0.0
Regensburg,Schalke 04,D2,2024,13/04/2025,H,2,0,1,0,H,10.0,12.0,6.0,1.0,4.0,8.0,12.0,11.0,2.0,4.0,0.0,0.0
Braunschweig,Kaiserslautern,D2,2024,19/04/2025,H,2,0,0,0,D,19.0,13.0,5.0,2.0,6.0,3.0,13.0,12.0,5.0,3.0,0.0,0.0
Elversberg,Fortuna Dusseldorf,D2,2024,19/04/2025,D,1,1,0,0,D,25.0,5.0,6.0,2.0,7.0,0.0,3.0,7.0,0.0,1.0,0.0,0.0
Nurnberg,Paderborn,D2,2024,19/04/2025,A,2,3,1,1,D,3.0,16.0,2.0,6.0,3.0,7.0,10.0,17.0,3.0,4.0,0.0,0.0
Schalke 04,Hamburg,D2,2024,19/04/2025,D,2,2,1,2,A,12.0,26.0,3.0,12.0,4.0,2.0,8.0,12.0,3.0,3.0,1.0,0.0
Darmstadt,Hannover,D2,2024,20/04/2025,H,3,1,1,0,H,12.0,13.0,7.0,5.0,4.0,8.0,14.0,15.0,2.0,4.0,0.0,0.0
FC Koln,Preußen Münster,D2,2024,20/04/2025,H,3,1,2,1,H,19.0,9.0,7.0,4.0,5.0,12.0,15.0,13.0,1.0,1.0,0.0,0.0
Karlsruhe,Greuther Furth,D2,2024,20/04/2025,H,1,0,0,0,D,8.0,13.0,4.0,2.0,4.0,5.0,17.0,13.0,3.0,2.0,0.0,0.0
Magdeburg,Regensburg,D2,2024,20/04/2025,H,3,0,1,0,H,12.0,15.0,6.0,5.0,5.0,6.0,11.0,14.0,1.0,3.0,0.0,0.0
Ulm,Hertha,D2,2024,20/04/2025,A,2,3,1,0,H,10.0,13.0,3.0,4.0,10.0,3.0,16.0,11.0,2.0,3.0,0.0,0.0
Greuther Furth,Ulm,D2,2024,25/04/2025,A,0,1,0,0,D,15.0,14.0,5.0,3.0,7.0,4.0,11.0,17.0,2.0,2.0,0.0,0.0
Hertha,Magdeburg,D2,2024,25/04/2025,D,1,1,1,1,D,11.0,19.0,5.0,6.0,4.0,4.0,15.0,8.0,3.0,2.0,0.0,0.0
Paderborn,Elversberg,D2,2024,26/04/2025,D,1,1,0,0,D,8.0,15.0,2.0,4.0,2.0,7.0,12.0,13.0,1.0,2.0,0.0,0.0
Preußen Münster,Darmstadt,D2,2024,26/04/2025,D,1,1,0,1,A,13.0,11.0,3.0,4.0,2.0,5.0,13.0,6.0,4.0,3.0,0.0,0.0
Regensburg,Braunschweig,D2,2024,26/04/2025,D,1,1,1,1,D,7.0,8.0,4.0,4.0,7.0,1.0,12.0,11.0,1.0,2.0,0.0,0.0
Fortuna Dusseldorf,Nurnberg,D2,2024,26/04/2025,D,3,3,0,2,A,23.0,8.0,10.0,4.0,7.0,0.0,3.0,10.0,1.0,3.0,0.0,0.0
Hamburg,Karlsruhe,D2,2024,27/04/2025,A,1,2,1,2,A,13.0,11.0,5.0,4.0,4.0,1.0,15.0,14.0,1.0,5.0,0.0,0.0
Hannover,FC Koln,D2,2024,27/04/2025,H,1,0,0,0,D,17.0,10.0,6.0,1.0,5.0,4.0,16.0,15.0,5.0,4.0,0.0,1.0
Kaiserslautern,Schalke 04,D2,2024,27/04/2025,H,2,1,1,0,H,19.0,11.0,9.0,4.0,5.0,8.0,9.0,16.0,1.0,1.0,0.0,0.0
Magdeburg,Preußen Münster,D2,2024,02/05/2025,A,0,5,0,3,A,10.0,14.0,3.0,8.0,7.0,3.0,17.0,14.0,4.0,2.0,0.0,0.0
Schalke 04,Paderborn,D2,2024,02/05/2025,A,0,2,0,1,A,13.0,18.0,4.0,8.0,6.0,8.0,9.0,11.0,2.0,0.0,0.0,0.0
Braunschweig,Fortuna Dusseldorf,D2,2024,03/05/2025,D,2,2,1,0,H,13.0,10.0,5.0,5.0,4.0,3.0,11.0,8.0,1.0,2.0,0.0,0.0
Darmstadt,Hamburg,D2,2024,03/05/2025,A,0,4,0,1,A,21.0,10.0,2.0,6.0,4.0,5.0,9.0,21.0,3.0,3.0,0.0,0.0
Ulm,Hannover,D2,2024,03/05/2025,A,1,2,0,1,A,21.0,9.0,5.0,2.0,7.0,1.0,17.0,14.0,3.0,2.0,0.0,1.0
FC Koln,Regensburg,D2,2024,03/05/2025,D,1,1,0,0,D,22.0,5.0,5.0,4.0,8.0,1.0,9.0,18.0,0.0,1.0,0.0,0.0
Hertha,Greuther Furth,D2,2024,04/05/2025,H,1,0,1,0,H,11.0,13.0,3.0,1.0,8.0,3.0,15.0,13.0,2.0,1.0,0.0,0.0
Karlsruhe,Kaiserslautern,D2,2024,04/05/2025,D,2,2,1,1,D,18.0,15.0,8.0,8.0,8.0,5.0,5.0,12.0,1.0,1.0,0.0,0.0
Nurnberg,Elversberg,D2,2024,04/05/2025,A,1,3,1,0,H,12.0,10.0,2.0,5.0,2.0,4.0,13.0,16.0,5.0,1.0,0.0,0.0
Nurnberg,FC Koln,D2,2024,09/05/2025,A,1,2,0,0,D,5.0,23.0,1.0,4.0,0.0,8.0,11.0,7.0,4.0,1.0,0.0,0.0
Preußen Münster,Hertha,D2,2024,09/05/2025,H,2,0,1,0,H,12.0,8.0,3.0,1.0,2.0,7.0,16.0,13.0,4.0,1.0,0.0,1.0
Elversberg,Braunschweig,D2,2024,10/05/2025,H,3,0,3,0,H,20.0,7.0,8.0,0.0,8.0,1.0,6.0,12.0,0.0,2.0,0.0,0.0
Fortuna Dusseldorf,Schalke 04,D2,2024,10/05/2025,H,2,0,0,0,D,12.0,8.0,8.0,2.0,5.0,4.0,6.0,14.0,2.0,1.0,0.0,0.0
Paderborn,Magdeburg,D2,2024,10/05/2025,H,2,1,1,1,D,21.0,9.0,4.0,3.0,6.0,6.0,9.0,6.0,0.0,2.0,0.0,0.0
Hamburg,Ulm,D2,2024,10/05/2025,H,6,1,3,1,H,15.0,17.0,10.0,4.0,3.0,6.0,10.0,5.0,3.0,1.0,0.0,0.0
Hannover,Greuther Furth,D2,2024,11/05/2025,D,1,1,0,1,A,17.0,14.0,7.0,3.0,5.0,4.0,15.0,11.0,5.0,1.0,0.0,0.0
Kaiserslautern,Darmstadt,D2,2024,11/05/2025,H,2,1,2,1,H,17.0,14.0,6.0,4.0,3.0,11.0,8.0,15.0,2.0,3.0,0.0,0.0
Regensburg,Karlsruhe,D2,2024,11/05/2025,D,2,2,1,2,A,20.0,19.0,3.0,6.0,5.0,3.0,13.0,10.0,0.0,3.0,0.0,0.0
Braunschweig,Nurnberg,D2,2024,18/05/2025,A,1,4,0,4,A,12.0,17.0,2.0,9.0,6.0,7.0,9.0,2.0,1.0,1.0,0.0,0.0
Darmstadt,Regensburg,D2,2024,18/05/2025,H,3,1,0,1,A,15.0,17.0,5.0,4.0,6.0,7.0,13.0,10.0,2.0,0.0,0.0,0.0
FC Koln,Kaiserslautern,D2,2024,18/05/2025,H,4,0,2,0,H,20.0,8.0,10.0,4.0,6.0,5.0,10.0,13.0,0.0,2.0,0.0,0.0
Greuther Furth,Hamburg,D2,2024,18/05/2025,H,3,2,1,0,H,12.0,15.0,4.0,5.0,4.0,7.0,13.0,13.0,4.0,1.0,0.0,0.0
Hertha,Hannover,D2,2024,18/05/2025,D,1,1,1,1,D,18.0,12.0,6.0,5.0,12.0,3.0,12.0,11.0,1.0,2.0,0.0,0.0
Karlsruhe,Paderborn,D2,2024,18/05/2025,H,3,0,0,0,D,9.0,17.0,6.0,2.0,2.0,4.0,5.0,9.0,0.0,2.0,0.0,0.0
Magdeburg,Fortuna Dusseldorf,D2,2024,18/05/2025,H,4,2,0,1,A,14.0,9.0,7.0,4.0,1.0,3.0,6.0,9.0,2.0,3.0,0.0,0.0
Schalke 04,Elversberg,D2,2024,18/05/2025,A,1,2,0,1,A,14.0,7.0,2.0,2.0,7.0,1.0,14.0,8.0,2.0,2.0,0.0,0.0
Ulm,Preußen Münster,D2,2024,18/05/2025,D,2,2,1,0,H,7.0,12.0,3.0,7.0,0.0,6.0,12.0,12.0,1.0,5.0,0.0,0.0
Schalke 04,Hertha,D2,2025,01/08/2025,H,2,1,2,0,H,14.0,9.0,6.0,3.0,5.0,10.0,19.0,12.0,7.0,1.0,1.0,0.0
Darmstadt,Bochum,D2,2025,02/08/2025,H,4,1,2,1,H,20.0,10.0,7.0,3.0,5.0,8.0,12.0,14.0,2.0,3.0,0.0,0.0
Elversberg,Nurnberg,D2,2025,02/08/2025,H,1,0,0,0,D,12.0,11.0,4.0,4.0,2.0,4.0,16.0,23.0,2.0,3.0,0.0,0.0
Karlsruhe,Preußen Münster,D2,2025,02/08/2025,H,3,2,2,1,H,13.0,11.0,4.0,3.0,6.0,5.0,17.0,17.0,3.0,3.0,0.0,1.0
Paderborn,Holstein Kiel,D2,2025,02/08/2025,H,2,1,1,0,H,9.0,6.0,3.0,2.0,3.0,0.0,13.0,12.0,1.0,3.0,0.0,0.0
Bielefeld,Fortuna Dusseldorf,D2,2025,02/08/2025,H,5,1,1,1,D,15.0,11.0,9.0,3.0,8.0,3.0,12.0,14.0,4.0,4.0,0.0,1.0
Greuther Furth,Dresden,D2,2025,03/08/2025,H,3,2,2,1,H,10.0,21.0,5.0,4.0,4.0,10.0,8.0,11.0,1.0,0.0,0.0,0.0
Hannover,Kaiserslautern,D2,2025,03/08/2025,H,1,0,0,0,D,14.0,9.0,5.0,0.0,5.0,5.0,13.0,14.0,2.0,3.0,0.0,0.0
Magdeburg,Braunschweig,D2,2025,03/08/2025,A,0,1,0,0,D,19.0,9.0,3.0,4.0,12.0,2.0,17.0,11.0,4.0,1.0,0.0,1.0
Nurnberg,Darmstadt,D2,2025,08/08/2025,A,0,1,0,0,D,12.0,14.0,3.0,5.0,4.0,5.0,11.0,15.0,2.0,2.0,0.0,0.0
Preußen Münster,Paderborn,D2,2025,08/08/2025,D,1,1,0,1,A,7.0,16.0,3.0,8.0,5.0,5.0,10.0,17.0,0.0,0.0,0.0,0.0
Braunschweig,Greuther Furth,D2,2025,09/08/2025,H,3,2,2,1,H,9.0,20.0,4.0,4.0,3.0,9.0,11.0,11.0,2.0,3.0,0.0,0.0
Dresden,Magdeburg,D2,2025,09/08/2025,A,1,2,1,2,A,23.0,9.0,2.0,6.0,6.0,5.0,10.0,14.0,1.0,3.0,0.0,0.0
Fortuna Dusseldorf,Hannover,D2,2025,09/08/2025,A,0,2,0,0,D,9.0,10.0,1.0,3.0,5.0,2.0,18.0,14.0,6.0,4.0,0.0,0.0
Kaiserslautern,Schalke 04,D2,2025,09/08/2025,H,1,0,0,0,D,11.0,9.0,2.0,4.0,5.0,3.0,8.0,16.0,4.0,4.0,0.0,0.0
Bochum,Elversberg,D2,2025,10/08/2025,H,2,0,0,0,D,16.0,3.0,6.0,1.0,10.0,0.0,24.0,11.0,8.0,5.0,0.0,1.0
Hertha,Karlsruhe,D2,2025,10/08/2025,D,0,0,0,0,D,15.0,19.0,4.0,2.0,5.0,10.0,8.0,11.0,0.0,1.0,0.0,0.0
Holstein Kiel,Bielefeld,D2,2025,10/08/2025,A,0,2,0,2,A,15.0,12.0,7.0,4.0,9.0,7.0,13.0,15.0,0.0,6.0,0.0,1.0
Elversberg,Kaiserslautern,D2,2025,22/08/2025,H,2,1,1,0,H,11.0,11.0,5.0,4.0,4.0,8.0,22.0,10.0,3.0,2.0,0.0,0.0
Preußen Münster,Nurnberg,D2,2025,22/08/2025,H,2,1,2,0,H,12.0,8.0,6.0,3.0,1.0,7.0,20.0,13.0,3.0,6.0,0.0,0.0
Hannover,Magdeburg,D2,2025,23/08/2025,H,3,1,2,0,H,23.0,14.0,8.0,6.0,4.0,2.0,22.0,11.0,3.0,4.0,0.0,0.0
Karlsruhe,Braunschweig,D2,2025,23/08/2025,H,2,0,1,0,H,9.0,9.0,5.0,2.0,5.0,2.0,23.0,14.0,3.0,4.0,0.0,1.0
Paderborn,Fortuna Dusseldorf,D2,2025,23/08/2025,A,1,2,0,2,A,17.0,14.0,4.0,6.0,9.0,7.0,12.0,8.0,2.0,2.0,1.0,0.0
Schalke 04,Bochum,D2,2025,23/08/2025,H,2,1,0,0,D,15.0,14.0,8.0,3.0,8.0,9.0,6.0,6.0,0.0,3.0,0.0,0.0
Bielefeld,Dresden,D2,2025,24/08/2025,A,1,2,0,1,A,12.0,21.0,2.0,7.0,4.0,5.0,13.0,17.0,3.0,3.0,1.0,0.0
Darmstadt,Hertha,D2,2025,24/08/2025,D,0,0,0,0,D,14.0,15.0,4.0,1.0,7.0,2.0,12.0,17.0,1.0,1.0,0.0,0.0
Greuther Furth,Holstein Kiel,D2,2025,24/08/2025,A,0,2,0,1,A,15.0,17.0,2.0,4.0,6.0,3.0,13.0,18.0,3.0,8.0,0.0,0.0
Hertha,Elversberg,D2,2025,29/08/2025,A,0,2,0,1,A,7.0,16.0,2.0,6.0,4.0,4.0,15.0,7.0,6.0,2.0,1.0,0.0
Nurnberg,Paderborn,D2,2025,29/08/2025,D,0,0,0,0,D,14.0,15.0,3.0,3.0,7.0,5.0,12.0,10.0,3.0,4.0,0.0,0.0
Bochum,Preußen Münster,D2,2025,30/08/2025,A,1,2,1,1,D,16.0,5.0,4.0,2.0,6.0,4.0,21.0,13.0,3.0,3.0,0.0,0.0
Braunschweig,Bielefeld,D2,2025,30/08/2025,D,1,1,0,0,D,8.0,13.0,3.0,6.0,3.0,7.0,16.0,12.0,3.0,3.0,0.0,0.0
Holstein Kiel,Hannover,D2,2025,30/08/2025,A,1,2,1,0,H,9.0,12.0,3.0,4.0,1.0,5.0,23.0,16.0,2.0,3.0,0.0,0.0
Fortuna Dusseldorf,Karlsruhe,D2,2025,30/08/2025,D,0,0,0,0,D,16.0,9.0,2.0,2.0,4.0,2.0,9.0,10.0,1.0,3.0,0.0,0.0
Dresden,Schalke 04,D2,2025,31/08/2025,A,0,1,0,0,D,6.0,16.0,3.0,5.0,1.0,6.0,11.0,10.0,1.0,4.0,0.0,0.0
Kaiserslautern,Darmstadt,D2,2025,31/08/2025,H,3,1,0,0,D,17.0,17.0,8.0,5.0,3.0,5.0,8.0,11.0,2.0,2.0,0.0,0.0
Magdeburg,Greuther Furth,D2,2025,31/08/2025,A,4,5,1,1,D,19.0,13.0,7.0,7.0,2.0,3.0,16.0,10.0,5.0,4.0,1.0,0.0
Bielefeld,Magdeburg,D2,2025,12/09/2025,H,2,0,0,0,D,13.0,17.0,5.0,3.0,5.0,5.0,13.0,12.0,1.0,2.0,0.0,0.0
Paderborn,Bochum,D2,2025,12/09/2025,H,1,0,0,0,D,20.0,15.0,5.0,4.0,3.0,7.0,7.0,11.0,1.0,4.0,0.0,0.0
Darmstadt,Braunschweig,D2,2025,13/09/2025,H,2,1,0,1,A,10.0,13.0,4.0,5.0,2.0,5.0,11.0,11.0,2.0,2.0,0.0,1.0
Karlsruhe,Nurnberg,D2,2025,13/09/2025,H,2,1,1,1,D,10.0,24.0,7.0,10.0,6.0,10.0,8.0,9.0,2.0,1.0,0.0,0.0
Schalke 04,Holstein Kiel,D2,2025,13/09/2025,A,0,1,0,1,A,12.0,10.0,4.0,5.0,8.0,3.0,17.0,13.0,0.0,3.0,0.0,0.0
Hannover,Hertha,D2,2025,13/09/2025,A,0,3,0,0,D,21.0,9.0,3.0,3.0,15.0,0.0,13.0,19.0,2.0,5.0,0.0,0.0
Elversberg,Dresden,D2,2025,14/09/2025,D,2,2,1,2,A,23.0,11.0,7.0,4.0,7.0,5.0,8.0,12.0,0.0,4.0,0.0,0.0
Greuther Furth,Kaiserslautern,D2,2025,14/09/2025,A,0,3,0,1,A,8.0,14.0,3.0,6.0,4.0,5.0,9.0,15.0,1.0,6.0,1.0,0.0
Preußen Münster,Fortuna Dusseldorf,D2,2025,14/09/2025,A,1,2,1,0,H,21.0,10.0,6.0,2.0,8.0,2.0,14.0,9.0,3.0,2.0,0.0,0.0
Bielefeld,Greuther Furth,D2,2025,19/09/2025,A,1,3,0,1,A,15.0,11.0,5.0,7.0,6.0,3.0,11.0,22.0,2.0,1.0,0.0,0.0
Kaiserslautern,Preußen Münster,D2,2025,19/09/2025,H,4,1,3,0,H,15.0,14.0,6.0,6.0,4.0,0.0,19.0,12.0,3.0,4.0,0.0,0.0
Braunschweig,Elversberg,D2,2025,20/09/2025,A,1,4,1,2,A,10.0,22.0,2.0,8.0,4.0,9.0,13.0,15.0,4.0,6.0,1.0,0.0
Hertha,Paderborn,D2,2025,20/09/2025,A,0,2,0,1,A,9.0,17.0,3.0,6.0,7.0,4.0,12.0,8.0,4.0,1.0,0.0,0.0
Magdeburg,Schalke 04,D2,2025,20/09/2025,A,0,2,0,1,A,8.0,10.0,2.0,2.0,3.0,2.0,15.0,14.0,2.0,1.0,0.0,0.0
Nurnberg,Bochum,D2,2025,20/09/2025,H,2,1,0,0,D,20.0,13.0,8.0,1.0,8.0,5.0,9.0,12.0,1.0,5.0,0.0,0.0
Dresden,Hannover,D2,2025,21/09/2025,D,2,2,2,2,D,8.0,17.0,4.0,6.0,5.0,8.0,15.0,12.0,3.0,1.0,1.0,0.0
Fortuna Dusseldorf,Darmstadt,D2,2025,21/09/2025,A,0,3,0,0,D,11.0,18.0,1.0,10.0,6.0,6.0,11.0,15.0,0.0,0.0,0.0,0.0
Holstein Kiel,Karlsruhe,D2,2025,21/09/2025,H,3,0,2,0,H,11.0,13.0,4.0,4.0,4.0,5.0,14.0,15.0,5.0,3.0,0.0,0.0
Darmstadt,Dresden,D2,2025,26/09/2025,H,2,0,1,0,H,11.0,12.0,4.0,0.0,6.0,4.0,15.0,13.0,2.0,1.0,0.0,0.0
Schalke 04,Greuther Furth,D2,2025,26/09/2025,H,1,0,0,0,D,24.0,7.0,7.0,2.0,10.0,6.0,8.0,15.0,2.0,2.0,0.0,0.0
Elversberg,Holstein Kiel,D2,2025,27/09/2025,H,1,0,0,0,D,19.0,12.0,4.0,3.0,9.0,4.0,11.0,14.0,4.0,2.0,0.0,0.0
Karlsruhe,Magdeburg,D2,2025,27/09/2025,H,1,0,0,0,D,16.0,21.0,6.0,6.0,8.0,5.0,10.0,13.0,1.0,6.0,0.0,0.0
Paderborn,Kaiserslautern,D2,2025,27/09/2025,H,2,0,0,0,D,25.0,9.0,11.0,3.0,8.0,2.0,9.0,9.0,2.0,0.0,0.0,1.0
Bochum,Fortuna Dusseldorf,D2,2025,27/09/2025,A,0,1,0,1,A,23.0,7.0,4.0,3.0,4.0,3.0,15.0,14.0,5.0,3.0,0.0,0.0
Hannover,Bielefeld,D2,2025,28/09/2025,H,3,1,0,1,A,13.0,11.0,4.0,1.0,4.0,2.0,16.0,11.0,2.0,1.0,0.0,0.0
Nurnberg,Hertha,D2,2025,28/09/2025,A,0,3,0,2,A,12.0,14.0,4.0,4.0,6.0,1.0,12.0,22.0,2.0,3.0,0.0,0.0
Preußen Münster,Braunschweig,D2,2025,28/09/2025,H,3,1,1,0,H,11.0,12.0,4.0,5.0,3.0,9.0,16.0,16.0,3.0,4.0,0.0,0.0
Braunschweig,Paderborn,D2,2025,03/10/2025,A,1,2,0,1,A,7.0,16.0,2.0,3.0,4.0,4.0,16.0,14.0,3.0,2.0,0.0,0.0
Fortuna Dusseldorf,Nurnberg,D2,2025,03/10/2025,A,2,3,0,1,A,12.0,17.0,7.0,7.0,1.0,2.0,14.0,11.0,3.0,2.0,0.0,0.0
Hertha,Preußen Münster,D2,2025,04/10/2025,H,2,1,1,0,H,17.0,17.0,7.0,6.0,5.0,4.0,12.0,9.0,4.0,3.0,0.0,0.0
Holstein Kiel,Darmstadt,D2,2025,04/10/2025,D,1,1,0,0,D,22.0,8.0,7.0,1.0,5.0,0.0,9.0,13.0,1.0,1.0,0.0,0.0
Kaiserslautern,Bochum,D2,2025,04/10/2025,H,3,2,1,1,D,22.0,10.0,10.0,2.0,11.0,2.0,9.0,13.0,2.0,5.0,0.0,0.0
Dresden,Karlsruhe,D2,2025,04/10/2025,D,3,3,1,2,A,13.0,22.0,4.0,6.0,3.0,7.0,10.0,12.0,1.0,1.0,0.0,0.0
Bielefeld,Schalke 04,D2,2025,05/10/2025,A,1,2,0,2,A,11.0,11.0,4.0,4.0,6.0,2.0,16.0,13.0,3.0,2.0,0.0,0.0
Greuther Furth,Hannover,D2,2025,05/10/2025,D,2,2,1,1,D,12.0,10.0,5.0,6.0,3.0,6.0,9.0,14.0,2.0,1.0,0.0,0.0
Magdeburg,Elversberg,D2,2025,05/10/2025,A,0,4,0,2,A,15.0,20.0,5.0,8.0,7.0,13.0,12.0,6.0,1.0,2.0,0.0,0.0
Fortuna Dusseldorf,Braunschweig,D2,2025,17/10/2025,A,1,2,0,2,A,14.0,14.0,5.0,5.0,9.0,2.0,12.0,10.0,1.0,2.0,0.0,0.0
Hannover,Schalke 04,D2,2025,17/10/2025,A,0,3,0,2,A,13.0,16.0,3.0,5.0,9.0,7.0,7.0,20.0,0.0,2.0,0.0,0.0
Karlsruhe,Kaiserslautern,D2,2025,18/10/2025,A,2,3,0,1,A,18.0,12.0,10.0,4.0,7.0,1.0,17.0,13.0,6.0,4.0,0.0,0.0
Paderborn,Bielefeld,D2,2025,18/10/2025,H,4,3,1,2,A,20.0,16.0,9.0,4.0,8.0,5.0,20.0,15.0,5.0,3.0,0.0,0.0
Preußen Münster,Dresden,D2,2025,18/10/2025,D,2,2,0,1,A,12.0,14.0,3.0,6.0,4.0,3.0,23.0,13.0,2.0,3.0,0.0,1.0
Bochum,Hertha,D2,2025,18/10/2025,H,3,2,2,0,H,10.0,13.0,3.0,6.0,1.0,6.0,22.0,9.0,3.0,3.0,0.0,0.0
Darmstadt,Magdeburg,D2,2025,19/10/2025,D,0,0,0,0,D,11.0,13.0,6.0,2.0,1.0,5.0,15.0,16.0,2.0,1.0,1.0,0.0
Elversberg,Greuther Furth,D2,2025,19/10/2025,H,6,0,1,0,H,18.0,10.0,8.0,5.0,6.0,3.0,10.0,11.0,1.0,3.0,0.0,0.0
Nurnberg,Holstein Kiel,D2,2025,19/10/2025,D,1,1,1,0,H,16.0,12.0,6.0,4.0,3.0,7.0,8.0,16.0,3.0,1.0,0.0,0.0
Greuther Furth,Karlsruhe,D2,2025,24/10/2025,A,1,4,0,2,A,16.0,13.0,5.0,8.0,9.0,5.0,7.0,18.0,0.0,3.0,0.0,0.0
Schalke 04,Darmstadt,D2,2025,24/10/2025,H,1,0,1,0,H,10.0,7.0,2.0,1.0,6.0,4.0,16.0,13.0,5.0,1.0,0.0,0.0
Bielefeld,Elversberg,D2,2025,25/10/2025,H,2,0,2,0,H,10.0,16.0,2.0,2.0,3.0,6.0,13.0,12.0,2.0,2.0,0.0,0.0
Dresden,Paderborn,D2,2025,25/10/2025,A,1,2,1,1,D,8.0,12.0,3.0,4.0,10.0,4.0,9.0,14.0,2.0,2.0,0.0,0.0
Holstein Kiel,Bochum,D2,2025,25/10/2025,D,1,1,0,0,D,19.0,12.0,8.0,2.0,9.0,7.0,7.0,18.0,1.0,5.0,0.0,0.0
Hertha,Fortuna Dusseldorf,D2,2025,25/10/2025,H,1,0,0,0,D,11.0,18.0,4.0,4.0,6.0,7.0,12.0,7.0,2.0,2.0,0.0,0.0
Braunschweig,Hannover,D2,2025,26/10/2025,A,0,3,0,2,A,8.0,24.0,3.0,12.0,2.0,5.0,9.0,17.0,2.0,5.0,1.0,0.0
Kaiserslautern,Nurnberg,D2,2025,26/10/2025,D,1,1,1,0,H,14.0,11.0,7.0,4.0,4.0,8.0,17.0,16.0,3.0,3.0,0.0,0.0
Magdeburg,Preußen Münster,D2,2025,26/10/2025,H,2,0,0,0,D,12.0,10.0,5.0,4.0,2.0,5.0,15.0,15.0,1.0,4.0,0.0,0.0
Elversberg,Hannover,D2,2025,31/10/2025,D,2,2,1,1,D,13.0,10.0,7.0,2.0,5.0,4.0,13.0,15.0,3.0,2.0,0.0,0.0
Preußen Münster,Holstein Kiel,D2,2025,31/10/2025,H,2,1,0,1,A,12.0,17.0,5.0,4.0,4.0,7.0,18.0,18.0,5.0,4.0,0.0,0.0
Hertha,Dresden,D2,2025,01/11/2025,H,2,0,2,0,H,11.0,13.0,6.0,4.0,3.0,5.0,16.0,9.0,0.0,0.0,0.0,0.0
Karlsruhe,Schalke 04,D2,2025,01/11/2025,H,2,1,0,0,D,8.0,11.0,3.0,4.0,2.0,7.0,13.0,15.0,4.0,5.0,0.0,0.0
Nurnberg,Braunschweig,D2,2025,01/11/2025,H,2,1,2,1,H,5.0,12.0,2.0,4.0,1.0,9.0,13.0,13.0,2.0,3.0,0.0,1.0
Darmstadt,Bielefeld,D2,2025,01/11/2025,D,2,2,2,1,H,19.0,10.0,8.0,3.0,9.0,9.0,14.0,12.0,4.0,1.0,0.0,0.0
Bochum,Magdeburg,D2,2025,02/11/2025,H,2,0,1,0,H,24.0,15.0,9.0,6.0,8.0,7.0,10.0,5.0,2.0,4.0,0.0,0.0
Fortuna Dusseldorf,Kaiserslautern,D2,2025,02/11/2025,D,1,1,0,0,D,11.0,16.0,2.0,8.0,2.0,4.0,14.0,12.0,4.0,2.0,0.0,0.0
Paderborn,Greuther Furth,D2,2025,02/11/2025,H,2,1,1,0,H,14.0,19.0,6.0,7.0,5.0,5.0,15.0,18.0,1.0,3.0,0.0,0.0
Dresden,Nurnberg,D2,2025,07/11/2025,A,1,2,1,1,D,9.0,9.0,1.0,4.0,5.0,5.0,12.0,18.0,3.0,3.0,0.0,0.0
Greuther Furth,Preußen Münster,D2,2025,07/11/2025,H,1,0,0,0,D,7.0,12.0,2.0,3.0,4.0,7.0,9.0,12.0,1.0,4.0,0.0,0.0
Bielefeld,Karlsruhe,D2,2025,08/11/2025,H,4,0,1,0,H,19.0,8.0,6.0,2.0,3.0,5.0,7.0,11.0,0.0,2.0,0.0,0.0
Hannover,Darmstadt,D2,2025,08/11/2025,A,2,3,2,1,H,20.0,16.0,10.0,8.0,5.0,5.0,16.0,12.0,2.0,1.0,0.0,0.0
Schalke 04,Elversberg,D2,2025,08/11/2025,H,1,0,1,0,H,7.0,6.0,2.0,0.0,1.0,5.0,17.0,12.0,4.0,2.0,0.0,0.0
Kaiserslautern,Hertha,D2,2025,08/11/2025,A,0,1,0,1,A,16.0,9.0,9.0,3.0,7.0,4.0,9.0,13.0,2.0,3.0,0.0,0.0
Braunschweig,Bochum,D2,2025,09/11/2025,A,0,2,0,1,A,23.0,13.0,6.0,4.0,10.0,9.0,10.0,10.0,3.0,3.0,0.0,0.0
Holstein Kiel,Fortuna Dusseldorf,D2,2025,09/11/2025,H,1,0,0,0,D,13.0,17.0,4.0,6.0,3.0,5.0,9.0,16.0,1.0,3.0,0.0,0.0
Magdeburg,Paderborn,D2,2025,09/11/2025,A,0,1,0,1,A,17.0,12.0,3.0,6.0,3.0,5.0,10.0,14.0,4.0,4.0,0.0,0.0
Bochum,Dresden,D2,2025,21/11/2025,A,1,2,0,2,A,23.0,10.0,4.0,4.0,13.0,8.0,1.0,10.0,0.0,3.0,0.0,0.0
Hertha,Braunschweig,D2,2025,21/11/2025,H,1,0,0,0,D,15.0,15.0,5.0,3.0,6.0,5.0,14.0,12.0,1.0,3.0,0.0,0.0
Fortuna Dusseldorf,Magdeburg,D2,2025,22/11/2025,H,2,1,1,0,H,11.0,25.0,5.0,9.0,3.0,11.0,17.0,10.0,4.0,1.0,0.0,0.0
Paderborn,Hannover,D2,2025,22/11/2025,A,0,2,0,2,A,16.0,15.0,4.0,9.0,11.0,4.0,12.0,5.0,0.0,1.0,0.0,0.0
Preußen Münster,Schalke 04,D2,2025,22/11/2025,D,0,0,0,0,D,5.0,14.0,2.0,6.0,4.0,6.0,7.0,20.0,1.0,5.0,1.0,0.0
Darmstadt,Greuther Furth,D2,2025,22/11/2025,H,4,2,1,1,D,18.0,14.0,9.0,8.0,5.0,2.0,13.0,9.0,2.0,3.0,0.0,0.0
Kaiserslautern,Holstein Kiel,D2,2025,23/11/2025,H,4,1,4,1,H,28.0,8.0,9.0,2.0,10.0,3.0,14.0,16.0,2.0,5.0,0.0,1.0
Karlsruhe,Elversberg,D2,2025,23/11/2025,A,2,3,0,1,A,11.0,26.0,4.0,8.0,4.0,9.0,15.0,13.0,3.0,1.0,0.0,0.0
Nurnberg,Bielefeld,D2,2025,23/11/2025,H,2,0,0,0,D,11.0,16.0,6.0,1.0,6.0,13.0,12.0,12.0,3.0,3.0,0.0,0.0
Hannover,Karlsruhe,D2,2025,28/11/2025,H,3,0,0,0,D,18.0,9.0,7.0,2.0,4.0,1.0,12.0,8.0,2.0,1.0,0.0,0.0
Schalke 04,Paderborn,D2,2025,28/11/2025,H,2,1,1,1,D,14.0,8.0,5.0,1.0,3.0,3.0,7.0,14.0,2.0,4.0,0.0,0.0
Braunschweig,Kaiserslautern,D2,2025,29/11/2025,H,2,0,1,0,H,16.0,10.0,6.0,5.0,5.0,6.0,16.0,18.0,2.0,5.0,0.0,0.0
Greuther Furth,Bochum,D2,2025,29/11/2025,A,0,3,0,3,A,10.0,14.0,1.0,6.0,6.0,9.0,13.0,13.0,2.0,0.0,0.0,0.0
Holstein Kiel,Hertha,D2,2025,29/11/2025,A,0,1,0,0,D,9.0,10.0,0.0,2.0,8.0,3.0,13.0,14.0,2.0,6.0,0.0,0.0
Magdeburg,Nurnberg,D2,2025,29/11/2025,H,3,0,0,0,D,19.0,7.0,8.0,1.0,6.0,5.0,12.0,7.0,3.0,3.0,0.0,1.0
Bielefeld,Preußen Münster,D2,2025,30/11/2025,A,1,2,1,1,D,17.0,12.0,2.0,6.0,13.0,2.0,16.0,18.0,3.0,6.0,0.0,0.0
Dresden,Fortuna Dusseldorf,D2,2025,30/11/2025,H,2,1,1,0,H,16.0,13.0,4.0,2.0,4.0,0.0,12.0,13.0,1.0,2.0,0.0,0.0
Elversberg,Darmstadt,D2,2025,30/11/2025,D,0,0,0,0,D,14.0,11.0,3.0,2.0,6.0,5.0,8.0,12.0,0.0,1.0,0.0,0.0
Fortuna Dusseldorf,Schalke 04,D2,2025,05/12/2025,A,0,2,0,1,A,14.0,14.0,1.0,7.0,1.0,4.0,15.0,8.0,7.0,1.0,1.0,0.0
Preußen Münster,Hannover,D2,2025,05/12/2025,D,2,2,0,1,A,19.0,5.0,4.0,2.0,5.0,2.0,13.0,17.0,4.0,3.0,0.0,0.0
Bochum,Bielefeld,D2,2025,06/12/2025,H,1,0,0,0,D,13.0,15.0,6.0,6.0,4.0,5.0,22.0,12.0,5.0,2.0,0.0,0.0
Kaiserslautern,Dresden,D2,2025,06/12/2025,H,3,1,1,0,H,12.0,9.0,3.0,2.0,7.0,3.0,11.0,9.0,3.0,4.0,0.0,0.0
Paderborn,Elversberg,D2,2025,06/12/2025,A,1,2,0,1,A,9.0,16.0,3.0,5.0,3.0,10.0,19.0,5.0,4.0,1.0,1.0,0.0
Darmstadt,Karlsruhe,D2,2025,06/12/2025,H,3,2,1,1,D,25.0,10.0,10.0,3.0,8.0,9.0,6.0,10.0,1.0,2.0,0.0,0.0
Braunschweig,Holstein Kiel,D2,2025,07/12/2025,D,1,1,1,1,D,20.0,11.0,3.0,2.0,2.0,4.0,13.0,17.0,1.0,5.0,1.0,1.0
Hertha,Magdeburg,D2,2025,07/12/2025,A,0,2,0,0,D,19.0,18.0,5.0,5.0,7.0,5.0,16.0,7.0,0.0,3.0,0.0,0.0
Nurnberg,Greuther Furth,D2,2025,07/12/2025,D,2,2,0,0,D,13.0,9.0,3.0,5.0,5.0,3.0,12.0,17.0,2.0,3.0,0.0,0.0
Dresden,Braunschweig,D2,2025,12/12/2025,A,2,3,0,2,A,10.0,17.0,8.0,5.0,7.0,8.0,8.0,13.0,3.0,4.0,0.0,0.0
Greuther Furth,Hertha,D2,2025,12/12/2025,D,3,3,1,2,A,14.0,17.0,6.0,7.0,2.0,4.0,13.0,12.0,2.0,3.0,0.0,0.0
Bielefeld,Kaiserslautern,D2,2025,13/12/2025,D,0,0,0,0,D,16.0,4.0,3.0,1.0,10.0,4.0,19.0,10.0,1.0,1.0,0.0,0.0
Karlsruhe,Paderborn,D2,2025,13/12/2025,A,0,4,0,0,D,6.0,27.0,1.0,11.0,1.0,6.0,14.0,8.0,5.0,2.0,2.0,0.0
Magdeburg,Holstein Kiel,D2,2025,13/12/2025,D,3,3,2,1,H,18.0,14.0,8.0,6.0,6.0,4.0,11.0,14.0,2.0,3.0,0.0,0.0
Hannover,Bochum,D2,2025,13/12/2025,D,0,0,0,0,D,20.0,8.0,7.0,3.0,7.0,0.0,4.0,17.0,0.0,4.0,0.0,0.0
Darmstadt,Preußen Münster,D2,2025,14/12/2025,H,1,0,0,0,D,15.0,15.0,4.0,1.0,7.0,4.0,10.0,9.0,2.0,2.0,0.0,0.0
Elversberg,Fortuna Dusseldorf,D2,2025,14/12/2025,H,1,0,0,0,D,15.0,17.0,3.0,5.0,8.0,6.0,7.0,20.0,1.0,3.0,0.0,0.0
Schalke 04,Nurnberg,D2,2025,14/12/2025,H,1,0,0,0,D,7.0,5.0,3.0,3.0,0.0,7.0,18.0,16.0,3.0,3.0,0.0,0.0
Hertha,Bielefeld,D2,2025,19/12/2025,D,1,1,0,0,D,10.0,11.0,2.0,6.0,3.0,4.0,12.0,16.0,3.0,2.0,1.0,0.0
Paderborn,Darmstadt,D2,2025,19/12/2025,D,2,2,0,2,A,18.0,9.0,7.0,2.0,7.0,3.0,14.0,9.0,2.0,1.0,0.0,0.0
Bochum,Karlsruhe,D2,2025,20/12/2025,D,2,2,1,0,H,11.0,11.0,4.0,6.0,3.0,3.0,7.0,10.0,2.0,0.0,0.0,0.0
Fortuna Dusseldorf,Greuther Furth,D2,2025,20/12/2025,H,2,1,1,0,H,15.0,10.0,7.0,3.0,6.0,4.0,11.0,5.0,4.0,2.0,0.0,0.0
Kaiserslautern,Magdeburg,D2,2025,20/12/2025,A,2,3,0,2,A,15.0,20.0,4.0,10.0,4.0,4.0,9.0,16.0,6.0,5.0,0.0,0.0
Holstein Kiel,Dresden,D2,2025,20/12/2025,H,2,1,1,1,D,12.0,19.0,4.0,8.0,7.0,9.0,7.0,8.0,0.0,1.0,0.0,0.0
Braunschweig,Schalke 04,D2,2025,21/12/2025,H,2,1,0,0,D,13.0,10.0,5.0,3.0,3.0,4.0,13.0,13.0,0.0,1.0,0.0,0.0
Nurnberg,Hannover,D2,2025,21/12/2025,H,2,1,1,1,D,10.0,15.0,5.0,8.0,3.0,6.0,14.0,9.0,4.0,2.0,0.0,0.0
Preußen Münster,Elversberg,D2,2025,21/12/2025,D,1,1,0,1,A,19.0,10.0,7.0,5.0,5.0,6.0,19.0,11.0,2.0,2.0,0.0,0.0
Braunschweig,Magdeburg,D2,2025,16/01/2026,A,0,3,0,1,A,6.0,21.0,2.0,8.0,1.0,9.0,12.0,12.0,3.0,3.0,0.0,0.0
Fortuna Dusseldorf,Bielefeld,D2,2025,16/01/2026,H,1,0,0,0,D,12.0,6.0,3.0,1.0,2.0,2.0,12.0,17.0,0.0,0.0,0.0,0.0
Dresden,Greuther Furth,D2,2025,17/01/2026,H,2,0,1,0,H,12.0,9.0,4.0,0.0,7.0,3.0,11.0,14.0,3.0,3.0,0.0,0.0
Nurnberg,Elversberg,D2,2025,17/01/2026,H,3,2,0,1,A,27.0,13.0,12.0,7.0,7.0,3.0,10.0,13.0,5.0,1.0,0.0,0.0
Preußen Münster,Karlsruhe,D2,2025,17/01/2026,A,0,2,0,0,D,16.0,14.0,7.0,2.0,7.0,9.0,11.0,11.0,0.0,3.0,1.0,0.0
Hertha,Schalke 04,D2,2025,17/01/2026,D,0,0,0,0,D,11.0,6.0,6.0,0.0,6.0,3.0,10.0,13.0,4.0,2.0,0.0,0.0
Bochum,Darmstadt,D2,2025,18/01/2026,D,3,3,2,2,D,20.0,8.0,6.0,3.0,8.0,6.0,10.0,8.0,1.0,2.0,0.0,0.0
Holstein Kiel,Paderborn,D2,2025,18/01/2026,H,2,0,1,0,H,7.0,18.0,3.0,6.0,1.0,11.0,12.0,18.0,3.0,3.0,0.0,0.0
Kaiserslautern,Hannover,D2,2025,18/01/2026,H,3,1,0,0,D,16.0,11.0,8.0,2.0,5.0,6.0,12.0,14.0,1.0,2.0,0.0,1.0
Bielefeld,Holstein Kiel,D2,2025,23/01/2026,D,2,2,0,2,A,14.0,8.0,5.0,1.0,5.0,6.0,10.0,16.0,1.0,3.0,0.0,1.0
Darmstadt,Nurnberg,D2,2025,23/01/2026,H,2,0,0,0,D,10.0,18.0,5.0,5.0,3.0,6.0,8.0,7.0,1.0,0.0,0.0,0.0
Greuther Furth,Braunschweig,D2,2025,24/01/2026,D,0,0,0,0,D,4.0,19.0,0.0,2.0,2.0,10.0,11.0,18.0,3.0,2.0,1.0,0.0
Hannover,Fortuna Dusseldorf,D2,2025,24/01/2026,H,2,1,1,0,H,10.0,7.0,4.0,2.0,5.0,2.0,17.0,10.0,2.0,4.0,0.0,1.0
Karlsruhe,Hertha,D2,2025,24/01/2026,D,2,2,2,1,H,14.0,18.0,6.0,6.0,3.0,5.0,7.0,13.0,3.0,2.0,0.0,0.0
Magdeburg,Dresden,D2,2025,24/01/2026,A,1,2,1,2,A,21.0,13.0,5.0,3.0,10.0,5.0,9.0,9.0,2.0,0.0,0.0,0.0
Elversberg,Bochum,D2,2025,25/01/2026,D,1,1,0,1,A,22.0,7.0,6.0,3.0,9.0,2.0,9.0,12.0,0.0,0.0,0.0,0.0
Paderborn,Preußen Münster,D2,2025,25/01/2026,H,2,1,0,1,A,28.0,8.0,8.0,2.0,7.0,6.0,9.0,10.0,1.0,3.0,0.0,1.0
Schalke 04,Kaiserslautern,D2,2025,25/01/2026,D,2,2,0,0,D,17.0,8.0,5.0,3.0,10.0,2.0,12.0,16.0,1.0,1.0,0.0,0.0
Magdeburg,Hannover,D2,2025,30/01/2026,A,1,2,0,1,A,13.0,12.0,4.0,3.0,6.0,3.0,11.0,18.0,1.0,4.0,0.0,0.0
Nurnberg,Preußen Münster,D2,2025,30/01/2026,D,1,1,0,0,D,17.0,10.0,5.0,4.0,7.0,2.0,7.0,15.0,2.0,4.0,0.0,0.0
Bochum,Schalke 04,D2,2025,31/01/2026,H,2,0,2,0,H,10.0,12.0,6.0,2.0,2.0,4.0,15.0,13.0,4.0,0.0,0.0,0.0
Braunschweig,Karlsruhe,D2,2025,31/01/2026,H,1,0,1,0,H,14.0,9.0,5.0,0.0,6.0,4.0,10.0,9.0,4.0,5.0,0.0,0.0
Holstein Kiel,Greuther Furth,D2,2025,31/01/2026,A,1,2,0,0,D,13.0,5.0,3.0,2.0,6.0,2.0,13.0,17.0,4.0,1.0,0.0,0.0
Kaiserslautern,Elversberg,D2,2025,31/01/2026,A,1,3,1,1,D,6.0,18.0,1.0,9.0,2.0,2.0,10.0,15.0,4.0,3.0,1.0,0.0
Dresden,Bielefeld,D2,2025,01/02/2026,D,1,1,1,0,H,12.0,17.0,5.0,6.0,3.0,5.0,13.0,12.0,2.0,3.0,1.0,0.0
Fortuna Dusseldorf,Paderborn,D2,2025,01/02/2026,H,2,1,0,1,A,8.0,10.0,5.0,4.0,7.0,1.0,10.0,12.0,2.0,3.0,0.0,1.0
Hertha,Darmstadt,D2,2025,01/02/2026,D,2,2,2,1,H,13.0,15.0,6.0,4.0,4.0,6.0,9.0,15.0,0.0,4.0,1.0,0.0
Greuther Furth,Magdeburg,D2,2025,06/02/2026,A,4,5,3,5,A,14.0,13.0,5.0,7.0,9.0,1.0,13.0,17.0,1.0,2.0,0.0,0.0
Preußen Münster,Bochum,D2,2025,06/02/2026,D,1,1,1,0,H,9.0,15.0,3.0,7.0,3.0,6.0,15.0,14.0,2.0,2.0,0.0,0.0
Elversberg,Hertha,D2,2025,07/02/2026,A,0,3,0,1,A,20.0,6.0,4.0,5.0,7.0,5.0,9.0,13.0,1.0,2.0,0.0,0.0
Paderborn,Nurnberg,D2,2025,07/02/2026,H,2,1,2,0,H,15.0,7.0,7.0,3.0,6.0,5.0,16.0,14.0,2.0,3.0,0.0,1.0
Schalke 04,Dresden,D2,2025,07/02/2026,D,2,2,0,0,D,16.0,9.0,5.0,2.0,7.0,1.0,15.0,9.0,2.0,2.0,0.0,0.0
Darmstadt,Kaiserslautern,D2,2025,07/02/2026,H,4,0,3,0,H,15.0,16.0,9.0,2.0,6.0,6.0,8.0,17.0,1.0,2.0,0.0,0.0
Bielefeld,Braunschweig,D2,2025,08/02/2026,H,3,2,2,2,D,20.0,10.0,8.0,4.0,9.0,1.0,13.0,11.0,1.0,3.0,0.0,0.0
Hannover,Holstein Kiel,D2,2025,08/02/2026,H,3,1,2,0,H,20.0,8.0,8.0,4.0,10.0,4.0,12.0,18.0,0.0,3.0,0.0,0.0
Karlsruhe,Fortuna Dusseldorf,D2,2025,08/02/2026,D,1,1,0,1,A,6.0,19.0,2.0,5.0,3.0,3.0,13.0,15.0,1.0,2.0,0.0,0.0
Fortuna Dusseldorf,Preußen Münster,D2,2025,13/02/2026,D,0,0,0,0,D,12.0,6.0,3.0,2.0,2.0,2.0,9.0,12.0,3.0,4.0,0.0,0.0
Nurnberg,Karlsruhe,D2,2025,13/02/2026,H,5,1,3,0,H,12.0,12.0,8.0,2.0,4.0,6.0,11.0,14.0,1.0,3.0,0.0,0.0
Braunschweig,Darmstadt,D2,2025,14/02/2026,D,2,2,2,0,H,15.0,12.0,6.0,5.0,6.0,7.0,10.0,7.0,1.0,1.0,0.0,0.0
Hertha,Hannover,D2,2025,14/02/2026,A,2,3,0,2,A,15.0,12.0,7.0,7.0,5.0,6.0,14.0,11.0,1.0,0.0,0.0,0.0
Kaiserslautern,Greuther Furth,D2,2025,14/02/2026,H,1,0,1,0,H,13.0,14.0,3.0,2.0,1.0,6.0,14.0,14.0,2.0,3.0,0.0,0.0
Dresden,Elversberg,D2,2025,14/02/2026,A,1,2,1,0,H,14.0,12.0,4.0,5.0,5.0,6.0,14.0,13.0,3.0,3.0,0.0,0.0
Bochum,Paderborn,D2,2025,15/02/2026,D,0,0,0,0,D,22.0,7.0,9.0,3.0,4.0,6.0,15.0,9.0,2.0,3.0,0.0,0.0
Holstein Kiel,Schalke 04,D2,2025,15/02/2026,A,1,2,0,2,A,10.0,21.0,4.0,8.0,9.0,6.0,19.0,12.0,3.0,1.0,0.0,0.0
Magdeburg,Bielefeld,D2,2025,15/02/2026,A,0,2,0,1,A,19.0,14.0,3.0,4.0,4.0,4.0,8.0,14.0,2.0,2.0,0.0,0.0
Bochum,Nurnberg,D2,2025,20/02/2026,D,1,1,0,1,A,8.0,9.0,3.0,4.0,3.0,3.0,13.0,9.0,1.0,3.0,0.0,0.0
Greuther Furth,Bielefeld,D2,2025,20/02/2026,H,2,1,1,1,D,5.0,15.0,3.0,3.0,0.0,10.0,11.0,18.0,2.0,3.0,0.0,0.0
Darmstadt,Fortuna Dusseldorf,D2,2025,21/02/2026,H,2,1,1,1,D,14.0,18.0,4.0,9.0,4.0,11.0,12.0,14.0,4.0,0.0,0.0,1.0
Elversberg,Braunschweig,D2,2025,21/02/2026,H,3,1,2,1,H,12.0,7.0,4.0,4.0,4.0,0.0,7.0,12.0,1.0,1.0,0.0,0.0
Karlsruhe,Holstein Kiel,D2,2025,21/02/2026,H,3,1,1,0,H,14.0,15.0,7.0,4.0,3.0,4.0,23.0,12.0,5.0,5.0,0.0,0.0
Schalke 04,Magdeburg,D2,2025,21/02/2026,H,5,3,2,1,H,22.0,15.0,13.0,4.0,4.0,2.0,19.0,8.0,2.0,0.0,0.0,0.0
Hannover,Dresden,D2,2025,22/02/2026,D,0,0,0,0,D,12.0,6.0,3.0,2.0,9.0,2.0,15.0,13.0,2.0,3.0,0.0,0.0
Paderborn,Hertha,D2,2025,22/02/2026,H,5,2,3,1,H,17.0,8.0,9.0,3.0,4.0,7.0,9.0,15.0,0.0,1.0,0.0,0.0
Preußen Münster,Kaiserslautern,D2,2025,22/02/2026,A,2,3,1,3,A,20.0,17.0,8.0,7.0,6.0,5.0,18.0,13.0,3.0,3.0,0.0,0.0
Dresden,Darmstadt,D2,2025,27/02/2026,H,3,1,2,0,H,19.0,17.0,7.0,7.0,1.0,8.0,18.0,13.0,3.0,1.0,1.0,1.0
Fortuna Dusseldorf,Bochum,D2,2025,27/02/2026,H,2,1,1,0,H,20.0,10.0,9.0,3.0,10.0,3.0,10.0,13.0,1.0,1.0,0.0,0.0
Bielefeld,Hannover,D2,2025,28/02/2026,A,0,1,0,0,D,22.0,6.0,7.0,1.0,9.0,3.0,19.0,13.0,3.0,4.0,0.0,0.0
Holstein Kiel,Elversberg,D2,2025,28/02/2026,D,1,1,0,0,D,10.0,7.0,3.0,3.0,5.0,7.0,16.0,16.0,2.0,2.0,0.0,0.0
Kaiserslautern,Paderborn,D2,2025,28/02/2026,A,1,2,0,1,A,10.0,15.0,2.0,5.0,3.0,2.0,12.0,24.0,2.0,3.0,0.0,0.0
Greuther Furth,Schalke 04,D2,2025,28/02/2026,D,1,1,1,0,H,6.0,16.0,1.0,4.0,4.0,5.0,7.0,10.0,2.0,4.0,0.0,0.0
Braunschweig,Preußen Münster,D2,2025,01/03/2026,A,1,2,0,0,D,11.0,8.0,3.0,3.0,7.0,0.0,8.0,12.0,2.0,3.0,0.0,1.0
Hertha,Nurnberg,D2,2025,01/03/2026,H,2,1,1,1,D,14.0,5.0,5.0,1.0,3.0,6.0,11.0,13.0,0.0,2.0,0.0,0.0
Magdeburg,Karlsruhe,D2,2025,01/03/2026,A,1,3,0,1,A,23.0,8.0,9.0,7.0,6.0,2.0,9.0,12.0,2.0,4.0,0.0,0.0
Elversberg,Magdeburg,D2,2025,06/03/2026,H,1,0,0,0,D,15.0,14.0,4.0,3.0,11.0,5.0,4.0,11.0,0.0,2.0,0.0,0.0
Schalke 04,Bielefeld,D2,2025,06/03/2026,H,1,0,1,0,H,24.0,12.0,8.0,3.0,9.0,2.0,7.0,13.0,0.0,2.0,0.0,0.0
Darmstadt,Holstein Kiel,D2,2025,07/03/2026,H,2,0,0,0,D,15.0,7.0,3.0,1.0,1.0,5.0,12.0,12.0,4.0,2.0,0.0,1.0
Nurnberg,Fortuna Dusseldorf,D2,2025,07/03/2026,A,0,1,0,0,D,9.0,17.0,2.0,7.0,3.0,5.0,10.0,9.0,1.0,2.0,0.0,0.0
Paderborn,Braunschweig,D2,2025,07/03/2026,D,1,1,0,0,D,18.0,6.0,5.0,3.0,9.0,5.0,9.0,18.0,1.0,2.0,0.0,1.0
Bochum,Kaiserslautern,D2,2025,07/03/2026,H,3,2,1,1,D,17.0,9.0,9.0,2.0,5.0,6.0,13.0,11.0,3.0,4.0,0.0,0.0
Hannover,Greuther Furth,D2,2025,08/03/2026,A,1,2,0,1,A,24.0,14.0,9.0,7.0,17.0,5.0,10.0,9.0,2.0,1.0,0.0,0.0
Karlsruhe,Dresden,D2,2025,08/03/2026,D,3,3,1,3,A,22.0,12.0,6.0,6.0,7.0,5.0,10.0,10.0,2.0,0.0,0.0,0.0
Preußen Münster,Hertha,D2,2025,08/03/2026,A,1,2,0,1,A,11.0,15.0,4.0,5.0,4.0,8.0,10.0,9.0,2.0,2.0,0.0,0.0
Greuther Furth,Elversberg,D2,2025,13/03/2026,H,2,0,1,0,H,8.0,13.0,4.0,4.0,2.0,6.0,13.0,12.0,1.0,2.0,0.0,0.0
Magdeburg,Darmstadt,D2,2025,13/03/2026,D,1,1,0,0,D,17.0,10.0,4.0,3.0,8.0,1.0,6.0,10.0,3.0,1.0,0.0,0.0
Bielefeld,Paderborn,D2,2025,14/03/2026,D,2,2,1,0,H,26.0,7.0,9.0,4.0,4.0,1.0,14.0,12.0,3.0,2.0,0.0,0.0
Braunschweig,Fortuna Dusseldorf,D2,2025,14/03/2026,H,1,0,0,0,D,16.0,9.0,5.0,2.0,4.0,5.0,10.0,14.0,2.0,3.0,0.0,0.0
Holstein Kiel,Nurnberg,D2,2025,14/03/2026,A,2,3,2,2,D,21.0,9.0,7.0,5.0,7.0,1.0,18.0,13.0,3.0,5.0,0.0,0.0
Hertha,Bochum,D2,2025,14/03/2026,D,1,1,1,0,H,11.0,8.0,2.0,2.0,5.0,6.0,12.0,13.0,2.0,3.0,0.0,0.0
Dresden,Preußen Münster,D2,2025,15/03/2026,H,6,0,3,0,H,18.0,13.0,8.0,3.0,5.0,4.0,5.0,13.0,1.0,2.0,0.0,0.0
Kaiserslautern,Karlsruhe,D2,2025,15/03/2026,H,3,0,2,0,H,18.0,13.0,8.0,2.0,5.0,2.0,8.0,14.0,1.0,3.0,0.0,0.0
Schalke 04,Hannover,D2,2025,15/03/2026,D,2,2,2,0,H,10.0,10.0,4.0,6.0,4.0,2.0,15.0,11.0,1.0,2.0,1.0,0.0
Hannover,Braunschweig,D2,2025,20/03/2026,H,1,0,1,0,H,10.0,16.0,3.0,4.0,10.0,6.0,13.0,15.0,3.0,3.0,0.0,0.0
Karlsruhe,Greuther Furth,D2,2025,20/03/2026,H,3,1,0,1,A,12.0,10.0,4.0,2.0,3.0,4.0,16.0,6.0,4.0,1.0,0.0,0.0
Elversberg,Bielefeld,D2,2025,21/03/2026,H,3,1,1,0,H,28.0,4.0,10.0,2.0,9.0,1.0,7.0,7.0,0.0,0.0,0.0,1.0
Nurnberg,Kaiserslautern,D2,2025,21/03/2026,H,3,0,1,0,H,21.0,6.0,5.0,2.0,11.0,1.0,10.0,14.0,1.0,3.0,0.0,0.0
Paderborn,Dresden,D2,2025,21/03/2026,H,2,1,0,1,A,22.0,16.0,4.0,8.0,4.0,5.0,8.0,8.0,1.0,1.0,0.0,0.0
Darmstadt,Schalke 04,D2,2025,21/03/2026,D,1,1,1,1,D,10.0,16.0,4.0,7.0,11.0,5.0,15.0,16.0,1.0,2.0,0.0,0.0
Bochum,Holstein Kiel,D2,2025,22/03/2026,A,2,3,1,2,A,20.0,10.0,10.0,4.0,2.0,3.0,11.0,22.0,4.0,5.0,1.0,1.0
Fortuna Dusseldorf,Hertha,D2,2025,22/03/2026,A,2,5,1,4,A,16.0,12.0,5.0,9.0,6.0,1.0,12.0,7.0,3.0,2.0,0.0,0.0
Preußen Münster,Magdeburg,D2,2025,22/03/2026,A,1,3,0,1,A,14.0,8.0,2.0,6.0,6.0,3.0,11.0,19.0,2.0,2.0,0.0,0.0
Bielefeld,Darmstadt,D2,2025,04/04/2026,H,2,1,0,1,A,25.0,7.0,8.0,2.0,8.0,4.0,10.0,16.0,2.0,5.0,0.0,0.0
Kaiserslautern,Fortuna Dusseldorf,D2,2025,04/04/2026,H,3,0,0,0,D,23.0,9.0,9.0,0.0,9.0,6.0,10.0,6.0,0.0,0.0,0.0,1.0
Magdeburg,Bochum,D2,2025,04/04/2026,H,4,1,2,0,H,12.0,18.0,6.0,6.0,4.0,3.0,9.0,11.0,2.0,3.0,0.0,0.0
Dresden,Hertha,D2,2025,04/04/2026,A,0,1,0,0,D,13.0,10.0,5.0,5.0,6.0,3.0,11.0,14.0,2.0,2.0,0.0,1.0
Braunschweig,Nurnberg,D2,2025,05/04/2026,D,1,1,0,1,A,16.0,10.0,5.0,1.0,9.0,4.0,13.0,23.0,1.0,2.0,0.0,0.0
Greuther Furth,Paderborn,D2,2025,05/04/2026,A,0,2,0,0,D,16.0,15.0,4.0,4.0,3.0,4.0,10.0,12.0,1.0,3.0,0.0,0.0
Hannover,Elversberg,D2,2025,05/04/2026,D,1,1,1,0,H,11.0,12.0,6.0,4.0,10.0,4.0,13.0,11.0,3.0,3.0,0.0,0.0
Holstein Kiel,Preußen Münster,D2,2025,05/04/2026,D,0,0,0,0,D,13.0,6.0,0.0,1.0,11.0,3.0,15.0,12.0,3.0,3.0,0.0,0.0
Schalke 04,Karlsruhe,D2,2025,05/04/2026,H,1,0,0,0,D,24.0,4.0,5.0,1.0,2.0,3.0,13.0,8.0,3.0,1.0,0.0,0.0
Fortuna Dusseldorf,Holstein Kiel,D2,2025,10/04/2026,A,1,2,0,0,D,14.0,11.0,5.0,3.0,7.0,3.0,13.0,13.0,2.0,4.0,0.0,0.0
Karlsruhe,Bielefeld,D2,2025,10/04/2026,H,4,1,1,1,D,12.0,22.0,6.0,5.0,4.0,13.0,9.0,11.0,2.0,1.0,0.0,0.0
Hertha,Kaiserslautern,D2,2025,11/04/2026,A,0,1,0,0,D,19.0,11.0,6.0,4.0,5.0,5.0,11.0,12.0,2.0,0.0,0.0,0.0
Nurnberg,Dresden,D2,2025,11/04/2026,A,0,2,0,0,D,16.0,9.0,2.0,2.0,5.0,4.0,9.0,11.0,1.0,1.0,0.0,0.0
Preußen Münster,Greuther Furth,D2,2025,11/04/2026,D,0,0,0,0,D,12.0,6.0,3.0,5.0,6.0,4.0,12.0,14.0,0.0,0.0,0.0,0.0
Darmstadt,Hannover,D2,2025,11/04/2026,A,0,2,0,1,A,16.0,11.0,3.0,6.0,2.0,6.0,9.0,11.0,0.0,2.0,0.0,0.0
Bochum,Braunschweig,D2,2025,12/04/2026,H,4,1,2,0,H,15.0,15.0,6.0,2.0,2.0,5.0,15.0,4.0,6.0,1.0,0.0,0.0
Elversberg,Schalke 04,D2,2025,12/04/2026,A,1,2,1,1,D,11.0,9.0,5.0,3.0,8.0,2.0,13.0,9.0,1.0,3.0,0.0,1.0
Paderborn,Magdeburg,D2,2025,12/04/2026,H,4,3,3,2,H,10.0,16.0,5.0,9.0,4.0,7.0,15.0,11.0,2.0,1.0,0.0,0.0
Elversberg,Karlsruhe,D2,2025,17/04/2026,H,3,0,1,0,H,15.0,10.0,10.0,2.0,2.0,1.0,8.0,8.0,0.0,1.0,0.0,0.0
Holstein Kiel,Kaiserslautern,D2,2025,17/04/2026,H,3,0,3,0,H,15.0,6.0,5.0,2.0,5.0,0.0,9.0,9.0,2.0,1.0,0.0,0.0
Bielefeld,Nurnberg,D2,2025,18/04/2026,D,1,1,0,1,A,10.0,9.0,2.0,3.0,2.0,2.0,12.0,13.0,2.0,1.0,0.0,0.0
Dresden,Bochum,D2,2025,18/04/2026,H,2,0,1,0,H,9.0,13.0,6.0,5.0,4.0,5.0,9.0,15.0,0.0,2.0,0.0,0.0
Magdeburg,Fortuna Dusseldorf,D2,2025,18/04/2026,H,2,0,2,0,H,11.0,11.0,5.0,4.0,7.0,6.0,6.0,13.0,1.0,3.0,0.0,0.0
Hannover,Paderborn,D2,2025,18/04/2026,D,1,1,0,1,A,5.0,16.0,2.0,6.0,5.0,3.0,12.0,16.0,3.0,1.0,0.0,0.0
Braunschweig,Hertha,D2,2025,19/04/2026,D,1,1,0,1,A,16.0,10.0,4.0,2.0,8.0,2.0,15.0,14.0,4.0,3.0,0.0,1.0
Greuther Furth,Darmstadt,D2,2025,19/04/2026,H,3,2,1,1,D,20.0,12.0,7.0,3.0,5.0,3.0,11.0,10.0,2.0,2.0,0.0,0.0
Schalke 04,Preußen Münster,D2,2025,19/04/2026,H,4,1,2,0,H,24.0,4.0,9.0,2.0,7.0,2.0,8.0,7.0,1.0,2.0,0.0,0.0
Fortuna Dusseldorf,Dresden,D2,2025,24/04/2026,H,3,1,2,0,H,9.0,17.0,6.0,5.0,3.0,6.0,11.0,6.0,0.0,0.0,0.0,0.0
Kaiserslautern,Braunschweig,D2,2025,24/04/2026,A,0,2,0,1,A,13.0,8.0,3.0,3.0,12.0,1.0,8.0,12.0,2.0,1.0,0.0,0.0
Hertha,Holstein Kiel,D2,2025,25/04/2026,A,0,1,0,0,D,23.0,6.0,3.0,1.0,5.0,3.0,6.0,15.0,4.0,4.0,0.0,0.0
Karlsruhe,Hannover,D2,2025,25/04/2026,A,1,3,1,1,D,8.0,10.0,2.0,6.0,3.0,2.0,13.0,3.0,1.0,1.0,0.0,0.0
Preußen Münster,Bielefeld,D2,2025,25/04/2026,A,2,3,1,3,A,17.0,12.0,5.0,4.0,7.0,1.0,17.0,9.0,3.0,0.0,0.0,0.0
Darmstadt,Elversberg,D2,2025,25/04/2026,D,3,3,2,3,A,13.0,17.0,4.0,4.0,5.0,7.0,10.0,19.0,2.0,2.0,1.0,0.0
Bochum,Greuther Furth,D2,2025,26/04/2026,H,2,1,1,0,H,17.0,14.0,4.0,4.0,5.0,5.0,12.0,9.0,0.0,0.0,0.0,0.0
Nurnberg,Magdeburg,D2,2025,26/04/2026,H,1,0,1,0,H,14.0,6.0,6.0,1.0,3.0,5.0,11.0,14.0,1.0,3.0,0.0,0.0
Paderborn,Schalke 04,D2,2025,26/04/2026,A,2,3,2,2,D,14.0,11.0,4.0,7.0,7.0,2.0,12.0,8.0,0.0,1.0,0.0,0.0
Bielefeld,Bochum,D2,2025,02/05/2026,D,1,1,1,0,H,8.0,6.0,3.0,2.0,8.0,2.0,6.0,14.0,0.0,2.0,0.0,0.0
Dresden,Kaiserslautern,D2,2025,02/05/2026,H,1,0,0,0,D,15.0,5.0,4.0,0.0,7.0,4.0,9.0,10.0,3.0,3.0,0.0,0.0
Holstein Kiel,Braunschweig,D2,2025,02/05/2026,H,2,0,1,0,H,12.0,9.0,4.0,3.0,4.0,5.0,13.0,12.0,3.0,2.0,0.0,0.0
Schalke 04,Fortuna Dusseldorf,D2,2025,02/05/2026,H,1,0,1,0,H,14.0,6.0,6.0,2.0,4.0,1.0,6.0,17.0,2.0,3.0,0.0,0.0
Elversberg,Paderborn,D2,2025,03/05/2026,H,5,1,4,0,H,8.0,11.0,5.0,6.0,2.0,6.0,11.0,15.0,3.0,5.0,0.0,1.0
Greuther Furth,Nurnberg,D2,2025,03/05/2026,D,1,1,1,1,D,13.0,20.0,6.0,6.0,4.0,5.0,9.0,12.0,2.0,2.0,0.0,0.0
Hannover,Preußen Münster,D2,2025,03/05/2026,D,3,3,2,2,D,19.0,16.0,7.0,8.0,10.0,6.0,11.0,18.0,0.0,6.0,0.0,0.0
Karlsruhe,Darmstadt,D2,2025,03/05/2026,H,2,1,0,0,D,22.0,14.0,8.0,3.0,5.0,3.0,8.0,10.0,1.0,2.0,0.0,0.0
Magdeburg,Hertha,D2,2025,03/05/2026,H,1,0,0,0,D,7.0,14.0,1.0,2.0,1.0,7.0,7.0,11.0,2.0,4.0,0.0,0.0
Kaiserslautern,Bielefeld,D2,2025,08/05/2026,H,2,0,2,0,H,12.0,19.0,6.0,5.0,4.0,6.0,21.0,13.0,5.0,0.0,0.0,0.0
Paderborn,Karlsruhe,D2,2025,08/05/2026,D,2,2,1,0,H,19.0,8.0,6.0,4.0,4.0,1.0,8.0,10.0,0.0,5.0,0.0,0.0
Bochum,Hannover,D2,2025,09/05/2026,D,1,1,0,0,D,10.0,10.0,2.0,1.0,4.0,4.0,16.0,10.0,3.0,2.0,0.0,0.0
Braunschweig,Dresden,D2,2025,09/05/2026,H,2,1,1,0,H,9.0,14.0,2.0,4.0,5.0,9.0,13.0,7.0,2.0,2.0,0.0,0.0
Holstein Kiel,Magdeburg,D2,2025,09/05/2026,A,1,3,0,2,A,13.0,14.0,5.0,7.0,10.0,6.0,13.0,11.0,2.0,2.0,0.0,0.0
Nurnberg,Schalke 04,D2,2025,09/05/2026,H,3,0,2,0,H,15.0,16.0,5.0,2.0,5.0,5.0,8.0,10.0,2.0,2.0,0.0,0.0
Fortuna Dusseldorf,Elversberg,D2,2025,10/05/2026,H,3,1,2,0,H,9.0,16.0,2.0,2.0,2.0,5.0,6.0,7.0,3.0,0.0,0.0,0.0
Hertha,Greuther Furth,D2,2025,10/05/2026,H,2,1,0,0,D,8.0,29.0,5.0,3.0,2.0,18.0,11.0,7.0,3.0,1.0,1.0,0.0
Preußen Münster,Darmstadt,D2,2025,10/05/2026,D,1,1,1,1,D,10.0,22.0,4.0,7.0,5.0,7.0,11.0,10.0,3.0,1.0,1.0,0.0
Bielefeld,Hertha,D2,2025,17/05/2026,H,6,1,0,1,A,27.0,9.0,12.0,3.0,9.0,2.0,14.0,6.0,3.0,0.0,0.0,0.0
Darmstadt,Paderborn,D2,2025,17/05/2026,A,0,2,0,1,A,23.0,7.0,8.0,5.0,5.0,2.0,11.0,12.0,2.0,2.0,0.0,0.0
Dresden,Holstein Kiel,D2,2025,17/05/2026,H,2,1,2,0,H,10.0,9.0,2.0,3.0,3.0,9.0,14.0,17.0,2.0,3.0,0.0,0.0
Elversberg,Preußen Münster,D2,2025,17/05/2026,H,3,0,2,0,H,11.0,5.0,5.0,2.0,6.0,2.0,8.0,17.0,1.0,1.0,0.0,0.0
Greuther Furth,Fortuna Dusseldorf,D2,2025,17/05/2026,H,3,0,3,0,H,13.0,12.0,8.0,0.0,2.0,3.0,8.0,14.0,4.0,5.0,0.0,0.0
Hannover,Nurnberg,D2,2025,17/05/2026,D,3,3,2,1,H,23.0,18.0,9.0,6.0,8.0,7.0,4.0,8.0,3.0,5.0,0.0,0.0
Karlsruhe,Bochum,D2,2025,17/05/2026,A,1,2,1,1,D,16.0,11.0,6.0,4.0,11.0,2.0,8.0,8.0,2.0,4.0,0.0,0.0
Magdeburg,Kaiserslautern,D2,2025,17/05/2026,A,0,1,0,0,D,13.0,8.0,4.0,4.0,3.0,0.0,9.0,12.0,2.0,2.0,0.0,0.0
Schalke 04,Braunschweig,D2,2025,17/05/2026,H,1,0,1,0,H,13.0,6.0,4.0,1.0,3.0,4.0,8.0,10.0,1.0,1.0,0.0,0.0
